campaign: C_ALLON enabled 48 mechanism(s): adaptive_connubium,alluvial_renewal,ascribed_mate_choice,biome_meat_cv,biome_meat_frac,catchment_depletion,colonizing_budding,condition,density_fertility,density_reference,dependent_load,emergent_abandonment,emergent_band_size,emergent_village_founding,energetic_refractory,eta_weighted_shares,exogamy,improved_land,intake_fertility,lineage_branching,lineage_split,lineage_tribute,local_ascription,material_inheritance,metabolic_downreg,need_weighted_shares,noble_leveling_exemption,nutrition_synergy,rank_hierarchy,relational_stratification,relative_legitimacy,relative_resentment,resentment_accumulator,resource_directed_fusion,society_regional_density,soil_depletion,standing,storable_founding,storage_seasonal_union,store_anchor,synergy_age_grade,tier2_shock,village_budding,village_density_disease,village_identity,village_resentment,wealth_obligation,worked_land_yield
campaign: C_ALLON left 17 OFF: band_provisioning,band_territory,bud_hazard,bud_requires_occupancy,bud_site_separation,exclusive_village_membership,fertility_restraint_gene,founding_delay,heritable_density_response,hunger_dispersal,leaky_assabiyah,malnutrition_fission,restraint_group_transmission,stratification_inequality_gate,sub_k_regulation,terrain_pathogen,village_catchment_spread
C:\Users\syatom\AppData\Local\Python\pythoncore-3.14-64\Lib\site-packages\mesa\mesa_logging.py:112: FutureWarning: The use of the `seed` keyword argument is deprecated, use `rng` instead. No functional changes.
  res = func(*args, **kwargs)
campaign: sha=9a83055 world=mountainous-savanna founders=3000 steps=15000 habitable=1600 connubium=cut2(m*=15) defend=True improved=True budding=True(thr150) elite=True soil=True genome=True genealogy=ON flush/500
campaign: climate a_seas=0.400 ENSO(amp=0.00,per=0) regime(amp=0.00,dur=0,rec=0) caribou(amp=0.00,per=0) llanos=0.00 | on: biome_seasonality,intercept_hunting,seasonality
  ~~ demography: not scored yet (250 person-years of exposure; needs 500 before the panel means anything)
[    1/15000] pop=  2915 bd=   2 bigbd=2(med1457.5) strat=0.0% giniC=0.277 dyn:eff=2915.0 top=0.0 nlin=2915 lpb=1457.5/dom=0.001 mRSg=0.0 set=0(mx0,primNone) con=None inst=0 ldT=0.0 | asc=0.0 gumsa=0.0 tenure=0.0y levy=20857511.4 resent(mean/max)=0.0/0.0 revs=0 | 0.0m eta54m
  ~~ climate: intercept=NEVER-FIRED  (configured ON but not moving the field)
  ~~ demography: 3/15 in band  worst: m_5_15=0.0795(7.95x), frac_motherless=0(0.00x), surv_to_45=0.049(0.11x), surv_to_15=0.184(0.28x)
[   25/15000] pop=  2889 bd= 130 bigbd=0(med0) strat=0.0% giniC=0.271 dyn:eff=2297.4 top=0.001 nlin=2523 lpb=19.44/dom=0.097 mRSg=0.598 set=11(mx80,prim1.05) con=491.0 inst=9 ldT=1.0 | asc=0.0 gumsa=0.008 tenure=0.5y levy=12394908.3 resent(mean/max)=0.0/0.0 revs=0 | 0.1m eta50m
  ~~ demography: 6/16 in band  worst: m_5_15=0.0558(5.58x), surv_to_45=0.115(0.27x), frac_motherless=0.0089(0.45x), surv_to_15=0.307(0.47x)
[   50/15000] pop=  2901 bd= 131 bigbd=0(med0) strat=0.0% giniC=0.269 dyn:eff=1999.5 top=0.001 nlin=2363 lpb=18.18/dom=0.122 mRSg=0.565 set=11(mx94,prim1.11) con=608.0 inst=13 ldT=0.325 | asc=0.002 gumsa=0.046 tenure=1.1y levy=9274014.4 resent(mean/max)=0.0/0.0 revs=0 | 0.2m eta57m
  ~~ demography: 9/16 in band  worst: m_5_15=0.0488(4.88x), surv_to_45=0.158(0.37x), band_med_adults=13(0.46x), surv_to_15=0.384(0.58x)
[   75/15000] pop=  2939 bd= 135 bigbd=2(med50.0) strat=0.0% giniC=0.271 dyn:eff=1772.6 top=0.002 nlin=2227 lpb=17.01/dom=0.143 mRSg=0.535 set=15(mx103,prim1.17) con=766.5 inst=17 ldT=0.168 | asc=0.004 gumsa=0.052 tenure=1.6y levy=9632144.1 resent(mean/max)=0.0/0.0 revs=2 | 0.3m eta58m
  ~~ demography: 9/16 in band  !! AGE STRUCTURE OUT OF BAND -> every marker above demography in the ladder is PROVISIONAL  worst: m_5_15=0.0461(4.61x), surv_to_45=0.187(0.43x), band_med_adults=13(0.46x), surv_to_15=0.429(0.65x)
[  100/15000] pop=  2983 bd= 138 bigbd=1(med50) strat=0.0% giniC=0.27 dyn:eff=1536.0 top=0.002 nlin=2088 lpb=15.67/dom=0.168 mRSg=0.537 set=14(mx105,prim1.06) con=725.0 inst=20 ldT=0.206 | asc=0.005 gumsa=0.058 tenure=2.1y levy=6088587.0 resent(mean/max)=0.0/0.0 revs=5 | 0.4m eta63m
  ~~ demography: 8/16 in band  !! AGE STRUCTURE OUT OF BAND -> every marker above demography in the ladder is PROVISIONAL  worst: m_5_15=0.0425(4.25x), frac_fatherless=0.0918(1.84x), band_med_adults=12(0.43x), surv_to_45=0.211(0.49x)
[  125/15000] pop=  3022 bd= 138 bigbd=1(med51) strat=0.0% giniC=0.273 dyn:eff=1409.3 top=0.002 nlin=2006 lpb=15.2/dom=0.185 mRSg=0.527 set=15(mx104,prim1.04) con=894.0 inst=27 ldT=0.244 | asc=0.002 gumsa=0.043 tenure=2.5y levy=6657966.8 resent(mean/max)=0.0/0.0 revs=10 | 0.5m eta64m
  ~~ demography: 7/16 in band  !! AGE STRUCTURE OUT OF BAND -> every marker above demography in the ladder is PROVISIONAL  worst: m_5_15=0.0396(3.96x), frac_fatherless=0.107(2.14x), frac_motherless=0.0413(2.06x), band_med_adults=12(0.43x)
[  150/15000] pop=  3017 bd= 138 bigbd=1(med46) strat=0.0% giniC=0.274 dyn:eff=1281.8 top=0.002 nlin=1876 lpb=14.35/dom=0.191 mRSg=0.517 set=15(mx113,prim1.24) con=991.0 inst=26 ldT=0.234 | asc=0.008 gumsa=0.08 tenure=3.1y levy=7935707.6 resent(mean/max)=0.0/0.0 revs=12 | 0.7m eta66m
  !! SPATIAL: band commands 293 km2, inside its own 314 km2 catchment (Vita-Finzi & Higgs) -- the population is NOT food-limited, it is failing to disperse; any carrying-capacity reading of this run is void
  ~~ demography: 7/16 in band  !! AGE STRUCTURE OUT OF BAND -> every marker above demography in the ladder is PROVISIONAL  worst: m_5_15=0.0414(4.14x), frac_fatherless=0.101(2.01x), frac_motherless=0.0344(1.72x), band_med_adults=11(0.39x)
[  175/15000] pop=  2922 bd= 138 bigbd=1(med47) strat=0.0% giniC=0.275 dyn:eff=1181.3 top=0.002 nlin=1764 lpb=13.7/dom=0.203 mRSg=0.512 set=15(mx91,prim1.01) con=956.0 inst=27 ldT=0.237 | asc=0.007 gumsa=0.058 tenure=3.6y levy=7527335.3 resent(mean/max)=0.0/0.0 revs=16 | 0.8m eta67m
  ~~ demography: 9/16 in band  !! AGE STRUCTURE OUT OF BAND -> every marker above demography in the ladder is PROVISIONAL  worst: m_5_15=0.0393(3.93x), frac_fatherless=0.0863(1.73x), band_med_adults=12(0.43x), surv_to_45=0.236(0.55x)
[  200/15000] pop=  2936 bd= 134 bigbd=2(med55.5) strat=0.0% giniC=0.277 dyn:eff=1119.8 top=0.002 nlin=1706 lpb=14.13/dom=0.204 mRSg=0.552 set=16(mx103,prim1.12) con=1007.0 inst=33 ldT=0.231 | asc=0.004 gumsa=0.045 tenure=4.0y levy=7262974.5 resent(mean/max)=0.0/0.0 revs=20 | 0.9m eta68m
  ~~ demography: 9/16 in band  !! AGE STRUCTURE OUT OF BAND -> every marker above demography in the ladder is PROVISIONAL  worst: m_5_15=0.0373(3.73x), band_med_adults=12(0.43x), frac_fatherless=0.0767(1.53x), surv_to_45=0.244(0.57x)
[  225/15000] pop=  2930 bd= 130 bigbd=3(med65) strat=0.0% giniC=0.276 dyn:eff=1057.3 top=0.003 nlin=1642 lpb=14.78/dom=0.205 mRSg=0.557 set=17(mx91,prim1.08) con=797.0 inst=20 ldT=0.232 | asc=0.005 gumsa=0.054 tenure=4.3y levy=8076830.7 resent(mean/max)=0.0/0.0 revs=21 | 1.0m eta68m
  ~~ demography: 9/16 in band  worst: m_5_15=0.0357(3.57x), frac_fatherless=0.0828(1.66x), band_med_adults=13(0.46x), frac_motherless=0.0094(0.47x)
[  250/15000] pop=  2931 bd= 122 bigbd=7(med56) strat=0.0% giniC=0.277 dyn:eff=981.0 top=0.003 nlin=1572 lpb=15.74/dom=0.204 mRSg=0.575 set=17(mx98,prim1.04) con=550.5 inst=24 ldT=0.256 | asc=0.003 gumsa=0.041 tenure=4.7y levy=8214241.7 resent(mean/max)=0.0/0.0 revs=22 | 1.2m eta69m
  ~~ demography: 11/16 in band  worst: m_5_15=0.0346(3.46x), band_med_adults=13(0.46x), surv_to_45=0.266(0.62x), surv_to_15=0.491(0.74x)
[  275/15000] pop=  2961 bd= 123 bigbd=8(med60.0) strat=0.0% giniC=0.28 dyn:eff=924.0 top=0.003 nlin=1516 lpb=15.72/dom=0.208 mRSg=0.579 set=17(mx93,prim1.12) con=589.0 inst=24 ldT=0.288 | asc=0.004 gumsa=0.033 tenure=5.0y levy=8698658.6 resent(mean/max)=0.0/0.0 revs=23 | 1.3m eta69m
  ~~ demography: 10/16 in band  worst: m_5_15=0.0338(3.38x), frac_fatherless=0.078(1.56x), band_med_adults=14(0.50x), surv_to_45=0.276(0.64x)
[  300/15000] pop=  2985 bd= 121 bigbd=8(med54.5) strat=0.0% giniC=0.283 dyn:eff=862.6 top=0.003 nlin=1461 lpb=16.58/dom=0.202 mRSg=0.586 set=19(mx98,prim1.03) con=550.5 inst=22 ldT=0.327 | asc=0.006 gumsa=0.083 tenure=5.4y levy=10817358.8 resent(mean/max)=0.0/0.0 revs=24 | 1.4m eta70m
  ~~ demography: 11/16 in band  worst: m_5_15=0.0334(3.34x), band_med_adults=14(0.50x), surv_to_45=0.282(0.66x), surv_to_15=0.499(0.76x)
[  325/15000] pop=  3021 bd= 118 bigbd=8(med56.0) strat=0.0% giniC=0.283 dyn:eff=798.7 top=0.004 nlin=1407 lpb=16.92/dom=0.2 mRSg=0.591 set=21(mx98,prim1.05) con=704.0 inst=28 ldT=0.259 | asc=0.006 gumsa=0.059 tenure=5.7y levy=8297270.2 resent(mean/max)=0.0/0.0 revs=26 | 1.6m eta72m
  ~~ demography: 11/16 in band  worst: m_5_15=0.0337(3.37x), band_med_adults=15(0.53x), surv_to_45=0.284(0.66x), surv_to_15=0.499(0.76x)
[  350/15000] pop=  3070 bd= 116 bigbd=11(med51) strat=0.0% giniC=0.283 dyn:eff=749.7 top=0.005 nlin=1355 lpb=17.46/dom=0.194 mRSg=0.57 set=21(mx88,prim1.06) con=1004.0 inst=33 ldT=0.368 | asc=0.006 gumsa=0.069 tenure=6.0y levy=7878360.4 resent(mean/max)=0.0/0.0 revs=27 | 1.7m eta72m
  ~~ demography: 11/16 in band  worst: m_5_15=0.0336(3.36x), band_med_adults=14.5(0.51x), surv_to_45=0.288(0.67x), surv_to_15=0.499(0.76x)
[  375/15000] pop=  3097 bd= 118 bigbd=9(med52) strat=0.0% giniC=0.285 dyn:eff=707.1 top=0.005 nlin=1292 lpb=17.14/dom=0.199 mRSg=0.562 set=21(mx90,prim1.3) con=684.5 inst=35 ldT=0.266 | asc=0.003 gumsa=0.025 tenure=6.1y levy=13435181.0 resent(mean/max)=0.0/0.0 revs=30 | 1.9m eta73m
  ~~ demography: 11/16 in band  worst: m_5_15=0.0347(3.47x), band_med_adults=15(0.53x), surv_to_45=0.288(0.67x), surv_to_15=0.493(0.75x)
[  400/15000] pop=  3092 bd= 117 bigbd=10(med56.0) strat=0.0% giniC=0.283 dyn:eff=676.4 top=0.005 nlin=1252 lpb=17.22/dom=0.199 mRSg=0.559 set=23(mx120,prim1.4) con=747.0 inst=32 ldT=0.297 | asc=0.002 gumsa=0.026 tenure=6.2y levy=8033078.8 resent(mean/max)=0.0/0.0 revs=33 | 2.0m eta74m
  ~~ demography: 11/16 in band  worst: m_5_15=0.034(3.40x), band_med_adults=14.5(0.51x), surv_to_45=0.292(0.68x), surv_to_15=0.495(0.75x)
[  425/15000] pop=  3102 bd= 115 bigbd=9(med59) strat=0.0% giniC=0.284 dyn:eff=635.2 top=0.005 nlin=1200 lpb=17.27/dom=0.203 mRSg=0.554 set=22(mx98,prim1.03) con=837.0 inst=24 ldT=0.225 | asc=0.003 gumsa=0.035 tenure=6.3y levy=8711001.6 resent(mean/max)=0.0/0.0 revs=33 | 2.2m eta75m
  ~~ demography: 11/16 in band  worst: m_5_15=0.0344(3.44x), band_med_adults=14(0.50x), surv_to_45=0.292(0.68x), surv_to_15=0.494(0.75x)
[  450/15000] pop=  3118 bd= 116 bigbd=8(med58.5) strat=0.0% giniC=0.286 dyn:eff=589.2 top=0.005 nlin=1145 lpb=16.84/dom=0.216 mRSg=0.549 set=21(mx127,prim1.43) con=754.5 inst=29 ldT=0.266 | asc=0.003 gumsa=0.043 tenure=6.4y levy=6565210.1 resent(mean/max)=0.0/0.0 revs=33 | 2.4m eta76m
  !! SPATIAL: band commands 310 km2, inside its own 314 km2 catchment (Vita-Finzi & Higgs) -- the population is NOT food-limited, it is failing to disperse; any carrying-capacity reading of this run is void
  ~~ demography: 11/16 in band  worst: m_5_15=0.0344(3.44x), band_med_adults=14(0.50x), surv_to_45=0.292(0.68x), surv_to_15=0.492(0.75x)
[  475/15000] pop=  3136 bd= 114 bigbd=12(med56.0) strat=0.0% giniC=0.288 dyn:eff=549.8 top=0.006 nlin=1102 lpb=16.93/dom=0.222 mRSg=0.555 set=22(mx103,prim1.04) con=753.5 inst=44 ldT=0.274 | asc=0.004 gumsa=0.07 tenure=6.3y levy=9802606.9 resent(mean/max)=0.0/0.0 revs=33 | 2.5m eta77m
  ~~ demography: 10/16 in band  worst: m_5_15=0.0344(3.44x), frac_fatherless=0.0804(1.61x), band_med_adults=14(0.50x), surv_to_45=0.291(0.68x)
[  500/15000] pop=  3134 bd= 118 bigbd=9(med54) strat=0.0% giniC=0.289 dyn:eff=518.9 top=0.006 nlin=1062 lpb=16.26/dom=0.228 mRSg=0.558 set=22(mx89,prim1.22) con=700.5 inst=33 ldT=0.274 | asc=0.004 gumsa=0.025 tenure=6.4y levy=9538395.9 resent(mean/max)=0.0/0.0 revs=34 | 2.7m eta78m
  ~~ demography: 11/16 in band  worst: m_5_15=0.0343(3.43x), band_med_adults=15(0.53x), surv_to_45=0.293(0.68x), surv_to_15=0.49(0.74x)
[  525/15000] pop=  3148 bd= 119 bigbd=7(med56) strat=0.0% giniC=0.291 dyn:eff=490.8 top=0.007 nlin=1012 lpb=15.97/dom=0.233 mRSg=0.568 set=22(mx84,prim1.0) con=651.0 inst=42 ldT=0.339 | asc=0.003 gumsa=0.034 tenure=6.3y levy=13405727.9 resent(mean/max)=0.0/0.0 revs=34 | 2.8m eta78m
  !! SPATIAL: band commands 312 km2, inside its own 314 km2 catchment (Vita-Finzi & Higgs) -- the population is NOT food-limited, it is failing to disperse; any carrying-capacity reading of this run is void
  ~~ demography: 11/16 in band  worst: m_5_15=0.0341(3.41x), band_med_adults=14.5(0.51x), surv_to_45=0.291(0.68x), surv_to_15=0.488(0.74x)
[  550/15000] pop=  3147 bd= 116 bigbd=8(med59.5) strat=0.0% giniC=0.296 dyn:eff=467.3 top=0.007 nlin=968 lpb=16.29/dom=0.228 mRSg=0.56 set=22(mx114,prim1.34) con=728.5 inst=39 ldT=0.291 | asc=0.004 gumsa=0.017 tenure=6.3y levy=10676125.0 resent(mean/max)=0.0/0.0 revs=36 | 3.0m eta79m
  !! SPATIAL: band commands 297 km2, inside its own 314 km2 catchment (Vita-Finzi & Higgs) -- the population is NOT food-limited, it is failing to disperse; any carrying-capacity reading of this run is void
  ~~ demography: 11/16 in band  worst: m_5_15=0.0339(3.39x), band_med_adults=14(0.50x), surv_to_45=0.291(0.68x), surv_to_15=0.488(0.74x)
[  575/15000] pop=  3178 bd= 117 bigbd=9(med53) strat=0.0% giniC=0.298 dyn:eff=447.0 top=0.007 nlin=927 lpb=16.15/dom=0.231 mRSg=0.557 set=21(mx88,prim1.01) con=741.0 inst=50 ldT=0.248 | asc=0.004 gumsa=0.017 tenure=6.3y levy=11416004.6 resent(mean/max)=0.0/0.0 revs=37 | 3.2m eta80m
  !! SPATIAL: band commands 307 km2, inside its own 314 km2 catchment (Vita-Finzi & Higgs) -- the population is NOT food-limited, it is failing to disperse; any carrying-capacity reading of this run is void
  ~~ demography: 10/16 in band  worst: m_5_15=0.0336(3.36x), frac_motherless=0.0078(0.39x), band_med_adults=16(0.57x), surv_to_45=0.294(0.68x)
[  600/15000] pop=  3172 bd= 115 bigbd=10(med59.5) strat=0.0% giniC=0.297 dyn:eff=429.4 top=0.007 nlin=885 lpb=16.47/dom=0.238 mRSg=0.565 set=22(mx103,prim1.21) con=774.0 inst=46 ldT=0.308 | asc=0.005 gumsa=0.026 tenure=6.3y levy=10590239.0 resent(mean/max)=0.0/0.0 revs=38 | 3.3m eta80m
  !! SPATIAL: band commands 314 km2, inside its own 314 km2 catchment (Vita-Finzi & Higgs) -- the population is NOT food-limited, it is failing to disperse; any carrying-capacity reading of this run is void
  ~~ demography: 11/16 in band  worst: m_5_15=0.0339(3.39x), band_med_adults=16(0.57x), surv_to_45=0.289(0.67x), surv_to_15=0.487(0.74x)
[  625/15000] pop=  3142 bd= 116 bigbd=8(med64.5) strat=0.0% giniC=0.302 dyn:eff=409.1 top=0.007 nlin=857 lpb=16.26/dom=0.237 mRSg=0.578 set=21(mx78,prim1.05) con=718.0 inst=50 ldT=0.26 | asc=0.004 gumsa=0.06 tenure=6.3y levy=10071437.0 resent(mean/max)=0.0/0.0 revs=38 | 3.5m eta81m
  !! SPATIAL: band commands 308 km2, inside its own 314 km2 catchment (Vita-Finzi & Higgs) -- the population is NOT food-limited, it is failing to disperse; any carrying-capacity reading of this run is void
  ~~ demography: 11/16 in band  worst: m_5_15=0.0337(3.37x), band_med_adults=15(0.53x), surv_to_45=0.291(0.68x), surv_to_15=0.487(0.74x)
[  650/15000] pop=  3157 bd= 117 bigbd=8(med65.5) strat=0.0% giniC=0.308 dyn:eff=389.0 top=0.009 nlin=826 lpb=16.09/dom=0.236 mRSg=0.582 set=22(mx95,prim1.1) con=665.0 inst=45 ldT=0.321 | asc=0.005 gumsa=0.085 tenure=6.4y levy=10153313.0 resent(mean/max)=0.0/0.0 revs=38 | 3.7m eta82m
  !! SPATIAL: band commands 276 km2, inside its own 314 km2 catchment (Vita-Finzi & Higgs) -- the population is NOT food-limited, it is failing to disperse; any carrying-capacity reading of this run is void
  ~~ demography: 11/16 in band  worst: m_5_15=0.034(3.40x), band_med_adults=15(0.53x), surv_to_45=0.29(0.67x), surv_to_15=0.485(0.73x)
[  675/15000] pop=  3138 bd= 119 bigbd=8(med63.0) strat=0.0% giniC=0.311 dyn:eff=372.8 top=0.009 nlin=798 lpb=16.02/dom=0.238 mRSg=0.594 set=22(mx98,prim1.21) con=619.0 inst=45 ldT=0.295 | asc=0.004 gumsa=0.059 tenure=6.3y levy=7775912.0 resent(mean/max)=0.0/0.0 revs=40 | 3.8m eta81m
  !! SPATIAL: band commands 292 km2, inside its own 314 km2 catchment (Vita-Finzi & Higgs) -- the population is NOT food-limited, it is failing to disperse; any carrying-capacity reading of this run is void
  ~~ demography: 11/16 in band  worst: m_5_15=0.0341(3.41x), band_med_adults=15(0.53x), surv_to_45=0.288(0.67x), surv_to_15=0.484(0.73x)
[  700/15000] pop=  3103 bd= 118 bigbd=8(med64.0) strat=0.0% giniC=0.316 dyn:eff=361.8 top=0.009 nlin=760 lpb=16.1/dom=0.237 mRSg=0.598 set=21(mx99,prim1.03) con=664.0 inst=45 ldT=0.198 | asc=0.002 gumsa=0.017 tenure=6.3y levy=9755038.0 resent(mean/max)=0.0/0.0 revs=40 | 4.0m eta82m
  !! SPATIAL: band commands 307 km2, inside its own 314 km2 catchment (Vita-Finzi & Higgs) -- the population is NOT food-limited, it is failing to disperse; any carrying-capacity reading of this run is void
  ~~ demography: 10/16 in band  worst: m_5_15=0.034(3.40x), frac_fatherless=0.0838(1.68x), band_med_adults=15.5(0.55x), surv_to_45=0.287(0.67x)
[  725/15000] pop=  3080 bd= 111 bigbd=10(med61.0) strat=0.0% giniC=0.319 dyn:eff=347.0 top=0.009 nlin=734 lpb=16.74/dom=0.242 mRSg=0.601 set=22(mx96,prim1.04) con=676.0 inst=48 ldT=0.225 | asc=0.002 gumsa=0.027 tenure=6.4y levy=7193876.8 resent(mean/max)=0.0/0.0 revs=41 | 4.2m eta82m
  !! SPATIAL: band commands 298 km2, inside its own 314 km2 catchment (Vita-Finzi & Higgs) -- the population is NOT food-limited, it is failing to disperse; any carrying-capacity reading of this run is void
  ~~ demography: 11/16 in band  worst: m_5_15=0.034(3.40x), band_med_adults=15.5(0.55x), surv_to_45=0.287(0.67x), surv_to_15=0.485(0.73x)
[  750/15000] pop=  3083 bd= 113 bigbd=10(med62.5) strat=0.0% giniC=0.326 dyn:eff=340.6 top=0.009 nlin=713 lpb=16.35/dom=0.245 mRSg=0.601 set=23(mx106,prim1.02) con=714.0 inst=39 ldT=0.32 | asc=0.002 gumsa=0.018 tenure=6.4y levy=10386460.6 resent(mean/max)=0.0/0.0 revs=42 | 4.3m eta82m
  !! SPATIAL: band commands 304 km2, inside its own 314 km2 catchment (Vita-Finzi & Higgs) -- the population is NOT food-limited, it is failing to disperse; any carrying-capacity reading of this run is void
  ~~ demography: 11/16 in band  worst: m_5_15=0.0345(3.45x), band_med_adults=16(0.57x), surv_to_45=0.283(0.66x), surv_to_15=0.481(0.73x)
[  775/15000] pop=  3024 bd= 108 bigbd=9(med59) strat=0.0% giniC=0.33 dyn:eff=331.4 top=0.009 nlin=682 lpb=16.34/dom=0.241 mRSg=0.603 set=20(mx114,prim1.27) con=656.0 inst=36 ldT=0.35 | asc=0.003 gumsa=0.019 tenure=6.4y levy=7947862.8 resent(mean/max)=0.0/0.0 revs=42 | 4.5m eta82m
  ~~ demography: 9/16 in band  worst: m_5_15=0.0347(3.47x), frac_fatherless=0.0773(1.55x), band_med_adults=16(0.57x), surv_to_45=0.282(0.66x)
[  800/15000] pop=  3010 bd= 106 bigbd=9(med62) strat=0.0% giniC=0.331 dyn:eff=325.3 top=0.01 nlin=667 lpb=16.58/dom=0.242 mRSg=0.607 set=21(mx101,prim1.16) con=709.0 inst=35 ldT=0.257 | asc=0.002 gumsa=0.019 tenure=6.4y levy=9514780.8 resent(mean/max)=0.0/0.0 revs=43 | 4.6m eta82m
  ~~ demography: 8/16 in band  worst: m_5_15=0.0348(3.48x), frac_fatherless=0.0893(1.79x), frac_motherless=0.0076(0.38x), band_med_adults=15(0.53x)
[  825/15000] pop=  2962 bd= 105 bigbd=11(med60) strat=0.0% giniC=0.334 dyn:eff=313.5 top=0.01 nlin=628 lpb=16.34/dom=0.25 mRSg=0.605 set=21(mx106,prim1.16) con=504.0 inst=42 ldT=0.32 | asc=0.002 gumsa=0.01 tenure=6.4y levy=11027976.9 resent(mean/max)=0.0/0.0 revs=44 | 4.8m eta83m
  !! SPATIAL: band commands 304 km2, inside its own 314 km2 catchment (Vita-Finzi & Higgs) -- the population is NOT food-limited, it is failing to disperse; any carrying-capacity reading of this run is void
  ~~ demography: 8/16 in band  worst: m_5_15=0.035(3.50x), frac_fatherless=0.0992(1.98x), frac_motherless=0.0048(0.24x), band_med_adults=15(0.53x)
[  850/15000] pop=  2907 bd= 104 bigbd=12(med53.0) strat=0.0% giniC=0.34 dyn:eff=302.7 top=0.01 nlin=603 lpb=16.41/dom=0.241 mRSg=0.614 set=21(mx107,prim1.37) con=602.0 inst=37 ldT=0.232 | asc=0.003 gumsa=0.029 tenure=6.3y levy=11630468.9 resent(mean/max)=0.0/0.0 revs=44 | 5.0m eta83m
  !! SPATIAL: band commands 296 km2, inside its own 314 km2 catchment (Vita-Finzi & Higgs) -- the population is NOT food-limited, it is failing to disperse; any carrying-capacity reading of this run is void
  ~~ demography: 8/16 in band  worst: m_5_15=0.0354(3.54x), frac_fatherless=0.106(2.12x), frac_motherless=0.0064(0.32x), band_med_adults=16(0.57x)
[  875/15000] pop=  2881 bd= 100 bigbd=10(med58.0) strat=0.0% giniC=0.345 dyn:eff=295.8 top=0.01 nlin=588 lpb=16.88/dom=0.239 mRSg=0.617 set=20(mx120,prim1.25) con=679.0 inst=42 ldT=0.316 | asc=0.004 gumsa=0.03 tenure=6.4y levy=8653881.2 resent(mean/max)=0.0/0.0 revs=45 | 5.1m eta83m
  ~~ demography: 9/16 in band  worst: m_5_15=0.0356(3.56x), frac_fatherless=0.0802(1.60x), band_med_adults=15(0.53x), surv_to_45=0.274(0.64x)
[  900/15000] pop=  2840 bd= 101 bigbd=11(med54) strat=0.0% giniC=0.351 dyn:eff=288.3 top=0.011 nlin=559 lpb=16.55/dom=0.239 mRSg=0.618 set=23(mx93,prim1.12) con=466.0 inst=49 ldT=0.198 | asc=0.005 gumsa=0.04 tenure=6.4y levy=10268492.9 resent(mean/max)=0.0/0.0 revs=45 | 5.3m eta83m
  !! SPATIAL: band commands 307 km2, inside its own 314 km2 catchment (Vita-Finzi & Higgs) -- the population is NOT food-limited, it is failing to disperse; any carrying-capacity reading of this run is void
  ~~ demography: 9/16 in band  worst: m_5_15=0.0357(3.57x), frac_fatherless=0.0917(1.83x), band_med_adults=15(0.53x), surv_to_45=0.272(0.63x)
[  925/15000] pop=  2760 bd=  98 bigbd=11(med51) strat=0.0% giniC=0.355 dyn:eff=276.2 top=0.011 nlin=534 lpb=16.37/dom=0.247 mRSg=0.617 set=20(mx114,prim1.13) con=488.0 inst=38 ldT=0.253 | asc=0.007 gumsa=0.082 tenure=6.4y levy=9447150.8 resent(mean/max)=0.0/0.0 revs=45 | 5.5m eta83m
  !! SPATIAL: band commands 281 km2, inside its own 314 km2 catchment (Vita-Finzi & Higgs) -- the population is NOT food-limited, it is failing to disperse; any carrying-capacity reading of this run is void
  ~~ demography: 9/16 in band  worst: m_5_15=0.036(3.60x), frac_fatherless=0.0928(1.86x), band_med_adults=15.5(0.55x), surv_to_45=0.27(0.63x)
[  950/15000] pop=  2687 bd=  96 bigbd=10(med56.0) strat=0.0% giniC=0.355 dyn:eff=272.5 top=0.01 nlin=517 lpb=16.12/dom=0.248 mRSg=0.607 set=20(mx90,prim1.08) con=495.0 inst=34 ldT=0.232 | asc=0.006 gumsa=0.073 tenure=6.4y levy=7609001.6 resent(mean/max)=0.0/0.0 revs=47 | 5.7m eta84m
  !! SPATIAL: band commands 297 km2, inside its own 314 km2 catchment (Vita-Finzi & Higgs) -- the population is NOT food-limited, it is failing to disperse; any carrying-capacity reading of this run is void
  ~~ demography: 9/16 in band  worst: m_5_15=0.036(3.60x), frac_fatherless=0.0828(1.66x), band_med_adults=16(0.57x), surv_to_45=0.271(0.63x)
[  975/15000] pop=  2684 bd=  93 bigbd=9(med58) strat=0.0% giniC=0.358 dyn:eff=262.9 top=0.012 nlin=504 lpb=16.78/dom=0.241 mRSg=0.597 set=21(mx103,prim1.32) con=486.0 inst=46 ldT=0.247 | asc=0.003 gumsa=0.032 tenure=6.5y levy=9262729.6 resent(mean/max)=0.0/0.0 revs=49 | 5.8m eta83m
  !! SPATIAL: band commands 311 km2, inside its own 314 km2 catchment (Vita-Finzi & Higgs) -- the population is NOT food-limited, it is failing to disperse; any carrying-capacity reading of this run is void
  ~~ demography: 9/16 in band  worst: m_5_15=0.0363(3.63x), frac_motherless=0.005(0.25x), band_med_adults=16(0.57x), surv_to_45=0.271(0.63x)
[ 1000/15000] pop=  2634 bd=  89 bigbd=10(med58.0) strat=0.0% giniC=0.364 dyn:eff=249.7 top=0.014 nlin=483 lpb=16.81/dom=0.244 mRSg=0.596 set=19(mx94,prim1.03) con=550.0 inst=38 ldT=0.25 | asc=0.004 gumsa=0.022 tenure=6.4y levy=6964505.1 resent(mean/max)=0.0/0.0 revs=49 | 5.9m eta83m
  !! SPATIAL: band commands 309 km2, inside its own 314 km2 catchment (Vita-Finzi & Higgs) -- the population is NOT food-limited, it is failing to disperse; any carrying-capacity reading of this run is void
  ~~ demography: 9/16 in band  worst: m_5_15=0.0362(3.62x), frac_motherless=0.0085(0.43x), band_med_adults=16(0.57x), surv_to_45=0.273(0.63x)
[ 1025/15000] pop=  2622 bd=  91 bigbd=8(med62.0) strat=0.0% giniC=0.368 dyn:eff=235.7 top=0.016 nlin=466 lpb=16.12/dom=0.258 mRSg=0.601 set=20(mx100,prim1.47) con=418.0 inst=36 ldT=0.188 | asc=0.005 gumsa=0.044 tenure=6.4y levy=8588518.7 resent(mean/max)=0.0/0.0 revs=49 | 6.1m eta83m
  !! SPATIAL: band commands 305 km2, inside its own 314 km2 catchment (Vita-Finzi & Higgs) -- the population is NOT food-limited, it is failing to disperse; any carrying-capacity reading of this run is void
  ~~ demography: 11/16 in band  worst: m_5_15=0.036(3.60x), band_med_adults=16(0.57x), surv_to_45=0.272(0.63x), surv_to_15=0.47(0.71x)
[ 1050/15000] pop=  2583 bd=  88 bigbd=10(med57.0) strat=0.0% giniC=0.37 dyn:eff=221.2 top=0.017 nlin=449 lpb=16.27/dom=0.251 mRSg=0.601 set=20(mx93,prim1.29) con=415.0 inst=34 ldT=0.28 | asc=0.007 gumsa=0.08 tenure=6.5y levy=8752036.4 resent(mean/max)=0.0/0.0 revs=50 | 6.2m eta82m
  ~~ demography: 9/16 in band  worst: m_5_15=0.0361(3.61x), frac_fatherless=0.0863(1.73x), frac_motherless=0.0085(0.43x), band_med_adults=15(0.53x)
[ 1075/15000] pop=  2546 bd=  89 bigbd=9(med59) strat=0.0% giniC=0.376 dyn:eff=217.9 top=0.015 nlin=440 lpb=15.92/dom=0.256 mRSg=0.593 set=21(mx92,prim1.37) con=417.0 inst=36 ldT=0.25 | asc=0.007 gumsa=0.067 tenure=6.5y levy=7944279.4 resent(mean/max)=0.0/0.0 revs=51 | 6.3m eta82m
  !! SPATIAL: band commands 298 km2, inside its own 314 km2 catchment (Vita-Finzi & Higgs) -- the population is NOT food-limited, it is failing to disperse; any carrying-capacity reading of this run is void
  ~~ demography: 9/16 in band  worst: m_5_15=0.036(3.60x), frac_fatherless=0.0808(1.62x), frac_motherless=0.0086(0.43x), band_med_adults=15(0.53x)
[ 1100/15000] pop=  2557 bd=  88 bigbd=10(med54.5) strat=0.0% giniC=0.381 dyn:eff=209.5 top=0.015 nlin=429 lpb=15.7/dom=0.262 mRSg=0.594 set=18(mx96,prim1.08) con=432.0 inst=37 ldT=0.279 | asc=0.005 gumsa=0.045 tenure=6.6y levy=7058916.1 resent(mean/max)=0.0/0.0 revs=52 | 6.5m eta82m
  !! SPATIAL: band commands 303 km2, inside its own 314 km2 catchment (Vita-Finzi & Higgs) -- the population is NOT food-limited, it is failing to disperse; any carrying-capacity reading of this run is void
  ~~ demography: 10/16 in band  worst: m_5_15=0.0362(3.62x), frac_motherless=0.007(0.35x), band_med_adults=14(0.50x), surv_to_45=0.271(0.63x)
[ 1125/15000] pop=  2501 bd=  93 bigbd=6(med61.5) strat=0.0% giniC=0.383 dyn:eff=205.5 top=0.016 nlin=419 lpb=15.15/dom=0.272 mRSg=0.593 set=22(mx95,prim1.17) con=443.0 inst=38 ldT=0.346 | asc=0.003 gumsa=0.032 tenure=6.6y levy=8027940.2 resent(mean/max)=0.0/0.0 revs=53 | 6.6m eta81m
  !! SPATIAL: band commands 283 km2, inside its own 314 km2 catchment (Vita-Finzi & Higgs) -- the population is NOT food-limited, it is failing to disperse; any carrying-capacity reading of this run is void
  ~~ demography: 10/16 in band  worst: m_5_15=0.0361(3.61x), frac_motherless=0.0068(0.34x), band_med_adults=15(0.53x), surv_to_45=0.272(0.63x)
[ 1150/15000] pop=  2499 bd=  89 bigbd=8(med65.5) strat=0.0% giniC=0.387 dyn:eff=199.0 top=0.016 nlin=412 lpb=15.51/dom=0.271 mRSg=0.592 set=20(mx109,prim1.17) con=456.0 inst=34 ldT=0.291 | asc=0.002 gumsa=0.022 tenure=6.6y levy=8106039.7 resent(mean/max)=0.0/0.0 revs=54 | 6.7m eta81m
  !! SPATIAL: band commands 307 km2, inside its own 314 km2 catchment (Vita-Finzi & Higgs) -- the population is NOT food-limited, it is failing to disperse; any carrying-capacity reading of this run is void
  ~~ demography: 10/16 in band  worst: m_5_15=0.0358(3.58x), frac_fatherless=0.0865(1.73x), band_med_adults=14(0.50x), surv_to_45=0.273(0.63x)
[ 1175/15000] pop=  2516 bd=  90 bigbd=6(med64.0) strat=0.0% giniC=0.387 dyn:eff=197.0 top=0.015 nlin=401 lpb=15.33/dom=0.271 mRSg=0.594 set=21(mx104,prim1.3) con=479.0 inst=44 ldT=0.224 | asc=0.002 gumsa=0.044 tenure=6.6y levy=10127292.7 resent(mean/max)=0.0/0.0 revs=55 | 6.9m eta81m
  !! SPATIAL: band commands 288 km2, inside its own 314 km2 catchment (Vita-Finzi & Higgs) -- the population is NOT food-limited, it is failing to disperse; any carrying-capacity reading of this run is void
  ~~ demography: 9/16 in band  worst: m_5_15=0.0356(3.56x), frac_motherless=0.0081(0.40x), frac_fatherless=0.0762(1.52x), band_med_adults=14(0.50x)
[ 1200/15000] pop=  2548 bd=  91 bigbd=6(med68.0) strat=0.0% giniC=0.391 dyn:eff=190.1 top=0.017 nlin=393 lpb=15.22/dom=0.28 mRSg=0.593 set=19(mx109,prim1.18) con=487.0 inst=41 ldT=0.227 | asc=0.003 gumsa=0.066 tenure=6.6y levy=9100814.1 resent(mean/max)=0.0/0.0 revs=56 | 7.0m eta81m
  !! SPATIAL: band commands 289 km2, inside its own 314 km2 catchment (Vita-Finzi & Higgs) -- the population is NOT food-limited, it is failing to disperse; any carrying-capacity reading of this run is void
  ~~ demography: 10/16 in band  worst: m_5_15=0.0357(3.57x), frac_fatherless=0.0759(1.52x), band_med_adults=14(0.50x), surv_to_45=0.275(0.64x)
[ 1225/15000] pop=  2522 bd=  93 bigbd=6(med71.0) strat=0.0% giniC=0.39 dyn:eff=185.7 top=0.017 nlin=384 lpb=14.92/dom=0.282 mRSg=0.595 set=20(mx92,prim1.12) con=455.5 inst=42 ldT=0.273 | asc=0.0 gumsa=0.011 tenure=6.6y levy=9619264.4 resent(mean/max)=0.0/0.0 revs=57 | 7.2m eta80m
  !! SPATIAL: band commands 273 km2, inside its own 314 km2 catchment (Vita-Finzi & Higgs) -- the population is NOT food-limited, it is failing to disperse; any carrying-capacity reading of this run is void
  ~~ demography: 9/16 in band  worst: m_5_15=0.0357(3.57x), frac_fatherless=0.0904(1.81x), frac_motherless=0.007(0.35x), band_med_adults=13(0.46x)
[ 1250/15000] pop=  2485 bd=  93 bigbd=6(med67.0) strat=0.0% giniC=0.385 dyn:eff=179.9 top=0.019 nlin=376 lpb=14.81/dom=0.278 mRSg=0.599 set=21(mx96,prim1.01) con=512.0 inst=41 ldT=0.279 | asc=0.002 gumsa=0.065 tenure=6.6y levy=8222601.1 resent(mean/max)=0.0/0.0 revs=58 | 7.3m eta80m
  !! SPATIAL: band commands 282 km2, inside its own 314 km2 catchment (Vita-Finzi & Higgs) -- the population is NOT food-limited, it is failing to disperse; any carrying-capacity reading of this run is void
  ~~ demography: 10/16 in band  worst: m_5_15=0.036(3.60x), frac_fatherless=0.0849(1.70x), band_med_adults=14(0.50x), surv_to_45=0.272(0.63x)
[ 1275/15000] pop=  2394 bd=  89 bigbd=8(med54.5) strat=0.0% giniC=0.385 dyn:eff=174.8 top=0.017 nlin=369 lpb=15.18/dom=0.276 mRSg=0.606 set=21(mx104,prim1.21) con=581.5 inst=30 ldT=0.298 | asc=0.001 gumsa=0.022 tenure=6.6y levy=8215305.1 resent(mean/max)=0.0/0.0 revs=59 | 7.4m eta80m
  !! SPATIAL: band commands 291 km2, inside its own 314 km2 catchment (Vita-Finzi & Higgs) -- the population is NOT food-limited, it is failing to disperse; any carrying-capacity reading of this run is void
  ~~ demography: 9/16 in band  worst: m_5_15=0.036(3.60x), frac_motherless=0.0078(0.39x), frac_fatherless=0.0759(1.52x), band_med_adults=14(0.50x)
[ 1300/15000] pop=  2390 bd=  90 bigbd=7(med70) strat=0.0% giniC=0.384 dyn:eff=172.4 top=0.016 nlin=357 lpb=15.1/dom=0.276 mRSg=0.601 set=21(mx94,prim1.12) con=549.0 inst=42 ldT=0.226 | asc=0.001 gumsa=0.033 tenure=6.6y levy=7091309.5 resent(mean/max)=0.0/0.0 revs=59 | 7.5m eta79m
  !! SPATIAL: band commands 301 km2, inside its own 314 km2 catchment (Vita-Finzi & Higgs) -- the population is NOT food-limited, it is failing to disperse; any carrying-capacity reading of this run is void
  ~~ demography: 11/16 in band  worst: m_5_15=0.036(3.60x), band_med_adults=13.5(0.48x), surv_to_45=0.271(0.63x), surv_to_15=0.47(0.71x)
[ 1325/15000] pop=  2354 bd=  90 bigbd=6(med78.0) strat=0.0% giniC=0.388 dyn:eff=169.4 top=0.017 nlin=344 lpb=14.74/dom=0.285 mRSg=0.598 set=20(mx100,prim1.33) con=412.0 inst=32 ldT=0.271 | asc=0.0 gumsa=0.0 tenure=6.6y levy=7348576.1 resent(mean/max)=0.0/0.0 revs=60 | 7.6m eta79m
  !! SPATIAL: band commands 291 km2, inside its own 314 km2 catchment (Vita-Finzi & Higgs) -- the population is NOT food-limited, it is failing to disperse; any carrying-capacity reading of this run is void
  ~~ demography: 9/16 in band  worst: m_5_15=0.0359(3.59x), frac_fatherless=0.0877(1.75x), band_med_adults=13(0.46x), frac_motherless=0.0097(0.48x)
[ 1350/15000] pop=  2288 bd=  88 bigbd=6(med73.5) strat=0.0% giniC=0.393 dyn:eff=165.7 top=0.016 nlin=336 lpb=14.25/dom=0.292 mRSg=0.593 set=20(mx109,prim1.18) con=419.5 inst=36 ldT=0.188 | asc=0.0 gumsa=0.0 tenure=6.6y levy=5115012.5 resent(mean/max)=0.0/0.0 revs=60 | 7.7m eta78m
  !! SPATIAL: band commands 296 km2, inside its own 314 km2 catchment (Vita-Finzi & Higgs) -- the population is NOT food-limited, it is failing to disperse; any carrying-capacity reading of this run is void
  ~~ demography: 11/16 in band  worst: m_5_15=0.0357(3.57x), band_med_adults=13(0.46x), surv_to_45=0.27(0.63x), surv_to_15=0.471(0.71x)
[ 1375/15000] pop=  2299 bd=  90 bigbd=5(med87) strat=0.0% giniC=0.391 dyn:eff=159.9 top=0.018 nlin=328 lpb=14.26/dom=0.269 mRSg=0.591 set=22(mx92,prim1.08) con=354.0 inst=31 ldT=0.316 | asc=0.0 gumsa=0.0 tenure=6.6y levy=8290842.3 resent(mean/max)=0.0/0.0 revs=60 | 7.9m eta78m
  !! SPATIAL: band commands 307 km2, inside its own 314 km2 catchment (Vita-Finzi & Higgs) -- the population is NOT food-limited, it is failing to disperse; any carrying-capacity reading of this run is void
  ~~ demography: 9/16 in band  worst: m_5_15=0.036(3.60x), frac_fatherless=0.088(1.76x), frac_motherless=0.0056(0.28x), band_med_adults=13(0.46x)
[ 1400/15000] pop=  2240 bd=  83 bigbd=5(med91) strat=0.0% giniC=0.392 dyn:eff=156.9 top=0.019 nlin=319 lpb=14.78/dom=0.263 mRSg=0.583 set=20(mx86,prim1.01) con=344.5 inst=31 ldT=0.308 | asc=0.0 gumsa=0.0 tenure=6.6y levy=6959468.4 resent(mean/max)=0.0/0.0 revs=60 | 8.0m eta78m
  !! SPATIAL: band commands 306 km2, inside its own 314 km2 catchment (Vita-Finzi & Higgs) -- the population is NOT food-limited, it is failing to disperse; any carrying-capacity reading of this run is void
  ~~ demography: 10/16 in band  worst: m_5_15=0.0361(3.61x), frac_motherless=0.0037(0.18x), band_med_adults=14(0.50x), surv_to_45=0.268(0.62x)
[ 1425/15000] pop=  2227 bd=  83 bigbd=5(med102) strat=0.0% giniC=0.392 dyn:eff=153.3 top=0.02 nlin=312 lpb=14.37/dom=0.274 mRSg=0.586 set=20(mx95,prim1.44) con=349.0 inst=28 ldT=0.184 | asc=0.001 gumsa=0.036 tenure=6.6y levy=8078364.6 resent(mean/max)=0.0/0.0 revs=60 | 8.1m eta77m
  ~~ demography: 9/16 in band  worst: m_5_15=0.0364(3.64x), frac_motherless=0.0019(0.10x), frac_fatherless=0.0942(1.88x), band_med_adults=14(0.50x)
[ 1450/15000] pop=  2150 bd=  80 bigbd=4(med107.5) strat=0.0% giniC=0.39 dyn:eff=147.0 top=0.02 nlin=302 lpb=14.26/dom=0.276 mRSg=0.592 set=21(mx103,prim1.17) con=332.0 inst=28 ldT=0.243 | asc=0.001 gumsa=0.013 tenure=6.6y levy=6182423.9 resent(mean/max)=0.0/0.0 revs=60 | 8.2m eta77m
  ~~ demography: 9/16 in band  worst: m_5_15=0.0364(3.64x), frac_motherless=0.0019(0.10x), frac_fatherless=0.0875(1.75x), band_med_adults=14(0.50x)
[ 1475/15000] pop=  2151 bd=  79 bigbd=4(med109.5) strat=0.0% giniC=0.388 dyn:eff=146.6 top=0.019 nlin=295 lpb=14.22/dom=0.274 mRSg=0.581 set=20(mx84,prim1.05) con=347.0 inst=38 ldT=0.23 | asc=0.003 gumsa=0.038 tenure=6.6y levy=7989257.5 resent(mean/max)=0.0/0.0 revs=60 | 8.3m eta76m
  !! SPATIAL: band commands 298 km2, inside its own 314 km2 catchment (Vita-Finzi & Higgs) -- the population is NOT food-limited, it is failing to disperse; any carrying-capacity reading of this run is void
  ~~ demography: 10/16 in band  worst: m_5_15=0.0363(3.63x), frac_fatherless=0.0947(1.89x), band_med_adults=12.5(0.44x), surv_to_45=0.266(0.62x)
[ 1500/15000] pop=  2152 bd=  80 bigbd=5(med80) strat=0.0% giniC=0.387 dyn:eff=141.0 top=0.02 nlin=291 lpb=14.24/dom=0.283 mRSg=0.578 set=22(mx86,prim1.02) con=423.5 inst=31 ldT=0.24 | asc=0.002 gumsa=0.037 tenure=6.6y levy=8178008.7 resent(mean/max)=0.0/0.0 revs=60 | 8.4m eta76m
  !! SPATIAL: band commands 306 km2, inside its own 314 km2 catchment (Vita-Finzi & Higgs) -- the population is NOT food-limited, it is failing to disperse; any carrying-capacity reading of this run is void
  ~~ demography: 10/16 in band  worst: m_5_15=0.0364(3.64x), frac_fatherless=0.1(2.00x), band_med_adults=13(0.46x), surv_to_45=0.266(0.62x)
[ 1525/15000] pop=  2111 bd=  80 bigbd=5(med76) strat=0.0% giniC=0.388 dyn:eff=138.2 top=0.02 nlin=287 lpb=13.93/dom=0.286 mRSg=0.583 set=20(mx91,prim1.0) con=324.0 inst=42 ldT=0.301 | asc=0.007 gumsa=0.087 tenure=6.6y levy=7880827.5 resent(mean/max)=0.0/0.0 revs=60 | 8.5m eta75m
  !! SPATIAL: band commands 295 km2, inside its own 314 km2 catchment (Vita-Finzi & Higgs) -- the population is NOT food-limited, it is failing to disperse; any carrying-capacity reading of this run is void
  ~~ demography: 9/16 in band  worst: m_5_15=0.0365(3.65x), frac_fatherless=0.0904(1.81x), band_med_adults=13(0.46x), frac_motherless=0.0098(0.49x)
[ 1550/15000] pop=  2084 bd=  80 bigbd=5(med69) strat=0.0% giniC=0.389 dyn:eff=131.7 top=0.022 nlin=284 lpb=13.45/dom=0.29 mRSg=0.572 set=20(mx79,prim1.08) con=389.0 inst=31 ldT=0.247 | asc=0.005 gumsa=0.087 tenure=6.6y levy=10770201.4 resent(mean/max)=0.0/0.0 revs=61 | 8.6m eta75m
  !! SPATIAL: band commands 300 km2, inside its own 314 km2 catchment (Vita-Finzi & Higgs) -- the population is NOT food-limited, it is failing to disperse; any carrying-capacity reading of this run is void
  ~~ demography: 11/16 in band  worst: m_5_15=0.0364(3.64x), band_med_adults=13(0.46x), surv_to_45=0.266(0.62x), surv_to_15=0.468(0.71x)
[ 1575/15000] pop=  2121 bd=  75 bigbd=4(med99.5) strat=0.0% giniC=0.395 dyn:eff=128.2 top=0.022 nlin=278 lpb=14.07/dom=0.283 mRSg=0.568 set=20(mx86,prim1.26) con=379.0 inst=27 ldT=0.133 | asc=0.004 gumsa=0.093 tenure=6.5y levy=12997749.6 resent(mean/max)=0.0/0.0 revs=62 | 8.8m eta75m
  ~~ demography: 11/16 in band  worst: m_5_15=0.0363(3.63x), band_med_adults=13(0.46x), surv_to_45=0.267(0.62x), surv_to_15=0.468(0.71x)
[ 1600/15000] pop=  2146 bd=  75 bigbd=5(med64) strat=0.0% giniC=0.392 dyn:eff=127.1 top=0.022 nlin=270 lpb=13.96/dom=0.29 mRSg=0.562 set=20(mx109,prim1.51) con=457.0 inst=38 ldT=0.319 | asc=0.005 gumsa=0.067 tenure=6.6y levy=7613845.8 resent(mean/max)=0.0/0.0 revs=62 | 8.9m eta74m
  ~~ demography: 10/16 in band  worst: m_5_15=0.0363(3.63x), frac_motherless=0.0036(0.18x), band_med_adults=12.5(0.44x), surv_to_45=0.266(0.62x)
[ 1625/15000] pop=  2118 bd=  76 bigbd=4(med102.5) strat=0.0% giniC=0.392 dyn:eff=121.1 top=0.024 nlin=266 lpb=13.84/dom=0.287 mRSg=0.557 set=21(mx117,prim1.41) con=397.0 inst=32 ldT=0.304 | asc=0.004 gumsa=0.026 tenure=6.6y levy=6789711.9 resent(mean/max)=0.0/0.0 revs=63 | 9.0m eta74m
  !! SPATIAL: band commands 291 km2, inside its own 314 km2 catchment (Vita-Finzi & Higgs) -- the population is NOT food-limited, it is failing to disperse; any carrying-capacity reading of this run is void
  ~~ demography: 10/16 in band  worst: m_5_15=0.036(3.60x), frac_motherless=0.0068(0.34x), band_med_adults=12(0.43x), surv_to_45=0.267(0.62x)
[ 1650/15000] pop=  2171 bd=  77 bigbd=5(med78) strat=0.0% giniC=0.392 dyn:eff=118.6 top=0.025 nlin=255 lpb=13.91/dom=0.282 mRSg=0.569 set=22(mx90,prim1.23) con=395.0 inst=37 ldT=0.194 | asc=0.001 gumsa=0.039 tenure=6.6y levy=7605011.2 resent(mean/max)=0.0/0.0 revs=64 | 9.1m eta74m
  !! SPATIAL: band commands 297 km2, inside its own 314 km2 catchment (Vita-Finzi & Higgs) -- the population is NOT food-limited, it is failing to disperse; any carrying-capacity reading of this run is void
  ~~ demography: 11/16 in band  worst: m_5_15=0.036(3.60x), band_med_adults=13(0.46x), surv_to_45=0.267(0.62x), surv_to_15=0.469(0.71x)
[ 1675/15000] pop=  2167 bd=  75 bigbd=5(med83) strat=0.0% giniC=0.39 dyn:eff=116.7 top=0.025 nlin=251 lpb=14.13/dom=0.279 mRSg=0.567 set=20(mx85,prim1.16) con=413.0 inst=31 ldT=0.268 | asc=0.0 gumsa=0.013 tenure=6.6y levy=11353470.4 resent(mean/max)=0.0/0.0 revs=64 | 9.2m eta73m
  !! SPATIAL: band commands 293 km2, inside its own 314 km2 catchment (Vita-Finzi & Higgs) -- the population is NOT food-limited, it is failing to disperse; any carrying-capacity reading of this run is void
  ~~ demography: 9/16 in band  !! AGE STRUCTURE OUT OF BAND -> every marker above demography in the ladder is PROVISIONAL  worst: m_5_15=0.0362(3.62x), frac_fatherless=0.0993(1.99x), band_med_adults=12(0.43x), surv_to_45=0.263(0.61x)
[ 1700/15000] pop=  2069 bd=  75 bigbd=5(med85) strat=0.0% giniC=0.388 dyn:eff=114.7 top=0.027 nlin=239 lpb=13.84/dom=0.274 mRSg=0.565 set=22(mx76,prim1.09) con=428.0 inst=33 ldT=0.294 | asc=0.001 gumsa=0.04 tenure=6.6y levy=5767444.1 resent(mean/max)=0.0/0.0 revs=64 | 9.3m eta73m
  !! SPATIAL: band commands 286 km2, inside its own 314 km2 catchment (Vita-Finzi & Higgs) -- the population is NOT food-limited, it is failing to disperse; any carrying-capacity reading of this run is void
  ~~ demography: 10/16 in band  !! AGE STRUCTURE OUT OF BAND -> every marker above demography in the ladder is PROVISIONAL  worst: m_5_15=0.0364(3.64x), band_med_adults=13(0.46x), surv_to_45=0.262(0.61x), surv_to_15=0.467(0.71x)
[ 1725/15000] pop=  2007 bd=  73 bigbd=5(med88) strat=0.0% giniC=0.384 dyn:eff=113.3 top=0.028 nlin=238 lpb=13.74/dom=0.275 mRSg=0.563 set=19(mx94,prim1.18) con=554.0 inst=27 ldT=0.174 | asc=0.003 gumsa=0.041 tenure=6.6y levy=5721939.9 resent(mean/max)=0.0/0.0 revs=64 | 9.4m eta73m
  !! SPATIAL: band commands 299 km2, inside its own 314 km2 catchment (Vita-Finzi & Higgs) -- the population is NOT food-limited, it is failing to disperse; any carrying-capacity reading of this run is void
  ~~ demography: 10/16 in band  !! AGE STRUCTURE OUT OF BAND -> every marker above demography in the ladder is PROVISIONAL  worst: m_5_15=0.0362(3.62x), band_med_adults=13(0.46x), surv_to_45=0.263(0.61x), surv_to_15=0.468(0.71x)
[ 1750/15000] pop=  2037 bd=  75 bigbd=4(med107.5) strat=0.0% giniC=0.382 dyn:eff=112.1 top=0.027 nlin=231 lpb=13.47/dom=0.277 mRSg=0.567 set=19(mx60,prim1.07) con=511.0 inst=25 ldT=0.208 | asc=0.003 gumsa=0.04 tenure=6.6y levy=6717670.6 resent(mean/max)=0.0/0.0 revs=64 | 9.5m eta72m
  !! SPATIAL: band commands 295 km2, inside its own 314 km2 catchment (Vita-Finzi & Higgs) -- the population is NOT food-limited, it is failing to disperse; any carrying-capacity reading of this run is void
  ~~ demography: 11/16 in band  worst: m_5_15=0.0361(3.61x), band_med_adults=13(0.46x), surv_to_45=0.263(0.61x), surv_to_15=0.468(0.71x)
[ 1775/15000] pop=  2047 bd=  75 bigbd=4(med109.5) strat=0.0% giniC=0.381 dyn:eff=108.6 top=0.031 nlin=227 lpb=13.37/dom=0.291 mRSg=0.57 set=20(mx89,prim1.25) con=476.0 inst=31 ldT=0.264 | asc=0.0 gumsa=0.0 tenure=6.6y levy=6086467.0 resent(mean/max)=0.0/0.0 revs=64 | 9.6m eta72m
  !! SPATIAL: band commands 275 km2, inside its own 314 km2 catchment (Vita-Finzi & Higgs) -- the population is NOT food-limited, it is failing to disperse; any carrying-capacity reading of this run is void
  ~~ demography: 10/16 in band  worst: m_5_15=0.036(3.60x), frac_motherless=0(0.00x), frac_fatherless=0.0805(1.61x), band_med_adults=13(0.46x)
[ 1800/15000] pop=  2086 bd=  79 bigbd=4(med91.5) strat=0.0% giniC=0.378 dyn:eff=108.4 top=0.029 nlin=224 lpb=13.05/dom=0.29 mRSg=0.567 set=19(mx91,prim1.34) con=592.0 inst=24 ldT=0.265 | asc=0.005 gumsa=0.051 tenure=6.6y levy=8923122.2 resent(mean/max)=0.0/0.0 revs=64 | 9.7m eta71m
  !! SPATIAL: band commands 273 km2, inside its own 314 km2 catchment (Vita-Finzi & Higgs) -- the population is NOT food-limited, it is failing to disperse; any carrying-capacity reading of this run is void
  ~~ demography: 10/16 in band  worst: m_5_15=0.0358(3.58x), frac_fatherless=0.0826(1.65x), frac_motherless=0.0073(0.36x), band_med_adults=13(0.46x)
[ 1825/15000] pop=  2097 bd=  82 bigbd=3(med133) strat=0.0% giniC=0.379 dyn:eff=106.5 top=0.03 nlin=221 lpb=12.79/dom=0.289 mRSg=0.569 set=21(mx79,prim1.1) con=564.0 inst=35 ldT=0.368 | asc=0.009 gumsa=0.073 tenure=6.6y levy=6914328.0 resent(mean/max)=0.0/0.0 revs=64 | 9.9m eta71m
  !! SPATIAL: band commands 279 km2, inside its own 314 km2 catchment (Vita-Finzi & Higgs) -- the population is NOT food-limited, it is failing to disperse; any carrying-capacity reading of this run is void
  ~~ demography: 11/16 in band  worst: m_5_15=0.0357(3.57x), frac_motherless=0.0018(0.09x), band_med_adults=12(0.43x), surv_to_45=0.266(0.62x)
[ 1850/15000] pop=  2139 bd=  84 bigbd=4(med96.5) strat=0.0% giniC=0.379 dyn:eff=106.4 top=0.03 nlin=220 lpb=12.61/dom=0.289 mRSg=0.568 set=20(mx90,prim1.0) con=435.0 inst=38 ldT=0.289 | asc=0.017 gumsa=0.143 tenure=6.6y levy=12105723.5 resent(mean/max)=0.0/0.0 revs=64 | 10.0m eta71m
  !! SPATIAL: band commands 283 km2, inside its own 314 km2 catchment (Vita-Finzi & Higgs) -- the population is NOT food-limited, it is failing to disperse; any carrying-capacity reading of this run is void
  ~~ demography: 11/16 in band  worst: m_5_15=0.0356(3.56x), frac_motherless=0.0083(0.41x), band_med_adults=13(0.46x), surv_to_45=0.267(0.62x)
[ 1875/15000] pop=  2205 bd=  83 bigbd=4(med100.0) strat=0.0% giniC=0.373 dyn:eff=105.5 top=0.032 nlin=217 lpb=12.89/dom=0.285 mRSg=0.552 set=21(mx91,prim1.03) con=423.0 inst=40 ldT=0.218 | asc=0.007 gumsa=0.072 tenure=6.6y levy=7676009.8 resent(mean/max)=0.0/0.0 revs=65 | 10.1m eta70m
  !! SPATIAL: band commands 256 km2, inside its own 314 km2 catchment (Vita-Finzi & Higgs) -- the population is NOT food-limited, it is failing to disperse; any carrying-capacity reading of this run is void
  ~~ demography: 11/16 in band  !! AGE STRUCTURE OUT OF BAND -> every marker above demography in the ladder is PROVISIONAL  worst: m_5_15=0.0355(3.55x), band_med_adults=11(0.39x), surv_to_45=0.266(0.62x), surv_to_15=0.473(0.72x)
[ 1900/15000] pop=  2189 bd=  89 bigbd=4(med98.0) strat=0.0% giniC=0.372 dyn:eff=104.8 top=0.029 nlin=212 lpb=12.13/dom=0.295 mRSg=0.546 set=21(mx101,prim1.4) con=543.5 inst=43 ldT=0.266 | asc=0.008 gumsa=0.067 tenure=6.6y levy=7448993.6 resent(mean/max)=0.0/0.0 revs=65 | 10.2m eta70m
  !! SPATIAL: band commands 268 km2, inside its own 314 km2 catchment (Vita-Finzi & Higgs) -- the population is NOT food-limited, it is failing to disperse; any carrying-capacity reading of this run is void
  ~~ demography: 11/16 in band  !! AGE STRUCTURE OUT OF BAND -> every marker above demography in the ladder is PROVISIONAL  worst: m_5_15=0.0352(3.52x), band_med_adults=12(0.43x), surv_to_45=0.267(0.62x), surv_to_15=0.474(0.72x)
[ 1925/15000] pop=  2227 bd=  87 bigbd=4(med106.0) strat=0.0% giniC=0.374 dyn:eff=105.5 top=0.029 nlin=212 lpb=12.46/dom=0.29 mRSg=0.547 set=21(mx99,prim1.22) con=580.0 inst=40 ldT=0.244 | asc=0.007 gumsa=0.046 tenure=6.6y levy=9535798.4 resent(mean/max)=0.0/0.0 revs=66 | 10.3m eta70m
  !! SPATIAL: band commands 266 km2, inside its own 314 km2 catchment (Vita-Finzi & Higgs) -- the population is NOT food-limited, it is failing to disperse; any carrying-capacity reading of this run is void
  ~~ demography: 10/16 in band  !! AGE STRUCTURE OUT OF BAND -> every marker above demography in the ladder is PROVISIONAL  worst: m_5_15=0.0352(3.52x), frac_fatherless=0.084(1.68x), band_med_adults=12(0.43x), surv_to_45=0.267(0.62x)
[ 1950/15000] pop=  2215 bd=  85 bigbd=3(med159) strat=0.0% giniC=0.379 dyn:eff=104.5 top=0.029 nlin=206 lpb=12.85/dom=0.289 mRSg=0.545 set=20(mx87,prim1.26) con=612.0 inst=39 ldT=0.304 | asc=0.006 gumsa=0.024 tenure=6.7y levy=6782934.7 resent(mean/max)=0.0/0.0 revs=66 | 10.4m eta70m
  !! SPATIAL: band commands 267 km2, inside its own 314 km2 catchment (Vita-Finzi & Higgs) -- the population is NOT food-limited, it is failing to disperse; any carrying-capacity reading of this run is void
  ~~ demography: 12/16 in band  worst: m_5_15=0.0352(3.52x), band_med_adults=12(0.43x), surv_to_45=0.267(0.62x), surv_to_15=0.474(0.72x)
[ 1975/15000] pop=  2233 bd=  89 bigbd=4(med119.0) strat=0.0% giniC=0.375 dyn:eff=102.5 top=0.027 nlin=202 lpb=12.35/dom=0.29 mRSg=0.55 set=21(mx91,prim1.18) con=464.0 inst=43 ldT=0.297 | asc=0.009 gumsa=0.09 tenure=6.6y levy=5555702.2 resent(mean/max)=0.0/0.0 revs=67 | 10.5m eta69m
  !! SPATIAL: band commands 258 km2, inside its own 314 km2 catchment (Vita-Finzi & Higgs) -- the population is NOT food-limited, it is failing to disperse; any carrying-capacity reading of this run is void
  ~~ demography: 11/16 in band  worst: m_5_15=0.0354(3.54x), frac_motherless=0.0067(0.34x), band_med_adults=12(0.43x), surv_to_45=0.266(0.62x)
[ 2000/15000] pop=  2208 bd=  89 bigbd=3(med163) strat=0.0% giniC=0.38 dyn:eff=101.7 top=0.027 nlin=199 lpb=11.92/dom=0.294 mRSg=0.557 set=21(mx117,prim1.31) con=470.0 inst=30 ldT=0.232 | asc=0.012 gumsa=0.079 tenure=6.6y levy=5655105.6 resent(mean/max)=0.0/0.0 revs=67 | 10.7m eta69m
  !! SPATIAL: band commands 265 km2, inside its own 314 km2 catchment (Vita-Finzi & Higgs) -- the population is NOT food-limited, it is failing to disperse; any carrying-capacity reading of this run is void
  ~~ demography: 10/16 in band  worst: m_5_15=0.0355(3.55x), frac_motherless=0(0.00x), frac_fatherless=0.0853(1.71x), band_med_adults=11(0.39x)
[ 2025/15000] pop=  2200 bd=  89 bigbd=3(med159) strat=0.0% giniC=0.378 dyn:eff=101.6 top=0.026 nlin=198 lpb=12.07/dom=0.294 mRSg=0.552 set=20(mx72,prim1.0) con=637.0 inst=37 ldT=0.28 | asc=0.009 gumsa=0.079 tenure=6.6y levy=5993343.2 resent(mean/max)=0.0/0.0 revs=68 | 10.8m eta69m
  !! SPATIAL: band commands 265 km2, inside its own 314 km2 catchment (Vita-Finzi & Higgs) -- the population is NOT food-limited, it is failing to disperse; any carrying-capacity reading of this run is void
  ~~ demography: 11/16 in band  worst: m_5_15=0.0357(3.57x), frac_motherless=0.0017(0.08x), band_med_adults=11.5(0.41x), surv_to_45=0.264(0.61x)
[ 2050/15000] pop=  2178 bd=  86 bigbd=3(med149) strat=0.0% giniC=0.369 dyn:eff=100.6 top=0.028 nlin=193 lpb=12.2/dom=0.293 mRSg=0.546 set=20(mx109,prim1.4) con=472.0 inst=38 ldT=0.244 | asc=0.006 gumsa=0.047 tenure=6.6y levy=7015314.1 resent(mean/max)=0.0/0.0 revs=68 | 10.9m eta69m
  !! SPATIAL: band commands 277 km2, inside its own 314 km2 catchment (Vita-Finzi & Higgs) -- the population is NOT food-limited, it is failing to disperse; any carrying-capacity reading of this run is void
  ~~ demography: 11/16 in band  worst: m_5_15=0.0358(3.58x), frac_motherless=0.0065(0.32x), band_med_adults=11(0.39x), surv_to_45=0.265(0.62x)
[ 2075/15000] pop=  2221 bd=  87 bigbd=4(med127.0) strat=0.0% giniC=0.365 dyn:eff=99.7 top=0.029 nlin=192 lpb=12.02/dom=0.304 mRSg=0.539 set=21(mx81,prim1.05) con=414.0 inst=37 ldT=0.253 | asc=0.004 gumsa=0.023 tenure=6.6y levy=7860922.9 resent(mean/max)=0.0/0.0 revs=68 | 11.0m eta68m
  !! SPATIAL: band commands 262 km2, inside its own 314 km2 catchment (Vita-Finzi & Higgs) -- the population is NOT food-limited, it is failing to disperse; any carrying-capacity reading of this run is void
  ~~ demography: 11/16 in band  worst: m_5_15=0.0358(3.58x), band_med_adults=11(0.39x), frac_motherless=0.0081(0.40x), surv_to_45=0.264(0.61x)
[ 2100/15000] pop=  2208 bd=  91 bigbd=4(med118.5) strat=0.0% giniC=0.366 dyn:eff=100.4 top=0.03 nlin=189 lpb=11.46/dom=0.307 mRSg=0.528 set=21(mx115,prim1.44) con=470.5 inst=39 ldT=0.317 | asc=0.006 gumsa=0.033 tenure=6.6y levy=7381092.9 resent(mean/max)=0.0/0.0 revs=68 | 11.1m eta68m
  !! SPATIAL: band commands 259 km2, inside its own 314 km2 catchment (Vita-Finzi & Higgs) -- the population is NOT food-limited, it is failing to disperse; any carrying-capacity reading of this run is void
  ~~ demography: 10/16 in band  worst: m_5_15=0.0358(3.58x), frac_motherless=0.0047(0.24x), frac_fatherless=0.0865(1.73x), band_med_adults=11(0.39x)
[ 2125/15000] pop=  2244 bd=  92 bigbd=3(med146) strat=0.0% giniC=0.365 dyn:eff=100.2 top=0.03 nlin=186 lpb=11.51/dom=0.302 mRSg=0.533 set=22(mx88,prim1.04) con=518.5 inst=41 ldT=0.241 | asc=0.008 gumsa=0.033 tenure=6.6y levy=9100940.0 resent(mean/max)=0.0/0.0 revs=69 | 11.2m eta68m
  !! SPATIAL: PACKED AND SPARSE AT ONCE (local 0.102 > 0.091 > regional 0.0140 /km2) on 13.8% of the land; band commands 250 km2, inside its own 314 km2 catchment (Vita-Finzi & Higgs) -- the population is NOT food-limited, it is failing to disperse; any carrying-capacity reading of this run is void
  ~~ demography: 10/16 in band  worst: m_5_15=0.0357(3.57x), frac_motherless=0(0.00x), frac_fatherless=0.0928(1.86x), band_med_adults=12(0.43x)
[ 2150/15000] pop=  2246 bd=  88 bigbd=3(med142) strat=0.0% giniC=0.36 dyn:eff=101.2 top=0.028 nlin=186 lpb=12.34/dom=0.292 mRSg=0.529 set=22(mx130,prim1.6) con=638.5 inst=40 ldT=0.329 | asc=0.006 gumsa=0.023 tenure=6.7y levy=6520201.4 resent(mean/max)=0.0/0.0 revs=69 | 11.3m eta68m
  !! SPATIAL: band commands 279 km2, inside its own 314 km2 catchment (Vita-Finzi & Higgs) -- the population is NOT food-limited, it is failing to disperse; any carrying-capacity reading of this run is void
  ~~ demography: 11/16 in band  worst: m_5_15=0.0358(3.58x), frac_motherless=0.0083(0.41x), band_med_adults=12.5(0.44x), surv_to_45=0.263(0.61x)
[ 2175/15000] pop=  2228 bd=  84 bigbd=3(med151) strat=0.0% giniC=0.368 dyn:eff=101.1 top=0.026 nlin=183 lpb=12.73/dom=0.275 mRSg=0.532 set=21(mx70,prim1.04) con=720.5 inst=38 ldT=0.212 | asc=0.012 gumsa=0.107 tenure=6.6y levy=7229704.9 resent(mean/max)=0.0/0.0 revs=69 | 11.4m eta67m
  !! SPATIAL: band commands 271 km2, inside its own 314 km2 catchment (Vita-Finzi & Higgs) -- the population is NOT food-limited, it is failing to disperse; any carrying-capacity reading of this run is void
  ~~ demography: 12/16 in band  worst: m_5_15=0.0359(3.59x), band_med_adults=12(0.43x), surv_to_45=0.262(0.61x), surv_to_15=0.47(0.71x)
[ 2200/15000] pop=  2204 bd=  82 bigbd=3(med150) strat=0.0% giniC=0.367 dyn:eff=100.4 top=0.026 nlin=180 lpb=13.1/dom=0.271 mRSg=0.535 set=22(mx109,prim1.35) con=628.0 inst=34 ldT=0.274 | asc=0.013 gumsa=0.11 tenure=6.6y levy=7916963.3 resent(mean/max)=0.0/0.0 revs=70 | 11.5m eta67m
  !! SPATIAL: band commands 287 km2, inside its own 314 km2 catchment (Vita-Finzi & Higgs) -- the population is NOT food-limited, it is failing to disperse; any carrying-capacity reading of this run is void
  ~~ demography: 12/16 in band  worst: m_5_15=0.0357(3.57x), band_med_adults=12(0.43x), surv_to_45=0.262(0.61x), surv_to_15=0.471(0.71x)
[ 2225/15000] pop=  2222 bd=  82 bigbd=4(med128.5) strat=0.0% giniC=0.366 dyn:eff=99.0 top=0.026 nlin=176 lpb=13.18/dom=0.275 mRSg=0.549 set=23(mx81,prim1.05) con=510.0 inst=34 ldT=0.237 | asc=0.011 gumsa=0.098 tenure=6.7y levy=5186402.5 resent(mean/max)=0.0/0.0 revs=70 | 11.7m eta67m
  !! SPATIAL: band commands 304 km2, inside its own 314 km2 catchment (Vita-Finzi & Higgs) -- the population is NOT food-limited, it is failing to disperse; any carrying-capacity reading of this run is void
  ~~ demography: 12/16 in band  worst: m_5_15=0.0358(3.58x), band_med_adults=13(0.46x), surv_to_45=0.262(0.61x), surv_to_15=0.471(0.71x)
[ 2250/15000] pop=  2230 bd=  81 bigbd=3(med155) strat=0.0% giniC=0.366 dyn:eff=96.5 top=0.028 nlin=176 lpb=13.25/dom=0.289 mRSg=0.539 set=22(mx72,prim1.01) con=714.0 inst=37 ldT=0.203 | asc=0.009 gumsa=0.099 tenure=6.7y levy=6161492.3 resent(mean/max)=0.0/0.0 revs=70 | 11.8m eta67m
  !! SPATIAL: band commands 298 km2, inside its own 314 km2 catchment (Vita-Finzi & Higgs) -- the population is NOT food-limited, it is failing to disperse; any carrying-capacity reading of this run is void
  ~~ demography: 12/16 in band  worst: m_5_15=0.0357(3.57x), band_med_adults=13(0.46x), surv_to_45=0.262(0.61x), surv_to_15=0.471(0.71x)
[ 2275/15000] pop=  2236 bd=  81 bigbd=4(med132.5) strat=0.0% giniC=0.362 dyn:eff=94.6 top=0.03 nlin=172 lpb=13.14/dom=0.285 mRSg=0.548 set=22(mx72,prim1.03) con=450.0 inst=37 ldT=0.308 | asc=0.008 gumsa=0.086 tenure=6.7y levy=5877938.2 resent(mean/max)=0.0/0.0 revs=71 | 11.9m eta66m
  !! SPATIAL: band commands 296 km2, inside its own 314 km2 catchment (Vita-Finzi & Higgs) -- the population is NOT food-limited, it is failing to disperse; any carrying-capacity reading of this run is void
  ~~ demography: 12/16 in band  worst: m_5_15=0.0357(3.57x), band_med_adults=13(0.46x), surv_to_45=0.262(0.61x), surv_to_15=0.472(0.72x)
[ 2300/15000] pop=  2256 bd=  81 bigbd=5(med110) strat=0.0% giniC=0.359 dyn:eff=94.1 top=0.029 nlin=168 lpb=13.02/dom=0.286 mRSg=0.549 set=20(mx77,prim1.03) con=411.5 inst=36 ldT=0.165 | asc=0.011 gumsa=0.123 tenure=6.7y levy=9910724.4 resent(mean/max)=0.0/0.0 revs=71 | 12.0m eta66m
  !! SPATIAL: band commands 300 km2, inside its own 314 km2 catchment (Vita-Finzi & Higgs) -- the population is NOT food-limited, it is failing to disperse; any carrying-capacity reading of this run is void
  ~~ demography: 11/16 in band  worst: m_5_15=0.0358(3.58x), frac_fatherless=0.0824(1.65x), band_med_adults=12.5(0.44x), surv_to_45=0.262(0.61x)
[ 2325/15000] pop=  2242 bd=  82 bigbd=5(med56) strat=0.0% giniC=0.357 dyn:eff=93.8 top=0.029 nlin=168 lpb=13.12/dom=0.29 mRSg=0.538 set=22(mx104,prim1.11) con=483.0 inst=35 ldT=0.237 | asc=0.008 gumsa=0.073 tenure=6.7y levy=6640360.9 resent(mean/max)=0.0/0.0 revs=72 | 12.1m eta66m
  !! SPATIAL: band commands 280 km2, inside its own 314 km2 catchment (Vita-Finzi & Higgs) -- the population is NOT food-limited, it is failing to disperse; any carrying-capacity reading of this run is void
  ~~ demography: 10/16 in band  worst: m_5_15=0.0358(3.58x), frac_fatherless=0.0995(1.99x), frac_motherless=0.005(0.25x), band_med_adults=12(0.43x)
[ 2350/15000] pop=  2208 bd=  82 bigbd=6(med60.0) strat=0.0% giniC=0.348 dyn:eff=93.6 top=0.03 nlin=166 lpb=13.27/dom=0.305 mRSg=0.533 set=21(mx98,prim1.24) con=852.0 inst=36 ldT=0.387 | asc=0.006 gumsa=0.061 tenure=6.7y levy=7548639.5 resent(mean/max)=0.0/0.0 revs=72 | 12.2m eta66m
  !! SPATIAL: band commands 282 km2, inside its own 314 km2 catchment (Vita-Finzi & Higgs) -- the population is NOT food-limited, it is failing to disperse; any carrying-capacity reading of this run is void
  ~~ demography: 10/16 in band  worst: m_5_15=0.0359(3.59x), frac_fatherless=0.0833(1.67x), frac_motherless=0.0068(0.34x), band_med_adults=12.5(0.44x)
[ 2375/15000] pop=  2206 bd=  84 bigbd=4(med115.5) strat=0.0% giniC=0.343 dyn:eff=91.3 top=0.031 nlin=164 lpb=12.86/dom=0.291 mRSg=0.538 set=22(mx92,prim1.33) con=717.0 inst=42 ldT=0.297 | asc=0.004 gumsa=0.083 tenure=6.6y levy=9345765.2 resent(mean/max)=0.0/0.0 revs=73 | 12.3m eta66m
  !! SPATIAL: band commands 299 km2, inside its own 314 km2 catchment (Vita-Finzi & Higgs) -- the population is NOT food-limited, it is failing to disperse; any carrying-capacity reading of this run is void
  ~~ demography: 11/16 in band  worst: m_5_15=0.0359(3.59x), frac_motherless=0.0087(0.43x), band_med_adults=13(0.46x), surv_to_45=0.259(0.60x)
[ 2400/15000] pop=  2165 bd=  79 bigbd=5(med74) strat=0.0% giniC=0.339 dyn:eff=90.1 top=0.03 nlin=158 lpb=13.32/dom=0.283 mRSg=0.53 set=21(mx89,prim1.01) con=550.5 inst=36 ldT=0.343 | asc=0.004 gumsa=0.076 tenure=6.6y levy=8425791.1 resent(mean/max)=0.0/0.0 revs=73 | 12.4m eta65m
  !! SPATIAL: band commands 285 km2, inside its own 314 km2 catchment (Vita-Finzi & Higgs) -- the population is NOT food-limited, it is failing to disperse; any carrying-capacity reading of this run is void
  ~~ demography: 11/16 in band  worst: m_5_15=0.0359(3.59x), band_med_adults=12(0.43x), frac_motherless=0.0087(0.43x), surv_to_45=0.258(0.60x)
[ 2425/15000] pop=  2172 bd=  82 bigbd=5(med72) strat=0.0% giniC=0.344 dyn:eff=89.9 top=0.032 nlin=159 lpb=12.84/dom=0.284 mRSg=0.542 set=21(mx116,prim1.57) con=517.0 inst=38 ldT=0.253 | asc=0.004 gumsa=0.085 tenure=6.6y levy=9564157.2 resent(mean/max)=0.0/0.0 revs=73 | 12.6m eta65m
  !! SPATIAL: band commands 282 km2, inside its own 314 km2 catchment (Vita-Finzi & Higgs) -- the population is NOT food-limited, it is failing to disperse; any carrying-capacity reading of this run is void
  ~~ demography: 11/16 in band  worst: m_5_15=0.0358(3.58x), frac_motherless=0.0084(0.42x), band_med_adults=13(0.46x), surv_to_45=0.259(0.60x)
[ 2450/15000] pop=  2205 bd=  80 bigbd=5(med66) strat=0.0% giniC=0.341 dyn:eff=87.5 top=0.032 nlin=157 lpb=12.78/dom=0.292 mRSg=0.532 set=21(mx103,prim1.32) con=650.0 inst=38 ldT=0.28 | asc=0.008 gumsa=0.125 tenure=6.6y levy=6434561.5 resent(mean/max)=0.0/0.0 revs=73 | 12.7m eta65m
  !! SPATIAL: band commands 299 km2, inside its own 314 km2 catchment (Vita-Finzi & Higgs) -- the population is NOT food-limited, it is failing to disperse; any carrying-capacity reading of this run is void
  ~~ demography: 11/16 in band  worst: m_5_15=0.0358(3.58x), frac_motherless=0.0067(0.34x), band_med_adults=12(0.43x), surv_to_45=0.259(0.60x)
[ 2475/15000] pop=  2235 bd=  82 bigbd=5(med70) strat=0.0% giniC=0.336 dyn:eff=86.6 top=0.032 nlin=157 lpb=12.46/dom=0.301 mRSg=0.542 set=21(mx86,prim1.05) con=501.0 inst=31 ldT=0.253 | asc=0.004 gumsa=0.085 tenure=6.7y levy=8096409.8 resent(mean/max)=0.0/0.0 revs=74 | 12.8m eta65m
  !! SPATIAL: band commands 268 km2, inside its own 314 km2 catchment (Vita-Finzi & Higgs) -- the population is NOT food-limited, it is failing to disperse; any carrying-capacity reading of this run is void
  ~~ demography: 11/16 in band  worst: m_5_15=0.0357(3.57x), frac_motherless=0.0081(0.40x), band_med_adults=12(0.43x), surv_to_45=0.259(0.60x)
[ 2500/15000] pop=  2252 bd=  87 bigbd=3(med155) strat=0.0% giniC=0.334 dyn:eff=86.9 top=0.032 nlin=156 lpb=11.84/dom=0.304 mRSg=0.534 set=20(mx93,prim1.16) con=707.0 inst=35 ldT=0.241 | asc=0.002 gumsa=0.034 tenure=6.7y levy=6753648.7 resent(mean/max)=0.0/0.0 revs=74 | 12.9m eta65m
  !! SPATIAL: band commands 284 km2, inside its own 314 km2 catchment (Vita-Finzi & Higgs) -- the population is NOT food-limited, it is failing to disperse; any carrying-capacity reading of this run is void
  ~~ demography: 11/16 in band  worst: m_5_15=0.0357(3.57x), frac_fatherless=0.0802(1.60x), band_med_adults=13(0.46x), surv_to_45=0.259(0.60x)
[ 2525/15000] pop=  2267 bd=  85 bigbd=3(med147) strat=0.0% giniC=0.332 dyn:eff=86.9 top=0.032 nlin=154 lpb=12.13/dom=0.303 mRSg=0.542 set=21(mx94,prim1.31) con=678.0 inst=33 ldT=0.275 | asc=0.001 gumsa=0.012 tenure=6.7y levy=5985697.6 resent(mean/max)=0.0/0.0 revs=75 | 13.0m eta64m
  !! SPATIAL: PACKED AND SPARSE AT ONCE (local 0.101 > 0.091 > regional 0.0141 /km2) on 14.0% of the land; band commands 264 km2, inside its own 314 km2 catchment (Vita-Finzi & Higgs) -- the population is NOT food-limited, it is failing to disperse; any carrying-capacity reading of this run is void
  ~~ demography: 11/16 in band  worst: m_5_15=0.0357(3.57x), frac_fatherless=0.0801(1.60x), band_med_adults=12(0.43x), surv_to_45=0.26(0.60x)
[ 2550/15000] pop=  2264 bd=  85 bigbd=4(med101.0) strat=0.0% giniC=0.327 dyn:eff=85.6 top=0.031 nlin=151 lpb=12.15/dom=0.308 mRSg=0.543 set=20(mx111,prim1.29) con=647.0 inst=29 ldT=0.133 | asc=0.004 gumsa=0.059 tenure=6.7y levy=7592140.4 resent(mean/max)=0.0/0.0 revs=76 | 13.2m eta64m
  !! SPATIAL: band commands 292 km2, inside its own 314 km2 catchment (Vita-Finzi & Higgs) -- the population is NOT food-limited, it is failing to disperse; any carrying-capacity reading of this run is void
  ~~ demography: 12/16 in band  worst: m_5_15=0.0358(3.58x), band_med_adults=12(0.43x), surv_to_45=0.259(0.60x), surv_to_15=0.471(0.71x)
[ 2575/15000] pop=  2249 bd=  86 bigbd=4(med102.0) strat=0.0% giniC=0.323 dyn:eff=83.6 top=0.032 nlin=151 lpb=12.3/dom=0.313 mRSg=0.551 set=18(mx86,prim1.13) con=599.5 inst=41 ldT=0.269 | asc=0.004 gumsa=0.058 tenure=6.6y levy=7123099.4 resent(mean/max)=0.0/0.0 revs=76 | 13.3m eta64m
  !! SPATIAL: band commands 278 km2, inside its own 314 km2 catchment (Vita-Finzi & Higgs) -- the population is NOT food-limited, it is failing to disperse; any carrying-capacity reading of this run is void
  ~~ demography: 12/16 in band  worst: m_5_15=0.0359(3.59x), band_med_adults=12(0.43x), surv_to_45=0.259(0.60x), surv_to_15=0.47(0.71x)
[ 2600/15000] pop=  2224 bd=  86 bigbd=4(med101.5) strat=0.0% giniC=0.318 dyn:eff=82.2 top=0.033 nlin=149 lpb=12.33/dom=0.317 mRSg=0.55 set=20(mx102,prim1.23) con=514.5 inst=48 ldT=0.259 | asc=0.001 gumsa=0.023 tenure=6.7y levy=6261607.1 resent(mean/max)=0.0/0.0 revs=77 | 13.4m eta64m
  !! SPATIAL: band commands 277 km2, inside its own 314 km2 catchment (Vita-Finzi & Higgs) -- the population is NOT food-limited, it is failing to disperse; any carrying-capacity reading of this run is void
  ~~ demography: 12/16 in band  worst: m_5_15=0.036(3.60x), band_med_adults=11.5(0.41x), surv_to_45=0.257(0.60x), surv_to_15=0.47(0.71x)
[ 2625/15000] pop=  2189 bd=  84 bigbd=4(med103.0) strat=0.0% giniC=0.317 dyn:eff=81.1 top=0.033 nlin=148 lpb=12.39/dom=0.318 mRSg=0.545 set=21(mx104,prim1.22) con=651.0 inst=36 ldT=0.395 | asc=0.0 gumsa=0.0 tenure=6.7y levy=6267594.1 resent(mean/max)=0.0/0.0 revs=77 | 13.5m eta64m
  !! SPATIAL: band commands 271 km2, inside its own 314 km2 catchment (Vita-Finzi & Higgs) -- the population is NOT food-limited, it is failing to disperse; any carrying-capacity reading of this run is void
  ~~ demography: 12/16 in band  worst: m_5_15=0.036(3.60x), band_med_adults=12.5(0.44x), surv_to_45=0.258(0.60x), surv_to_15=0.47(0.71x)
[ 2650/15000] pop=  2190 bd=  84 bigbd=4(med96.0) strat=0.0% giniC=0.311 dyn:eff=81.5 top=0.032 nlin=146 lpb=12.76/dom=0.307 mRSg=0.546 set=20(mx98,prim1.29) con=427.0 inst=39 ldT=0.154 | asc=0.001 gumsa=0.024 tenure=6.7y levy=7802560.7 resent(mean/max)=0.0/0.0 revs=77 | 13.6m eta63m
  !! SPATIAL: band commands 283 km2, inside its own 314 km2 catchment (Vita-Finzi & Higgs) -- the population is NOT food-limited, it is failing to disperse; any carrying-capacity reading of this run is void
  ~~ demography: 12/16 in band  worst: m_5_15=0.0361(3.61x), band_med_adults=14(0.50x), surv_to_45=0.256(0.60x), surv_to_15=0.469(0.71x)
[ 2675/15000] pop=  2130 bd=  78 bigbd=5(med57) strat=0.0% giniC=0.312 dyn:eff=81.3 top=0.028 nlin=143 lpb=13.42/dom=0.29 mRSg=0.546 set=19(mx96,prim1.02) con=508.0 inst=39 ldT=0.236 | asc=0.001 gumsa=0.026 tenure=6.6y levy=7657875.0 resent(mean/max)=0.0/0.0 revs=77 | 13.7m eta63m
  !! SPATIAL: band commands 292 km2, inside its own 314 km2 catchment (Vita-Finzi & Higgs) -- the population is NOT food-limited, it is failing to disperse; any carrying-capacity reading of this run is void
  ~~ demography: 11/16 in band  worst: m_5_15=0.036(3.60x), frac_motherless=0.0071(0.36x), band_med_adults=14(0.50x), surv_to_45=0.257(0.60x)
[ 2700/15000] pop=  2162 bd=  77 bigbd=5(med63) strat=0.0% giniC=0.306 dyn:eff=81.9 top=0.028 nlin=141 lpb=13.55/dom=0.286 mRSg=0.546 set=21(mx80,prim1.07) con=608.0 inst=31 ldT=0.306 | asc=0.001 gumsa=0.026 tenure=6.6y levy=9259033.6 resent(mean/max)=0.0/0.0 revs=77 | 13.8m eta63m
  !! SPATIAL: band commands 281 km2, inside its own 314 km2 catchment (Vita-Finzi & Higgs) -- the population is NOT food-limited, it is failing to disperse; any carrying-capacity reading of this run is void
  ~~ demography: 11/16 in band  worst: m_5_15=0.0359(3.59x), frac_motherless=0.0036(0.18x), band_med_adults=14(0.50x), surv_to_45=0.257(0.60x)
[ 2725/15000] pop=  2199 bd=  81 bigbd=4(med100.0) strat=0.0% giniC=0.306 dyn:eff=80.4 top=0.03 nlin=141 lpb=13.2/dom=0.282 mRSg=0.551 set=22(mx86,prim1.05) con=632.5 inst=32 ldT=0.301 | asc=0.0 gumsa=0.0 tenure=6.7y levy=6940857.1 resent(mean/max)=0.0/0.0 revs=78 | 14.0m eta63m
  !! SPATIAL: band commands 280 km2, inside its own 314 km2 catchment (Vita-Finzi & Higgs) -- the population is NOT food-limited, it is failing to disperse; any carrying-capacity reading of this run is void
  ~~ demography: 11/16 in band  worst: m_5_15=0.0359(3.59x), frac_motherless=0.0017(0.08x), band_med_adults=14(0.50x), surv_to_45=0.257(0.60x)
[ 2750/15000] pop=  2212 bd=  79 bigbd=4(med103.0) strat=0.0% giniC=0.305 dyn:eff=81.7 top=0.028 nlin=139 lpb=13.43/dom=0.281 mRSg=0.551 set=20(mx90,prim1.03) con=678.0 inst=28 ldT=0.23 | asc=0.003 gumsa=0.063 tenure=6.7y levy=8201048.6 resent(mean/max)=0.0/0.0 revs=78 | 14.1m eta63m
  !! SPATIAL: band commands 293 km2, inside its own 314 km2 catchment (Vita-Finzi & Higgs) -- the population is NOT food-limited, it is failing to disperse; any carrying-capacity reading of this run is void
  ~~ demography: 11/16 in band  worst: m_5_15=0.0359(3.59x), frac_motherless=0.0083(0.41x), band_med_adults=13(0.46x), surv_to_45=0.258(0.60x)
[ 2775/15000] pop=  2255 bd=  81 bigbd=4(med108.0) strat=0.0% giniC=0.306 dyn:eff=80.3 top=0.029 nlin=139 lpb=13.05/dom=0.29 mRSg=0.546 set=20(mx103,prim1.06) con=709.0 inst=35 ldT=0.237 | asc=0.007 gumsa=0.136 tenure=6.7y levy=6822027.8 resent(mean/max)=0.0/0.0 revs=78 | 14.2m eta62m
  !! SPATIAL: band commands 289 km2, inside its own 314 km2 catchment (Vita-Finzi & Higgs) -- the population is NOT food-limited, it is failing to disperse; any carrying-capacity reading of this run is void
  ~~ demography: 11/16 in band  worst: m_5_15=0.0359(3.59x), frac_motherless=0.0033(0.17x), band_med_adults=14(0.50x), surv_to_45=0.258(0.60x)
[ 2800/15000] pop=  2265 bd=  81 bigbd=3(med171) strat=0.0% giniC=0.305 dyn:eff=79.4 top=0.03 nlin=139 lpb=12.9/dom=0.285 mRSg=0.555 set=20(mx90,prim1.22) con=445.0 inst=30 ldT=0.282 | asc=0.002 gumsa=0.037 tenure=6.7y levy=9964908.8 resent(mean/max)=0.0/0.0 revs=79 | 14.3m eta62m
  !! SPATIAL: band commands 305 km2, inside its own 314 km2 catchment (Vita-Finzi & Higgs) -- the population is NOT food-limited, it is failing to disperse; any carrying-capacity reading of this run is void
  ~~ demography: 12/16 in band  worst: m_5_15=0.0361(3.61x), band_med_adults=14(0.50x), surv_to_45=0.256(0.60x), surv_to_15=0.469(0.71x)
[ 2825/15000] pop=  2216 bd=  76 bigbd=4(med110.0) strat=0.0% giniC=0.31 dyn:eff=79.0 top=0.031 nlin=138 lpb=13.13/dom=0.284 mRSg=0.546 set=19(mx101,prim1.09) con=624.0 inst=30 ldT=0.37 | asc=0.003 gumsa=0.066 tenure=6.7y levy=7046769.1 resent(mean/max)=0.0/0.0 revs=80 | 14.4m eta62m
  !! SPATIAL: band commands 280 km2, inside its own 314 km2 catchment (Vita-Finzi & Higgs) -- the population is NOT food-limited, it is failing to disperse; any carrying-capacity reading of this run is void
  ~~ demography: 11/16 in band  worst: m_5_15=0.0361(3.61x), frac_motherless=0.0084(0.42x), band_med_adults=13.5(0.48x), surv_to_45=0.257(0.60x)
[ 2850/15000] pop=  2246 bd=  82 bigbd=2(med234.5) strat=0.0% giniC=0.311 dyn:eff=77.6 top=0.031 nlin=138 lpb=12.16/dom=0.305 mRSg=0.552 set=21(mx103,prim1.29) con=627.0 inst=40 ldT=0.2 | asc=0.002 gumsa=0.061 tenure=6.7y levy=7894029.2 resent(mean/max)=0.0/0.0 revs=80 | 14.5m eta62m
  !! SPATIAL: band commands 289 km2, inside its own 314 km2 catchment (Vita-Finzi & Higgs) -- the population is NOT food-limited, it is failing to disperse; any carrying-capacity reading of this run is void
  ~~ demography: 11/16 in band  worst: m_5_15=0.0361(3.61x), frac_motherless=0.0069(0.34x), band_med_adults=13.5(0.48x), surv_to_45=0.256(0.60x)
[ 2875/15000] pop=  2222 bd=  80 bigbd=2(med235.5) strat=0.0% giniC=0.305 dyn:eff=75.5 top=0.033 nlin=136 lpb=12.46/dom=0.307 mRSg=0.556 set=20(mx89,prim1.06) con=726.0 inst=32 ldT=0.291 | asc=0.004 gumsa=0.05 tenure=6.7y levy=6635943.3 resent(mean/max)=0.0/0.0 revs=80 | 14.6m eta62m
  !! SPATIAL: band commands 289 km2, inside its own 314 km2 catchment (Vita-Finzi & Higgs) -- the population is NOT food-limited, it is failing to disperse; any carrying-capacity reading of this run is void
  ~~ demography: 11/16 in band  worst: m_5_15=0.036(3.60x), frac_motherless=0.0088(0.44x), band_med_adults=15(0.53x), surv_to_45=0.257(0.60x)
[ 2900/15000] pop=  2242 bd=  79 bigbd=3(med149) strat=0.0% giniC=0.306 dyn:eff=74.6 top=0.033 nlin=136 lpb=12.42/dom=0.308 mRSg=0.552 set=21(mx101,prim1.31) con=441.5 inst=46 ldT=0.171 | asc=0.01 gumsa=0.152 tenure=6.7y levy=6030669.2 resent(mean/max)=0.0/0.0 revs=80 | 14.7m eta61m
  !! SPATIAL: band commands 294 km2, inside its own 314 km2 catchment (Vita-Finzi & Higgs) -- the population is NOT food-limited, it is failing to disperse; any carrying-capacity reading of this run is void
  ~~ demography: 12/16 in band  worst: m_5_15=0.0361(3.61x), band_med_adults=13(0.46x), surv_to_45=0.257(0.60x), surv_to_15=0.47(0.71x)
[ 2925/15000] pop=  2199 bd=  81 bigbd=3(med144) strat=0.0% giniC=0.305 dyn:eff=72.7 top=0.036 nlin=132 lpb=12.15/dom=0.311 mRSg=0.563 set=21(mx90,prim1.15) con=571.0 inst=35 ldT=0.429 | asc=0.01 gumsa=0.136 tenure=6.7y levy=9345578.4 resent(mean/max)=0.0/0.0 revs=80 | 14.8m eta61m
  !! SPATIAL: band commands 286 km2, inside its own 314 km2 catchment (Vita-Finzi & Higgs) -- the population is NOT food-limited, it is failing to disperse; any carrying-capacity reading of this run is void
  ~~ demography: 11/16 in band  worst: m_5_15=0.0361(3.61x), frac_motherless=0.0058(0.29x), band_med_adults=12(0.43x), surv_to_45=0.256(0.60x)
[ 2950/15000] pop=  2146 bd=  83 bigbd=3(med142) strat=0.0% giniC=0.309 dyn:eff=71.7 top=0.034 nlin=130 lpb=11.75/dom=0.315 mRSg=0.568 set=20(mx122,prim2.14) con=567.0 inst=26 ldT=0.195 | asc=0.013 gumsa=0.157 tenure=6.7y levy=7946281.3 resent(mean/max)=0.0/0.0 revs=81 | 14.9m eta61m
  !! SPATIAL: band commands 281 km2, inside its own 314 km2 catchment (Vita-Finzi & Higgs) -- the population is NOT food-limited, it is failing to disperse; any carrying-capacity reading of this run is void
  ~~ demography: 10/16 in band  worst: m_5_15=0.0361(3.61x), frac_fatherless=0.081(1.62x), frac_motherless=0.0079(0.40x), band_med_adults=13(0.46x)
[ 2975/15000] pop=  2145 bd=  81 bigbd=3(med147) strat=0.0% giniC=0.309 dyn:eff=72.1 top=0.033 nlin=130 lpb=12.1/dom=0.318 mRSg=0.57 set=21(mx90,prim1.15) con=472.0 inst=34 ldT=0.272 | asc=0.012 gumsa=0.173 tenure=6.7y levy=7097566.0 resent(mean/max)=0.0/0.0 revs=81 | 15.0m eta61m
  !! SPATIAL: band commands 308 km2, inside its own 314 km2 catchment (Vita-Finzi & Higgs) -- the population is NOT food-limited, it is failing to disperse; any carrying-capacity reading of this run is void
  ~~ demography: 11/16 in band  worst: m_5_15=0.0361(3.61x), frac_motherless=0.004(0.20x), band_med_adults=12(0.43x), surv_to_45=0.256(0.60x)
[ 3000/15000] pop=  2126 bd=  80 bigbd=3(med157) strat=0.0% giniC=0.308 dyn:eff=73.2 top=0.034 nlin=130 lpb=12.09/dom=0.314 mRSg=0.563 set=20(mx84,prim1.4) con=485.5 inst=40 ldT=0.273 | asc=0.005 gumsa=0.1 tenure=6.7y levy=7736078.4 resent(mean/max)=0.0/0.0 revs=81 | 15.1m eta60m
  !! SPATIAL: band commands 272 km2, inside its own 314 km2 catchment (Vita-Finzi & Higgs) -- the population is NOT food-limited, it is failing to disperse; any carrying-capacity reading of this run is void
  ~~ demography: 11/16 in band  worst: m_5_15=0.036(3.60x), frac_motherless=0.0019(0.10x), band_med_adults=13(0.46x), surv_to_45=0.256(0.60x)
[ 3025/15000] pop=  2171 bd=  80 bigbd=3(med158) strat=0.0% giniC=0.311 dyn:eff=71.7 top=0.035 nlin=130 lpb=12.22/dom=0.311 mRSg=0.57 set=21(mx87,prim1.02) con=568.0 inst=22 ldT=0.203 | asc=0.009 gumsa=0.113 tenure=6.7y levy=7457712.9 resent(mean/max)=0.0/0.0 revs=81 | 15.2m eta60m
  !! SPATIAL: band commands 286 km2, inside its own 314 km2 catchment (Vita-Finzi & Higgs) -- the population is NOT food-limited, it is failing to disperse; any carrying-capacity reading of this run is void
  ~~ demography: 11/16 in band  worst: m_5_15=0.0359(3.59x), frac_motherless=0.0052(0.26x), band_med_adults=13(0.46x), surv_to_45=0.257(0.60x)
[ 3050/15000] pop=  2228 bd=  80 bigbd=3(med160) strat=0.0% giniC=0.313 dyn:eff=71.1 top=0.036 nlin=128 lpb=12.51/dom=0.313 mRSg=0.558 set=20(mx97,prim1.21) con=635.0 inst=26 ldT=0.308 | asc=0.011 gumsa=0.15 tenure=6.7y levy=7020872.1 resent(mean/max)=0.0/0.0 revs=81 | 15.3m eta60m
  !! SPATIAL: band commands 295 km2, inside its own 314 km2 catchment (Vita-Finzi & Higgs) -- the population is NOT food-limited, it is failing to disperse; any carrying-capacity reading of this run is void
  ~~ demography: 11/16 in band  worst: m_5_15=0.0359(3.59x), frac_motherless=0.0051(0.26x), band_med_adults=12(0.43x), surv_to_45=0.258(0.60x)
[ 3075/15000] pop=  2267 bd=  79 bigbd=3(med158) strat=0.0% giniC=0.314 dyn:eff=70.0 top=0.036 nlin=128 lpb=12.66/dom=0.324 mRSg=0.553 set=21(mx88,prim1.04) con=493.5 inst=48 ldT=0.234 | asc=0.007 gumsa=0.089 tenure=6.7y levy=5570287.4 resent(mean/max)=0.0/0.0 revs=81 | 15.4m eta60m
  !! SPATIAL: PACKED AND SPARSE AT ONCE (local 0.106 > 0.091 > regional 0.0140 /km2) on 13.2% of the land; band commands 267 km2, inside its own 314 km2 catchment (Vita-Finzi & Higgs) -- the population is NOT food-limited, it is failing to disperse; any carrying-capacity reading of this run is void
  ~~ demography: 11/16 in band  worst: m_5_15=0.0359(3.59x), frac_motherless=0.0051(0.26x), band_med_adults=13(0.46x), surv_to_45=0.258(0.60x)
[ 3100/15000] pop=  2245 bd=  79 bigbd=3(med147) strat=0.0% giniC=0.315 dyn:eff=71.2 top=0.037 nlin=128 lpb=12.86/dom=0.3 mRSg=0.546 set=21(mx108,prim1.12) con=592.0 inst=38 ldT=0.297 | asc=0.007 gumsa=0.051 tenure=6.7y levy=8506193.1 resent(mean/max)=0.0/0.0 revs=81 | 15.5m eta60m
  !! SPATIAL: band commands 310 km2, inside its own 314 km2 catchment (Vita-Finzi & Higgs) -- the population is NOT food-limited, it is failing to disperse; any carrying-capacity reading of this run is void
  ~~ demography: 11/16 in band  worst: m_5_15=0.0359(3.59x), frac_motherless=0.0052(0.26x), band_med_adults=14(0.50x), surv_to_45=0.259(0.60x)
[ 3125/15000] pop=  2279 bd=  77 bigbd=4(med102.5) strat=0.0% giniC=0.313 dyn:eff=70.0 top=0.037 nlin=126 lpb=13.18/dom=0.295 mRSg=0.544 set=20(mx99,prim1.06) con=675.0 inst=33 ldT=0.333 | asc=0.008 gumsa=0.078 tenure=6.8y levy=5688978.3 resent(mean/max)=0.0/0.0 revs=81 | 15.6m eta59m
  !! SPATIAL: band commands 292 km2, inside its own 314 km2 catchment (Vita-Finzi & Higgs) -- the population is NOT food-limited, it is failing to disperse; any carrying-capacity reading of this run is void
  ~~ demography: 11/16 in band  worst: m_5_15=0.036(3.60x), frac_motherless=0.0072(0.36x), band_med_adults=12.5(0.44x), surv_to_45=0.257(0.60x)
[ 3150/15000] pop=  2237 bd=  78 bigbd=5(med50) strat=0.0% giniC=0.306 dyn:eff=73.0 top=0.033 nlin=126 lpb=13.06/dom=0.293 mRSg=0.529 set=20(mx80,prim1.03) con=660.0 inst=34 ldT=0.301 | asc=0.009 gumsa=0.077 tenure=6.7y levy=4756815.9 resent(mean/max)=0.0/0.0 revs=81 | 15.7m eta59m
  !! SPATIAL: band commands 309 km2, inside its own 314 km2 catchment (Vita-Finzi & Higgs) -- the population is NOT food-limited, it is failing to disperse; any carrying-capacity reading of this run is void
  ~~ demography: 11/16 in band  worst: m_5_15=0.036(3.60x), frac_motherless=0.0018(0.09x), band_med_adults=13(0.46x), surv_to_45=0.258(0.60x)
[ 3175/15000] pop=  2247 bd=  78 bigbd=4(med108.0) strat=0.0% giniC=0.305 dyn:eff=72.0 top=0.032 nlin=121 lpb=12.96/dom=0.303 mRSg=0.541 set=21(mx101,prim1.11) con=639.0 inst=34 ldT=0.216 | asc=0.008 gumsa=0.103 tenure=6.7y levy=8233062.8 resent(mean/max)=0.0/0.0 revs=81 | 15.8m eta59m
  !! SPATIAL: band commands 297 km2, inside its own 314 km2 catchment (Vita-Finzi & Higgs) -- the population is NOT food-limited, it is failing to disperse; any carrying-capacity reading of this run is void
  ~~ demography: 10/16 in band  worst: m_5_15=0.0361(3.61x), frac_fatherless=0.0977(1.95x), frac_motherless=0.0087(0.43x), band_med_adults=13(0.46x)
[ 3200/15000] pop=  2194 bd=  78 bigbd=2(med250.5) strat=0.0% giniC=0.302 dyn:eff=70.1 top=0.037 nlin=122 lpb=12.65/dom=0.303 mRSg=0.542 set=20(mx92,prim1.15) con=490.0 inst=34 ldT=0.387 | asc=0.01 gumsa=0.115 tenure=6.7y levy=5892589.1 resent(mean/max)=0.0/0.0 revs=81 | 15.9m eta59m
  !! SPATIAL: band commands 293 km2, inside its own 314 km2 catchment (Vita-Finzi & Higgs) -- the population is NOT food-limited, it is failing to disperse; any carrying-capacity reading of this run is void
  ~~ demography: 10/16 in band  worst: m_5_15=0.0361(3.61x), frac_fatherless=0.102(2.04x), frac_motherless=0.007(0.35x), band_med_adults=12(0.43x)
[ 3225/15000] pop=  2191 bd=  81 bigbd=3(med178) strat=0.0% giniC=0.306 dyn:eff=70.6 top=0.035 nlin=122 lpb=12.15/dom=0.311 mRSg=0.537 set=21(mx78,prim1.13) con=629.5 inst=44 ldT=0.282 | asc=0.009 gumsa=0.111 tenure=6.8y levy=7139497.8 resent(mean/max)=0.0/0.0 revs=81 | 16.0m eta59m
  !! SPATIAL: band commands 299 km2, inside its own 314 km2 catchment (Vita-Finzi & Higgs) -- the population is NOT food-limited, it is failing to disperse; any carrying-capacity reading of this run is void
  ~~ demography: 11/16 in band  worst: m_5_15=0.0361(3.61x), frac_motherless=0.0034(0.17x), band_med_adults=12.5(0.44x), surv_to_45=0.257(0.60x)
[ 3250/15000] pop=  2232 bd=  78 bigbd=2(med263.5) strat=0.0% giniC=0.308 dyn:eff=72.1 top=0.033 nlin=122 lpb=12.64/dom=0.308 mRSg=0.529 set=21(mx101,prim1.23) con=915.0 inst=38 ldT=0.27 | asc=0.015 gumsa=0.179 tenure=6.7y levy=8159723.3 resent(mean/max)=0.0/0.0 revs=81 | 16.1m eta58m
  !! SPATIAL: PACKED AND SPARSE AT ONCE (local 0.103 > 0.091 > regional 0.0138 /km2) on 13.4% of the land; band commands 272 km2, inside its own 314 km2 catchment (Vita-Finzi & Higgs) -- the population is NOT food-limited, it is failing to disperse; any carrying-capacity reading of this run is void
  ~~ demography: 11/16 in band  worst: m_5_15=0.0361(3.61x), frac_motherless=0.0051(0.26x), band_med_adults=13(0.46x), surv_to_45=0.257(0.60x)
[ 3275/15000] pop=  2216 bd=  79 bigbd=3(med186) strat=0.0% giniC=0.306 dyn:eff=71.9 top=0.032 nlin=123 lpb=12.44/dom=0.313 mRSg=0.53 set=20(mx91,prim1.17) con=752.0 inst=37 ldT=0.264 | asc=0.016 gumsa=0.19 tenure=6.8y levy=8483403.7 resent(mean/max)=0.0/0.0 revs=81 | 16.2m eta58m
  ~~ demography: 12/16 in band  worst: m_5_15=0.036(3.60x), band_med_adults=13(0.46x), surv_to_45=0.257(0.60x), surv_to_15=0.47(0.71x)
[ 3300/15000] pop=  2239 bd=  78 bigbd=4(med119.5) strat=0.0% giniC=0.31 dyn:eff=71.9 top=0.031 nlin=122 lpb=12.76/dom=0.31 mRSg=0.529 set=21(mx90,prim1.18) con=669.5 inst=38 ldT=0.256 | asc=0.01 gumsa=0.154 tenure=6.8y levy=8672422.9 resent(mean/max)=0.0/0.0 revs=82 | 16.3m eta58m
  ~~ demography: 12/16 in band  worst: m_5_15=0.036(3.60x), band_med_adults=13(0.46x), surv_to_45=0.257(0.60x), surv_to_15=0.47(0.71x)
[ 3325/15000] pop=  2243 bd=  78 bigbd=2(med268.5) strat=0.0% giniC=0.31 dyn:eff=70.6 top=0.033 nlin=121 lpb=12.69/dom=0.308 mRSg=0.532 set=21(mx90,prim1.11) con=629.5 inst=43 ldT=0.32 | asc=0.009 gumsa=0.154 tenure=6.8y levy=8788925.6 resent(mean/max)=0.0/0.0 revs=82 | 16.4m eta58m
  !! SPATIAL: band commands 292 km2, inside its own 314 km2 catchment (Vita-Finzi & Higgs) -- the population is NOT food-limited, it is failing to disperse; any carrying-capacity reading of this run is void
  ~~ demography: 12/16 in band  worst: m_5_15=0.0361(3.61x), band_med_adults=12(0.43x), surv_to_45=0.256(0.60x), surv_to_15=0.469(0.71x)
[ 3350/15000] pop=  2193 bd=  76 bigbd=5(med65) strat=0.0% giniC=0.309 dyn:eff=69.5 top=0.032 nlin=120 lpb=12.68/dom=0.319 mRSg=0.524 set=20(mx101,prim1.28) con=626.5 inst=37 ldT=0.306 | asc=0.009 gumsa=0.145 tenure=6.8y levy=8454816.8 resent(mean/max)=0.0/0.0 revs=83 | 16.5m eta57m
  !! SPATIAL: band commands 296 km2, inside its own 314 km2 catchment (Vita-Finzi & Higgs) -- the population is NOT food-limited, it is failing to disperse; any carrying-capacity reading of this run is void
  ~~ demography: 11/16 in band  worst: m_5_15=0.0363(3.63x), frac_motherless=0.0056(0.28x), band_med_adults=12(0.43x), surv_to_45=0.255(0.59x)
[ 3375/15000] pop=  2128 bd=  76 bigbd=4(med121.0) strat=0.0% giniC=0.31 dyn:eff=68.7 top=0.032 nlin=118 lpb=12.76/dom=0.306 mRSg=0.529 set=20(mx79,prim1.04) con=692.0 inst=27 ldT=0.347 | asc=0.007 gumsa=0.145 tenure=6.8y levy=6974671.6 resent(mean/max)=0.0/0.0 revs=83 | 16.6m eta57m
  ~~ demography: 11/16 in band  worst: m_5_15=0.0363(3.63x), frac_motherless=0(0.00x), band_med_adults=13(0.46x), surv_to_45=0.255(0.59x)
[ 3400/15000] pop=  2169 bd=  73 bigbd=5(med55) strat=0.0% giniC=0.314 dyn:eff=68.3 top=0.034 nlin=119 lpb=13.19/dom=0.299 mRSg=0.527 set=19(mx93,prim1.27) con=774.5 inst=35 ldT=0.264 | asc=0.009 gumsa=0.178 tenure=6.8y levy=7388318.6 resent(mean/max)=0.0/0.0 revs=83 | 16.7m eta57m
  ~~ demography: 11/16 in band  worst: m_5_15=0.0362(3.62x), frac_motherless=0.0084(0.42x), band_med_adults=13(0.46x), surv_to_45=0.256(0.60x)
[ 3425/15000] pop=  2208 bd=  73 bigbd=5(med55) strat=0.0% giniC=0.315 dyn:eff=67.2 top=0.036 nlin=118 lpb=13.16/dom=0.299 mRSg=0.527 set=20(mx97,prim1.15) con=589.0 inst=31 ldT=0.314 | asc=0.01 gumsa=0.192 tenure=6.8y levy=8686471.2 resent(mean/max)=0.0/0.0 revs=83 | 16.8m eta57m
  !! SPATIAL: band commands 296 km2, inside its own 314 km2 catchment (Vita-Finzi & Higgs) -- the population is NOT food-limited, it is failing to disperse; any carrying-capacity reading of this run is void
  ~~ demography: 11/16 in band  worst: m_5_15=0.0363(3.63x), band_med_adults=12(0.43x), frac_fatherless=0.0785(1.57x), surv_to_45=0.254(0.59x)
[ 3450/15000] pop=  2153 bd=  73 bigbd=6(med52.0) strat=0.0% giniC=0.313 dyn:eff=67.1 top=0.035 nlin=116 lpb=12.68/dom=0.299 mRSg=0.524 set=20(mx91,prim1.01) con=644.0 inst=28 ldT=0.329 | asc=0.008 gumsa=0.123 tenure=6.8y levy=5516627.0 resent(mean/max)=0.0/0.0 revs=83 | 17.0m eta57m
  ~~ demography: 11/16 in band  worst: m_5_15=0.0363(3.63x), frac_fatherless=0.0781(1.56x), band_med_adults=13(0.46x), surv_to_45=0.254(0.59x)
[ 3475/15000] pop=  2135 bd=  67 bigbd=5(med59) strat=0.0% giniC=0.315 dyn:eff=66.8 top=0.035 nlin=114 lpb=13.37/dom=0.302 mRSg=0.536 set=20(mx87,prim1.01) con=528.5 inst=38 ldT=0.239 | asc=0.012 gumsa=0.164 tenure=6.8y levy=7539575.4 resent(mean/max)=0.0/0.0 revs=83 | 17.1m eta57m
  ~~ demography: 10/16 in band  worst: m_5_15=0.0363(3.63x), frac_motherless=0.0086(0.43x), band_med_adults=13(0.46x), frac_fatherless=0.0756(1.51x)
[ 3500/15000] pop=  2145 bd=  66 bigbd=6(med62.5) strat=0.0% giniC=0.317 dyn:eff=65.3 top=0.033 nlin=114 lpb=13.29/dom=0.299 mRSg=0.542 set=20(mx98,prim1.31) con=562.0 inst=31 ldT=0.231 | asc=0.015 gumsa=0.258 tenure=6.8y levy=5839139.3 resent(mean/max)=0.0/0.0 revs=83 | 17.2m eta56m
  ~~ demography: 10/16 in band  worst: m_5_15=0.0362(3.62x), frac_motherless=0.0054(0.27x), frac_fatherless=0.0821(1.64x), band_med_adults=13(0.46x)
[ 3525/15000] pop=  2158 bd=  67 bigbd=5(med67) strat=0.0% giniC=0.32 dyn:eff=65.2 top=0.032 nlin=112 lpb=13.16/dom=0.3 mRSg=0.553 set=21(mx111,prim1.48) con=619.0 inst=32 ldT=0.182 | asc=0.013 gumsa=0.224 tenure=6.8y levy=6677523.8 resent(mean/max)=0.0/0.0 revs=83 | 17.3m eta56m
  !! SPATIAL: band commands 311 km2, inside its own 314 km2 catchment (Vita-Finzi & Higgs) -- the population is NOT food-limited, it is failing to disperse; any carrying-capacity reading of this run is void
  ~~ demography: 10/16 in band  worst: m_5_15=0.0361(3.61x), frac_motherless=0.0038(0.19x), frac_fatherless=0.0844(1.69x), band_med_adults=12(0.43x)
[ 3550/15000] pop=  2158 bd=  71 bigbd=5(med72) strat=0.0% giniC=0.324 dyn:eff=64.6 top=0.034 nlin=112 lpb=12.52/dom=0.303 mRSg=0.556 set=22(mx77,prim1.15) con=662.5 inst=30 ldT=0.262 | asc=0.011 gumsa=0.155 tenure=6.8y levy=9051168.8 resent(mean/max)=0.0/0.0 revs=83 | 17.4m eta56m
  ~~ demography: 10/16 in band  worst: m_5_15=0.0361(3.61x), frac_motherless=0.002(0.10x), frac_fatherless=0.0854(1.71x), band_med_adults=13(0.46x)
[ 3575/15000] pop=  2133 bd=  66 bigbd=5(med81) strat=0.0% giniC=0.325 dyn:eff=65.2 top=0.034 nlin=112 lpb=13.52/dom=0.293 mRSg=0.568 set=21(mx103,prim1.2) con=416.0 inst=22 ldT=0.308 | asc=0.011 gumsa=0.182 tenure=6.8y levy=7580660.7 resent(mean/max)=0.0/0.0 revs=83 | 17.5m eta56m
  ~~ demography: 10/16 in band  worst: m_5_15=0.0361(3.61x), frac_motherless=0.002(0.10x), frac_fatherless=0.0772(1.54x), band_med_adults=13(0.46x)
[ 3600/15000] pop=  2147 bd=  67 bigbd=4(med143.0) strat=0.0% giniC=0.327 dyn:eff=63.9 top=0.035 nlin=112 lpb=13.36/dom=0.303 mRSg=0.581 set=20(mx79,prim1.0) con=442.0 inst=27 ldT=0.27 | asc=0.008 gumsa=0.119 tenure=6.8y levy=8683123.0 resent(mean/max)=0.0/0.0 revs=84 | 17.6m eta56m
  ~~ demography: 10/16 in band  worst: m_5_15=0.0361(3.61x), frac_motherless=0.0039(0.19x), frac_fatherless=0.0772(1.54x), band_med_adults=14(0.50x)
[ 3625/15000] pop=  2176 bd=  65 bigbd=6(med59.5) strat=0.0% giniC=0.325 dyn:eff=63.4 top=0.037 nlin=112 lpb=13.62/dom=0.295 mRSg=0.583 set=21(mx101,prim1.13) con=623.0 inst=30 ldT=0.188 | asc=0.007 gumsa=0.092 tenure=6.8y levy=6863254.6 resent(mean/max)=0.0/0.0 revs=85 | 17.7m eta56m
  ~~ demography: 11/16 in band  worst: m_5_15=0.0361(3.61x), frac_motherless=0.0055(0.27x), band_med_adults=13(0.46x), surv_to_45=0.255(0.59x)
[ 3650/15000] pop=  2166 bd=  65 bigbd=5(med68) strat=0.0% giniC=0.324 dyn:eff=64.2 top=0.036 nlin=112 lpb=13.51/dom=0.294 mRSg=0.567 set=21(mx77,prim1.08) con=853.0 inst=27 ldT=0.383 | asc=0.008 gumsa=0.108 tenure=6.8y levy=9490433.4 resent(mean/max)=0.0/0.0 revs=85 | 17.8m eta55m
  ~~ demography: 12/16 in band  worst: m_5_15=0.0361(3.61x), band_med_adults=12(0.43x), surv_to_45=0.254(0.59x), surv_to_15=0.468(0.71x)
[ 3675/15000] pop=  2152 bd=  67 bigbd=4(med140.0) strat=0.0% giniC=0.324 dyn:eff=62.4 top=0.039 nlin=112 lpb=13.3/dom=0.286 mRSg=0.563 set=21(mx90,prim1.14) con=755.5 inst=20 ldT=0.274 | asc=0.009 gumsa=0.104 tenure=6.8y levy=5504333.2 resent(mean/max)=0.0/0.0 revs=85 | 17.9m eta55m
  ~~ demography: 11/16 in band  worst: m_5_15=0.0362(3.62x), frac_motherless=0.0053(0.27x), band_med_adults=13(0.46x), surv_to_45=0.254(0.59x)
[ 3700/15000] pop=  2152 bd=  67 bigbd=3(med208) strat=0.0% giniC=0.322 dyn:eff=62.6 top=0.042 nlin=112 lpb=13.16/dom=0.277 mRSg=0.553 set=20(mx102,prim1.11) con=771.0 inst=34 ldT=0.238 | asc=0.01 gumsa=0.119 tenure=6.8y levy=6439706.8 resent(mean/max)=0.0/0.0 revs=85 | 18.0m eta55m
  ~~ demography: 12/16 in band  worst: m_5_15=0.0361(3.61x), band_med_adults=13(0.46x), surv_to_45=0.255(0.59x), surv_to_15=0.468(0.71x)
[ 3725/15000] pop=  2185 bd=  70 bigbd=4(med141.0) strat=0.0% giniC=0.324 dyn:eff=61.8 top=0.043 nlin=112 lpb=13.11/dom=0.276 mRSg=0.56 set=21(mx105,prim1.15) con=819.0 inst=37 ldT=0.292 | asc=0.013 gumsa=0.143 tenure=6.8y levy=5819651.1 resent(mean/max)=0.0/0.0 revs=85 | 18.1m eta55m
  ~~ demography: 11/16 in band  worst: m_5_15=0.0362(3.62x), band_med_adults=12(0.43x), frac_motherless=0.0087(0.43x), surv_to_45=0.255(0.59x)
[ 3750/15000] pop=  2165 bd=  68 bigbd=4(med144.0) strat=0.0% giniC=0.323 dyn:eff=59.9 top=0.047 nlin=112 lpb=13.16/dom=0.281 mRSg=0.56 set=20(mx79,prim1.01) con=634.0 inst=28 ldT=0.288 | asc=0.013 gumsa=0.191 tenure=6.8y levy=4944724.8 resent(mean/max)=0.0/0.0 revs=85 | 18.2m eta54m
  ~~ demography: 12/16 in band  worst: m_5_15=0.0362(3.62x), band_med_adults=12(0.43x), surv_to_45=0.255(0.59x), surv_to_15=0.468(0.71x)
[ 3775/15000] pop=  2181 bd=  67 bigbd=4(med152.0) strat=0.0% giniC=0.321 dyn:eff=59.0 top=0.048 nlin=113 lpb=13.07/dom=0.287 mRSg=0.553 set=20(mx108,prim1.42) con=730.0 inst=24 ldT=0.262 | asc=0.013 gumsa=0.209 tenure=6.8y levy=7020010.0 resent(mean/max)=0.0/0.0 revs=85 | 18.3m eta54m
  ~~ demography: 11/16 in band  worst: m_5_15=0.0362(3.62x), frac_motherless=0.0069(0.34x), band_med_adults=12.5(0.44x), surv_to_45=0.254(0.59x)
[ 3800/15000] pop=  2157 bd=  64 bigbd=5(med68) strat=0.0% giniC=0.323 dyn:eff=58.3 top=0.047 nlin=113 lpb=13.47/dom=0.285 mRSg=0.546 set=20(mx98,prim1.44) con=685.0 inst=33 ldT=0.424 | asc=0.026 gumsa=0.281 tenure=6.8y levy=6688488.7 resent(mean/max)=0.0/0.0 revs=85 | 18.3m eta54m
  ~~ demography: 12/16 in band  worst: m_5_15=0.0363(3.63x), band_med_adults=13(0.46x), surv_to_45=0.254(0.59x), surv_to_15=0.467(0.71x)
[ 3825/15000] pop=  2138 bd=  64 bigbd=6(med57.5) strat=0.0% giniC=0.323 dyn:eff=57.5 top=0.045 nlin=112 lpb=13.25/dom=0.291 mRSg=0.553 set=21(mx89,prim1.14) con=526.0 inst=35 ldT=0.267 | asc=0.015 gumsa=0.172 tenure=6.8y levy=5120503.5 resent(mean/max)=0.0/0.0 revs=87 | 18.4m eta54m
  ~~ demography: 12/16 in band  worst: m_5_15=0.0363(3.63x), band_med_adults=13(0.46x), surv_to_45=0.254(0.59x), surv_to_15=0.467(0.71x)
[ 3850/15000] pop=  2106 bd=  65 bigbd=5(med63) strat=0.0% giniC=0.319 dyn:eff=58.2 top=0.042 nlin=112 lpb=12.74/dom=0.294 mRSg=0.536 set=20(mx99,prim1.08) con=384.0 inst=32 ldT=0.254 | asc=0.005 gumsa=0.108 tenure=6.8y levy=7484840.4 resent(mean/max)=0.0/0.0 revs=88 | 18.5m eta54m
  ~~ demography: 12/16 in band  worst: m_5_15=0.0362(3.62x), band_med_adults=12(0.43x), surv_to_45=0.254(0.59x), surv_to_15=0.467(0.71x)
[ 3875/15000] pop=  2146 bd=  66 bigbd=5(med58) strat=0.0% giniC=0.321 dyn:eff=57.9 top=0.042 nlin=111 lpb=12.8/dom=0.295 mRSg=0.53 set=21(mx90,prim1.08) con=508.0 inst=34 ldT=0.172 | asc=0.012 gumsa=0.197 tenure=6.8y levy=8474553.1 resent(mean/max)=0.0/0.0 revs=88 | 18.6m eta54m
  ~~ demography: 12/16 in band  worst: m_5_15=0.0362(3.62x), band_med_adults=13(0.46x), surv_to_45=0.254(0.59x), surv_to_15=0.467(0.71x)
[ 3900/15000] pop=  2100 bd=  66 bigbd=4(med134.0) strat=0.0% giniC=0.321 dyn:eff=57.3 top=0.044 nlin=110 lpb=12.71/dom=0.29 mRSg=0.531 set=20(mx92,prim1.02) con=411.0 inst=25 ldT=0.281 | asc=0.013 gumsa=0.227 tenure=6.8y levy=7467278.9 resent(mean/max)=0.0/0.0 revs=88 | 18.8m eta53m
  !! SPATIAL: PACKED AND SPARSE AT ONCE (local 0.100 > 0.091 > regional 0.0134 /km2) on 13.4% of the land -- the population is NOT food-limited, it is failing to disperse; any carrying-capacity reading of this run is void
  ~~ demography: 11/16 in band  worst: m_5_15=0.0362(3.62x), frac_fatherless=0.0804(1.61x), band_med_adults=13(0.46x), surv_to_45=0.254(0.59x)
[ 3925/15000] pop=  2149 bd=  66 bigbd=4(med139.0) strat=0.0% giniC=0.322 dyn:eff=56.2 top=0.045 nlin=110 lpb=12.64/dom=0.288 mRSg=0.536 set=21(mx106,prim1.01) con=425.0 inst=23 ldT=0.172 | asc=0.012 gumsa=0.197 tenure=6.8y levy=6795986.4 resent(mean/max)=0.0/0.0 revs=88 | 18.9m eta53m
  ~~ demography: 11/16 in band  worst: m_5_15=0.0361(3.61x), frac_fatherless=0.0983(1.97x), band_med_adults=12(0.43x), surv_to_45=0.255(0.59x)
[ 3950/15000] pop=  2198 bd=  69 bigbd=4(med143.5) strat=0.0% giniC=0.325 dyn:eff=55.5 top=0.045 nlin=110 lpb=12.38/dom=0.298 mRSg=0.54 set=21(mx96,prim1.23) con=481.0 inst=30 ldT=0.154 | asc=0.013 gumsa=0.188 tenure=6.8y levy=5430742.1 resent(mean/max)=0.0/0.0 revs=88 | 19.0m eta53m
  ~~ demography: 10/16 in band  worst: m_5_15=0.0361(3.61x), frac_fatherless=0.105(2.09x), frac_motherless=0.0053(0.27x), band_med_adults=12.5(0.44x)
[ 3975/15000] pop=  2214 bd=  70 bigbd=3(med228) strat=0.0% giniC=0.328 dyn:eff=55.8 top=0.049 nlin=109 lpb=12.3/dom=0.296 mRSg=0.55 set=21(mx87,prim1.43) con=427.0 inst=31 ldT=0.235 | asc=0.009 gumsa=0.129 tenure=6.8y levy=6541362.3 resent(mean/max)=0.0/0.0 revs=88 | 19.1m eta53m
  ~~ demography: 11/16 in band  worst: m_5_15=0.036(3.60x), frac_motherless=0.0071(0.36x), band_med_adults=12(0.43x), surv_to_45=0.255(0.59x)
[ 4000/15000] pop=  2238 bd=  72 bigbd=6(med61.0) strat=0.0% giniC=0.326 dyn:eff=55.2 top=0.052 nlin=109 lpb=12.01/dom=0.306 mRSg=0.547 set=21(mx89,prim1.09) con=375.0 inst=34 ldT=0.194 | asc=0.013 gumsa=0.139 tenure=6.8y levy=6335036.7 resent(mean/max)=0.0/0.0 revs=88 | 19.3m eta53m
  !! SPATIAL: PACKED AND SPARSE AT ONCE (local 0.100 > 0.091 > regional 0.0136 /km2) on 13.6% of the land -- the population is NOT food-limited, it is failing to disperse; any carrying-capacity reading of this run is void
  ~~ demography: 11/16 in band  worst: m_5_15=0.0362(3.62x), frac_fatherless=0.0803(1.61x), band_med_adults=13(0.46x), surv_to_45=0.254(0.59x)
[ 4025/15000] pop=  2174 bd=  66 bigbd=7(med54) strat=0.0% giniC=0.327 dyn:eff=55.5 top=0.048 nlin=109 lpb=12.88/dom=0.296 mRSg=0.553 set=19(mx112,prim1.49) con=352.0 inst=32 ldT=0.254 | asc=0.01 gumsa=0.136 tenure=6.8y levy=10973431.7 resent(mean/max)=0.0/0.0 revs=89 | 19.4m eta53m
  ~~ demography: 11/16 in band  worst: m_5_15=0.0361(3.61x), frac_motherless=0.0018(0.09x), band_med_adults=14(0.50x), surv_to_45=0.255(0.59x)
[ 4050/15000] pop=  2190 bd=  68 bigbd=5(med68) strat=0.0% giniC=0.331 dyn:eff=56.8 top=0.044 nlin=109 lpb=12.6/dom=0.294 mRSg=0.56 set=21(mx95,prim1.01) con=345.5 inst=36 ldT=0.266 | asc=0.016 gumsa=0.235 tenure=6.8y levy=4610599.6 resent(mean/max)=0.0/0.0 revs=89 | 19.5m eta53m
  !! SPATIAL: PACKED AND SPARSE AT ONCE (local 0.102 > 0.091 > regional 0.0137 /km2) on 13.5% of the land; band commands 309 km2, inside its own 314 km2 catchment (Vita-Finzi & Higgs) -- the population is NOT food-limited, it is failing to disperse; any carrying-capacity reading of this run is void
  ~~ demography: 11/16 in band  worst: m_5_15=0.0361(3.61x), frac_motherless=0.0036(0.18x), band_med_adults=13(0.46x), surv_to_45=0.255(0.59x)
[ 4075/15000] pop=  2198 bd=  70 bigbd=5(med68) strat=0.0% giniC=0.328 dyn:eff=56.3 top=0.043 nlin=109 lpb=12.31/dom=0.299 mRSg=0.569 set=20(mx98,prim1.14) con=389.0 inst=32 ldT=0.299 | asc=0.014 gumsa=0.2 tenure=6.8y levy=5488502.6 resent(mean/max)=0.0/0.0 revs=90 | 19.7m eta53m
  !! SPATIAL: band commands 310 km2, inside its own 314 km2 catchment (Vita-Finzi & Higgs) -- the population is NOT food-limited, it is failing to disperse; any carrying-capacity reading of this run is void
  ~~ demography: 11/16 in band  worst: m_5_15=0.0362(3.62x), frac_motherless=0.0068(0.34x), band_med_adults=12(0.43x), surv_to_45=0.255(0.59x)
[ 4100/15000] pop=  2193 bd=  72 bigbd=5(med70) strat=0.0% giniC=0.327 dyn:eff=57.1 top=0.041 nlin=108 lpb=12.15/dom=0.3 mRSg=0.57 set=22(mx100,prim1.25) con=329.0 inst=33 ldT=0.226 | asc=0.007 gumsa=0.111 tenure=6.8y levy=6476982.1 resent(mean/max)=0.0/0.0 revs=91 | 19.8m eta53m
  ~~ demography: 12/16 in band  worst: m_5_15=0.0363(3.63x), band_med_adults=12(0.43x), surv_to_45=0.254(0.59x), surv_to_15=0.467(0.71x)
[ 4125/15000] pop=  2149 bd=  66 bigbd=4(med161.5) strat=0.0% giniC=0.332 dyn:eff=57.2 top=0.043 nlin=107 lpb=12.98/dom=0.292 mRSg=0.574 set=20(mx113,prim1.57) con=359.0 inst=37 ldT=0.295 | asc=0.006 gumsa=0.136 tenure=6.9y levy=9052679.4 resent(mean/max)=0.0/0.0 revs=91 | 19.9m eta52m
  ~~ demography: 12/16 in band  worst: m_5_15=0.0364(3.64x), band_med_adults=12(0.43x), surv_to_45=0.253(0.59x), surv_to_15=0.466(0.71x)
[ 4150/15000] pop=  2073 bd=  67 bigbd=4(med156.5) strat=0.0% giniC=0.334 dyn:eff=56.3 top=0.046 nlin=104 lpb=12.25/dom=0.298 mRSg=0.577 set=21(mx107,prim1.34) con=439.0 inst=26 ldT=0.271 | asc=0.003 gumsa=0.09 tenure=6.8y levy=7877077.9 resent(mean/max)=0.0/0.0 revs=91 | 20.0m eta52m
  ~~ demography: 12/16 in band  worst: m_5_15=0.0363(3.63x), band_med_adults=12(0.43x), surv_to_45=0.253(0.59x), surv_to_15=0.466(0.71x)
[ 4175/15000] pop=  2080 bd=  66 bigbd=4(med158.5) strat=0.0% giniC=0.334 dyn:eff=56.6 top=0.043 nlin=104 lpb=12.38/dom=0.3 mRSg=0.59 set=20(mx104,prim1.49) con=359.0 inst=28 ldT=0.215 | asc=0.003 gumsa=0.076 tenure=6.8y levy=7029459.5 resent(mean/max)=0.0/0.0 revs=91 | 20.1m eta52m
  ~~ demography: 11/16 in band  worst: m_5_15=0.0363(3.63x), band_med_adults=12(0.43x), frac_motherless=0.0092(0.46x), surv_to_45=0.254(0.59x)
[ 4200/15000] pop=  2118 bd=  66 bigbd=5(med68) strat=0.0% giniC=0.34 dyn:eff=55.8 top=0.044 nlin=103 lpb=12.56/dom=0.321 mRSg=0.583 set=19(mx99,prim1.32) con=397.0 inst=27 ldT=0.169 | asc=0.006 gumsa=0.091 tenure=6.8y levy=7351661.3 resent(mean/max)=0.0/0.0 revs=91 | 20.2m eta52m
  ~~ demography: 11/16 in band  worst: m_5_15=0.0364(3.64x), frac_motherless=0.0058(0.29x), band_med_adults=12(0.43x), surv_to_45=0.253(0.59x)
[ 4225/15000] pop=  2069 bd=  65 bigbd=4(med157.5) strat=0.0% giniC=0.336 dyn:eff=55.2 top=0.045 nlin=101 lpb=12.63/dom=0.317 mRSg=0.577 set=20(mx114,prim1.33) con=337.0 inst=28 ldT=0.197 | asc=0.013 gumsa=0.092 tenure=6.9y levy=8024296.4 resent(mean/max)=0.0/0.0 revs=91 | 20.3m eta52m
  ~~ demography: 11/16 in band  worst: m_5_15=0.0364(3.64x), frac_fatherless=0.081(1.62x), band_med_adults=12(0.43x), surv_to_45=0.254(0.59x)
[ 4250/15000] pop=  2067 bd=  64 bigbd=4(med155.5) strat=0.0% giniC=0.338 dyn:eff=54.4 top=0.046 nlin=101 lpb=12.64/dom=0.319 mRSg=0.584 set=21(mx115,prim1.58) con=328.0 inst=28 ldT=0.254 | asc=0.011 gumsa=0.062 tenure=6.9y levy=7112307.6 resent(mean/max)=0.0/0.0 revs=92 | 20.4m eta52m
  ~~ demography: 11/16 in band  worst: m_5_15=0.0363(3.63x), band_med_adults=13(0.46x), frac_fatherless=0.0758(1.52x), surv_to_45=0.254(0.59x)
[ 4275/15000] pop=  2106 bd=  61 bigbd=6(med57.5) strat=0.0% giniC=0.341 dyn:eff=55.0 top=0.047 nlin=101 lpb=13.43/dom=0.307 mRSg=0.584 set=21(mx120,prim1.46) con=357.0 inst=28 ldT=0.207 | asc=0.023 gumsa=0.213 tenure=6.9y levy=6804839.2 resent(mean/max)=0.0/0.0 revs=93 | 20.5m eta51m
  ~~ demography: 11/16 in band  worst: m_5_15=0.0362(3.62x), frac_motherless=0.0039(0.19x), band_med_adults=13(0.46x), surv_to_45=0.254(0.59x)
[ 4300/15000] pop=  2122 bd=  62 bigbd=7(med55) strat=0.0% giniC=0.339 dyn:eff=55.3 top=0.047 nlin=100 lpb=13.66/dom=0.299 mRSg=0.579 set=21(mx100,prim1.16) con=367.0 inst=26 ldT=0.228 | asc=0.028 gumsa=0.29 tenure=6.9y levy=7475344.0 resent(mean/max)=0.0/0.0 revs=93 | 20.6m eta51m
  ~~ demography: 11/16 in band  worst: m_5_15=0.0362(3.62x), frac_motherless=0.0038(0.19x), band_med_adults=12(0.43x), surv_to_45=0.255(0.59x)
[ 4325/15000] pop=  2136 bd=  62 bigbd=7(med58) strat=0.0% giniC=0.341 dyn:eff=54.7 top=0.051 nlin=100 lpb=13.69/dom=0.292 mRSg=0.57 set=20(mx106,prim1.26) con=415.0 inst=37 ldT=0.237 | asc=0.022 gumsa=0.323 tenure=6.9y levy=11507195.8 resent(mean/max)=0.0/0.0 revs=95 | 20.7m eta51m
  ~~ demography: 11/16 in band  worst: m_5_15=0.0362(3.62x), frac_motherless=0.0038(0.19x), band_med_adults=14(0.50x), surv_to_45=0.254(0.59x)
[ 4350/15000] pop=  2095 bd=  60 bigbd=7(med57) strat=0.0% giniC=0.341 dyn:eff=55.0 top=0.046 nlin=98 lpb=13.67/dom=0.319 mRSg=0.57 set=20(mx86,prim1.19) con=451.0 inst=31 ldT=0.273 | asc=0.02 gumsa=0.3 tenure=6.9y levy=5775704.0 resent(mean/max)=0.0/0.0 revs=96 | 20.8m eta51m
  ~~ demography: 12/16 in band  worst: m_5_15=0.0362(3.62x), band_med_adults=14(0.50x), surv_to_45=0.254(0.59x), surv_to_15=0.467(0.71x)
[ 4375/15000] pop=  2099 bd=  58 bigbd=7(med62) strat=0.0% giniC=0.343 dyn:eff=53.6 top=0.048 nlin=98 lpb=13.53/dom=0.321 mRSg=0.564 set=21(mx118,prim1.37) con=452.0 inst=28 ldT=0.211 | asc=0.031 gumsa=0.362 tenure=6.9y levy=5352506.9 resent(mean/max)=0.0/0.0 revs=96 | 20.9m eta51m
  ~~ demography: 12/16 in band  worst: m_5_15=0.0362(3.62x), band_med_adults=14(0.50x), surv_to_45=0.255(0.59x), surv_to_15=0.467(0.71x)
[ 4400/15000] pop=  2160 bd=  54 bigbd=9(med65) strat=0.0% giniC=0.343 dyn:eff=53.3 top=0.048 nlin=97 lpb=14.59/dom=0.306 mRSg=0.548 set=20(mx116,prim1.43) con=384.5 inst=37 ldT=0.352 | asc=0.027 gumsa=0.333 tenure=6.9y levy=8422307.6 resent(mean/max)=0.0/0.0 revs=97 | 21.0m eta51m
  ~~ demography: 12/16 in band  worst: m_5_15=0.0362(3.62x), band_med_adults=14(0.50x), surv_to_45=0.255(0.59x), surv_to_15=0.467(0.71x)
[ 4425/15000] pop=  2156 bd=  58 bigbd=8(med65.0) strat=0.0% giniC=0.34 dyn:eff=51.3 top=0.054 nlin=97 lpb=13.98/dom=0.309 mRSg=0.545 set=21(mx87,prim1.01) con=426.0 inst=26 ldT=0.231 | asc=0.026 gumsa=0.328 tenure=6.9y levy=9068747.2 resent(mean/max)=0.0/0.0 revs=97 | 21.1m eta50m
  ~~ demography: 12/16 in band  worst: m_5_15=0.0361(3.61x), band_med_adults=13(0.46x), surv_to_45=0.256(0.60x), surv_to_15=0.468(0.71x)
[ 4450/15000] pop=  2194 bd=  58 bigbd=9(med62) strat=0.0% giniC=0.342 dyn:eff=51.3 top=0.053 nlin=96 lpb=13.95/dom=0.318 mRSg=0.553 set=20(mx92,prim1.03) con=517.0 inst=27 ldT=0.138 | asc=0.027 gumsa=0.31 tenure=6.9y levy=6209568.6 resent(mean/max)=0.0/0.0 revs=97 | 21.2m eta50m
  ~~ demography: 11/16 in band  worst: m_5_15=0.036(3.60x), frac_motherless=0.0086(0.43x), band_med_adults=14.5(0.51x), surv_to_45=0.256(0.60x)
[ 4475/15000] pop=  2226 bd=  56 bigbd=9(med66) strat=0.0% giniC=0.344 dyn:eff=52.3 top=0.053 nlin=98 lpb=14.39/dom=0.319 mRSg=0.548 set=20(mx117,prim1.33) con=412.0 inst=30 ldT=0.143 | asc=0.033 gumsa=0.339 tenure=6.9y levy=8022375.9 resent(mean/max)=0.0/0.0 revs=97 | 21.3m eta50m
  ~~ demography: 12/16 in band  worst: m_5_15=0.036(3.60x), band_med_adults=13.5(0.48x), surv_to_45=0.256(0.60x), surv_to_15=0.468(0.71x)
[ 4500/15000] pop=  2223 bd=  56 bigbd=9(med66) strat=0.0% giniC=0.343 dyn:eff=52.0 top=0.056 nlin=97 lpb=14.34/dom=0.313 mRSg=0.548 set=19(mx110,prim1.47) con=453.0 inst=30 ldT=0.278 | asc=0.031 gumsa=0.304 tenure=6.9y levy=9164252.3 resent(mean/max)=0.0/0.0 revs=98 | 21.4m eta50m
  ~~ demography: 11/16 in band  worst: m_5_15=0.036(3.60x), frac_motherless=0.0092(0.46x), band_med_adults=13(0.46x), surv_to_45=0.255(0.59x)
[ 4525/15000] pop=  2185 bd=  56 bigbd=8(med72.5) strat=0.0% giniC=0.347 dyn:eff=51.4 top=0.054 nlin=96 lpb=14.2/dom=0.314 mRSg=0.54 set=19(mx86,prim1.06) con=475.0 inst=27 ldT=0.308 | asc=0.021 gumsa=0.339 tenure=6.9y levy=8040650.5 resent(mean/max)=0.0/0.0 revs=99 | 21.5m eta50m
  ~~ demography: 12/16 in band  worst: m_5_15=0.0359(3.59x), band_med_adults=13(0.46x), surv_to_45=0.256(0.60x), surv_to_15=0.469(0.71x)
[ 4550/15000] pop=  2232 bd=  57 bigbd=7(med73) strat=0.0% giniC=0.345 dyn:eff=50.7 top=0.055 nlin=95 lpb=13.81/dom=0.31 mRSg=0.541 set=20(mx107,prim1.41) con=405.0 inst=34 ldT=0.226 | asc=0.024 gumsa=0.298 tenure=6.9y levy=11078229.8 resent(mean/max)=0.0/0.0 revs=100 | 21.6m eta50m
  ~~ demography: 10/16 in band  worst: m_5_15=0.0359(3.59x), frac_fatherless=0.0903(1.81x), frac_motherless=0.0063(0.32x), band_med_adults=14(0.50x)
[ 4575/15000] pop=  2281 bd=  58 bigbd=7(med87) strat=0.0% giniC=0.349 dyn:eff=50.0 top=0.057 nlin=95 lpb=13.62/dom=0.301 mRSg=0.547 set=19(mx111,prim1.35) con=400.0 inst=35 ldT=0.164 | asc=0.029 gumsa=0.328 tenure=6.9y levy=6496144.6 resent(mean/max)=0.0/0.0 revs=100 | 21.8m eta50m
  ~~ demography: 11/16 in band  worst: m_5_15=0.036(3.60x), frac_motherless=0.0053(0.27x), band_med_adults=15(0.53x), surv_to_45=0.255(0.59x)
[ 4600/15000] pop=  2190 bd=  54 bigbd=7(med87) strat=0.0% giniC=0.348 dyn:eff=48.6 top=0.059 nlin=94 lpb=13.89/dom=0.296 mRSg=0.554 set=20(mx79,prim1.0) con=354.0 inst=29 ldT=0.3 | asc=0.041 gumsa=0.389 tenure=6.9y levy=9948157.8 resent(mean/max)=0.0/0.0 revs=100 | 21.9m eta49m
  ~~ demography: 12/16 in band  worst: m_5_15=0.036(3.60x), band_med_adults=13(0.46x), surv_to_45=0.255(0.59x), surv_to_15=0.468(0.71x)
[ 4625/15000] pop=  2174 bd=  55 bigbd=6(med83.5) strat=0.0% giniC=0.35 dyn:eff=48.2 top=0.06 nlin=94 lpb=14.15/dom=0.284 mRSg=0.551 set=21(mx124,prim1.72) con=442.0 inst=30 ldT=0.229 | asc=0.033 gumsa=0.4 tenure=6.9y levy=6064998.6 resent(mean/max)=0.0/0.0 revs=101 | 22.0m eta49m
  ~~ demography: 12/16 in band  worst: m_5_15=0.0361(3.61x), band_med_adults=14(0.50x), surv_to_45=0.256(0.60x), surv_to_15=0.468(0.71x)
[ 4650/15000] pop=  2183 bd=  58 bigbd=4(med214.0) strat=0.0% giniC=0.348 dyn:eff=48.8 top=0.058 nlin=94 lpb=13.62/dom=0.282 mRSg=0.553 set=21(mx91,prim1.07) con=380.0 inst=24 ldT=0.2 | asc=0.018 gumsa=0.207 tenure=6.9y levy=5407611.3 resent(mean/max)=0.0/0.0 revs=101 | 22.1m eta49m
  ~~ demography: 12/16 in band  worst: m_5_15=0.0361(3.61x), band_med_adults=13(0.46x), surv_to_45=0.256(0.60x), surv_to_15=0.468(0.71x)
[ 4675/15000] pop=  2167 bd=  60 bigbd=4(med213.5) strat=0.0% giniC=0.349 dyn:eff=49.3 top=0.057 nlin=93 lpb=13.28/dom=0.277 mRSg=0.552 set=22(mx110,prim1.83) con=456.0 inst=27 ldT=0.321 | asc=0.018 gumsa=0.25 tenure=6.9y levy=5885425.0 resent(mean/max)=0.0/0.0 revs=101 | 22.2m eta49m
  ~~ demography: 11/16 in band  worst: m_5_15=0.0361(3.61x), frac_motherless=0.008(0.40x), band_med_adults=14.5(0.51x), surv_to_45=0.256(0.60x)
[ 4700/15000] pop=  2158 bd=  56 bigbd=4(med218.5) strat=0.0% giniC=0.349 dyn:eff=49.3 top=0.058 nlin=92 lpb=14.05/dom=0.276 mRSg=0.548 set=20(mx95,prim1.14) con=506.0 inst=24 ldT=0.127 | asc=0.019 gumsa=0.25 tenure=6.9y levy=5922821.2 resent(mean/max)=0.0/0.0 revs=101 | 22.3m eta49m
  ~~ demography: 11/16 in band  worst: m_5_15=0.036(3.60x), frac_motherless=0.0056(0.28x), band_med_adults=15(0.53x), surv_to_45=0.256(0.60x)
[ 4725/15000] pop=  2161 bd=  55 bigbd=4(med221.0) strat=0.0% giniC=0.349 dyn:eff=48.7 top=0.057 nlin=92 lpb=14.04/dom=0.286 mRSg=0.554 set=21(mx92,prim1.16) con=497.5 inst=25 ldT=0.151 | asc=0.021 gumsa=0.273 tenure=6.9y levy=6488343.4 resent(mean/max)=0.0/0.0 revs=102 | 22.4m eta49m
  ~~ demography: 10/16 in band  worst: m_5_15=0.036(3.60x), frac_motherless=0.0036(0.18x), frac_fatherless=0.0802(1.60x), band_med_adults=15(0.53x)
[ 4750/15000] pop=  2198 bd=  55 bigbd=4(med225.5) strat=0.0% giniC=0.346 dyn:eff=47.2 top=0.061 nlin=91 lpb=14.24/dom=0.289 mRSg=0.554 set=21(mx86,prim1.01) con=628.0 inst=20 ldT=0.296 | asc=0.02 gumsa=0.309 tenure=6.9y levy=6259713.3 resent(mean/max)=0.0/0.0 revs=102 | 22.5m eta49m
  !! SPATIAL: PACKED AND SPARSE AT ONCE (local 0.103 > 0.091 > regional 0.0140 /km2) on 13.6% of the land -- the population is NOT food-limited, it is failing to disperse; any carrying-capacity reading of this run is void
  ~~ demography: 10/16 in band  worst: m_5_15=0.036(3.60x), frac_fatherless=0.117(2.33x), frac_motherless=0.005(0.25x), band_med_adults=14.5(0.51x)
[ 4775/15000] pop=  2239 bd=  56 bigbd=5(med78) strat=0.0% giniC=0.35 dyn:eff=46.7 top=0.063 nlin=91 lpb=14.14/dom=0.287 mRSg=0.553 set=23(mx98,prim1.11) con=592.0 inst=26 ldT=0.236 | asc=0.013 gumsa=0.232 tenure=6.9y levy=9286850.2 resent(mean/max)=0.0/0.0 revs=103 | 22.6m eta48m
  ~~ demography: 10/16 in band  worst: m_5_15=0.036(3.60x), frac_fatherless=0.111(2.22x), frac_motherless=0.0049(0.24x), band_med_adults=13(0.46x)
[ 4800/15000] pop=  2228 bd=  56 bigbd=5(med83) strat=0.0% giniC=0.349 dyn:eff=47.8 top=0.052 nlin=91 lpb=13.84/dom=0.287 mRSg=0.541 set=22(mx90,prim1.1) con=861.0 inst=22 ldT=0.283 | asc=0.001 gumsa=0.036 tenure=6.9y levy=9075150.5 resent(mean/max)=0.0/0.0 revs=104 | 22.7m eta48m
  ~~ demography: 11/16 in band  worst: m_5_15=0.0359(3.59x), frac_fatherless=0.0905(1.81x), band_med_adults=13(0.46x), surv_to_45=0.256(0.60x)
[ 4825/15000] pop=  2262 bd=  55 bigbd=5(med85) strat=0.0% giniC=0.351 dyn:eff=48.8 top=0.051 nlin=91 lpb=13.76/dom=0.294 mRSg=0.543 set=21(mx96,prim1.09) con=922.0 inst=22 ldT=0.189 | asc=0.001 gumsa=0.036 tenure=7.0y levy=7551624.7 resent(mean/max)=0.0/0.0 revs=104 | 22.9m eta48m
  !! SPATIAL: PACKED AND SPARSE AT ONCE (local 0.102 > 0.091 > regional 0.0145 /km2) on 14.2% of the land -- the population is NOT food-limited, it is failing to disperse; any carrying-capacity reading of this run is void
  ~~ demography: 10/16 in band  worst: m_5_15=0.0359(3.59x), frac_motherless=0.0062(0.31x), frac_fatherless=0.0774(1.55x), band_med_adults=14(0.50x)
[ 4850/15000] pop=  2321 bd=  55 bigbd=6(med72.0) strat=0.0% giniC=0.348 dyn:eff=49.3 top=0.05 nlin=91 lpb=14.05/dom=0.299 mRSg=0.543 set=22(mx115,prim1.37) con=834.0 inst=27 ldT=0.241 | asc=0.001 gumsa=0.055 tenure=7.0y levy=9505060.4 resent(mean/max)=0.0/0.0 revs=104 | 23.0m eta48m
  ~~ demography: 9/16 in band  !! AGE STRUCTURE OUT OF BAND -> every marker above demography in the ladder is PROVISIONAL  worst: m_5_15=0.0359(3.59x), frac_motherless=0.0047(0.24x), frac_fatherless=0.0827(1.65x), band_med_adults=12.5(0.44x)
[ 4875/15000] pop=  2336 bd=  56 bigbd=6(med76.5) strat=0.0% giniC=0.345 dyn:eff=49.9 top=0.047 nlin=92 lpb=13.75/dom=0.296 mRSg=0.547 set=21(mx80,prim1.05) con=819.0 inst=29 ldT=0.453 | asc=0.0 gumsa=0.0 tenure=7.0y levy=11296437.2 resent(mean/max)=0.0/0.0 revs=106 | 23.1m eta48m
  ~~ demography: 11/16 in band  !! AGE STRUCTURE OUT OF BAND -> every marker above demography in the ladder is PROVISIONAL  worst: m_5_15=0.036(3.60x), band_med_adults=13(0.46x), surv_to_45=0.256(0.60x), surv_to_15=0.468(0.71x)
[ 4900/15000] pop=  2272 bd=  56 bigbd=6(med79.5) strat=0.0% giniC=0.349 dyn:eff=49.1 top=0.048 nlin=90 lpb=13.52/dom=0.298 mRSg=0.542 set=21(mx91,prim1.01) con=784.0 inst=21 ldT=0.32 | asc=0.0 gumsa=0.018 tenure=7.0y levy=7226705.3 resent(mean/max)=0.0/0.0 revs=106 | 23.2m eta48m
  ~~ demography: 11/16 in band  worst: m_5_15=0.0361(3.61x), band_med_adults=12(0.43x), frac_fatherless=0.0751(1.50x), surv_to_45=0.256(0.60x)
[ 4925/15000] pop=  2278 bd=  55 bigbd=5(med95) strat=0.0% giniC=0.347 dyn:eff=49.9 top=0.047 nlin=91 lpb=13.6/dom=0.306 mRSg=0.548 set=21(mx95,prim1.08) con=790.0 inst=26 ldT=0.245 | asc=0.004 gumsa=0.127 tenure=7.0y levy=6707895.8 resent(mean/max)=0.0/0.0 revs=106 | 23.3m eta48m
  ~~ demography: 11/16 in band  worst: m_5_15=0.0361(3.61x), frac_fatherless=0.0932(1.86x), band_med_adults=12(0.43x), surv_to_45=0.256(0.60x)
[ 4950/15000] pop=  2272 bd=  56 bigbd=5(med89) strat=0.0% giniC=0.351 dyn:eff=49.2 top=0.049 nlin=90 lpb=13.34/dom=0.317 mRSg=0.558 set=22(mx84,prim1.08) con=779.0 inst=24 ldT=0.308 | asc=0.006 gumsa=0.161 tenure=7.0y levy=6095263.6 resent(mean/max)=0.0/0.0 revs=106 | 23.4m eta47m
  ~~ demography: 12/16 in band  worst: m_5_15=0.036(3.60x), band_med_adults=13(0.46x), surv_to_45=0.256(0.60x), surv_to_15=0.468(0.71x)
[ 4975/15000] pop=  2275 bd=  55 bigbd=6(med85.0) strat=0.0% giniC=0.352 dyn:eff=49.5 top=0.048 nlin=90 lpb=13.16/dom=0.316 mRSg=0.563 set=21(mx92,prim1.15) con=779.0 inst=28 ldT=0.278 | asc=0.004 gumsa=0.109 tenure=7.0y levy=6400554.4 resent(mean/max)=0.0/0.0 revs=107 | 23.5m eta47m
  ~~ demography: 12/16 in band  worst: m_5_15=0.036(3.60x), band_med_adults=12(0.43x), surv_to_45=0.256(0.60x), surv_to_15=0.468(0.71x)
[ 5000/15000] pop=  2329 bd=  56 bigbd=6(med84.5) strat=0.0% giniC=0.35 dyn:eff=49.7 top=0.049 nlin=90 lpb=13.2/dom=0.317 mRSg=0.559 set=21(mx91,prim1.11) con=828.5 inst=26 ldT=0.34 | asc=0.004 gumsa=0.107 tenure=7.0y levy=7536915.9 resent(mean/max)=0.0/0.0 revs=107 | 23.6m eta47m
  ~~ demography: 11/16 in band  worst: m_5_15=0.0361(3.61x), frac_motherless=0.008(0.40x), band_med_adults=13(0.46x), surv_to_45=0.256(0.60x)
[ 5025/15000] pop=  2293 bd=  54 bigbd=6(med89.5) strat=0.0% giniC=0.342 dyn:eff=49.3 top=0.052 nlin=90 lpb=13.61/dom=0.295 mRSg=0.554 set=20(mx94,prim1.24) con=653.0 inst=34 ldT=0.34 | asc=0.004 gumsa=0.093 tenure=7.0y levy=10224438.0 resent(mean/max)=0.0/0.0 revs=107 | 23.7m eta47m
  ~~ demography: 10/16 in band  worst: m_5_15=0.0361(3.61x), frac_fatherless=0.0789(1.58x), band_med_adults=12(0.43x), frac_motherless=0.0091(0.46x)
[ 5050/15000] pop=  2306 bd=  54 bigbd=6(med89.0) strat=0.0% giniC=0.341 dyn:eff=49.2 top=0.05 nlin=90 lpb=13.74/dom=0.308 mRSg=0.549 set=21(mx81,prim1.11) con=701.0 inst=20 ldT=0.333 | asc=0.003 gumsa=0.074 tenure=7.0y levy=7433844.8 resent(mean/max)=0.0/0.0 revs=107 | 23.8m eta47m
  ~~ demography: 10/16 in band  !! AGE STRUCTURE OUT OF BAND -> every marker above demography in the ladder is PROVISIONAL  worst: m_5_15=0.0362(3.62x), frac_fatherless=0.101(2.03x), band_med_adults=11(0.39x), surv_to_45=0.255(0.59x)
[ 5075/15000] pop=  2315 bd=  59 bigbd=5(med104) strat=0.0% giniC=0.336 dyn:eff=47.8 top=0.051 nlin=89 lpb=13.0/dom=0.304 mRSg=0.545 set=23(mx106,prim1.19) con=993.5 inst=39 ldT=0.234 | asc=0.006 gumsa=0.102 tenure=7.0y levy=8888687.7 resent(mean/max)=0.0/0.0 revs=108 | 23.9m eta47m
  ~~ demography: 9/16 in band  !! AGE STRUCTURE OUT OF BAND -> every marker above demography in the ladder is PROVISIONAL  worst: m_5_15=0.0362(3.62x), frac_fatherless=0.108(2.16x), frac_motherless=0.0072(0.36x), band_med_adults=11(0.39x)
[ 5100/15000] pop=  2293 bd=  58 bigbd=5(med80) strat=0.0% giniC=0.336 dyn:eff=47.7 top=0.049 nlin=89 lpb=13.07/dom=0.299 mRSg=0.552 set=20(mx97,prim1.24) con=915.0 inst=28 ldT=0.314 | asc=0.002 gumsa=0.034 tenure=7.0y levy=7671120.1 resent(mean/max)=0.0/0.0 revs=108 | 24.0m eta47m
  ~~ demography: 9/16 in band  !! AGE STRUCTURE OUT OF BAND -> every marker above demography in the ladder is PROVISIONAL  worst: m_5_15=0.0361(3.61x), frac_fatherless=0.0924(1.85x), frac_motherless=0.0088(0.44x), band_med_adults=13(0.46x)
[ 5125/15000] pop=  2333 bd=  59 bigbd=3(med484) strat=0.0% giniC=0.335 dyn:eff=47.9 top=0.049 nlin=89 lpb=13.03/dom=0.296 mRSg=0.541 set=21(mx97,prim1.15) con=1120.0 inst=32 ldT=0.232 | asc=0.014 gumsa=0.186 tenure=7.0y levy=10230251.3 resent(mean/max)=0.0/0.0 revs=108 | 24.1m eta46m
  ~~ demography: 10/16 in band  !! AGE STRUCTURE OUT OF BAND -> every marker above demography in the ladder is PROVISIONAL  worst: m_5_15=0.0361(3.61x), frac_motherless=0.0078(0.39x), band_med_adults=12(0.43x), surv_to_45=0.255(0.59x)
[ 5150/15000] pop=  2328 bd=  60 bigbd=3(med489) strat=0.0% giniC=0.334 dyn:eff=47.4 top=0.051 nlin=87 lpb=12.37/dom=0.299 mRSg=0.545 set=20(mx83,prim1.19) con=1082.0 inst=25 ldT=0.203 | asc=0.009 gumsa=0.15 tenure=7.0y levy=10440916.3 resent(mean/max)=0.0/0.0 revs=108 | 24.2m eta46m
  ~~ demography: 10/16 in band  !! AGE STRUCTURE OUT OF BAND -> every marker above demography in the ladder is PROVISIONAL  worst: m_5_15=0.0361(3.61x), frac_fatherless=0.0802(1.60x), band_med_adults=12(0.43x), surv_to_45=0.255(0.59x)
[ 5175/15000] pop=  2351 bd=  64 bigbd=2(med569.0) strat=0.0% giniC=0.334 dyn:eff=47.2 top=0.051 nlin=86 lpb=12.03/dom=0.29 mRSg=0.546 set=22(mx81,prim1.01) con=799.0 inst=24 ldT=0.298 | asc=0.011 gumsa=0.156 tenure=7.0y levy=7029115.6 resent(mean/max)=0.0/0.0 revs=110 | 24.3m eta46m
  ~~ demography: 9/16 in band  !! AGE STRUCTURE OUT OF BAND -> every marker above demography in the ladder is PROVISIONAL  worst: m_5_15=0.0361(3.61x), frac_fatherless=0.0941(1.88x), frac_motherless=0.0062(0.31x), band_med_adults=12(0.43x)
[ 5200/15000] pop=  2329 bd=  59 bigbd=2(med568.5) strat=0.0% giniC=0.335 dyn:eff=46.4 top=0.052 nlin=86 lpb=13.14/dom=0.279 mRSg=0.536 set=20(mx96,prim1.01) con=1019.5 inst=22 ldT=0.321 | asc=0.009 gumsa=0.136 tenure=6.9y levy=7487525.9 resent(mean/max)=0.0/0.0 revs=110 | 24.4m eta46m
  ~~ demography: 9/16 in band  !! AGE STRUCTURE OUT OF BAND -> every marker above demography in the ladder is PROVISIONAL  worst: m_5_15=0.036(3.60x), frac_fatherless=0.096(1.92x), frac_motherless=0.0099(0.50x), band_med_adults=14(0.50x)
[ 5225/15000] pop=  2405 bd=  55 bigbd=3(med540) strat=0.0% giniC=0.336 dyn:eff=46.6 top=0.051 nlin=87 lpb=13.95/dom=0.274 mRSg=0.531 set=21(mx83,prim1.14) con=1177.0 inst=22 ldT=0.255 | asc=0.007 gumsa=0.182 tenure=6.9y levy=7950829.3 resent(mean/max)=0.0/0.0 revs=110 | 24.5m eta46m
  ~~ demography: 10/16 in band  !! AGE STRUCTURE OUT OF BAND -> every marker above demography in the ladder is PROVISIONAL  worst: m_5_15=0.0361(3.61x), frac_fatherless=0.0913(1.83x), band_med_adults=13(0.46x), surv_to_45=0.254(0.59x)
[ 5250/15000] pop=  2361 bd=  55 bigbd=3(med521) strat=0.0% giniC=0.332 dyn:eff=46.6 top=0.051 nlin=87 lpb=13.87/dom=0.267 mRSg=0.528 set=20(mx97,prim1.17) con=1154.0 inst=21 ldT=0.327 | asc=0.007 gumsa=0.2 tenure=6.9y levy=7350769.8 resent(mean/max)=0.0/0.0 revs=112 | 24.7m eta46m
  ~~ demography: 10/16 in band  !! AGE STRUCTURE OUT OF BAND -> every marker above demography in the ladder is PROVISIONAL  worst: m_5_15=0.0362(3.62x), frac_fatherless=0.094(1.88x), band_med_adults=13(0.46x), surv_to_45=0.254(0.59x)
[ 5275/15000] pop=  2326 bd=  53 bigbd=4(med296.0) strat=0.0% giniC=0.327 dyn:eff=45.0 top=0.056 nlin=88 lpb=13.7/dom=0.266 mRSg=0.529 set=21(mx98,prim1.26) con=954.0 inst=23 ldT=0.265 | asc=0.01 gumsa=0.226 tenure=6.9y levy=5491482.8 resent(mean/max)=0.0/0.0 revs=113 | 24.8m eta46m
  ~~ demography: 9/16 in band  !! AGE STRUCTURE OUT OF BAND -> every marker above demography in the ladder is PROVISIONAL  worst: m_5_15=0.0362(3.62x), frac_fatherless=0.0967(1.93x), band_med_adults=13(0.46x), frac_motherless=0.0095(0.47x)
[ 5300/15000] pop=  2363 bd=  50 bigbd=4(med299.0) strat=0.0% giniC=0.324 dyn:eff=44.4 top=0.059 nlin=88 lpb=14.46/dom=0.265 mRSg=0.51 set=20(mx107,prim1.01) con=1196.0 inst=24 ldT=0.36 | asc=0.007 gumsa=0.2 tenure=6.9y levy=7671119.9 resent(mean/max)=0.0/0.0 revs=113 | 24.9m eta46m
  ~~ demography: 10/16 in band  !! AGE STRUCTURE OUT OF BAND -> every marker above demography in the ladder is PROVISIONAL  worst: m_5_15=0.0362(3.62x), frac_fatherless=0.0964(1.93x), band_med_adults=13(0.46x), surv_to_45=0.254(0.59x)
[ 5325/15000] pop=  2379 bd=  51 bigbd=4(med303.5) strat=0.0% giniC=0.324 dyn:eff=43.7 top=0.058 nlin=88 lpb=14.08/dom=0.276 mRSg=0.505 set=20(mx100,prim1.27) con=1091.0 inst=24 ldT=0.286 | asc=0.009 gumsa=0.216 tenure=6.9y levy=7355742.6 resent(mean/max)=0.0/0.0 revs=113 | 25.0m eta45m
  ~~ demography: 10/16 in band  !! AGE STRUCTURE OUT OF BAND -> every marker above demography in the ladder is PROVISIONAL  worst: m_5_15=0.0362(3.62x), frac_fatherless=0.096(1.92x), band_med_adults=12(0.43x), surv_to_45=0.254(0.59x)
[ 5350/15000] pop=  2389 bd=  55 bigbd=4(med303.0) strat=0.0% giniC=0.323 dyn:eff=42.2 top=0.059 nlin=86 lpb=13.44/dom=0.284 mRSg=0.512 set=20(mx95,prim1.28) con=1203.0 inst=19 ldT=0.38 | asc=0.003 gumsa=0.073 tenure=6.9y levy=6836434.6 resent(mean/max)=0.0/0.0 revs=116 | 25.1m eta45m
  ~~ demography: 11/16 in band  !! AGE STRUCTURE OUT OF BAND -> every marker above demography in the ladder is PROVISIONAL  worst: m_5_15=0.0362(3.62x), band_med_adults=12(0.43x), surv_to_45=0.254(0.59x), surv_to_15=0.467(0.71x)
[ 5375/15000] pop=  2423 bd=  57 bigbd=5(med82) strat=0.0% giniC=0.322 dyn:eff=43.1 top=0.06 nlin=85 lpb=13.37/dom=0.297 mRSg=0.513 set=21(mx97,prim1.05) con=957.0 inst=20 ldT=0.118 | asc=0.005 gumsa=0.088 tenure=6.9y levy=8592005.8 resent(mean/max)=0.0/0.0 revs=116 | 25.2m eta45m
  ~~ demography: 10/16 in band  !! AGE STRUCTURE OUT OF BAND -> every marker above demography in the ladder is PROVISIONAL  worst: m_5_15=0.0363(3.63x), frac_motherless=0.0088(0.44x), band_med_adults=12.5(0.44x), surv_to_45=0.254(0.59x)
[ 5400/15000] pop=  2438 bd=  54 bigbd=6(med69.5) strat=0.0% giniC=0.321 dyn:eff=42.1 top=0.06 nlin=85 lpb=14.3/dom=0.281 mRSg=0.521 set=21(mx94,prim1.04) con=1078.0 inst=26 ldT=0.42 | asc=0.007 gumsa=0.148 tenure=6.9y levy=8199481.6 resent(mean/max)=0.0/0.0 revs=117 | 25.4m eta45m
  ~~ demography: 10/16 in band  !! AGE STRUCTURE OUT OF BAND -> every marker above demography in the ladder is PROVISIONAL  worst: m_5_15=0.0363(3.63x), frac_fatherless=0.0782(1.56x), band_med_adults=13(0.46x), surv_to_45=0.253(0.59x)
[ 5425/15000] pop=  2400 bd=  54 bigbd=4(med317.0) strat=0.0% giniC=0.32 dyn:eff=40.9 top=0.059 nlin=84 lpb=13.87/dom=0.279 mRSg=0.533 set=20(mx114,prim1.18) con=1202.5 inst=25 ldT=0.306 | asc=0.006 gumsa=0.13 tenure=6.9y levy=8510597.9 resent(mean/max)=0.0/0.0 revs=117 | 25.5m eta45m
  ~~ demography: 11/16 in band  worst: m_5_15=0.0362(3.62x), frac_motherless=0.0057(0.29x), band_med_adults=13(0.46x), surv_to_45=0.253(0.59x)
[ 5450/15000] pop=  2468 bd=  53 bigbd=3(med543) strat=0.0% giniC=0.32 dyn:eff=40.9 top=0.055 nlin=83 lpb=14.25/dom=0.285 mRSg=0.541 set=20(mx96,prim1.13) con=1022.5 inst=22 ldT=0.115 | asc=0.003 gumsa=0.075 tenure=6.9y levy=9060249.8 resent(mean/max)=0.0/0.0 revs=117 | 25.6m eta45m
  ~~ demography: 12/16 in band  worst: m_5_15=0.0363(3.63x), band_med_adults=13.5(0.48x), surv_to_45=0.253(0.59x), surv_to_15=0.467(0.71x)
[ 5475/15000] pop=  2450 bd=  54 bigbd=3(med558) strat=0.0% giniC=0.324 dyn:eff=41.5 top=0.055 nlin=85 lpb=13.94/dom=0.276 mRSg=0.544 set=21(mx111,prim1.04) con=842.0 inst=24 ldT=0.275 | asc=0.006 gumsa=0.204 tenure=6.9y levy=8781009.1 resent(mean/max)=0.0/0.0 revs=117 | 25.8m eta45m
  !! SPATIAL: PACKED AND SPARSE AT ONCE (local 0.103 > 0.091 > regional 0.0156 /km2) on 15.1% of the land -- the population is NOT food-limited, it is failing to disperse; any carrying-capacity reading of this run is void
  ~~ demography: 11/16 in band  !! AGE STRUCTURE OUT OF BAND -> every marker above demography in the ladder is PROVISIONAL  worst: m_5_15=0.0363(3.63x), band_med_adults=14(0.50x), surv_to_45=0.253(0.59x), surv_to_15=0.467(0.71x)
[ 5500/15000] pop=  2498 bd=  54 bigbd=3(med574) strat=0.0% giniC=0.318 dyn:eff=41.8 top=0.057 nlin=85 lpb=13.59/dom=0.289 mRSg=0.546 set=21(mx96,prim1.19) con=936.0 inst=24 ldT=0.176 | asc=0.006 gumsa=0.204 tenure=6.9y levy=8383205.3 resent(mean/max)=0.0/0.0 revs=117 | 25.9m eta45m
  !! SPATIAL: PACKED AND SPARSE AT ONCE (local 0.103 > 0.091 > regional 0.0156 /km2) on 15.1% of the land -- the population is NOT food-limited, it is failing to disperse; any carrying-capacity reading of this run is void
  ~~ demography: 12/16 in band  worst: m_5_15=0.0363(3.63x), band_med_adults=13(0.46x), surv_to_45=0.253(0.59x), surv_to_15=0.467(0.71x)
[ 5525/15000] pop=  2491 bd=  55 bigbd=3(med559) strat=0.0% giniC=0.32 dyn:eff=41.3 top=0.058 nlin=85 lpb=13.36/dom=0.293 mRSg=0.546 set=20(mx121,prim1.17) con=715.0 inst=25 ldT=0.314 | asc=0.006 gumsa=0.182 tenure=6.9y levy=6605733.8 resent(mean/max)=0.0/0.0 revs=118 | 26.0m eta45m
  !! SPATIAL: PACKED AND SPARSE AT ONCE (local 0.101 > 0.091 > regional 0.0157 /km2) on 15.6% of the land -- the population is NOT food-limited, it is failing to disperse; any carrying-capacity reading of this run is void
  ~~ demography: 10/16 in band  worst: m_5_15=0.0364(3.64x), band_med_adults=12(0.43x), frac_motherless=0.0086(0.43x), frac_fatherless=0.0785(1.57x)
[ 5550/15000] pop=  2509 bd=  58 bigbd=3(med569) strat=0.0% giniC=0.32 dyn:eff=41.1 top=0.059 nlin=86 lpb=12.84/dom=0.288 mRSg=0.55 set=21(mx90,prim1.01) con=720.0 inst=23 ldT=0.148 | asc=0.009 gumsa=0.19 tenure=7.0y levy=6042145.7 resent(mean/max)=0.0/0.0 revs=118 | 26.1m eta44m
  ~~ demography: 12/16 in band  worst: m_5_15=0.0364(3.64x), band_med_adults=13(0.46x), surv_to_45=0.253(0.59x), surv_to_15=0.466(0.71x)
[ 5575/15000] pop=  2498 bd=  58 bigbd=3(med579) strat=0.0% giniC=0.32 dyn:eff=41.8 top=0.057 nlin=86 lpb=12.62/dom=0.291 mRSg=0.555 set=21(mx106,prim1.0) con=812.0 inst=21 ldT=0.14 | asc=0.005 gumsa=0.138 tenure=6.9y levy=7085814.6 resent(mean/max)=0.0/0.0 revs=120 | 26.2m eta44m
  ~~ demography: 10/16 in band  worst: m_5_15=0.0365(3.65x), frac_motherless=0.0063(0.32x), frac_fatherless=0.0816(1.63x), band_med_adults=13(0.46x)
[ 5600/15000] pop=  2442 bd=  55 bigbd=3(med584) strat=0.0% giniC=0.322 dyn:eff=40.9 top=0.058 nlin=84 lpb=13.18/dom=0.286 mRSg=0.562 set=20(mx93,prim1.66) con=945.0 inst=26 ldT=0.264 | asc=0.006 gumsa=0.109 tenure=7.0y levy=7201835.6 resent(mean/max)=0.0/0.0 revs=121 | 26.4m eta44m
  ~~ demography: 10/16 in band  worst: m_5_15=0.0365(3.65x), frac_motherless=0.0046(0.23x), frac_fatherless=0.0819(1.64x), band_med_adults=13(0.46x)
[ 5625/15000] pop=  2466 bd=  56 bigbd=2(med655.0) strat=0.0% giniC=0.323 dyn:eff=40.8 top=0.058 nlin=84 lpb=13.09/dom=0.277 mRSg=0.563 set=21(mx100,prim1.06) con=625.0 inst=25 ldT=0.241 | asc=0.01 gumsa=0.179 tenure=7.0y levy=10721248.0 resent(mean/max)=0.0/0.0 revs=121 | 26.5m eta44m
  ~~ demography: 11/16 in band  worst: m_5_15=0.0366(3.66x), frac_motherless=0.0065(0.32x), band_med_adults=13(0.46x), surv_to_45=0.252(0.59x)
[ 5650/15000] pop=  2420 bd=  56 bigbd=2(med640.5) strat=0.0% giniC=0.321 dyn:eff=40.7 top=0.058 nlin=85 lpb=13.0/dom=0.274 mRSg=0.564 set=21(mx104,prim1.3) con=787.5 inst=17 ldT=0.333 | asc=0.014 gumsa=0.25 tenure=7.0y levy=8818285.8 resent(mean/max)=0.0/0.0 revs=122 | 26.6m eta44m
  ~~ demography: 11/16 in band  worst: m_5_15=0.0366(3.66x), frac_motherless=0.0076(0.38x), band_med_adults=13(0.46x), surv_to_45=0.252(0.59x)
[ 5675/15000] pop=  2469 bd=  54 bigbd=3(med594) strat=0.0% giniC=0.321 dyn:eff=40.2 top=0.057 nlin=85 lpb=13.35/dom=0.278 mRSg=0.56 set=21(mx99,prim1.14) con=857.0 inst=17 ldT=0.204 | asc=0.015 gumsa=0.204 tenure=7.0y levy=8322266.0 resent(mean/max)=0.0/0.0 revs=122 | 26.7m eta44m
  !! SPATIAL: PACKED AND SPARSE AT ONCE (local 0.102 > 0.091 > regional 0.0158 /km2) on 15.5% of the land -- the population is NOT food-limited, it is failing to disperse; any carrying-capacity reading of this run is void
  ~~ demography: 11/16 in band  worst: m_5_15=0.0365(3.65x), frac_motherless=0.0087(0.43x), band_med_adults=13(0.46x), surv_to_45=0.252(0.59x)
[ 5700/15000] pop=  2527 bd=  55 bigbd=3(med605) strat=0.0% giniC=0.317 dyn:eff=39.5 top=0.059 nlin=84 lpb=13.25/dom=0.282 mRSg=0.563 set=21(mx114,prim1.41) con=620.0 inst=20 ldT=0.26 | asc=0.003 gumsa=0.073 tenure=7.0y levy=11924974.4 resent(mean/max)=0.0/0.0 revs=124 | 26.9m eta44m
  ~~ demography: 12/16 in band  worst: m_5_15=0.0367(3.67x), band_med_adults=12(0.43x), surv_to_45=0.251(0.58x), surv_to_15=0.464(0.70x)
[ 5725/15000] pop=  2419 bd=  54 bigbd=2(med662.5) strat=0.0% giniC=0.318 dyn:eff=39.1 top=0.059 nlin=84 lpb=13.48/dom=0.276 mRSg=0.563 set=20(mx107,prim1.15) con=804.0 inst=25 ldT=0.408 | asc=0.013 gumsa=0.148 tenure=7.0y levy=8707801.5 resent(mean/max)=0.0/0.0 revs=126 | 27.0m eta44m
  ~~ demography: 12/16 in band  worst: m_5_15=0.0368(3.68x), band_med_adults=13(0.46x), surv_to_45=0.251(0.58x), surv_to_15=0.464(0.70x)
[ 5750/15000] pop=  2458 bd=  53 bigbd=2(med678.5) strat=0.0% giniC=0.322 dyn:eff=37.8 top=0.066 nlin=82 lpb=13.4/dom=0.278 mRSg=0.552 set=22(mx111,prim1.17) con=923.0 inst=12 ldT=0.173 | asc=0.014 gumsa=0.208 tenure=7.0y levy=10543157.2 resent(mean/max)=0.0/0.0 revs=126 | 27.1m eta44m
  ~~ demography: 10/16 in band  worst: m_5_15=0.0368(3.68x), frac_motherless=0.0059(0.29x), band_med_adults=12(0.43x), frac_fatherless=0.0751(1.50x)
[ 5775/15000] pop=  2399 bd=  55 bigbd=2(med668.0) strat=0.0% giniC=0.324 dyn:eff=37.9 top=0.065 nlin=82 lpb=12.76/dom=0.285 mRSg=0.552 set=22(mx85,prim1.0) con=1035.0 inst=21 ldT=0.4 | asc=0.016 gumsa=0.164 tenure=7.0y levy=10694293.3 resent(mean/max)=0.0/0.0 revs=127 | 27.3m eta44m
  ~~ demography: 11/16 in band  worst: m_5_15=0.0368(3.68x), band_med_adults=12(0.43x), frac_motherless=0.0089(0.45x), surv_to_45=0.251(0.58x)
[ 5800/15000] pop=  2443 bd=  51 bigbd=3(med589) strat=0.0% giniC=0.326 dyn:eff=39.9 top=0.063 nlin=85 lpb=13.92/dom=0.275 mRSg=0.553 set=22(mx101,prim1.2) con=1140.5 inst=27 ldT=0.176 | asc=0.013 gumsa=0.216 tenure=7.0y levy=6761989.4 resent(mean/max)=0.0/0.0 revs=127 | 27.4m eta43m
  ~~ demography: 12/16 in band  worst: m_5_15=0.0368(3.68x), band_med_adults=12(0.43x), surv_to_45=0.251(0.58x), surv_to_15=0.464(0.70x)
[ 5825/15000] pop=  2454 bd=  50 bigbd=3(med611) strat=0.0% giniC=0.326 dyn:eff=39.4 top=0.062 nlin=85 lpb=13.78/dom=0.276 mRSg=0.556 set=21(mx91,prim1.11) con=885.0 inst=19 ldT=0.286 | asc=0.011 gumsa=0.12 tenure=7.0y levy=10600624.8 resent(mean/max)=0.0/0.0 revs=127 | 27.5m eta43m
  ~~ demography: 10/16 in band  !! AGE STRUCTURE OUT OF BAND -> every marker above demography in the ladder is PROVISIONAL  worst: m_5_15=0.0368(3.68x), frac_fatherless=0.104(2.08x), band_med_adults=13(0.46x), surv_to_45=0.251(0.58x)
[ 5850/15000] pop=  2436 bd=  51 bigbd=3(med604) strat=0.0% giniC=0.328 dyn:eff=39.7 top=0.059 nlin=84 lpb=13.51/dom=0.283 mRSg=0.562 set=23(mx94,prim1.34) con=722.0 inst=29 ldT=0.283 | asc=0.006 gumsa=0.078 tenure=7.0y levy=8362623.6 resent(mean/max)=0.0/0.0 revs=129 | 27.6m eta43m
  !! SPATIAL: PACKED AND SPARSE AT ONCE (local 0.101 > 0.091 > regional 0.0150 /km2) on 14.8% of the land -- the population is NOT food-limited, it is failing to disperse; any carrying-capacity reading of this run is void
  ~~ demography: 11/16 in band  worst: m_5_15=0.0369(3.69x), frac_fatherless=0.0989(1.98x), band_med_adults=13(0.46x), surv_to_45=0.25(0.58x)
[ 5875/15000] pop=  2405 bd=  49 bigbd=4(med329.5) strat=0.0% giniC=0.329 dyn:eff=40.6 top=0.062 nlin=85 lpb=13.65/dom=0.28 mRSg=0.573 set=19(mx112,prim1.38) con=657.0 inst=17 ldT=0.292 | asc=0.002 gumsa=0.082 tenure=7.0y levy=7151198.9 resent(mean/max)=0.0/0.0 revs=129 | 27.7m eta43m
  ~~ demography: 11/16 in band  worst: m_5_15=0.0369(3.69x), frac_fatherless=0.0892(1.78x), band_med_adults=10(0.35x), surv_to_45=0.251(0.58x)
[ 5900/15000] pop=  2425 bd=  56 bigbd=2(med664.5) strat=0.0% giniC=0.329 dyn:eff=40.3 top=0.062 nlin=84 lpb=12.91/dom=0.277 mRSg=0.572 set=20(mx83,prim1.06) con=619.0 inst=24 ldT=0.271 | asc=0.007 gumsa=0.107 tenure=7.0y levy=5518313.2 resent(mean/max)=0.0/0.0 revs=130 | 27.8m eta43m
  ~~ demography: 11/16 in band  worst: m_5_15=0.037(3.70x), frac_motherless=0.0047(0.24x), band_med_adults=11(0.39x), surv_to_45=0.25(0.58x)
[ 5925/15000] pop=  2356 bd=  55 bigbd=3(med589) strat=0.0% giniC=0.331 dyn:eff=39.9 top=0.065 nlin=84 lpb=12.84/dom=0.265 mRSg=0.569 set=20(mx96,prim1.2) con=566.0 inst=15 ldT=0.346 | asc=0.011 gumsa=0.127 tenure=7.0y levy=9299720.6 resent(mean/max)=0.0/0.0 revs=130 | 27.9m eta43m
  !! SPATIAL: PACKED AND SPARSE AT ONCE (local 0.101 > 0.091 > regional 0.0150 /km2) on 14.8% of the land -- the population is NOT food-limited, it is failing to disperse; any carrying-capacity reading of this run is void
  ~~ demography: 11/16 in band  worst: m_5_15=0.037(3.70x), frac_motherless=0.0045(0.22x), band_med_adults=12(0.43x), surv_to_45=0.25(0.58x)
[ 5950/15000] pop=  2394 bd=  53 bigbd=3(med611) strat=0.0% giniC=0.33 dyn:eff=39.0 top=0.07 nlin=84 lpb=13.06/dom=0.277 mRSg=0.564 set=20(mx90,prim1.08) con=600.0 inst=21 ldT=0.2 | asc=0.012 gumsa=0.17 tenure=7.0y levy=6464780.0 resent(mean/max)=0.0/0.0 revs=130 | 28.1m eta43m
  ~~ demography: 11/16 in band  worst: m_5_15=0.037(3.70x), frac_motherless=0.0031(0.15x), band_med_adults=13(0.46x), surv_to_45=0.25(0.58x)
[ 5975/15000] pop=  2393 bd=  51 bigbd=3(med644) strat=0.0% giniC=0.329 dyn:eff=39.7 top=0.063 nlin=85 lpb=13.45/dom=0.278 mRSg=0.553 set=21(mx88,prim1.11) con=688.0 inst=23 ldT=0.22 | asc=0.011 gumsa=0.176 tenure=7.0y levy=8602104.2 resent(mean/max)=0.0/0.0 revs=130 | 28.2m eta43m
  ~~ demography: 11/16 in band  worst: m_5_15=0.037(3.70x), frac_motherless=0.0062(0.31x), band_med_adults=12(0.43x), surv_to_45=0.25(0.58x)
[ 6000/15000] pop=  2380 bd=  50 bigbd=2(med674.0) strat=0.0% giniC=0.327 dyn:eff=38.9 top=0.065 nlin=85 lpb=13.66/dom=0.265 mRSg=0.546 set=21(mx110,prim1.2) con=659.0 inst=25 ldT=0.261 | asc=0.008 gumsa=0.18 tenure=7.0y levy=9284688.3 resent(mean/max)=0.0/0.0 revs=131 | 28.3m eta42m
  !! SPATIAL: PACKED AND SPARSE AT ONCE (local 0.102 > 0.091 > regional 0.0147 /km2) on 14.4% of the land -- the population is NOT food-limited, it is failing to disperse; any carrying-capacity reading of this run is void
  ~~ demography: 12/16 in band  worst: m_5_15=0.037(3.70x), band_med_adults=12(0.43x), surv_to_45=0.249(0.58x), surv_to_15=0.462(0.70x)
[ 6025/15000] pop=  2346 bd=  50 bigbd=4(med339.5) strat=0.0% giniC=0.328 dyn:eff=38.4 top=0.068 nlin=84 lpb=13.5/dom=0.267 mRSg=0.552 set=20(mx128,prim1.66) con=784.0 inst=14 ldT=0.239 | asc=0.015 gumsa=0.18 tenure=7.0y levy=8134449.6 resent(mean/max)=0.0/0.0 revs=133 | 28.4m eta42m
  !! SPATIAL: PACKED AND SPARSE AT ONCE (local 0.104 > 0.091 > regional 0.0150 /km2) on 14.4% of the land -- the population is NOT food-limited, it is failing to disperse; any carrying-capacity reading of this run is void
  ~~ demography: 11/16 in band  worst: m_5_15=0.037(3.70x), frac_motherless=0.0064(0.32x), band_med_adults=14(0.50x), surv_to_45=0.25(0.58x)
[ 6050/15000] pop=  2393 bd=  47 bigbd=4(med344.5) strat=0.0% giniC=0.324 dyn:eff=38.3 top=0.071 nlin=83 lpb=14.0/dom=0.279 mRSg=0.555 set=21(mx123,prim1.46) con=627.0 inst=16 ldT=0.128 | asc=0.01 gumsa=0.213 tenure=7.0y levy=6806100.8 resent(mean/max)=0.0/0.0 revs=133 | 28.5m eta42m
  ~~ demography: 12/16 in band  worst: m_5_15=0.0371(3.71x), band_med_adults=12(0.43x), surv_to_45=0.249(0.58x), surv_to_15=0.462(0.70x)
[ 6075/15000] pop=  2356 bd=  49 bigbd=3(med613) strat=0.0% giniC=0.325 dyn:eff=38.4 top=0.07 nlin=84 lpb=13.16/dom=0.292 mRSg=0.556 set=21(mx87,prim1.0) con=514.0 inst=17 ldT=0.333 | asc=0.025 gumsa=0.306 tenure=7.0y levy=6549552.1 resent(mean/max)=0.0/0.0 revs=134 | 28.6m eta42m
  ~~ demography: 12/16 in band  worst: m_5_15=0.037(3.70x), band_med_adults=13(0.46x), surv_to_45=0.249(0.58x), surv_to_15=0.462(0.70x)
[ 6100/15000] pop=  2380 bd=  47 bigbd=3(med616) strat=0.0% giniC=0.328 dyn:eff=39.8 top=0.067 nlin=85 lpb=13.85/dom=0.279 mRSg=0.55 set=21(mx105,prim1.25) con=699.0 inst=23 ldT=0.133 | asc=0.02 gumsa=0.255 tenure=7.0y levy=7336907.8 resent(mean/max)=0.0/0.0 revs=134 | 28.8m eta42m
  ~~ demography: 11/16 in band  worst: m_5_15=0.037(3.70x), frac_fatherless=0.0841(1.68x), band_med_adults=13.5(0.48x), surv_to_45=0.25(0.58x)
[ 6125/15000] pop=  2404 bd=  46 bigbd=3(med627) strat=0.0% giniC=0.328 dyn:eff=39.8 top=0.067 nlin=85 lpb=14.13/dom=0.274 mRSg=0.551 set=20(mx107,prim1.26) con=456.0 inst=22 ldT=0.217 | asc=0.026 gumsa=0.326 tenure=7.0y levy=6412902.3 resent(mean/max)=0.0/0.0 revs=134 | 28.9m eta42m
  ~~ demography: 11/16 in band  worst: m_5_15=0.037(3.70x), band_med_adults=12.5(0.44x), frac_fatherless=0.0769(1.54x), surv_to_45=0.249(0.58x)
[ 6150/15000] pop=  2399 bd=  48 bigbd=4(med337.5) strat=0.0% giniC=0.325 dyn:eff=38.7 top=0.071 nlin=85 lpb=13.23/dom=0.295 mRSg=0.553 set=22(mx83,prim1.0) con=422.5 inst=15 ldT=0.364 | asc=0.016 gumsa=0.188 tenure=7.0y levy=6860064.2 resent(mean/max)=0.0/0.0 revs=134 | 29.0m eta42m
  ~~ demography: 12/16 in band  worst: m_5_15=0.037(3.70x), band_med_adults=13.5(0.48x), surv_to_45=0.249(0.58x), surv_to_15=0.462(0.70x)
[ 6175/15000] pop=  2415 bd=  46 bigbd=4(med356.0) strat=0.0% giniC=0.324 dyn:eff=38.4 top=0.075 nlin=86 lpb=13.67/dom=0.292 mRSg=0.545 set=20(mx98,prim1.07) con=443.0 inst=18 ldT=0.196 | asc=0.02 gumsa=0.261 tenure=7.0y levy=7106254.1 resent(mean/max)=0.0/0.0 revs=135 | 29.1m eta42m
  ~~ demography: 11/16 in band  !! AGE STRUCTURE OUT OF BAND -> every marker above demography in the ladder is PROVISIONAL  worst: m_5_15=0.037(3.70x), band_med_adults=12(0.43x), surv_to_45=0.249(0.58x), surv_to_15=0.462(0.70x)
[ 6200/15000] pop=  2436 bd=  48 bigbd=5(med64) strat=0.0% giniC=0.322 dyn:eff=38.6 top=0.07 nlin=85 lpb=13.62/dom=0.275 mRSg=0.537 set=22(mx94,prim1.04) con=513.0 inst=23 ldT=0.317 | asc=0.018 gumsa=0.312 tenure=7.0y levy=5826518.5 resent(mean/max)=0.0/0.0 revs=135 | 29.2m eta41m
  ~~ demography: 11/16 in band  !! AGE STRUCTURE OUT OF BAND -> every marker above demography in the ladder is PROVISIONAL  worst: m_5_15=0.037(3.70x), band_med_adults=12(0.43x), surv_to_45=0.249(0.58x), surv_to_15=0.462(0.70x)
[ 6225/15000] pop=  2394 bd=  46 bigbd=5(med63) strat=0.0% giniC=0.326 dyn:eff=38.5 top=0.069 nlin=85 lpb=13.83/dom=0.273 mRSg=0.545 set=20(mx99,prim1.18) con=449.0 inst=16 ldT=0.262 | asc=0.018 gumsa=0.304 tenure=7.0y levy=7556653.6 resent(mean/max)=0.0/0.0 revs=135 | 29.3m eta41m
  ~~ demography: 10/16 in band  !! AGE STRUCTURE OUT OF BAND -> every marker above demography in the ladder is PROVISIONAL  worst: m_5_15=0.037(3.70x), frac_fatherless=0.0873(1.75x), band_med_adults=11.5(0.41x), surv_to_45=0.248(0.58x)
[ 6250/15000] pop=  2361 bd=  44 bigbd=5(med65) strat=0.0% giniC=0.323 dyn:eff=38.8 top=0.068 nlin=85 lpb=13.86/dom=0.286 mRSg=0.546 set=21(mx126,prim1.37) con=454.0 inst=15 ldT=0.2 | asc=0.012 gumsa=0.25 tenure=7.0y levy=6656631.2 resent(mean/max)=0.0/0.0 revs=135 | 29.4m eta41m
  ~~ demography: 10/16 in band  !! AGE STRUCTURE OUT OF BAND -> every marker above demography in the ladder is PROVISIONAL  worst: m_5_15=0.0371(3.71x), frac_fatherless=0.112(2.23x), band_med_adults=12(0.43x), surv_to_45=0.248(0.58x)
[ 6275/15000] pop=  2348 bd=  43 bigbd=5(med67) strat=0.0% giniC=0.317 dyn:eff=38.8 top=0.07 nlin=85 lpb=13.6/dom=0.285 mRSg=0.536 set=21(mx93,prim1.12) con=571.0 inst=24 ldT=0.209 | asc=0.011 gumsa=0.209 tenure=7.0y levy=10001510.5 resent(mean/max)=0.0/0.0 revs=135 | 29.5m eta41m
  !! SPATIAL: PACKED AND SPARSE AT ONCE (local 0.101 > 0.091 > regional 0.0150 /km2) on 14.9% of the land -- the population is NOT food-limited, it is failing to disperse; any carrying-capacity reading of this run is void
  ~~ demography: 9/16 in band  !! AGE STRUCTURE OUT OF BAND -> every marker above demography in the ladder is PROVISIONAL  worst: m_5_15=0.0371(3.71x), frac_fatherless=0.0812(1.62x), band_med_adults=14(0.50x), surv_to_45=0.248(0.58x)
[ 6300/15000] pop=  2393 bd=  40 bigbd=6(med61.0) strat=0.0% giniC=0.319 dyn:eff=37.9 top=0.071 nlin=85 lpb=14.82/dom=0.272 mRSg=0.533 set=20(mx93,prim1.16) con=547.5 inst=23 ldT=0.325 | asc=0.012 gumsa=0.225 tenure=7.0y levy=9604011.8 resent(mean/max)=0.0/0.0 revs=135 | 29.6m eta41m
  ~~ demography: 10/16 in band  !! AGE STRUCTURE OUT OF BAND -> every marker above demography in the ladder is PROVISIONAL  worst: m_5_15=0.0372(3.72x), band_med_adults=14(0.50x), surv_to_45=0.248(0.58x), surv_to_15=0.461(0.70x)
[ 6325/15000] pop=  2352 bd=  42 bigbd=5(med72) strat=0.0% giniC=0.318 dyn:eff=36.7 top=0.073 nlin=84 lpb=13.95/dom=0.287 mRSg=0.54 set=19(mx89,prim1.19) con=456.0 inst=19 ldT=0.436 | asc=0.009 gumsa=0.143 tenure=7.0y levy=8866603.7 resent(mean/max)=0.0/0.0 revs=135 | 29.7m eta41m
  !! SPATIAL: PACKED AND SPARSE AT ONCE (local 0.102 > 0.091 > regional 0.0147 /km2) on 14.4% of the land -- the population is NOT food-limited, it is failing to disperse; any carrying-capacity reading of this run is void
  ~~ demography: 11/16 in band  worst: m_5_15=0.0372(3.72x), band_med_adults=13.5(0.48x), surv_to_45=0.247(0.57x), surv_to_15=0.461(0.70x)
[ 6350/15000] pop=  2354 bd=  42 bigbd=5(med75) strat=0.0% giniC=0.316 dyn:eff=37.2 top=0.065 nlin=84 lpb=14.26/dom=0.285 mRSg=0.54 set=20(mx95,prim1.14) con=639.5 inst=16 ldT=0.171 | asc=0.008 gumsa=0.167 tenure=7.0y levy=8238968.9 resent(mean/max)=0.0/0.0 revs=137 | 29.9m eta41m
  !! SPATIAL: PACKED AND SPARSE AT ONCE (local 0.103 > 0.091 > regional 0.0145 /km2) on 14.0% of the land -- the population is NOT food-limited, it is failing to disperse; any carrying-capacity reading of this run is void
  ~~ demography: 11/16 in band  worst: m_5_15=0.0372(3.72x), band_med_adults=13(0.46x), surv_to_45=0.247(0.57x), surv_to_15=0.46(0.70x)
[ 6375/15000] pop=  2317 bd=  43 bigbd=4(med342.5) strat=0.0% giniC=0.315 dyn:eff=36.7 top=0.068 nlin=84 lpb=14.0/dom=0.281 mRSg=0.551 set=20(mx146,prim1.57) con=495.0 inst=16 ldT=0.231 | asc=0.007 gumsa=0.163 tenure=7.0y levy=9853248.1 resent(mean/max)=0.0/0.0 revs=137 | 30.0m eta41m
  !! SPATIAL: PACKED AND SPARSE AT ONCE (local 0.105 > 0.091 > regional 0.0148 /km2) on 14.1% of the land -- the population is NOT food-limited, it is failing to disperse; any carrying-capacity reading of this run is void
  ~~ demography: 9/16 in band  !! AGE STRUCTURE OUT OF BAND -> every marker above demography in the ladder is PROVISIONAL  worst: m_5_15=0.0372(3.72x), frac_motherless=0.0058(0.29x), band_med_adults=13(0.46x), surv_to_45=0.247(0.57x)
[ 6400/15000] pop=  2373 bd=  40 bigbd=4(med354.5) strat=0.0% giniC=0.314 dyn:eff=36.1 top=0.068 nlin=84 lpb=14.97/dom=0.272 mRSg=0.546 set=21(mx110,prim1.09) con=476.0 inst=16 ldT=0.405 | asc=0.0 gumsa=0.0 tenure=7.0y levy=7305465.2 resent(mean/max)=0.0/0.0 revs=138 | 30.1m eta40m
  ~~ demography: 9/16 in band  !! AGE STRUCTURE OUT OF BAND -> every marker above demography in the ladder is PROVISIONAL  worst: m_5_15=0.0372(3.72x), frac_fatherless=0.0775(1.55x), band_med_adults=14(0.50x), surv_to_45=0.247(0.57x)
[ 6425/15000] pop=  2375 bd=  43 bigbd=5(med56) strat=0.0% giniC=0.314 dyn:eff=35.4 top=0.07 nlin=84 lpb=14.37/dom=0.273 mRSg=0.543 set=21(mx69,prim1.05) con=436.5 inst=20 ldT=0.289 | asc=0.0 gumsa=0.0 tenure=7.0y levy=7740647.9 resent(mean/max)=0.0/0.0 revs=138 | 30.2m eta40m
  ~~ demography: 10/16 in band  worst: m_5_15=0.0373(3.73x), frac_motherless=0.0061(0.30x), band_med_adults=13(0.46x), surv_to_45=0.247(0.57x)
[ 6450/15000] pop=  2352 bd=  41 bigbd=5(med57) strat=0.0% giniC=0.316 dyn:eff=35.4 top=0.069 nlin=84 lpb=14.2/dom=0.272 mRSg=0.552 set=21(mx103,prim1.04) con=421.0 inst=21 ldT=0.2 | asc=0.004 gumsa=0.122 tenure=7.0y levy=5553110.5 resent(mean/max)=0.0/0.0 revs=138 | 30.2m eta40m
  ~~ demography: 10/16 in band  !! AGE STRUCTURE OUT OF BAND -> every marker above demography in the ladder is PROVISIONAL  worst: m_5_15=0.0373(3.73x), band_med_adults=14(0.50x), surv_to_45=0.247(0.57x), surv_to_15=0.46(0.70x)
[ 6475/15000] pop=  2339 bd=  41 bigbd=6(med60.0) strat=0.0% giniC=0.314 dyn:eff=34.9 top=0.068 nlin=82 lpb=14.15/dom=0.285 mRSg=0.543 set=21(mx101,prim1.12) con=473.0 inst=17 ldT=0.216 | asc=0.005 gumsa=0.122 tenure=6.9y levy=8969990.7 resent(mean/max)=0.0/0.0 revs=139 | 30.3m eta40m
  ~~ demography: 10/16 in band  !! AGE STRUCTURE OUT OF BAND -> every marker above demography in the ladder is PROVISIONAL  worst: m_5_15=0.0373(3.73x), band_med_adults=12(0.43x), surv_to_45=0.247(0.57x), surv_to_15=0.46(0.70x)
[ 6500/15000] pop=  2385 bd=  42 bigbd=7(med63) strat=0.0% giniC=0.313 dyn:eff=34.8 top=0.067 nlin=82 lpb=13.79/dom=0.28 mRSg=0.55 set=22(mx114,prim1.54) con=457.0 inst=28 ldT=0.22 | asc=0.015 gumsa=0.143 tenure=7.0y levy=6355127.2 resent(mean/max)=0.0/0.0 revs=139 | 30.4m eta40m
  !! SPATIAL: PACKED AND SPARSE AT ONCE (local 0.100 > 0.091 > regional 0.0147 /km2) on 14.7% of the land -- the population is NOT food-limited, it is failing to disperse; any carrying-capacity reading of this run is void
  ~~ demography: 10/16 in band  !! AGE STRUCTURE OUT OF BAND -> every marker above demography in the ladder is PROVISIONAL  worst: m_5_15=0.0373(3.73x), band_med_adults=12(0.43x), surv_to_45=0.246(0.57x), surv_to_15=0.46(0.70x)
[ 6525/15000] pop=  2359 bd=  39 bigbd=6(med70.5) strat=0.0% giniC=0.311 dyn:eff=35.5 top=0.062 nlin=82 lpb=14.31/dom=0.271 mRSg=0.558 set=20(mx112,prim1.4) con=419.0 inst=21 ldT=0.371 | asc=0.016 gumsa=0.256 tenure=7.0y levy=8322888.4 resent(mean/max)=0.0/0.0 revs=139 | 30.5m eta40m
  ~~ demography: 10/16 in band  worst: m_5_15=0.0373(3.73x), frac_motherless=0.0062(0.31x), band_med_adults=12(0.43x), surv_to_45=0.247(0.57x)
[ 6550/15000] pop=  2369 bd=  37 bigbd=7(med66) strat=0.0% giniC=0.311 dyn:eff=36.8 top=0.063 nlin=83 lpb=14.62/dom=0.266 mRSg=0.567 set=18(mx105,prim1.48) con=485.0 inst=15 ldT=0.108 | asc=0.012 gumsa=0.162 tenure=7.0y levy=7269996.9 resent(mean/max)=0.0/0.0 revs=140 | 30.6m eta40m
  !! SPATIAL: PACKED AND SPARSE AT ONCE (local 0.101 > 0.091 > regional 0.0146 /km2) on 14.4% of the land -- the population is NOT food-limited, it is failing to disperse; any carrying-capacity reading of this run is void
  ~~ demography: 10/16 in band  worst: m_5_15=0.0374(3.74x), frac_motherless=0.0063(0.32x), band_med_adults=14(0.50x), surv_to_45=0.246(0.57x)
[ 6575/15000] pop=  2329 bd=  39 bigbd=6(med69.5) strat=0.0% giniC=0.31 dyn:eff=36.6 top=0.061 nlin=83 lpb=14.31/dom=0.271 mRSg=0.575 set=20(mx105,prim1.5) con=418.0 inst=17 ldT=0.353 | asc=0.015 gumsa=0.128 tenure=7.0y levy=8253446.1 resent(mean/max)=0.0/0.0 revs=141 | 30.7m eta39m
  ~~ demography: 11/16 in band  worst: m_5_15=0.0373(3.73x), band_med_adults=12(0.43x), surv_to_45=0.246(0.57x), surv_to_15=0.46(0.70x)
[ 6600/15000] pop=  2371 bd=  39 bigbd=6(med72.5) strat=0.0% giniC=0.308 dyn:eff=35.9 top=0.062 nlin=82 lpb=14.05/dom=0.275 mRSg=0.576 set=21(mx101,prim1.11) con=420.0 inst=23 ldT=0.105 | asc=0.021 gumsa=0.231 tenure=7.0y levy=10150880.7 resent(mean/max)=0.0/0.0 revs=141 | 30.8m eta39m
  ~~ demography: 11/16 in band  worst: m_5_15=0.0373(3.73x), band_med_adults=13(0.46x), surv_to_45=0.247(0.57x), surv_to_15=0.46(0.70x)
[ 6625/15000] pop=  2435 bd=  40 bigbd=6(med74.5) strat=0.0% giniC=0.305 dyn:eff=35.6 top=0.064 nlin=82 lpb=13.82/dom=0.288 mRSg=0.576 set=20(mx98,prim1.08) con=374.0 inst=21 ldT=0.128 | asc=0.02 gumsa=0.275 tenure=7.0y levy=8784289.0 resent(mean/max)=0.0/0.0 revs=142 | 30.9m eta39m
  ~~ demography: 10/16 in band  !! AGE STRUCTURE OUT OF BAND -> every marker above demography in the ladder is PROVISIONAL  worst: m_5_15=0.0373(3.73x), band_med_adults=14(0.50x), surv_to_45=0.247(0.57x), surv_to_15=0.46(0.70x)
[ 6650/15000] pop=  2489 bd=  42 bigbd=6(med76.5) strat=0.0% giniC=0.304 dyn:eff=35.5 top=0.063 nlin=82 lpb=14.1/dom=0.293 mRSg=0.572 set=22(mx127,prim1.79) con=414.0 inst=20 ldT=0.297 | asc=0.023 gumsa=0.31 tenure=7.0y levy=9762670.0 resent(mean/max)=0.0/0.0 revs=142 | 31.1m eta39m
  !! SPATIAL: PACKED AND SPARSE AT ONCE (local 0.105 > 0.091 > regional 0.0158 /km2) on 15.1% of the land -- the population is NOT food-limited, it is failing to disperse; any carrying-capacity reading of this run is void
  ~~ demography: 10/16 in band  !! AGE STRUCTURE OUT OF BAND -> every marker above demography in the ladder is PROVISIONAL  worst: m_5_15=0.0373(3.73x), band_med_adults=15(0.53x), surv_to_45=0.247(0.57x), surv_to_15=0.46(0.70x)
[ 6675/15000] pop=  2520 bd=  40 bigbd=5(med90) strat=0.0% giniC=0.301 dyn:eff=35.6 top=0.064 nlin=83 lpb=14.12/dom=0.287 mRSg=0.556 set=20(mx118,prim1.33) con=570.0 inst=20 ldT=0.243 | asc=0.025 gumsa=0.325 tenure=7.0y levy=9381745.8 resent(mean/max)=0.0/0.0 revs=142 | 31.2m eta39m
  ~~ demography: 9/16 in band  !! AGE STRUCTURE OUT OF BAND -> every marker above demography in the ladder is PROVISIONAL  worst: m_5_15=0.0373(3.73x), frac_motherless=0.0067(0.34x), band_med_adults=15(0.53x), surv_to_45=0.247(0.57x)
[ 6700/15000] pop=  2538 bd=  41 bigbd=4(med369.5) strat=0.0% giniC=0.296 dyn:eff=35.9 top=0.065 nlin=85 lpb=14.41/dom=0.29 mRSg=0.556 set=21(mx105,prim1.19) con=512.5 inst=23 ldT=0.297 | asc=0.026 gumsa=0.293 tenure=7.0y levy=7607805.8 resent(mean/max)=0.0/0.0 revs=143 | 31.3m eta39m
  ~~ demography: 9/16 in band  !! AGE STRUCTURE OUT OF BAND -> every marker above demography in the ladder is PROVISIONAL  worst: m_5_15=0.0373(3.73x), frac_motherless=0.0066(0.33x), band_med_adults=14(0.50x), surv_to_45=0.247(0.57x)
[ 6725/15000] pop=  2568 bd=  43 bigbd=3(med649) strat=0.0% giniC=0.294 dyn:eff=35.4 top=0.064 nlin=85 lpb=14.14/dom=0.293 mRSg=0.561 set=20(mx101,prim1.11) con=510.0 inst=23 ldT=0.175 | asc=0.026 gumsa=0.186 tenure=7.0y levy=8913586.0 resent(mean/max)=0.0/0.0 revs=143 | 31.4m eta39m
  ~~ demography: 9/16 in band  !! AGE STRUCTURE OUT OF BAND -> every marker above demography in the ladder is PROVISIONAL  worst: m_5_15=0.0373(3.73x), frac_motherless=0.0067(0.34x), band_med_adults=12(0.43x), surv_to_45=0.247(0.57x)
[ 6750/15000] pop=  2570 bd=  51 bigbd=2(med773.0) strat=0.0% giniC=0.293 dyn:eff=35.5 top=0.065 nlin=86 lpb=12.53/dom=0.306 mRSg=0.558 set=21(mx95,prim1.3) con=504.5 inst=31 ldT=0.417 | asc=0.015 gumsa=0.137 tenure=7.0y levy=6010553.8 resent(mean/max)=0.0/0.0 revs=143 | 31.5m eta39m
  !! SPATIAL: PACKED AND SPARSE AT ONCE (local 0.105 > 0.091 > regional 0.0163 /km2) on 15.6% of the land -- the population is NOT food-limited, it is failing to disperse; any carrying-capacity reading of this run is void
  ~~ demography: 9/16 in band  !! AGE STRUCTURE OUT OF BAND -> every marker above demography in the ladder is PROVISIONAL  worst: m_5_15=0.0373(3.73x), frac_motherless=0.004(0.20x), band_med_adults=12(0.43x), surv_to_45=0.247(0.57x)
[ 6775/15000] pop=  2612 bd=  51 bigbd=2(med793.5) strat=0.0% giniC=0.287 dyn:eff=36.5 top=0.063 nlin=87 lpb=12.63/dom=0.298 mRSg=0.563 set=19(mx104,prim1.13) con=467.0 inst=22 ldT=0.234 | asc=0.019 gumsa=0.118 tenure=7.0y levy=10229902.3 resent(mean/max)=0.0/0.0 revs=143 | 31.6m eta38m
  !! SPATIAL: PACKED AND SPARSE AT ONCE (local 0.100 > 0.091 > regional 0.0161 /km2) on 16.1% of the land -- the population is NOT food-limited, it is failing to disperse; any carrying-capacity reading of this run is void
  ~~ demography: 9/16 in band  !! AGE STRUCTURE OUT OF BAND -> every marker above demography in the ladder is PROVISIONAL  worst: m_5_15=0.0373(3.73x), frac_fatherless=0.0909(1.82x), band_med_adults=11.5(0.41x), surv_to_45=0.247(0.57x)
[ 6800/15000] pop=  2576 bd=  50 bigbd=2(med775.0) strat=0.0% giniC=0.283 dyn:eff=35.9 top=0.065 nlin=86 lpb=12.68/dom=0.307 mRSg=0.572 set=20(mx87,prim1.09) con=519.0 inst=20 ldT=0.422 | asc=0.017 gumsa=0.08 tenure=7.0y levy=8524091.3 resent(mean/max)=0.0/0.0 revs=144 | 31.7m eta38m
  ~~ demography: 10/16 in band  worst: m_5_15=0.0373(3.73x), frac_fatherless=0.0854(1.71x), band_med_adults=11(0.39x), surv_to_45=0.247(0.57x)
[ 6825/15000] pop=  2588 bd=  47 bigbd=4(med367.0) strat=0.0% giniC=0.285 dyn:eff=35.9 top=0.064 nlin=85 lpb=13.02/dom=0.315 mRSg=0.573 set=21(mx121,prim1.48) con=418.5 inst=23 ldT=0.2 | asc=0.019 gumsa=0.128 tenure=7.0y levy=9462692.2 resent(mean/max)=0.0/0.0 revs=144 | 31.8m eta38m
  !! SPATIAL: PACKED AND SPARSE AT ONCE (local 0.105 > 0.091 > regional 0.0155 /km2) on 14.8% of the land -- the population is NOT food-limited, it is failing to disperse; any carrying-capacity reading of this run is void
  ~~ demography: 11/16 in band  worst: m_5_15=0.0374(3.74x), band_med_adults=10.5(0.37x), surv_to_45=0.246(0.57x), surv_to_15=0.46(0.70x)
[ 6850/15000] pop=  2478 bd=  48 bigbd=2(med755.5) strat=0.0% giniC=0.288 dyn:eff=36.0 top=0.064 nlin=85 lpb=12.35/dom=0.308 mRSg=0.575 set=20(mx105,prim1.24) con=382.0 inst=20 ldT=0.225 | asc=0.021 gumsa=0.083 tenure=7.0y levy=9029759.9 resent(mean/max)=0.0/0.0 revs=144 | 32.0m eta38m
  ~~ demography: 10/16 in band  worst: m_5_15=0.0374(3.74x), band_med_adults=11(0.39x), frac_fatherless=0.0789(1.58x), surv_to_45=0.246(0.57x)
[ 6875/15000] pop=  2511 bd=  50 bigbd=3(med617) strat=0.0% giniC=0.288 dyn:eff=36.2 top=0.061 nlin=85 lpb=12.24/dom=0.29 mRSg=0.579 set=20(mx103,prim1.12) con=445.5 inst=20 ldT=0.217 | asc=0.029 gumsa=0.22 tenure=6.9y levy=12858575.8 resent(mean/max)=0.0/0.0 revs=144 | 32.1m eta38m
  ~~ demography: 11/16 in band  worst: m_5_15=0.0374(3.74x), band_med_adults=12.5(0.44x), surv_to_45=0.246(0.57x), surv_to_15=0.46(0.70x)
[ 6900/15000] pop=  2530 bd=  46 bigbd=3(med632) strat=0.0% giniC=0.287 dyn:eff=35.5 top=0.06 nlin=85 lpb=13.2/dom=0.29 mRSg=0.576 set=19(mx99,prim1.1) con=355.0 inst=18 ldT=0.325 | asc=0.027 gumsa=0.196 tenure=6.9y levy=8306487.9 resent(mean/max)=0.0/0.0 revs=144 | 32.1m eta38m
  ~~ demography: 11/16 in band  worst: m_5_15=0.0373(3.73x), band_med_adults=13(0.46x), surv_to_45=0.246(0.57x), surv_to_15=0.46(0.70x)
[ 6925/15000] pop=  2596 bd=  47 bigbd=4(med362.5) strat=0.0% giniC=0.288 dyn:eff=35.5 top=0.06 nlin=85 lpb=12.94/dom=0.305 mRSg=0.567 set=19(mx94,prim1.08) con=373.5 inst=20 ldT=0.209 | asc=0.039 gumsa=0.298 tenure=6.9y levy=9667563.4 resent(mean/max)=0.0/0.0 revs=145 | 32.3m eta38m
  ~~ demography: 10/16 in band  worst: m_5_15=0.0373(3.73x), frac_fatherless=0.085(1.70x), band_med_adults=14(0.50x), surv_to_45=0.246(0.57x)
[ 6950/15000] pop=  2611 bd=  45 bigbd=4(med358.0) strat=0.0% giniC=0.291 dyn:eff=35.8 top=0.057 nlin=84 lpb=13.91/dom=0.29 mRSg=0.554 set=20(mx91,prim1.03) con=439.0 inst=24 ldT=0.195 | asc=0.039 gumsa=0.356 tenure=6.9y levy=13533095.2 resent(mean/max)=0.0/0.0 revs=146 | 32.4m eta37m
  ~~ demography: 11/16 in band  worst: m_5_15=0.0374(3.74x), band_med_adults=13(0.46x), surv_to_45=0.246(0.57x), surv_to_15=0.46(0.70x)
[ 6975/15000] pop=  2574 bd=  44 bigbd=4(med350.0) strat=0.0% giniC=0.288 dyn:eff=35.4 top=0.058 nlin=84 lpb=14.23/dom=0.286 mRSg=0.551 set=21(mx98,prim1.38) con=433.0 inst=23 ldT=0.195 | asc=0.031 gumsa=0.295 tenure=6.9y levy=7069750.8 resent(mean/max)=0.0/0.0 revs=146 | 32.5m eta37m
  ~~ demography: 11/16 in band  worst: m_5_15=0.0374(3.74x), band_med_adults=15(0.53x), surv_to_45=0.246(0.57x), surv_to_15=0.46(0.70x)
[ 7000/15000] pop=  2638 bd=  44 bigbd=4(med367.0) strat=0.0% giniC=0.288 dyn:eff=35.9 top=0.059 nlin=83 lpb=14.23/dom=0.288 mRSg=0.55 set=20(mx100,prim1.0) con=435.0 inst=25 ldT=0.286 | asc=0.028 gumsa=0.227 tenure=6.9y levy=6199873.5 resent(mean/max)=0.0/0.0 revs=146 | 32.6m eta37m
  ~~ demography: 10/16 in band  !! AGE STRUCTURE OUT OF BAND -> every marker above demography in the ladder is PROVISIONAL  worst: m_5_15=0.0373(3.73x), band_med_adults=15(0.53x), surv_to_45=0.246(0.57x), surv_to_15=0.46(0.70x)
[ 7025/15000] pop=  2670 bd=  45 bigbd=4(med361.5) strat=0.0% giniC=0.289 dyn:eff=35.6 top=0.058 nlin=83 lpb=13.8/dom=0.297 mRSg=0.551 set=20(mx100,prim1.08) con=428.0 inst=23 ldT=0.256 | asc=0.02 gumsa=0.333 tenure=6.9y levy=8786280.0 resent(mean/max)=0.0/0.0 revs=148 | 32.8m eta37m
  ~~ demography: 9/16 in band  !! AGE STRUCTURE OUT OF BAND -> every marker above demography in the ladder is PROVISIONAL  worst: m_5_15=0.0374(3.74x), band_med_adults=12(0.43x), frac_fatherless=0.0757(1.51x), surv_to_45=0.246(0.57x)
[ 7050/15000] pop=  2658 bd=  47 bigbd=4(med373.5) strat=0.0% giniC=0.288 dyn:eff=36.2 top=0.063 nlin=83 lpb=13.19/dom=0.294 mRSg=0.553 set=22(mx94,prim1.11) con=441.0 inst=15 ldT=0.22 | asc=0.022 gumsa=0.234 tenure=6.9y levy=7758588.1 resent(mean/max)=0.0/0.0 revs=148 | 32.9m eta37m
  ~~ demography: 10/16 in band  !! AGE STRUCTURE OUT OF BAND -> every marker above demography in the ladder is PROVISIONAL  worst: m_5_15=0.0374(3.74x), band_med_adults=14(0.50x), surv_to_45=0.246(0.57x), surv_to_15=0.46(0.70x)
[ 7075/15000] pop=  2661 bd=  45 bigbd=4(med380.5) strat=0.0% giniC=0.292 dyn:eff=36.2 top=0.062 nlin=83 lpb=13.56/dom=0.288 mRSg=0.552 set=18(mx79,prim1.03) con=624.5 inst=20 ldT=0.244 | asc=0.032 gumsa=0.378 tenure=6.9y levy=7177506.3 resent(mean/max)=0.0/0.0 revs=148 | 33.0m eta37m
  ~~ demography: 9/16 in band  !! AGE STRUCTURE OUT OF BAND -> every marker above demography in the ladder is PROVISIONAL  worst: m_5_15=0.0374(3.74x), frac_motherless=0.0079(0.40x), band_med_adults=13.5(0.48x), surv_to_45=0.246(0.57x)
[ 7100/15000] pop=  2694 bd=  44 bigbd=4(med391.5) strat=0.0% giniC=0.29 dyn:eff=36.3 top=0.063 nlin=84 lpb=13.75/dom=0.288 mRSg=0.558 set=21(mx88,prim1.02) con=443.0 inst=22 ldT=0.136 | asc=0.029 gumsa=0.295 tenure=6.9y levy=10983299.0 resent(mean/max)=0.0/0.0 revs=148 | 33.1m eta37m
  ~~ demography: 10/16 in band  worst: m_5_15=0.0373(3.73x), frac_motherless=0.0067(0.34x), band_med_adults=14(0.50x), surv_to_45=0.247(0.57x)
[ 7125/15000] pop=  2731 bd=  44 bigbd=5(med77) strat=0.0% giniC=0.292 dyn:eff=36.8 top=0.062 nlin=85 lpb=13.41/dom=0.289 mRSg=0.56 set=19(mx100,prim1.22) con=465.0 inst=23 ldT=0.209 | asc=0.026 gumsa=0.227 tenure=6.9y levy=8825899.2 resent(mean/max)=0.0/0.0 revs=148 | 33.2m eta37m
  ~~ demography: 11/16 in band  worst: m_5_15=0.0374(3.74x), band_med_adults=14(0.50x), surv_to_45=0.246(0.57x), surv_to_15=0.46(0.70x)
[ 7150/15000] pop=  2666 bd=  43 bigbd=5(med78) strat=0.0% giniC=0.292 dyn:eff=36.6 top=0.064 nlin=86 lpb=13.74/dom=0.28 mRSg=0.562 set=22(mx115,prim1.29) con=393.5 inst=20 ldT=0.425 | asc=0.018 gumsa=0.209 tenure=6.9y levy=8761014.1 resent(mean/max)=0.0/0.0 revs=148 | 33.4m eta37m
  ~~ demography: 11/16 in band  worst: m_5_15=0.0374(3.74x), band_med_adults=14(0.50x), surv_to_45=0.246(0.57x), surv_to_15=0.46(0.70x)
[ 7175/15000] pop=  2651 bd=  42 bigbd=4(med391.5) strat=0.0% giniC=0.294 dyn:eff=37.1 top=0.066 nlin=85 lpb=13.81/dom=0.287 mRSg=0.566 set=21(mx106,prim1.15) con=391.0 inst=17 ldT=0.308 | asc=0.015 gumsa=0.262 tenure=6.9y levy=10015110.6 resent(mean/max)=0.0/0.0 revs=150 | 33.5m eta36m
  ~~ demography: 11/16 in band  worst: m_5_15=0.0374(3.74x), band_med_adults=13(0.46x), surv_to_45=0.246(0.57x), surv_to_15=0.46(0.70x)
[ 7200/15000] pop=  2706 bd=  44 bigbd=4(med385.0) strat=0.0% giniC=0.296 dyn:eff=36.7 top=0.065 nlin=85 lpb=13.59/dom=0.289 mRSg=0.554 set=21(mx112,prim1.2) con=455.0 inst=23 ldT=0.282 | asc=0.019 gumsa=0.273 tenure=6.9y levy=9970616.4 resent(mean/max)=0.0/0.0 revs=150 | 33.6m eta36m
  !! SPATIAL: PACKED AND SPARSE AT ONCE (local 0.101 > 0.091 > regional 0.0170 /km2) on 16.9% of the land -- the population is NOT food-limited, it is failing to disperse; any carrying-capacity reading of this run is void
  ~~ demography: 11/16 in band  worst: m_5_15=0.0374(3.74x), band_med_adults=14(0.50x), surv_to_45=0.245(0.57x), surv_to_15=0.46(0.70x)
[ 7225/15000] pop=  2720 bd=  42 bigbd=4(med389.5) strat=0.0% giniC=0.295 dyn:eff=36.5 top=0.065 nlin=86 lpb=13.98/dom=0.278 mRSg=0.557 set=20(mx115,prim1.37) con=436.0 inst=19 ldT=0.25 | asc=0.016 gumsa=0.262 tenure=6.9y levy=11922154.5 resent(mean/max)=0.0/0.0 revs=150 | 33.7m eta36m
  ~~ demography: 11/16 in band  worst: m_5_15=0.0375(3.75x), band_med_adults=13(0.46x), surv_to_45=0.245(0.57x), surv_to_15=0.459(0.70x)
[ 7250/15000] pop=  2685 bd=  41 bigbd=5(med64) strat=0.0% giniC=0.297 dyn:eff=36.1 top=0.067 nlin=86 lpb=14.0/dom=0.293 mRSg=0.557 set=20(mx122,prim1.37) con=404.5 inst=21 ldT=0.225 | asc=0.017 gumsa=0.341 tenure=6.9y levy=8245307.2 resent(mean/max)=0.0/0.0 revs=150 | 33.9m eta36m
  !! SPATIAL: PACKED AND SPARSE AT ONCE (local 0.104 > 0.091 > regional 0.0168 /km2) on 16.1% of the land -- the population is NOT food-limited, it is failing to disperse; any carrying-capacity reading of this run is void
  ~~ demography: 11/16 in band  worst: m_5_15=0.0375(3.75x), band_med_adults=12(0.43x), surv_to_45=0.245(0.57x), surv_to_15=0.459(0.70x)
[ 7275/15000] pop=  2685 bd=  43 bigbd=4(med392.0) strat=0.0% giniC=0.293 dyn:eff=36.4 top=0.068 nlin=86 lpb=13.33/dom=0.299 mRSg=0.564 set=20(mx112,prim1.51) con=446.0 inst=27 ldT=0.341 | asc=0.016 gumsa=0.279 tenure=6.9y levy=9392108.4 resent(mean/max)=0.0/0.0 revs=150 | 34.0m eta36m
  !! SPATIAL: PACKED AND SPARSE AT ONCE (local 0.102 > 0.091 > regional 0.0171 /km2) on 16.7% of the land -- the population is NOT food-limited, it is failing to disperse; any carrying-capacity reading of this run is void
  ~~ demography: 11/16 in band  worst: m_5_15=0.0375(3.75x), band_med_adults=12(0.43x), surv_to_45=0.245(0.57x), surv_to_15=0.459(0.70x)
[ 7300/15000] pop=  2735 bd=  45 bigbd=3(med742) strat=0.0% giniC=0.295 dyn:eff=36.7 top=0.065 nlin=87 lpb=12.73/dom=0.313 mRSg=0.564 set=21(mx106,prim1.2) con=484.0 inst=16 ldT=0.116 | asc=0.014 gumsa=0.178 tenure=6.9y levy=8063423.8 resent(mean/max)=0.0/0.0 revs=150 | 34.1m eta36m
  ~~ demography: 11/16 in band  worst: m_5_15=0.0375(3.75x), band_med_adults=13(0.46x), surv_to_45=0.245(0.57x), surv_to_15=0.459(0.70x)
[ 7325/15000] pop=  2738 bd=  42 bigbd=5(med72) strat=0.0% giniC=0.294 dyn:eff=36.9 top=0.063 nlin=85 lpb=13.4/dom=0.307 mRSg=0.558 set=20(mx110,prim1.57) con=485.0 inst=17 ldT=0.184 | asc=0.011 gumsa=0.19 tenure=6.9y levy=8928506.5 resent(mean/max)=0.0/0.0 revs=151 | 34.2m eta36m
  !! SPATIAL: PACKED AND SPARSE AT ONCE (local 0.105 > 0.091 > regional 0.0170 /km2) on 16.2% of the land -- the population is NOT food-limited, it is failing to disperse; any carrying-capacity reading of this run is void
  ~~ demography: 9/16 in band  !! AGE STRUCTURE OUT OF BAND -> every marker above demography in the ladder is PROVISIONAL  worst: m_5_15=0.0375(3.75x), band_med_adults=12(0.43x), frac_motherless=0.0093(0.46x), surv_to_45=0.245(0.57x)
[ 7350/15000] pop=  2724 bd=  42 bigbd=4(med409.0) strat=0.0% giniC=0.294 dyn:eff=37.0 top=0.063 nlin=84 lpb=12.74/dom=0.301 mRSg=0.553 set=21(mx114,prim1.18) con=584.0 inst=23 ldT=0.263 | asc=0.007 gumsa=0.095 tenure=6.9y levy=8598978.1 resent(mean/max)=0.0/0.0 revs=152 | 34.3m eta36m
  !! SPATIAL: PACKED AND SPARSE AT ONCE (local 0.100 > 0.091 > regional 0.0171 /km2) on 17.0% of the land -- the population is NOT food-limited, it is failing to disperse; any carrying-capacity reading of this run is void
  ~~ demography: 9/16 in band  !! AGE STRUCTURE OUT OF BAND -> every marker above demography in the ladder is PROVISIONAL  worst: m_5_15=0.0375(3.75x), band_med_adults=12(0.43x), frac_motherless=0.0093(0.46x), surv_to_45=0.245(0.57x)
[ 7375/15000] pop=  2732 bd=  42 bigbd=5(med71) strat=0.0% giniC=0.294 dyn:eff=36.8 top=0.063 nlin=84 lpb=13.0/dom=0.293 mRSg=0.564 set=21(mx112,prim1.17) con=622.0 inst=17 ldT=0.459 | asc=0.014 gumsa=0.119 tenure=6.9y levy=7348712.3 resent(mean/max)=0.0/0.0 revs=152 | 34.4m eta36m
  !! SPATIAL: PACKED AND SPARSE AT ONCE (local 0.106 > 0.091 > regional 0.0170 /km2) on 16.0% of the land -- the population is NOT food-limited, it is failing to disperse; any carrying-capacity reading of this run is void
  ~~ demography: 10/16 in band  worst: m_5_15=0.0375(3.75x), frac_fatherless=0.078(1.56x), band_med_adults=13(0.46x), surv_to_45=0.245(0.57x)
[ 7400/15000] pop=  2721 bd=  39 bigbd=5(med64) strat=0.0% giniC=0.296 dyn:eff=37.2 top=0.064 nlin=84 lpb=13.92/dom=0.292 mRSg=0.575 set=21(mx120,prim1.3) con=428.0 inst=14 ldT=0.154 | asc=0.011 gumsa=0.103 tenure=6.9y levy=7094795.8 resent(mean/max)=0.0/0.0 revs=152 | 34.6m eta36m
  !! SPATIAL: PACKED AND SPARSE AT ONCE (local 0.108 > 0.091 > regional 0.0169 /km2) on 15.6% of the land -- the population is NOT food-limited, it is failing to disperse; any carrying-capacity reading of this run is void
  ~~ demography: 11/16 in band  worst: m_5_15=0.0376(3.76x), band_med_adults=12(0.43x), surv_to_45=0.245(0.57x), surv_to_15=0.458(0.69x)
[ 7425/15000] pop=  2697 bd=  43 bigbd=5(med72) strat=0.0% giniC=0.301 dyn:eff=37.9 top=0.061 nlin=85 lpb=13.84/dom=0.288 mRSg=0.573 set=21(mx105,prim1.4) con=409.0 inst=19 ldT=0.444 | asc=0.009 gumsa=0.093 tenure=6.9y levy=9979694.0 resent(mean/max)=0.0/0.0 revs=153 | 34.7m eta35m
  ~~ demography: 10/16 in band  worst: m_5_15=0.0375(3.75x), frac_fatherless=0.0853(1.71x), band_med_adults=13(0.46x), surv_to_45=0.244(0.57x)
[ 7450/15000] pop=  2662 bd=  41 bigbd=4(med383.5) strat=0.0% giniC=0.304 dyn:eff=39.3 top=0.062 nlin=87 lpb=14.32/dom=0.285 mRSg=0.582 set=21(mx110,prim1.43) con=403.0 inst=21 ldT=0.286 | asc=0.011 gumsa=0.098 tenure=6.9y levy=9984048.6 resent(mean/max)=0.0/0.0 revs=153 | 34.8m eta35m
  ~~ demography: 11/16 in band  worst: m_5_15=0.0376(3.76x), band_med_adults=13.5(0.48x), surv_to_45=0.244(0.57x), surv_to_15=0.458(0.69x)
[ 7475/15000] pop=  2649 bd=  40 bigbd=5(med69) strat=0.0% giniC=0.303 dyn:eff=38.9 top=0.062 nlin=87 lpb=14.35/dom=0.286 mRSg=0.575 set=22(mx116,prim1.35) con=333.5 inst=19 ldT=0.265 | asc=0.011 gumsa=0.075 tenure=6.9y levy=8208621.4 resent(mean/max)=0.0/0.0 revs=153 | 34.9m eta35m
  ~~ demography: 10/16 in band  worst: m_5_15=0.0376(3.76x), frac_motherless=0.0068(0.34x), band_med_adults=15(0.53x), surv_to_45=0.244(0.57x)
[ 7500/15000] pop=  2671 bd=  36 bigbd=5(med73) strat=0.0% giniC=0.303 dyn:eff=39.1 top=0.062 nlin=87 lpb=15.69/dom=0.283 mRSg=0.57 set=20(mx97,prim1.21) con=379.5 inst=20 ldT=0.229 | asc=0.013 gumsa=0.139 tenure=6.9y levy=8671128.4 resent(mean/max)=0.0/0.0 revs=153 | 35.1m eta35m
  !! SPATIAL: PACKED AND SPARSE AT ONCE (local 0.104 > 0.091 > regional 0.0166 /km2) on 16.0% of the land -- the population is NOT food-limited, it is failing to disperse; any carrying-capacity reading of this run is void
  ~~ demography: 11/16 in band  worst: m_5_15=0.0376(3.76x), band_med_adults=14(0.50x), surv_to_45=0.244(0.57x), surv_to_15=0.458(0.69x)
[ 7525/15000] pop=  2661 bd=  36 bigbd=6(med64.5) strat=0.0% giniC=0.302 dyn:eff=39.9 top=0.057 nlin=89 lpb=15.03/dom=0.289 mRSg=0.57 set=20(mx116,prim1.55) con=453.0 inst=15 ldT=0.294 | asc=0.008 gumsa=0.111 tenure=6.9y levy=9765132.9 resent(mean/max)=0.0/0.0 revs=154 | 35.2m eta35m
  !! SPATIAL: PACKED AND SPARSE AT ONCE (local 0.106 > 0.091 > regional 0.0163 /km2) on 15.4% of the land -- the population is NOT food-limited, it is failing to disperse; any carrying-capacity reading of this run is void
  ~~ demography: 10/16 in band  worst: m_5_15=0.0376(3.76x), frac_fatherless=0.0835(1.67x), band_med_adults=13(0.46x), surv_to_45=0.244(0.57x)
[ 7550/15000] pop=  2609 bd=  37 bigbd=5(med71) strat=0.0% giniC=0.303 dyn:eff=39.9 top=0.057 nlin=88 lpb=14.68/dom=0.281 mRSg=0.573 set=21(mx110,prim1.06) con=401.5 inst=11 ldT=0.152 | asc=0.007 gumsa=0.108 tenure=6.9y levy=8550365.6 resent(mean/max)=0.0/0.0 revs=154 | 35.3m eta35m
  !! SPATIAL: PACKED AND SPARSE AT ONCE (local 0.101 > 0.091 > regional 0.0164 /km2) on 16.2% of the land -- the population is NOT food-limited, it is failing to disperse; any carrying-capacity reading of this run is void
  ~~ demography: 10/16 in band  worst: m_5_15=0.0376(3.76x), frac_motherless=0.0043(0.21x), band_med_adults=12(0.43x), surv_to_45=0.244(0.57x)
[ 7575/15000] pop=  2623 bd=  37 bigbd=5(med70) strat=0.0% giniC=0.3 dyn:eff=40.0 top=0.058 nlin=88 lpb=14.24/dom=0.289 mRSg=0.575 set=19(mx116,prim1.33) con=399.5 inst=16 ldT=0.265 | asc=0.008 gumsa=0.108 tenure=6.9y levy=8793924.4 resent(mean/max)=0.0/0.0 revs=154 | 35.4m eta35m
  ~~ demography: 9/16 in band  worst: m_5_15=0.0376(3.76x), frac_motherless=0.0028(0.14x), frac_fatherless=0.0793(1.59x), band_med_adults=12(0.43x)
[ 7600/15000] pop=  2649 bd=  39 bigbd=6(med62.0) strat=0.0% giniC=0.296 dyn:eff=40.0 top=0.058 nlin=88 lpb=14.03/dom=0.292 mRSg=0.571 set=22(mx108,prim1.27) con=401.0 inst=17 ldT=0.378 | asc=0.012 gumsa=0.231 tenure=6.9y levy=6616097.2 resent(mean/max)=0.0/0.0 revs=155 | 35.6m eta35m
  ~~ demography: 10/16 in band  worst: m_5_15=0.0376(3.76x), frac_motherless=0.0072(0.36x), band_med_adults=13(0.46x), surv_to_45=0.243(0.57x)
[ 7625/15000] pop=  2608 bd=  35 bigbd=5(med64) strat=0.0% giniC=0.295 dyn:eff=40.0 top=0.056 nlin=87 lpb=15.51/dom=0.267 mRSg=0.569 set=22(mx122,prim1.09) con=563.5 inst=17 ldT=0.452 | asc=0.018 gumsa=0.2 tenure=6.9y levy=6112769.8 resent(mean/max)=0.0/0.0 revs=156 | 35.7m eta34m
  ~~ demography: 10/16 in band  worst: m_5_15=0.0377(3.77x), frac_motherless=0.0059(0.29x), band_med_adults=13.5(0.48x), surv_to_45=0.243(0.57x)
[ 7650/15000] pop=  2568 bd=  34 bigbd=5(med64) strat=0.0% giniC=0.298 dyn:eff=40.1 top=0.058 nlin=87 lpb=15.62/dom=0.27 mRSg=0.567 set=21(mx123,prim1.04) con=576.0 inst=14 ldT=0.147 | asc=0.014 gumsa=0.206 tenure=6.9y levy=7356789.0 resent(mean/max)=0.0/0.0 revs=156 | 35.8m eta34m
  ~~ demography: 10/16 in band  worst: m_5_15=0.0377(3.77x), frac_motherless=0.0085(0.43x), band_med_adults=12(0.43x), surv_to_45=0.242(0.56x)
[ 7675/15000] pop=  2515 bd=  35 bigbd=5(med67) strat=0.0% giniC=0.298 dyn:eff=40.3 top=0.056 nlin=87 lpb=14.43/dom=0.296 mRSg=0.563 set=21(mx105,prim1.02) con=426.0 inst=18 ldT=0.241 | asc=0.015 gumsa=0.314 tenure=6.9y levy=8402270.8 resent(mean/max)=0.0/0.0 revs=156 | 35.9m eta34m
  ~~ demography: 11/16 in band  worst: m_5_15=0.0377(3.77x), band_med_adults=12(0.43x), surv_to_45=0.242(0.56x), surv_to_15=0.457(0.69x)
[ 7700/15000] pop=  2542 bd=  34 bigbd=6(med67.5) strat=0.0% giniC=0.3 dyn:eff=40.3 top=0.057 nlin=88 lpb=14.76/dom=0.302 mRSg=0.565 set=20(mx115,prim1.05) con=415.5 inst=18 ldT=0.147 | asc=0.022 gumsa=0.206 tenure=6.9y levy=8977983.2 resent(mean/max)=0.0/0.0 revs=156 | 36.0m eta34m
  ~~ demography: 10/16 in band  !! AGE STRUCTURE OUT OF BAND -> every marker above demography in the ladder is PROVISIONAL  worst: m_5_15=0.0377(3.77x), band_med_adults=13.5(0.48x), surv_to_45=0.242(0.56x), surv_to_15=0.457(0.69x)
[ 7725/15000] pop=  2560 bd=  34 bigbd=6(med66.5) strat=0.0% giniC=0.301 dyn:eff=40.1 top=0.057 nlin=88 lpb=14.94/dom=0.283 mRSg=0.572 set=21(mx106,prim1.08) con=341.0 inst=17 ldT=0.323 | asc=0.019 gumsa=0.265 tenure=6.9y levy=10748203.0 resent(mean/max)=0.0/0.0 revs=157 | 36.1m eta34m
  ~~ demography: 9/16 in band  !! AGE STRUCTURE OUT OF BAND -> every marker above demography in the ladder is PROVISIONAL  worst: m_5_15=0.0378(3.78x), frac_fatherless=0.0812(1.62x), band_med_adults=11.5(0.41x), surv_to_45=0.241(0.56x)
[ 7750/15000] pop=  2454 bd=  32 bigbd=6(med73.5) strat=0.0% giniC=0.299 dyn:eff=38.9 top=0.059 nlin=88 lpb=15.12/dom=0.27 mRSg=0.573 set=20(mx91,prim1.05) con=343.0 inst=9 ldT=0.379 | asc=0.017 gumsa=0.25 tenure=6.9y levy=10420562.9 resent(mean/max)=0.0/0.0 revs=158 | 36.2m eta34m
  ~~ demography: 8/16 in band  !! AGE STRUCTURE OUT OF BAND -> every marker above demography in the ladder is PROVISIONAL  worst: m_5_15=0.0377(3.77x), frac_fatherless=0.0922(1.84x), band_med_adults=13(0.46x), frac_motherless=0.0098(0.49x)
[ 7775/15000] pop=  2514 bd=  33 bigbd=6(med77.5) strat=0.0% giniC=0.297 dyn:eff=39.1 top=0.062 nlin=89 lpb=15.06/dom=0.274 mRSg=0.571 set=21(mx105,prim1.18) con=363.5 inst=15 ldT=0.129 | asc=0.018 gumsa=0.242 tenure=6.9y levy=9496994.2 resent(mean/max)=0.0/0.0 revs=158 | 36.3m eta34m
  ~~ demography: 9/16 in band  !! AGE STRUCTURE OUT OF BAND -> every marker above demography in the ladder is PROVISIONAL  worst: m_5_15=0.0378(3.78x), frac_motherless=0.0086(0.43x), band_med_adults=13(0.46x), surv_to_45=0.241(0.56x)
[ 7800/15000] pop=  2489 bd=  35 bigbd=5(med83) strat=0.0% giniC=0.297 dyn:eff=39.6 top=0.059 nlin=89 lpb=14.91/dom=0.281 mRSg=0.574 set=20(mx122,prim1.45) con=347.0 inst=12 ldT=0.367 | asc=0.021 gumsa=0.257 tenure=6.9y levy=13883451.4 resent(mean/max)=0.0/0.0 revs=158 | 36.4m eta34m
  !! SPATIAL: PACKED AND SPARSE AT ONCE (local 0.102 > 0.091 > regional 0.0155 /km2) on 15.2% of the land -- the population is NOT food-limited, it is failing to disperse; any carrying-capacity reading of this run is void
  ~~ demography: 9/16 in band  !! AGE STRUCTURE OUT OF BAND -> every marker above demography in the ladder is PROVISIONAL  worst: m_5_15=0.0378(3.78x), frac_motherless=0.0074(0.37x), band_med_adults=12(0.43x), surv_to_45=0.241(0.56x)
[ 7825/15000] pop=  2482 bd=  37 bigbd=4(med380.0) strat=0.0% giniC=0.297 dyn:eff=39.7 top=0.058 nlin=89 lpb=14.27/dom=0.293 mRSg=0.583 set=21(mx117,prim1.38) con=311.0 inst=13 ldT=0.355 | asc=0.017 gumsa=0.135 tenure=6.9y levy=10496821.8 resent(mean/max)=0.0/0.0 revs=158 | 36.6m eta34m
  ~~ demography: 10/16 in band  worst: m_5_15=0.0378(3.78x), band_med_adults=11.5(0.41x), frac_fatherless=0.0752(1.50x), surv_to_45=0.241(0.56x)
[ 7850/15000] pop=  2473 bd=  36 bigbd=4(med383.0) strat=0.0% giniC=0.296 dyn:eff=39.2 top=0.061 nlin=89 lpb=14.33/dom=0.292 mRSg=0.588 set=20(mx100,prim1.06) con=330.5 inst=12 ldT=0.167 | asc=0.013 gumsa=0.111 tenure=6.9y levy=11493998.7 resent(mean/max)=0.0/0.0 revs=159 | 36.7m eta33m
  ~~ demography: 11/16 in band  worst: m_5_15=0.0378(3.78x), band_med_adults=12.5(0.44x), surv_to_45=0.241(0.56x), surv_to_15=0.456(0.69x)
[ 7875/15000] pop=  2467 bd=  34 bigbd=5(med80) strat=0.0% giniC=0.297 dyn:eff=39.3 top=0.063 nlin=89 lpb=14.79/dom=0.275 mRSg=0.581 set=21(mx91,prim1.02) con=323.5 inst=17 ldT=0.212 | asc=0.016 gumsa=0.118 tenure=6.9y levy=7388968.3 resent(mean/max)=0.0/0.0 revs=159 | 36.8m eta33m
  ~~ demography: 11/16 in band  worst: m_5_15=0.0379(3.79x), band_med_adults=11(0.39x), surv_to_45=0.241(0.56x), surv_to_15=0.456(0.69x)
[ 7900/15000] pop=  2430 bd=  36 bigbd=5(med82) strat=0.0% giniC=0.3 dyn:eff=38.9 top=0.058 nlin=89 lpb=14.03/dom=0.289 mRSg=0.578 set=20(mx104,prim1.33) con=270.0 inst=12 ldT=0.094 | asc=0.01 gumsa=0.056 tenure=6.9y levy=5991837.1 resent(mean/max)=0.0/0.0 revs=161 | 36.9m eta33m
  ~~ demography: 11/16 in band  worst: m_5_15=0.0379(3.79x), band_med_adults=11(0.39x), surv_to_45=0.241(0.56x), surv_to_15=0.455(0.69x)
[ 7925/15000] pop=  2433 bd=  35 bigbd=5(med78) strat=0.0% giniC=0.298 dyn:eff=38.4 top=0.06 nlin=89 lpb=14.34/dom=0.284 mRSg=0.577 set=21(mx98,prim1.21) con=267.0 inst=14 ldT=0.229 | asc=0.007 gumsa=0.057 tenure=6.9y levy=6030277.9 resent(mean/max)=0.0/0.0 revs=161 | 37.0m eta33m
  ~~ demography: 10/16 in band  !! AGE STRUCTURE OUT OF BAND -> every marker above demography in the ladder is PROVISIONAL  worst: m_5_15=0.0378(3.78x), band_med_adults=13(0.46x), surv_to_45=0.241(0.56x), surv_to_15=0.456(0.69x)
[ 7950/15000] pop=  2470 bd=  34 bigbd=5(med75) strat=0.0% giniC=0.294 dyn:eff=38.3 top=0.064 nlin=89 lpb=14.74/dom=0.278 mRSg=0.574 set=20(mx109,prim1.33) con=265.0 inst=17 ldT=0.242 | asc=0.01 gumsa=0.118 tenure=6.9y levy=7662277.2 resent(mean/max)=0.0/0.0 revs=161 | 37.2m eta33m
  ~~ demography: 10/16 in band  worst: m_5_15=0.0379(3.79x), frac_fatherless=0.083(1.66x), band_med_adults=13.5(0.48x), surv_to_45=0.241(0.56x)
[ 7975/15000] pop=  2469 bd=  36 bigbd=4(med357.5) strat=0.0% giniC=0.296 dyn:eff=38.2 top=0.066 nlin=89 lpb=14.56/dom=0.266 mRSg=0.577 set=21(mx108,prim1.05) con=321.0 inst=15 ldT=0.25 | asc=0.011 gumsa=0.111 tenure=6.9y levy=11498526.4 resent(mean/max)=0.0/0.0 revs=161 | 37.3m eta33m
  ~~ demography: 9/16 in band  worst: m_5_15=0.0379(3.79x), frac_motherless=0.0071(0.36x), frac_fatherless=0.0814(1.63x), band_med_adults=13(0.46x)
[ 8000/15000] pop=  2461 bd=  36 bigbd=4(med345.0) strat=0.0% giniC=0.299 dyn:eff=38.6 top=0.065 nlin=89 lpb=14.67/dom=0.265 mRSg=0.573 set=21(mx94,prim1.13) con=310.0 inst=14 ldT=0.3 | asc=0.012 gumsa=0.056 tenure=6.9y levy=9557223.3 resent(mean/max)=0.0/0.0 revs=162 | 37.4m eta33m
  ~~ demography: 9/16 in band  !! AGE STRUCTURE OUT OF BAND -> every marker above demography in the ladder is PROVISIONAL  worst: m_5_15=0.0379(3.79x), frac_motherless=0.0056(0.28x), band_med_adults=11(0.39x), surv_to_45=0.24(0.56x)
[ 8025/15000] pop=  2450 bd=  38 bigbd=3(med632) strat=0.0% giniC=0.299 dyn:eff=38.2 top=0.06 nlin=89 lpb=13.71/dom=0.289 mRSg=0.567 set=21(mx95,prim1.3) con=312.0 inst=20 ldT=0.364 | asc=0.01 gumsa=0.053 tenure=6.9y levy=11436795.2 resent(mean/max)=0.0/0.0 revs=162 | 37.5m eta33m
  !! SPATIAL: PACKED AND SPARSE AT ONCE (local 0.102 > 0.091 > regional 0.0158 /km2) on 15.4% of the land -- the population is NOT food-limited, it is failing to disperse; any carrying-capacity reading of this run is void
  ~~ demography: 9/16 in band  !! AGE STRUCTURE OUT OF BAND -> every marker above demography in the ladder is PROVISIONAL  worst: m_5_15=0.0379(3.79x), frac_motherless=0.0053(0.27x), band_med_adults=11.5(0.41x), surv_to_45=0.241(0.56x)
[ 8050/15000] pop=  2521 bd=  38 bigbd=3(med675) strat=0.0% giniC=0.3 dyn:eff=38.2 top=0.06 nlin=88 lpb=13.32/dom=0.306 mRSg=0.566 set=21(mx105,prim1.07) con=309.0 inst=8 ldT=0.054 | asc=0.011 gumsa=0.053 tenure=6.9y levy=9987864.7 resent(mean/max)=0.0/0.0 revs=162 | 37.6m eta32m
  ~~ demography: 9/16 in band  !! AGE STRUCTURE OUT OF BAND -> every marker above demography in the ladder is PROVISIONAL  worst: m_5_15=0.0379(3.79x), band_med_adults=11.5(0.41x), frac_fatherless=0.0787(1.57x), surv_to_45=0.241(0.56x)
[ 8075/15000] pop=  2521 bd=  36 bigbd=3(med653) strat=0.0% giniC=0.3 dyn:eff=37.2 top=0.063 nlin=88 lpb=13.89/dom=0.296 mRSg=0.561 set=21(mx113,prim1.18) con=346.0 inst=9 ldT=0.235 | asc=0.015 gumsa=0.083 tenure=6.9y levy=10256075.2 resent(mean/max)=0.0/0.0 revs=162 | 37.7m eta32m
  ~~ demography: 9/16 in band  !! AGE STRUCTURE OUT OF BAND -> every marker above demography in the ladder is PROVISIONAL  worst: m_5_15=0.0379(3.79x), frac_motherless=0.0057(0.29x), band_med_adults=11(0.39x), surv_to_45=0.24(0.56x)
[ 8100/15000] pop=  2482 bd=  37 bigbd=3(med621) strat=0.0% giniC=0.299 dyn:eff=36.8 top=0.067 nlin=89 lpb=13.59/dom=0.294 mRSg=0.568 set=19(mx133,prim1.3) con=370.0 inst=15 ldT=0.455 | asc=0.012 gumsa=0.081 tenure=6.9y levy=9893230.0 resent(mean/max)=0.0/0.0 revs=162 | 37.8m eta32m
  !! SPATIAL: PACKED AND SPARSE AT ONCE (local 0.100 > 0.091 > regional 0.0155 /km2) on 15.5% of the land -- the population is NOT food-limited, it is failing to disperse; any carrying-capacity reading of this run is void
  ~~ demography: 10/16 in band  worst: m_5_15=0.038(3.80x), frac_motherless=0.0058(0.29x), band_med_adults=13(0.46x), surv_to_45=0.24(0.56x)
[ 8125/15000] pop=  2483 bd=  37 bigbd=3(med629) strat=0.0% giniC=0.297 dyn:eff=37.5 top=0.065 nlin=90 lpb=13.97/dom=0.294 mRSg=0.57 set=21(mx138,prim1.41) con=379.0 inst=10 ldT=0.108 | asc=0.018 gumsa=0.135 tenure=6.9y levy=11119891.6 resent(mean/max)=0.0/0.0 revs=162 | 38.0m eta32m
  ~~ demography: 10/16 in band  worst: m_5_15=0.038(3.80x), frac_motherless=0.0045(0.22x), band_med_adults=14(0.50x), surv_to_45=0.24(0.56x)
[ 8150/15000] pop=  2516 bd=  36 bigbd=2(med883.0) strat=0.0% giniC=0.295 dyn:eff=37.9 top=0.066 nlin=91 lpb=14.5/dom=0.281 mRSg=0.574 set=21(mx122,prim1.08) con=364.0 inst=15 ldT=0.257 | asc=0.014 gumsa=0.167 tenure=6.9y levy=8678405.9 resent(mean/max)=0.0/0.0 revs=163 | 38.1m eta32m
  ~~ demography: 9/16 in band  worst: m_5_15=0.0379(3.79x), frac_motherless=0.0045(0.22x), frac_fatherless=0.0848(1.70x), band_med_adults=13(0.46x)
[ 8175/15000] pop=  2530 bd=  38 bigbd=4(med337.0) strat=0.0% giniC=0.291 dyn:eff=37.5 top=0.066 nlin=92 lpb=14.34/dom=0.292 mRSg=0.583 set=21(mx104,prim1.11) con=300.5 inst=21 ldT=0.333 | asc=0.008 gumsa=0.105 tenure=6.9y levy=9309446.7 resent(mean/max)=0.0/0.0 revs=163 | 38.2m eta32m
  ~~ demography: 11/16 in band  worst: m_5_15=0.038(3.80x), band_med_adults=12(0.43x), surv_to_45=0.24(0.56x), surv_to_15=0.454(0.69x)
[ 8200/15000] pop=  2439 bd=  35 bigbd=2(med871.5) strat=0.0% giniC=0.293 dyn:eff=37.2 top=0.068 nlin=91 lpb=14.06/dom=0.287 mRSg=0.589 set=21(mx99,prim1.43) con=332.0 inst=12 ldT=0.375 | asc=0.013 gumsa=0.143 tenure=6.9y levy=8291249.0 resent(mean/max)=0.0/0.0 revs=163 | 38.3m eta32m
  ~~ demography: 10/16 in band  worst: m_5_15=0.038(3.80x), frac_motherless=0.0079(0.40x), band_med_adults=14(0.50x), surv_to_45=0.24(0.56x)
[ 8225/15000] pop=  2455 bd=  35 bigbd=2(med873.0) strat=0.0% giniC=0.295 dyn:eff=37.2 top=0.07 nlin=90 lpb=14.2/dom=0.282 mRSg=0.594 set=21(mx93,prim1.09) con=271.0 inst=21 ldT=0.265 | asc=0.011 gumsa=0.143 tenure=6.9y levy=8685249.3 resent(mean/max)=0.0/0.0 revs=164 | 38.4m eta32m
  ~~ demography: 10/16 in band  worst: m_5_15=0.038(3.80x), frac_motherless=0.0079(0.40x), band_med_adults=12(0.43x), surv_to_45=0.24(0.56x)
[ 8250/15000] pop=  2459 bd=  36 bigbd=3(med584) strat=0.0% giniC=0.294 dyn:eff=36.4 top=0.069 nlin=89 lpb=13.56/dom=0.303 mRSg=0.589 set=21(mx93,prim1.07) con=270.0 inst=16 ldT=0.242 | asc=0.012 gumsa=0.167 tenure=6.9y levy=6211148.0 resent(mean/max)=0.0/0.0 revs=164 | 38.5m eta31m
  ~~ demography: 10/16 in band  worst: m_5_15=0.038(3.80x), frac_motherless=0.0047(0.24x), band_med_adults=12(0.43x), surv_to_45=0.24(0.56x)
[ 8275/15000] pop=  2407 bd=  37 bigbd=4(med306.0) strat=0.0% giniC=0.295 dyn:eff=36.8 top=0.067 nlin=90 lpb=13.62/dom=0.288 mRSg=0.587 set=20(mx101,prim1.16) con=383.0 inst=12 ldT=0.25 | asc=0.011 gumsa=0.135 tenure=6.9y levy=9218473.4 resent(mean/max)=0.0/0.0 revs=165 | 38.6m eta31m
  ~~ demography: 11/16 in band  worst: m_5_15=0.038(3.80x), band_med_adults=12(0.43x), surv_to_45=0.24(0.56x), surv_to_15=0.454(0.69x)
[ 8300/15000] pop=  2420 bd=  36 bigbd=3(med574) strat=0.0% giniC=0.297 dyn:eff=36.8 top=0.066 nlin=88 lpb=13.86/dom=0.294 mRSg=0.576 set=20(mx107,prim1.49) con=354.0 inst=11 ldT=0.484 | asc=0.01 gumsa=0.194 tenure=6.9y levy=9168333.8 resent(mean/max)=0.0/0.0 revs=165 | 38.7m eta31m
  ~~ demography: 11/16 in band  worst: m_5_15=0.038(3.80x), band_med_adults=12(0.43x), surv_to_45=0.239(0.56x), surv_to_15=0.454(0.69x)
[ 8325/15000] pop=  2429 bd=  34 bigbd=3(med574) strat=0.0% giniC=0.295 dyn:eff=36.0 top=0.068 nlin=87 lpb=14.26/dom=0.282 mRSg=0.574 set=22(mx93,prim1.15) con=360.0 inst=9 ldT=0.29 | asc=0.012 gumsa=0.206 tenure=6.9y levy=7181323.7 resent(mean/max)=0.0/0.0 revs=165 | 38.8m eta31m
  ~~ demography: 11/16 in band  worst: m_5_15=0.038(3.80x), band_med_adults=14(0.50x), surv_to_45=0.24(0.56x), surv_to_15=0.454(0.69x)
[ 8350/15000] pop=  2451 bd=  34 bigbd=3(med562) strat=0.0% giniC=0.294 dyn:eff=34.7 top=0.073 nlin=86 lpb=14.24/dom=0.296 mRSg=0.571 set=21(mx76,prim1.01) con=367.0 inst=12 ldT=0.294 | asc=0.009 gumsa=0.147 tenure=6.9y levy=11318880.4 resent(mean/max)=0.0/0.0 revs=165 | 38.9m eta31m
  ~~ demography: 11/16 in band  worst: m_5_15=0.038(3.80x), band_med_adults=12.5(0.44x), surv_to_45=0.239(0.56x), surv_to_15=0.454(0.69x)
[ 8375/15000] pop=  2454 bd=  34 bigbd=3(med563) strat=0.0% giniC=0.299 dyn:eff=34.8 top=0.073 nlin=87 lpb=14.29/dom=0.28 mRSg=0.569 set=21(mx106,prim1.43) con=373.0 inst=10 ldT=0.156 | asc=0.007 gumsa=0.176 tenure=6.9y levy=13859415.4 resent(mean/max)=0.0/0.0 revs=165 | 39.0m eta31m
  ~~ demography: 10/16 in band  !! AGE STRUCTURE OUT OF BAND -> every marker above demography in the ladder is PROVISIONAL  worst: m_5_15=0.038(3.80x), band_med_adults=13(0.46x), surv_to_45=0.24(0.56x), surv_to_15=0.454(0.69x)
[ 8400/15000] pop=  2537 bd=  37 bigbd=3(med539) strat=0.0% giniC=0.296 dyn:eff=34.5 top=0.072 nlin=87 lpb=13.62/dom=0.293 mRSg=0.566 set=20(mx115,prim1.34) con=392.0 inst=11 ldT=0.25 | asc=0.009 gumsa=0.135 tenure=6.9y levy=8650167.3 resent(mean/max)=0.0/0.0 revs=166 | 39.1m eta31m
  !! SPATIAL: PACKED AND SPARSE AT ONCE (local 0.104 > 0.091 > regional 0.0154 /km2) on 14.8% of the land -- the population is NOT food-limited, it is failing to disperse; any carrying-capacity reading of this run is void
  ~~ demography: 10/16 in band  !! AGE STRUCTURE OUT OF BAND -> every marker above demography in the ladder is PROVISIONAL  worst: m_5_15=0.038(3.80x), band_med_adults=13(0.46x), surv_to_45=0.239(0.56x), surv_to_15=0.454(0.69x)
[ 8425/15000] pop=  2461 bd=  35 bigbd=2(med870.5) strat=0.0% giniC=0.297 dyn:eff=34.3 top=0.076 nlin=87 lpb=14.43/dom=0.273 mRSg=0.566 set=22(mx101,prim1.35) con=362.0 inst=7 ldT=0.29 | asc=0.006 gumsa=0.114 tenure=6.9y levy=10936709.3 resent(mean/max)=0.0/0.0 revs=166 | 39.2m eta31m
  ~~ demography: 8/16 in band  !! AGE STRUCTURE OUT OF BAND -> every marker above demography in the ladder is PROVISIONAL  worst: m_5_15=0.038(3.80x), frac_motherless=0.007(0.35x), frac_fatherless=0.0801(1.60x), band_med_adults=12.5(0.44x)
[ 8450/15000] pop=  2467 bd=  34 bigbd=4(med284.5) strat=0.0% giniC=0.299 dyn:eff=34.3 top=0.077 nlin=86 lpb=14.65/dom=0.272 mRSg=0.572 set=21(mx83,prim1.12) con=423.5 inst=11 ldT=0.333 | asc=0.005 gumsa=0.147 tenure=6.9y levy=7406027.5 resent(mean/max)=0.0/0.0 revs=166 | 39.3m eta30m
  ~~ demography: 8/16 in band  !! AGE STRUCTURE OUT OF BAND -> every marker above demography in the ladder is PROVISIONAL  worst: m_5_15=0.0381(3.81x), frac_motherless=0.006(0.30x), frac_fatherless=0.084(1.68x), band_med_adults=12(0.43x)
[ 8475/15000] pop=  2368 bd=  32 bigbd=6(med52.5) strat=0.0% giniC=0.3 dyn:eff=33.3 top=0.085 nlin=86 lpb=14.69/dom=0.282 mRSg=0.575 set=21(mx84,prim1.14) con=396.0 inst=9 ldT=0.346 | asc=0.005 gumsa=0.062 tenure=6.9y levy=6805229.0 resent(mean/max)=0.0/0.0 revs=166 | 39.4m eta30m
  ~~ demography: 10/16 in band  worst: m_5_15=0.0381(3.81x), frac_motherless=0.0015(0.07x), band_med_adults=13(0.46x), surv_to_45=0.239(0.56x)
[ 8500/15000] pop=  2396 bd=  33 bigbd=5(med56) strat=0.0% giniC=0.304 dyn:eff=33.8 top=0.084 nlin=85 lpb=14.36/dom=0.274 mRSg=0.575 set=21(mx112,prim1.38) con=357.0 inst=10 ldT=0.133 | asc=0.014 gumsa=0.061 tenure=6.9y levy=5951506.7 resent(mean/max)=0.0/0.0 revs=166 | 39.6m eta30m
  ~~ demography: 9/16 in band  !! AGE STRUCTURE OUT OF BAND -> every marker above demography in the ladder is PROVISIONAL  worst: m_5_15=0.0381(3.81x), frac_motherless=0.0059(0.29x), band_med_adults=12(0.43x), surv_to_45=0.239(0.56x)
[ 8525/15000] pop=  2464 bd=  34 bigbd=5(med54) strat=0.0% giniC=0.307 dyn:eff=33.3 top=0.087 nlin=85 lpb=13.88/dom=0.286 mRSg=0.572 set=20(mx99,prim1.29) con=390.0 inst=11 ldT=0.242 | asc=0.012 gumsa=0.059 tenure=6.9y levy=7515991.1 resent(mean/max)=0.0/0.0 revs=166 | 39.7m eta30m
  !! SPATIAL: PACKED AND SPARSE AT ONCE (local 0.102 > 0.091 > regional 0.0155 /km2) on 15.2% of the land -- the population is NOT food-limited, it is failing to disperse; any carrying-capacity reading of this run is void
  ~~ demography: 10/16 in band  worst: m_5_15=0.0381(3.81x), frac_motherless=0.0089(0.45x), band_med_adults=13(0.46x), surv_to_45=0.239(0.56x)
[ 8550/15000] pop=  2488 bd=  32 bigbd=5(med56) strat=0.0% giniC=0.308 dyn:eff=32.6 top=0.091 nlin=86 lpb=14.59/dom=0.277 mRSg=0.57 set=22(mx77,prim1.03) con=420.0 inst=10 ldT=0.219 | asc=0.018 gumsa=0.156 tenure=6.9y levy=8448185.1 resent(mean/max)=0.0/0.0 revs=166 | 39.8m eta30m
  ~~ demography: 11/16 in band  worst: m_5_15=0.0381(3.81x), band_med_adults=13(0.46x), surv_to_45=0.239(0.56x), surv_to_15=0.454(0.69x)
[ 8575/15000] pop=  2483 bd=  31 bigbd=5(med54) strat=0.0% giniC=0.308 dyn:eff=31.9 top=0.094 nlin=86 lpb=15.65/dom=0.256 mRSg=0.566 set=22(mx91,prim1.14) con=392.0 inst=9 ldT=0.25 | asc=0.027 gumsa=0.129 tenure=6.8y levy=7056303.2 resent(mean/max)=0.0/0.0 revs=167 | 39.9m eta30m
  ~~ demography: 11/16 in band  worst: m_5_15=0.0381(3.81x), band_med_adults=15(0.53x), surv_to_45=0.239(0.56x), surv_to_15=0.454(0.69x)
[ 8600/15000] pop=  2485 bd=  30 bigbd=6(med58.0) strat=0.0% giniC=0.309 dyn:eff=31.5 top=0.097 nlin=85 lpb=15.8/dom=0.256 mRSg=0.559 set=21(mx96,prim1.02) con=417.0 inst=10 ldT=0.207 | asc=0.02 gumsa=0.1 tenure=6.8y levy=7093119.0 resent(mean/max)=0.0/0.0 revs=169 | 40.0m eta30m
  ~~ demography: 10/16 in band  !! AGE STRUCTURE OUT OF BAND -> every marker above demography in the ladder is PROVISIONAL  worst: m_5_15=0.0381(3.81x), band_med_adults=12(0.43x), surv_to_45=0.239(0.56x), surv_to_15=0.454(0.69x)
[ 8625/15000] pop=  2496 bd=  32 bigbd=7(med64) strat=0.0% giniC=0.311 dyn:eff=31.6 top=0.095 nlin=85 lpb=14.91/dom=0.258 mRSg=0.558 set=20(mx88,prim1.1) con=397.5 inst=10 ldT=0.481 | asc=0.016 gumsa=0.094 tenure=6.9y levy=10473705.7 resent(mean/max)=0.0/0.0 revs=169 | 40.1m eta30m
  ~~ demography: 10/16 in band  !! AGE STRUCTURE OUT OF BAND -> every marker above demography in the ladder is PROVISIONAL  worst: m_5_15=0.0381(3.81x), band_med_adults=13.5(0.48x), surv_to_45=0.239(0.56x), surv_to_15=0.454(0.69x)
[ 8650/15000] pop=  2501 bd=  34 bigbd=5(med63) strat=0.0% giniC=0.31 dyn:eff=32.2 top=0.095 nlin=86 lpb=14.65/dom=0.272 mRSg=0.569 set=21(mx102,prim1.27) con=412.0 inst=11 ldT=0.241 | asc=0.014 gumsa=0.088 tenure=6.9y levy=7639009.5 resent(mean/max)=0.0/0.0 revs=169 | 40.2m eta30m
  ~~ demography: 11/16 in band  worst: m_5_15=0.0381(3.81x), band_med_adults=12(0.43x), surv_to_45=0.239(0.56x), surv_to_15=0.453(0.69x)
[ 8675/15000] pop=  2430 bd=  33 bigbd=5(med68) strat=0.0% giniC=0.312 dyn:eff=31.8 top=0.102 nlin=87 lpb=14.73/dom=0.268 mRSg=0.582 set=22(mx110,prim1.53) con=380.0 inst=13 ldT=0.233 | asc=0.017 gumsa=0.121 tenure=6.8y levy=7338425.1 resent(mean/max)=0.0/0.0 revs=169 | 40.3m eta29m
  ~~ demography: 10/16 in band  !! AGE STRUCTURE OUT OF BAND -> every marker above demography in the ladder is PROVISIONAL  worst: m_5_15=0.0381(3.81x), band_med_adults=13(0.46x), surv_to_45=0.239(0.56x), surv_to_15=0.453(0.69x)
[ 8700/15000] pop=  2436 bd=  32 bigbd=5(med75) strat=0.0% giniC=0.311 dyn:eff=31.6 top=0.103 nlin=87 lpb=15.59/dom=0.262 mRSg=0.579 set=19(mx101,prim1.17) con=427.0 inst=13 ldT=0.241 | asc=0.014 gumsa=0.062 tenure=6.8y levy=11291243.7 resent(mean/max)=0.0/0.0 revs=170 | 40.4m eta29m
  ~~ demography: 10/16 in band  !! AGE STRUCTURE OUT OF BAND -> every marker above demography in the ladder is PROVISIONAL  worst: m_5_15=0.0381(3.81x), band_med_adults=12(0.43x), surv_to_45=0.239(0.56x), surv_to_15=0.453(0.69x)
[ 8725/15000] pop=  2474 bd=  31 bigbd=5(med77) strat=0.0% giniC=0.311 dyn:eff=30.6 top=0.108 nlin=88 lpb=15.65/dom=0.256 mRSg=0.576 set=22(mx96,prim1.13) con=532.5 inst=21 ldT=0.1 | asc=0.032 gumsa=0.129 tenure=6.8y levy=9915812.5 resent(mean/max)=0.0/0.0 revs=170 | 40.5m eta29m
  !! SPATIAL: PACKED AND SPARSE AT ONCE (local 0.101 > 0.091 > regional 0.0156 /km2) on 15.4% of the land -- the population is NOT food-limited, it is failing to disperse; any carrying-capacity reading of this run is void
  ~~ demography: 10/16 in band  !! AGE STRUCTURE OUT OF BAND -> every marker above demography in the ladder is PROVISIONAL  worst: m_5_15=0.0381(3.81x), band_med_adults=12.5(0.44x), surv_to_45=0.239(0.56x), surv_to_15=0.454(0.69x)
[ 8750/15000] pop=  2502 bd=  34 bigbd=5(med75) strat=0.0% giniC=0.312 dyn:eff=31.4 top=0.104 nlin=87 lpb=14.79/dom=0.254 mRSg=0.583 set=23(mx103,prim1.29) con=435.5 inst=11 ldT=0.333 | asc=0.014 gumsa=0.088 tenure=6.9y levy=9627047.8 resent(mean/max)=0.0/0.0 revs=170 | 40.6m eta29m
  !! SPATIAL: PACKED AND SPARSE AT ONCE (local 0.101 > 0.091 > regional 0.0153 /km2) on 15.1% of the land -- the population is NOT food-limited, it is failing to disperse; any carrying-capacity reading of this run is void
  ~~ demography: 10/16 in band  !! AGE STRUCTURE OUT OF BAND -> every marker above demography in the ladder is PROVISIONAL  worst: m_5_15=0.0381(3.81x), band_med_adults=12(0.43x), surv_to_45=0.238(0.55x), surv_to_15=0.454(0.69x)
[ 8775/15000] pop=  2452 bd=  33 bigbd=5(med79) strat=0.0% giniC=0.312 dyn:eff=31.6 top=0.104 nlin=86 lpb=15.58/dom=0.25 mRSg=0.588 set=20(mx96,prim1.28) con=431.0 inst=14 ldT=0.345 | asc=0.013 gumsa=0.091 tenure=6.8y levy=8489188.4 resent(mean/max)=0.0/0.0 revs=170 | 40.7m eta29m
  ~~ demography: 9/16 in band  !! AGE STRUCTURE OUT OF BAND -> every marker above demography in the ladder is PROVISIONAL  worst: m_5_15=0.0381(3.81x), band_med_adults=12.5(0.44x), frac_fatherless=0.0766(1.53x), surv_to_45=0.239(0.56x)
[ 8800/15000] pop=  2487 bd=  34 bigbd=6(med78.5) strat=0.0% giniC=0.313 dyn:eff=31.6 top=0.104 nlin=86 lpb=15.18/dom=0.271 mRSg=0.583 set=22(mx86,prim1.0) con=441.5 inst=13 ldT=0.281 | asc=0.016 gumsa=0.088 tenure=6.9y levy=7268688.9 resent(mean/max)=0.0/0.0 revs=170 | 40.8m eta29m
  ~~ demography: 9/16 in band  !! AGE STRUCTURE OUT OF BAND -> every marker above demography in the ladder is PROVISIONAL  worst: m_5_15=0.0381(3.81x), frac_fatherless=0.0876(1.75x), band_med_adults=13(0.46x), surv_to_45=0.238(0.55x)
[ 8825/15000] pop=  2488 bd=  35 bigbd=4(med260.5) strat=0.0% giniC=0.314 dyn:eff=31.5 top=0.107 nlin=84 lpb=14.34/dom=0.278 mRSg=0.571 set=21(mx99,prim1.16) con=761.0 inst=10 ldT=0.226 | asc=0.013 gumsa=0.086 tenure=6.8y levy=8358192.7 resent(mean/max)=0.0/0.0 revs=170 | 40.9m eta29m
  ~~ demography: 9/16 in band  !! AGE STRUCTURE OUT OF BAND -> every marker above demography in the ladder is PROVISIONAL  worst: m_5_15=0.0381(3.81x), band_med_adults=13(0.46x), frac_motherless=0.0096(0.48x), surv_to_45=0.238(0.55x)
[ 8850/15000] pop=  2497 bd=  32 bigbd=5(med105) strat=0.0% giniC=0.312 dyn:eff=32.3 top=0.106 nlin=85 lpb=15.66/dom=0.266 mRSg=0.562 set=21(mx111,prim1.34) con=664.5 inst=11 ldT=0.483 | asc=0.008 gumsa=0.062 tenure=6.9y levy=7478139.4 resent(mean/max)=0.0/0.0 revs=171 | 41.0m eta29m
  ~~ demography: 10/16 in band  !! AGE STRUCTURE OUT OF BAND -> every marker above demography in the ladder is PROVISIONAL  worst: m_5_15=0.0381(3.81x), band_med_adults=13(0.46x), surv_to_45=0.238(0.55x), surv_to_15=0.454(0.69x)
[ 8875/15000] pop=  2496 bd=  35 bigbd=4(med248.5) strat=0.0% giniC=0.31 dyn:eff=32.3 top=0.105 nlin=85 lpb=14.43/dom=0.273 mRSg=0.564 set=21(mx92,prim1.14) con=547.5 inst=11 ldT=0.172 | asc=0.014 gumsa=0.171 tenure=6.8y levy=12156901.1 resent(mean/max)=0.0/0.0 revs=171 | 41.1m eta28m
  ~~ demography: 10/16 in band  !! AGE STRUCTURE OUT OF BAND -> every marker above demography in the ladder is PROVISIONAL  worst: m_5_15=0.0381(3.81x), band_med_adults=14(0.50x), surv_to_45=0.238(0.55x), surv_to_15=0.454(0.69x)
[ 8900/15000] pop=  2479 bd=  37 bigbd=3(med412) strat=0.0% giniC=0.309 dyn:eff=31.1 top=0.111 nlin=85 lpb=13.68/dom=0.282 mRSg=0.559 set=23(mx105,prim1.01) con=581.0 inst=4 ldT=0.344 | asc=0.011 gumsa=0.108 tenure=6.8y levy=6038122.6 resent(mean/max)=0.0/0.0 revs=171 | 41.3m eta28m
  !! SPATIAL: PACKED AND SPARSE AT ONCE (local 0.103 > 0.091 > regional 0.0155 /km2) on 15.1% of the land -- the population is NOT food-limited, it is failing to disperse; any carrying-capacity reading of this run is void
  ~~ demography: 10/16 in band  worst: m_5_15=0.0381(3.81x), frac_fatherless=0.0858(1.72x), band_med_adults=14(0.50x), surv_to_45=0.238(0.55x)
[ 8925/15000] pop=  2479 bd=  35 bigbd=3(med421) strat=0.0% giniC=0.314 dyn:eff=30.7 top=0.113 nlin=84 lpb=14.26/dom=0.285 mRSg=0.563 set=20(mx107,prim1.23) con=726.0 inst=14 ldT=0.171 | asc=0.013 gumsa=0.143 tenure=6.8y levy=7434718.1 resent(mean/max)=0.0/0.0 revs=171 | 41.3m eta28m
  ~~ demography: 10/16 in band  worst: m_5_15=0.0381(3.81x), frac_motherless=0.0057(0.29x), band_med_adults=15(0.53x), surv_to_45=0.238(0.55x)
[ 8950/15000] pop=  2520 bd=  36 bigbd=2(med871.0) strat=0.0% giniC=0.317 dyn:eff=31.1 top=0.114 nlin=86 lpb=13.94/dom=0.294 mRSg=0.56 set=22(mx82,prim1.05) con=753.0 inst=17 ldT=0.314 | asc=0.009 gumsa=0.111 tenure=6.8y levy=6452822.2 resent(mean/max)=0.0/0.0 revs=171 | 41.5m eta28m
  !! SPATIAL: PACKED AND SPARSE AT ONCE (local 0.101 > 0.091 > regional 0.0157 /km2) on 15.6% of the land -- the population is NOT food-limited, it is failing to disperse; any carrying-capacity reading of this run is void
  ~~ demography: 9/16 in band  !! AGE STRUCTURE OUT OF BAND -> every marker above demography in the ladder is PROVISIONAL  worst: m_5_15=0.0381(3.81x), frac_motherless=0.0085(0.43x), band_med_adults=13(0.46x), surv_to_45=0.238(0.55x)
[ 8975/15000] pop=  2514 bd=  36 bigbd=2(med883.5) strat=0.0% giniC=0.315 dyn:eff=30.4 top=0.116 nlin=86 lpb=13.97/dom=0.29 mRSg=0.556 set=20(mx109,prim1.02) con=788.5 inst=11 ldT=0.273 | asc=0.008 gumsa=0.222 tenure=6.8y levy=11690350.3 resent(mean/max)=0.0/0.0 revs=171 | 41.6m eta28m
  ~~ demography: 10/16 in band  !! AGE STRUCTURE OUT OF BAND -> every marker above demography in the ladder is PROVISIONAL  worst: m_5_15=0.038(3.80x), band_med_adults=13(0.46x), surv_to_45=0.238(0.55x), surv_to_15=0.454(0.69x)
[ 9000/15000] pop=  2559 bd=  38 bigbd=2(med889.5) strat=0.0% giniC=0.314 dyn:eff=29.8 top=0.119 nlin=88 lpb=14.39/dom=0.27 mRSg=0.568 set=23(mx112,prim1.11) con=594.0 inst=18 ldT=0.242 | asc=0.012 gumsa=0.053 tenure=6.8y levy=10535303.3 resent(mean/max)=0.0/0.0 revs=173 | 41.7m eta28m
  !! SPATIAL: PACKED AND SPARSE AT ONCE (local 0.105 > 0.091 > regional 0.0160 /km2) on 15.2% of the land -- the population is NOT food-limited, it is failing to disperse; any carrying-capacity reading of this run is void
  ~~ demography: 10/16 in band  worst: m_5_15=0.0381(3.81x), frac_fatherless=0.091(1.82x), band_med_adults=15.5(0.55x), surv_to_45=0.238(0.55x)
[ 9025/15000] pop=  2559 bd=  36 bigbd=2(med890.0) strat=0.0% giniC=0.32 dyn:eff=31.3 top=0.113 nlin=88 lpb=15.25/dom=0.265 mRSg=0.576 set=21(mx112,prim1.38) con=622.0 inst=16 ldT=0.257 | asc=0.01 gumsa=0.083 tenure=6.8y levy=9778842.7 resent(mean/max)=0.0/0.0 revs=174 | 41.8m eta28m
  !! SPATIAL: PACKED AND SPARSE AT ONCE (local 0.105 > 0.091 > regional 0.0158 /km2) on 14.9% of the land -- the population is NOT food-limited, it is failing to disperse; any carrying-capacity reading of this run is void
  ~~ demography: 9/16 in band  worst: m_5_15=0.0381(3.81x), frac_motherless=0.0075(0.38x), band_med_adults=13(0.46x), frac_fatherless=0.0763(1.53x)
[ 9050/15000] pop=  2520 bd=  38 bigbd=2(med866.0) strat=0.0% giniC=0.319 dyn:eff=31.1 top=0.117 nlin=90 lpb=15.03/dom=0.266 mRSg=0.578 set=22(mx115,prim1.03) con=462.0 inst=16 ldT=0.353 | asc=0.001 gumsa=0.026 tenure=6.8y levy=7939785.7 resent(mean/max)=0.0/0.0 revs=175 | 41.9m eta28m
  !! SPATIAL: PACKED AND SPARSE AT ONCE (local 0.106 > 0.091 > regional 0.0158 /km2) on 14.9% of the land -- the population is NOT food-limited, it is failing to disperse; any carrying-capacity reading of this run is void
  ~~ demography: 10/16 in band  worst: m_5_15=0.0381(3.81x), band_med_adults=13(0.46x), frac_fatherless=0.0755(1.51x), surv_to_45=0.238(0.55x)
[ 9075/15000] pop=  2534 bd=  37 bigbd=2(med877.0) strat=0.0% giniC=0.319 dyn:eff=30.2 top=0.119 nlin=90 lpb=14.86/dom=0.276 mRSg=0.573 set=21(mx124,prim1.38) con=438.0 inst=13 ldT=0.243 | asc=0.002 gumsa=0.054 tenure=6.8y levy=8219866.9 resent(mean/max)=0.0/0.0 revs=176 | 42.1m eta27m
  ~~ demography: 9/16 in band  worst: m_5_15=0.0382(3.82x), frac_motherless=0.0075(0.38x), band_med_adults=12(0.43x), frac_fatherless=0.076(1.52x)
[ 9100/15000] pop=  2452 bd=  39 bigbd=3(med373) strat=0.0% giniC=0.32 dyn:eff=29.8 top=0.123 nlin=90 lpb=13.74/dom=0.281 mRSg=0.565 set=21(mx95,prim1.06) con=567.5 inst=14 ldT=0.278 | asc=0.009 gumsa=0.103 tenure=6.8y levy=7827376.6 resent(mean/max)=0.0/0.0 revs=176 | 42.2m eta27m
  ~~ demography: 11/16 in band  worst: m_5_15=0.0382(3.82x), band_med_adults=12(0.43x), surv_to_45=0.238(0.55x), surv_to_15=0.453(0.69x)
[ 9125/15000] pop=  2452 bd=  40 bigbd=3(med376) strat=0.0% giniC=0.321 dyn:eff=29.2 top=0.126 nlin=91 lpb=13.0/dom=0.301 mRSg=0.562 set=21(mx89,prim1.16) con=401.5 inst=14 ldT=0.231 | asc=0.002 gumsa=0.05 tenure=6.8y levy=6695859.9 resent(mean/max)=0.0/0.0 revs=176 | 42.3m eta27m
  ~~ demography: 11/16 in band  worst: m_5_15=0.0383(3.83x), band_med_adults=12(0.43x), surv_to_45=0.237(0.55x), surv_to_15=0.452(0.68x)
[ 9150/15000] pop=  2372 bd=  40 bigbd=3(med345) strat=0.0% giniC=0.321 dyn:eff=27.5 top=0.134 nlin=91 lpb=12.9/dom=0.295 mRSg=0.556 set=21(mx81,prim1.03) con=369.0 inst=14 ldT=0.324 | asc=0.002 gumsa=0.075 tenure=6.8y levy=7525421.0 resent(mean/max)=0.0/0.0 revs=176 | 42.4m eta27m
  ~~ demography: 11/16 in band  worst: m_5_15=0.0382(3.82x), band_med_adults=12(0.43x), surv_to_45=0.237(0.55x), surv_to_15=0.453(0.69x)
[ 9175/15000] pop=  2417 bd=  39 bigbd=2(med833.0) strat=0.0% giniC=0.324 dyn:eff=27.0 top=0.137 nlin=92 lpb=13.49/dom=0.302 mRSg=0.55 set=20(mx99,prim1.05) con=474.5 inst=14 ldT=0.103 | asc=0.003 gumsa=0.103 tenure=6.8y levy=8767766.2 resent(mean/max)=0.0/0.0 revs=176 | 42.5m eta27m
  ~~ demography: 10/16 in band  worst: m_5_15=0.0383(3.83x), band_med_adults=11(0.39x), frac_motherless=0.0091(0.46x), surv_to_45=0.237(0.55x)
[ 9200/15000] pop=  2395 bd=  37 bigbd=3(med377) strat=0.0% giniC=0.322 dyn:eff=26.4 top=0.141 nlin=91 lpb=13.78/dom=0.289 mRSg=0.549 set=20(mx107,prim1.18) con=457.5 inst=19 ldT=0.364 | asc=0.006 gumsa=0.135 tenure=6.8y levy=7438355.8 resent(mean/max)=0.0/0.0 revs=176 | 42.6m eta27m
  !! SPATIAL: PACKED AND SPARSE AT ONCE (local 0.102 > 0.091 > regional 0.0151 /km2) on 14.9% of the land -- the population is NOT food-limited, it is failing to disperse; any carrying-capacity reading of this run is void
  ~~ demography: 11/16 in band  worst: m_5_15=0.0382(3.82x), band_med_adults=11.5(0.41x), surv_to_45=0.237(0.55x), surv_to_15=0.453(0.69x)
[ 9225/15000] pop=  2416 bd=  36 bigbd=3(med377) strat=0.0% giniC=0.322 dyn:eff=26.2 top=0.141 nlin=91 lpb=13.78/dom=0.29 mRSg=0.543 set=21(mx101,prim1.17) con=491.0 inst=17 ldT=0.194 | asc=0.003 gumsa=0.111 tenure=6.8y levy=6431995.2 resent(mean/max)=0.0/0.0 revs=177 | 42.7m eta27m
  ~~ demography: 11/16 in band  worst: m_5_15=0.0383(3.83x), band_med_adults=12(0.43x), surv_to_45=0.237(0.55x), surv_to_15=0.452(0.68x)
[ 9250/15000] pop=  2365 bd=  35 bigbd=3(med367) strat=0.0% giniC=0.326 dyn:eff=27.1 top=0.136 nlin=91 lpb=14.17/dom=0.282 mRSg=0.542 set=18(mx132,prim1.31) con=518.0 inst=14 ldT=0.176 | asc=0.004 gumsa=0.114 tenure=6.8y levy=7564717.0 resent(mean/max)=0.0/0.0 revs=177 | 42.8m eta27m
  ~~ demography: 10/16 in band  worst: m_5_15=0.0383(3.83x), frac_motherless=0.0376(1.88x), band_med_adults=12(0.43x), surv_to_45=0.237(0.55x)
[ 9275/15000] pop=  2349 bd=  37 bigbd=3(med337) strat=0.0% giniC=0.327 dyn:eff=27.0 top=0.136 nlin=90 lpb=14.16/dom=0.313 mRSg=0.56 set=21(mx96,prim1.14) con=413.5 inst=12 ldT=0.452 | asc=0.007 gumsa=0.081 tenure=6.8y levy=7598546.9 resent(mean/max)=0.0/0.0 revs=178 | 42.9m eta26m
  ~~ demography: 10/16 in band  worst: m_5_15=0.0383(3.83x), band_med_adults=13(0.46x), frac_motherless=0.0098(0.49x), surv_to_45=0.236(0.55x)
[ 9300/15000] pop=  2325 bd=  35 bigbd=3(med347) strat=0.0% giniC=0.335 dyn:eff=26.8 top=0.137 nlin=89 lpb=14.29/dom=0.293 mRSg=0.564 set=19(mx116,prim1.16) con=405.5 inst=11 ldT=0.323 | asc=0.005 gumsa=0.2 tenure=6.8y levy=8080669.9 resent(mean/max)=0.0/0.0 revs=179 | 43.0m eta26m
  !! SPATIAL: PACKED AND SPARSE AT ONCE (local 0.103 > 0.091 > regional 0.0146 /km2) on 14.2% of the land -- the population is NOT food-limited, it is failing to disperse; any carrying-capacity reading of this run is void
  ~~ demography: 11/16 in band  worst: m_5_15=0.0383(3.83x), band_med_adults=13.5(0.48x), surv_to_45=0.237(0.55x), surv_to_15=0.452(0.68x)
[ 9325/15000] pop=  2340 bd=  34 bigbd=4(med202.0) strat=0.0% giniC=0.339 dyn:eff=26.9 top=0.138 nlin=89 lpb=14.38/dom=0.302 mRSg=0.567 set=19(mx111,prim1.16) con=323.0 inst=9 ldT=0.226 | asc=0.006 gumsa=0.235 tenure=6.8y levy=7528496.9 resent(mean/max)=0.0/0.0 revs=179 | 43.1m eta26m
  ~~ demography: 11/16 in band  worst: m_5_15=0.0382(3.82x), band_med_adults=14(0.50x), surv_to_45=0.237(0.55x), surv_to_15=0.452(0.68x)
[ 9350/15000] pop=  2370 bd=  33 bigbd=4(med214.5) strat=0.0% giniC=0.34 dyn:eff=27.1 top=0.137 nlin=89 lpb=14.73/dom=0.312 mRSg=0.575 set=20(mx93,prim1.27) con=351.5 inst=14 ldT=0.333 | asc=0.011 gumsa=0.364 tenure=6.8y levy=12365041.5 resent(mean/max)=0.0/0.0 revs=179 | 43.2m eta26m
  ~~ demography: 11/16 in band  worst: m_5_15=0.0383(3.83x), band_med_adults=12(0.43x), surv_to_45=0.236(0.55x), surv_to_15=0.452(0.68x)
[ 9375/15000] pop=  2328 bd=  33 bigbd=4(med206.5) strat=0.0% giniC=0.338 dyn:eff=26.6 top=0.139 nlin=89 lpb=14.91/dom=0.278 mRSg=0.573 set=21(mx105,prim1.31) con=372.0 inst=15 ldT=0.29 | asc=0.008 gumsa=0.242 tenure=6.8y levy=9257010.8 resent(mean/max)=0.0/0.0 revs=179 | 43.3m eta26m
  ~~ demography: 11/16 in band  worst: m_5_15=0.0382(3.82x), band_med_adults=12(0.43x), surv_to_45=0.237(0.55x), surv_to_15=0.453(0.69x)
[ 9400/15000] pop=  2362 bd=  34 bigbd=4(med214.0) strat=0.0% giniC=0.339 dyn:eff=27.0 top=0.136 nlin=90 lpb=14.59/dom=0.282 mRSg=0.568 set=20(mx110,prim1.67) con=482.0 inst=10 ldT=0.125 | asc=0.005 gumsa=0.176 tenure=6.8y levy=6404329.0 resent(mean/max)=0.0/0.0 revs=179 | 43.4m eta26m
  ~~ demography: 10/16 in band  worst: m_5_15=0.0382(3.82x), frac_motherless=0.0078(0.39x), band_med_adults=12(0.43x), surv_to_45=0.237(0.55x)
[ 9425/15000] pop=  2414 bd=  35 bigbd=5(med82) strat=0.0% giniC=0.342 dyn:eff=27.0 top=0.137 nlin=90 lpb=14.69/dom=0.271 mRSg=0.57 set=21(mx110,prim1.43) con=471.0 inst=8 ldT=0.333 | asc=0.01 gumsa=0.257 tenure=6.8y levy=8765169.2 resent(mean/max)=0.0/0.0 revs=181 | 43.6m eta26m
  ~~ demography: 10/16 in band  worst: m_5_15=0.0382(3.82x), frac_motherless=0.0078(0.39x), band_med_adults=12(0.43x), surv_to_45=0.237(0.55x)
[ 9450/15000] pop=  2419 bd=  35 bigbd=4(med216.0) strat=0.0% giniC=0.334 dyn:eff=27.2 top=0.137 nlin=89 lpb=14.06/dom=0.282 mRSg=0.567 set=20(mx111,prim1.08) con=458.5 inst=15 ldT=0.364 | asc=0.031 gumsa=0.314 tenure=6.8y levy=5454877.0 resent(mean/max)=0.0/0.0 revs=181 | 43.6m eta26m
  ~~ demography: 10/16 in band  worst: m_5_15=0.0381(3.81x), frac_motherless=0.0077(0.39x), band_med_adults=14(0.50x), surv_to_45=0.237(0.55x)
[ 9475/15000] pop=  2460 bd=  31 bigbd=4(med224.0) strat=0.0% giniC=0.336 dyn:eff=27.1 top=0.138 nlin=90 lpb=16.06/dom=0.271 mRSg=0.563 set=20(mx116,prim1.68) con=457.0 inst=11 ldT=0.226 | asc=0.022 gumsa=0.355 tenure=6.8y levy=7064387.7 resent(mean/max)=0.0/0.0 revs=181 | 43.8m eta26m
  ~~ demography: 10/16 in band  worst: m_5_15=0.0382(3.82x), frac_motherless=0.0032(0.16x), band_med_adults=14(0.50x), surv_to_45=0.237(0.55x)
[ 9500/15000] pop=  2385 bd=  31 bigbd=4(med223.0) strat=0.0% giniC=0.333 dyn:eff=26.8 top=0.14 nlin=90 lpb=15.65/dom=0.267 mRSg=0.561 set=21(mx121,prim1.44) con=461.5 inst=10 ldT=0.276 | asc=0.037 gumsa=0.226 tenure=6.8y levy=9855569.6 resent(mean/max)=0.0/0.0 revs=181 | 43.9m eta25m
  ~~ demography: 9/16 in band  worst: m_5_15=0.0382(3.82x), frac_motherless=0.0032(0.16x), frac_fatherless=0.086(1.72x), band_med_adults=12.5(0.44x)
[ 9525/15000] pop=  2370 bd=  36 bigbd=4(med213.5) strat=0.0% giniC=0.336 dyn:eff=25.6 top=0.146 nlin=89 lpb=14.25/dom=0.257 mRSg=0.569 set=22(mx90,prim1.06) con=393.0 inst=18 ldT=0.379 | asc=0.038 gumsa=0.472 tenure=6.8y levy=6240975.4 resent(mean/max)=0.0/0.0 revs=182 | 44.0m eta25m
  ~~ demography: 10/16 in band  worst: m_5_15=0.0382(3.82x), frac_motherless=0.0048(0.24x), band_med_adults=10(0.35x), surv_to_45=0.237(0.55x)
[ 9550/15000] pop=  2342 bd=  40 bigbd=3(med338) strat=0.0% giniC=0.34 dyn:eff=25.8 top=0.143 nlin=88 lpb=13.1/dom=0.262 mRSg=0.561 set=20(mx98,prim1.31) con=486.0 inst=14 ldT=0.31 | asc=0.04 gumsa=0.35 tenure=6.8y levy=12090537.2 resent(mean/max)=0.0/0.0 revs=182 | 44.1m eta25m
  ~~ demography: 9/16 in band  worst: m_5_15=0.0383(3.83x), frac_motherless=0.005(0.25x), frac_fatherless=0.0815(1.63x), band_med_adults=12(0.43x)
[ 9575/15000] pop=  2294 bd=  37 bigbd=3(med321) strat=0.0% giniC=0.342 dyn:eff=26.1 top=0.141 nlin=88 lpb=13.81/dom=0.256 mRSg=0.575 set=21(mx104,prim1.05) con=405.5 inst=13 ldT=0.314 | asc=0.037 gumsa=0.378 tenure=6.8y levy=8537784.8 resent(mean/max)=0.0/0.0 revs=182 | 44.2m eta25m
  ~~ demography: 9/16 in band  worst: m_5_15=0.0382(3.82x), frac_motherless=0.0017(0.08x), frac_fatherless=0.0787(1.57x), band_med_adults=14.5(0.51x)
[ 9600/15000] pop=  2285 bd=  34 bigbd=3(med328) strat=0.0% giniC=0.342 dyn:eff=27.2 top=0.136 nlin=90 lpb=14.79/dom=0.243 mRSg=0.585 set=20(mx96,prim1.28) con=445.0 inst=14 ldT=0.121 | asc=0.039 gumsa=0.441 tenure=6.8y levy=8908091.7 resent(mean/max)=0.0/0.0 revs=184 | 44.3m eta25m
  !! SPATIAL: PACKED AND SPARSE AT ONCE (local 0.101 > 0.091 > regional 0.0147 /km2) on 14.6% of the land -- the population is NOT food-limited, it is failing to disperse; any carrying-capacity reading of this run is void
  ~~ demography: 10/16 in band  worst: m_5_15=0.0382(3.82x), frac_motherless=0.0047(0.24x), band_med_adults=13(0.46x), surv_to_45=0.237(0.55x)
[ 9625/15000] pop=  2357 bd=  36 bigbd=2(med824.5) strat=0.0% giniC=0.345 dyn:eff=29.4 top=0.124 nlin=90 lpb=14.31/dom=0.244 mRSg=0.572 set=21(mx105,prim1.28) con=375.5 inst=17 ldT=0.353 | asc=0.024 gumsa=0.306 tenure=6.8y levy=7896968.9 resent(mean/max)=0.0/0.0 revs=184 | 44.4m eta25m
  ~~ demography: 10/16 in band  worst: m_5_15=0.0382(3.82x), band_med_adults=12(0.43x), frac_fatherless=0.0759(1.52x), surv_to_45=0.237(0.55x)
[ 9650/15000] pop=  2306 bd=  38 bigbd=2(med800.5) strat=0.0% giniC=0.349 dyn:eff=29.2 top=0.124 nlin=90 lpb=13.24/dom=0.26 mRSg=0.581 set=22(mx102,prim1.24) con=382.0 inst=14 ldT=0.371 | asc=0.023 gumsa=0.368 tenure=6.8y levy=5527113.7 resent(mean/max)=0.0/0.0 revs=184 | 44.5m eta25m
  !! SPATIAL: PACKED AND SPARSE AT ONCE (local 0.103 > 0.091 > regional 0.0147 /km2) on 14.2% of the land -- the population is NOT food-limited, it is failing to disperse; any carrying-capacity reading of this run is void
  ~~ demography: 11/16 in band  worst: m_5_15=0.0382(3.82x), band_med_adults=14(0.50x), surv_to_45=0.237(0.55x), surv_to_15=0.453(0.69x)
[ 9675/15000] pop=  2348 bd=  34 bigbd=2(med814.0) strat=0.0% giniC=0.349 dyn:eff=28.1 top=0.13 nlin=90 lpb=14.0/dom=0.263 mRSg=0.567 set=20(mx114,prim1.44) con=409.0 inst=15 ldT=0.118 | asc=0.021 gumsa=0.382 tenure=6.8y levy=8386924.0 resent(mean/max)=0.0/0.0 revs=184 | 44.6m eta25m
  !! SPATIAL: PACKED AND SPARSE AT ONCE (local 0.107 > 0.091 > regional 0.0144 /km2) on 13.4% of the land -- the population is NOT food-limited, it is failing to disperse; any carrying-capacity reading of this run is void
  ~~ demography: 11/16 in band  worst: m_5_15=0.0383(3.83x), band_med_adults=12(0.43x), surv_to_45=0.237(0.55x), surv_to_15=0.452(0.68x)
[ 9700/15000] pop=  2308 bd=  36 bigbd=2(med810.0) strat=0.0% giniC=0.349 dyn:eff=27.5 top=0.133 nlin=88 lpb=13.17/dom=0.287 mRSg=0.569 set=21(mx93,prim1.08) con=385.0 inst=17 ldT=0.324 | asc=0.021 gumsa=0.417 tenure=6.8y levy=7324006.6 resent(mean/max)=0.0/0.0 revs=184 | 44.7m eta24m
  ~~ demography: 10/16 in band  worst: m_5_15=0.0383(3.83x), band_med_adults=11(0.39x), frac_motherless=0.0079(0.40x), surv_to_45=0.237(0.55x)
[ 9725/15000] pop=  2333 bd=  38 bigbd=3(med333) strat=0.0% giniC=0.349 dyn:eff=27.9 top=0.129 nlin=88 lpb=12.63/dom=0.303 mRSg=0.579 set=22(mx105,prim1.11) con=368.0 inst=13 ldT=0.343 | asc=0.017 gumsa=0.342 tenure=6.8y levy=6114000.9 resent(mean/max)=0.0/0.0 revs=184 | 44.8m eta24m
  ~~ demography: 10/16 in band  worst: m_5_15=0.0383(3.83x), frac_motherless=0.0047(0.24x), band_med_adults=11.5(0.41x), surv_to_45=0.237(0.55x)
[ 9750/15000] pop=  2306 bd=  34 bigbd=2(med816.5) strat=0.0% giniC=0.352 dyn:eff=27.3 top=0.135 nlin=87 lpb=13.41/dom=0.292 mRSg=0.568 set=20(mx87,prim1.0) con=407.0 inst=16 ldT=0.242 | asc=0.022 gumsa=0.353 tenure=6.8y levy=6819363.8 resent(mean/max)=0.0/0.0 revs=184 | 44.9m eta24m
  !! SPATIAL: PACKED AND SPARSE AT ONCE (local 0.105 > 0.091 > regional 0.0146 /km2) on 13.9% of the land -- the population is NOT food-limited, it is failing to disperse; any carrying-capacity reading of this run is void
  ~~ demography: 10/16 in band  worst: m_5_15=0.0382(3.82x), frac_motherless=0.0062(0.31x), band_med_adults=12(0.43x), surv_to_45=0.237(0.55x)
[ 9775/15000] pop=  2339 bd=  35 bigbd=3(med340) strat=0.0% giniC=0.353 dyn:eff=26.6 top=0.138 nlin=86 lpb=12.97/dom=0.303 mRSg=0.573 set=20(mx111,prim1.32) con=393.0 inst=13 ldT=0.152 | asc=0.029 gumsa=0.4 tenure=6.8y levy=8570681.7 resent(mean/max)=0.0/0.0 revs=184 | 45.0m eta24m
  !! SPATIAL: PACKED AND SPARSE AT ONCE (local 0.107 > 0.091 > regional 0.0144 /km2) on 13.5% of the land -- the population is NOT food-limited, it is failing to disperse; any carrying-capacity reading of this run is void
  ~~ demography: 11/16 in band  worst: m_5_15=0.0383(3.83x), band_med_adults=13(0.46x), surv_to_45=0.237(0.55x), surv_to_15=0.453(0.69x)
[ 9800/15000] pop=  2301 bd=  33 bigbd=3(med324) strat=0.0% giniC=0.352 dyn:eff=27.1 top=0.136 nlin=87 lpb=14.03/dom=0.305 mRSg=0.581 set=20(mx124,prim1.32) con=428.0 inst=14 ldT=0.161 | asc=0.029 gumsa=0.273 tenure=6.8y levy=7855140.5 resent(mean/max)=0.0/0.0 revs=185 | 45.1m eta24m
  ~~ demography: 11/16 in band  worst: m_5_15=0.0382(3.82x), band_med_adults=12(0.43x), surv_to_45=0.237(0.55x), surv_to_15=0.453(0.69x)
[ 9825/15000] pop=  2326 bd=  33 bigbd=3(med335) strat=0.0% giniC=0.353 dyn:eff=27.3 top=0.135 nlin=86 lpb=14.03/dom=0.318 mRSg=0.578 set=19(mx90,prim1.03) con=400.0 inst=11 ldT=0.182 | asc=0.037 gumsa=0.485 tenure=6.8y levy=7048415.6 resent(mean/max)=0.0/0.0 revs=186 | 45.2m eta24m
  !! SPATIAL: PACKED AND SPARSE AT ONCE (local 0.101 > 0.091 > regional 0.0143 /km2) on 14.1% of the land -- the population is NOT food-limited, it is failing to disperse; any carrying-capacity reading of this run is void
  ~~ demography: 11/16 in band  worst: m_5_15=0.0383(3.83x), band_med_adults=13(0.46x), surv_to_45=0.237(0.55x), surv_to_15=0.453(0.69x)
[ 9850/15000] pop=  2287 bd=  31 bigbd=3(med323) strat=0.0% giniC=0.355 dyn:eff=28.0 top=0.134 nlin=87 lpb=14.68/dom=0.302 mRSg=0.572 set=20(mx110,prim1.07) con=422.0 inst=8 ldT=0.233 | asc=0.033 gumsa=0.355 tenure=6.8y levy=10596487.9 resent(mean/max)=0.0/0.0 revs=186 | 45.3m eta24m
  !! SPATIAL: PACKED AND SPARSE AT ONCE (local 0.100 > 0.091 > regional 0.0146 /km2) on 14.6% of the land -- the population is NOT food-limited, it is failing to disperse; any carrying-capacity reading of this run is void
  ~~ demography: 11/16 in band  worst: m_5_15=0.0382(3.82x), band_med_adults=12(0.43x), surv_to_45=0.237(0.55x), surv_to_15=0.453(0.69x)
[ 9875/15000] pop=  2335 bd=  32 bigbd=3(med335) strat=0.0% giniC=0.357 dyn:eff=28.2 top=0.132 nlin=87 lpb=14.0/dom=0.309 mRSg=0.579 set=21(mx109,prim1.0) con=392.0 inst=17 ldT=0.071 | asc=0.034 gumsa=0.5 tenure=6.8y levy=9198612.6 resent(mean/max)=0.0/0.0 revs=186 | 45.4m eta24m
  ~~ demography: 11/16 in band  worst: m_5_15=0.0382(3.82x), band_med_adults=13.5(0.48x), surv_to_45=0.237(0.55x), surv_to_15=0.453(0.69x)
[ 9900/15000] pop=  2405 bd=  30 bigbd=3(med366) strat=0.0% giniC=0.358 dyn:eff=28.2 top=0.13 nlin=86 lpb=14.67/dom=0.303 mRSg=0.581 set=20(mx122,prim1.34) con=378.0 inst=10 ldT=0.2 | asc=0.057 gumsa=0.5 tenure=6.8y levy=9072100.2 resent(mean/max)=0.0/0.0 revs=186 | 45.5m eta23m
  ~~ demography: 11/16 in band  worst: m_5_15=0.0382(3.82x), band_med_adults=13(0.46x), surv_to_45=0.237(0.55x), surv_to_15=0.453(0.69x)
[ 9925/15000] pop=  2366 bd=  30 bigbd=4(med232.0) strat=0.0% giniC=0.358 dyn:eff=28.0 top=0.13 nlin=86 lpb=14.67/dom=0.301 mRSg=0.577 set=21(mx101,prim1.01) con=383.0 inst=16 ldT=0.241 | asc=0.06 gumsa=0.367 tenure=6.8y levy=9802503.0 resent(mean/max)=0.0/0.0 revs=186 | 45.6m eta23m
  ~~ demography: 11/16 in band  worst: m_5_15=0.0383(3.83x), band_med_adults=12(0.43x), surv_to_45=0.237(0.55x), surv_to_15=0.452(0.68x)
[ 9950/15000] pop=  2367 bd=  29 bigbd=4(med230.0) strat=0.0% giniC=0.352 dyn:eff=28.6 top=0.127 nlin=87 lpb=15.28/dom=0.296 mRSg=0.559 set=21(mx95,prim1.01) con=420.0 inst=19 ldT=0.304 | asc=0.068 gumsa=0.586 tenure=6.8y levy=10667973.1 resent(mean/max)=0.0/0.0 revs=186 | 45.7m eta23m
  !! SPATIAL: PACKED AND SPARSE AT ONCE (local 0.106 > 0.091 > regional 0.0151 /km2) on 14.3% of the land -- the population is NOT food-limited, it is failing to disperse; any carrying-capacity reading of this run is void
  ~~ demography: 11/16 in band  worst: m_5_15=0.0382(3.82x), band_med_adults=15(0.53x), surv_to_45=0.237(0.55x), surv_to_15=0.453(0.69x)
[ 9975/15000] pop=  2416 bd=  28 bigbd=5(med86) strat=0.0% giniC=0.348 dyn:eff=28.6 top=0.127 nlin=88 lpb=15.57/dom=0.299 mRSg=0.559 set=19(mx94,prim1.06) con=377.0 inst=20 ldT=0.107 | asc=0.065 gumsa=0.714 tenure=6.8y levy=8472411.2 resent(mean/max)=0.0/0.0 revs=186 | 45.9m eta23m
  !! SPATIAL: PACKED AND SPARSE AT ONCE (local 0.101 > 0.091 > regional 0.0146 /km2) on 14.4% of the land -- the population is NOT food-limited, it is failing to disperse; any carrying-capacity reading of this run is void
  ~~ demography: 9/16 in band  !! AGE STRUCTURE OUT OF BAND -> every marker above demography in the ladder is PROVISIONAL  worst: m_5_15=0.0383(3.83x), frac_fatherless=0.0802(1.60x), band_med_adults=13(0.46x), surv_to_45=0.236(0.55x)
[10000/15000] pop=  2341 bd=  30 bigbd=4(med222.5) strat=0.0% giniC=0.348 dyn:eff=27.6 top=0.133 nlin=87 lpb=14.73/dom=0.298 mRSg=0.56 set=19(mx109,prim1.28) con=403.0 inst=22 ldT=0.333 | asc=0.05 gumsa=0.3 tenure=6.8y levy=7193527.8 resent(mean/max)=0.0/0.0 revs=187 | 46.0m eta23m
  !! SPATIAL: PACKED AND SPARSE AT ONCE (local 0.108 > 0.091 > regional 0.0144 /km2) on 13.3% of the land -- the population is NOT food-limited, it is failing to disperse; any carrying-capacity reading of this run is void
  ~~ demography: 9/16 in band  !! AGE STRUCTURE OUT OF BAND -> every marker above demography in the ladder is PROVISIONAL  worst: m_5_15=0.0383(3.83x), frac_fatherless=0.0882(1.76x), band_med_adults=13(0.46x), surv_to_45=0.236(0.55x)
[10025/15000] pop=  2298 bd=  32 bigbd=2(med820.0) strat=0.0% giniC=0.344 dyn:eff=27.0 top=0.134 nlin=86 lpb=13.97/dom=0.294 mRSg=0.57 set=20(mx78,prim1.03) con=389.0 inst=22 ldT=0.308 | asc=0.06 gumsa=0.406 tenure=6.8y levy=5677848.6 resent(mean/max)=0.0/0.0 revs=187 | 46.1m eta23m
  ~~ demography: 10/16 in band  !! AGE STRUCTURE OUT OF BAND -> every marker above demography in the ladder is PROVISIONAL  worst: m_5_15=0.0383(3.83x), band_med_adults=13(0.46x), surv_to_45=0.236(0.55x), surv_to_15=0.452(0.68x)
[10050/15000] pop=  2288 bd=  35 bigbd=2(med807.0) strat=0.0% giniC=0.344 dyn:eff=27.3 top=0.132 nlin=85 lpb=13.06/dom=0.309 mRSg=0.573 set=20(mx83,prim1.2) con=370.0 inst=13 ldT=0.226 | asc=0.054 gumsa=0.286 tenure=6.8y levy=7274123.8 resent(mean/max)=0.0/0.0 revs=187 | 46.2m eta23m
  !! SPATIAL: PACKED AND SPARSE AT ONCE (local 0.103 > 0.091 > regional 0.0143 /km2) on 13.8% of the land -- the population is NOT food-limited, it is failing to disperse; any carrying-capacity reading of this run is void
  ~~ demography: 9/16 in band  !! AGE STRUCTURE OUT OF BAND -> every marker above demography in the ladder is PROVISIONAL  worst: m_5_15=0.0383(3.83x), band_med_adults=11(0.39x), frac_motherless=0.0085(0.43x), surv_to_45=0.236(0.55x)
[10075/15000] pop=  2282 bd=  37 bigbd=2(med812.0) strat=0.0% giniC=0.337 dyn:eff=26.8 top=0.135 nlin=85 lpb=12.49/dom=0.317 mRSg=0.578 set=19(mx100,prim1.2) con=388.0 inst=12 ldT=0.25 | asc=0.054 gumsa=0.162 tenure=6.8y levy=8628493.4 resent(mean/max)=0.0/0.0 revs=187 | 46.3m eta23m
  ~~ demography: 11/16 in band  worst: m_5_15=0.0383(3.83x), band_med_adults=10(0.35x), surv_to_45=0.236(0.55x), surv_to_15=0.452(0.68x)
[10100/15000] pop=  2300 bd=  39 bigbd=2(med811.0) strat=0.0% giniC=0.336 dyn:eff=26.7 top=0.135 nlin=85 lpb=12.38/dom=0.324 mRSg=0.583 set=20(mx83,prim1.01) con=413.0 inst=12 ldT=0.135 | asc=0.059 gumsa=0.179 tenure=6.8y levy=7068254.1 resent(mean/max)=0.0/0.0 revs=188 | 46.4m eta23m
  ~~ demography: 11/16 in band  worst: m_5_15=0.0383(3.83x), band_med_adults=11(0.39x), surv_to_45=0.236(0.55x), surv_to_15=0.452(0.68x)
[10125/15000] pop=  2296 bd=  40 bigbd=2(med802.5) strat=0.0% giniC=0.34 dyn:eff=26.5 top=0.136 nlin=84 lpb=11.9/dom=0.328 mRSg=0.587 set=23(mx83,prim1.15) con=374.0 inst=14 ldT=0.361 | asc=0.095 gumsa=0.4 tenure=6.8y levy=8666677.4 resent(mean/max)=0.0/0.0 revs=188 | 46.5m eta22m
  ~~ demography: 11/16 in band  worst: m_5_15=0.0383(3.83x), band_med_adults=11(0.39x), surv_to_45=0.236(0.55x), surv_to_15=0.452(0.68x)
[10150/15000] pop=  2272 bd=  38 bigbd=2(med807.0) strat=0.0% giniC=0.342 dyn:eff=26.9 top=0.134 nlin=84 lpb=12.0/dom=0.341 mRSg=0.588 set=21(mx81,prim1.03) con=335.0 inst=14 ldT=0.083 | asc=0.083 gumsa=0.474 tenure=6.8y levy=10585173.0 resent(mean/max)=0.0/0.0 revs=188 | 46.6m eta22m
  ~~ demography: 9/16 in band  worst: m_5_15=0.0383(3.83x), frac_fatherless=0.0843(1.69x), band_med_adults=10(0.35x), frac_motherless=0.0086(0.43x)
[10175/15000] pop=  2232 bd=  38 bigbd=2(med796.5) strat=0.0% giniC=0.345 dyn:eff=28.1 top=0.124 nlin=84 lpb=11.92/dom=0.334 mRSg=0.596 set=21(mx104,prim1.35) con=340.5 inst=13 ldT=0.176 | asc=0.082 gumsa=0.5 tenure=6.8y levy=7985598.1 resent(mean/max)=0.0/0.0 revs=188 | 46.7m eta22m
  ~~ demography: 9/16 in band  worst: m_5_15=0.0383(3.83x), frac_fatherless=0.0946(1.89x), frac_motherless=0.0084(0.42x), band_med_adults=12(0.43x)
[10200/15000] pop=  2217 bd=  34 bigbd=2(med803.0) strat=0.0% giniC=0.344 dyn:eff=28.1 top=0.126 nlin=83 lpb=12.65/dom=0.313 mRSg=0.599 set=21(mx88,prim1.05) con=351.0 inst=15 ldT=0.242 | asc=0.074 gumsa=0.559 tenure=6.8y levy=8679273.2 resent(mean/max)=0.0/0.0 revs=188 | 46.8m eta22m
  ~~ demography: 10/16 in band  worst: m_5_15=0.0383(3.83x), band_med_adults=11(0.39x), frac_fatherless=0.0752(1.50x), surv_to_45=0.236(0.55x)
[10225/15000] pop=  2275 bd=  36 bigbd=2(med827.5) strat=0.0% giniC=0.342 dyn:eff=29.2 top=0.121 nlin=86 lpb=12.5/dom=0.311 mRSg=0.593 set=20(mx78,prim1.01) con=353.5 inst=7 ldT=0.25 | asc=0.046 gumsa=0.361 tenure=6.8y levy=8837363.0 resent(mean/max)=0.0/0.0 revs=188 | 46.9m eta22m
  !! SPATIAL: PACKED AND SPARSE AT ONCE (local 0.102 > 0.091 > regional 0.0142 /km2) on 13.9% of the land -- the population is NOT food-limited, it is failing to disperse; any carrying-capacity reading of this run is void
  ~~ demography: 11/16 in band  worst: m_5_15=0.0383(3.83x), band_med_adults=10(0.35x), surv_to_45=0.236(0.55x), surv_to_15=0.453(0.69x)
[10250/15000] pop=  2271 bd=  38 bigbd=3(med396) strat=0.0% giniC=0.346 dyn:eff=28.9 top=0.123 nlin=85 lpb=12.18/dom=0.334 mRSg=0.607 set=22(mx81,prim1.01) con=267.0 inst=16 ldT=0.171 | asc=0.029 gumsa=0.158 tenure=6.8y levy=8005623.1 resent(mean/max)=0.0/0.0 revs=190 | 47.0m eta22m
  ~~ demography: 10/16 in band  worst: m_5_15=0.0383(3.83x), band_med_adults=10.5(0.37x), frac_fatherless=0.0792(1.58x), surv_to_45=0.236(0.55x)
[10275/15000] pop=  2222 bd=  34 bigbd=2(med815.5) strat=0.0% giniC=0.347 dyn:eff=29.4 top=0.122 nlin=86 lpb=12.94/dom=0.315 mRSg=0.606 set=20(mx90,prim1.48) con=301.0 inst=7 ldT=0.276 | asc=0.043 gumsa=0.206 tenure=6.8y levy=6691248.0 resent(mean/max)=0.0/0.0 revs=190 | 47.1m eta22m
  ~~ demography: 10/16 in band  worst: m_5_15=0.0383(3.83x), frac_fatherless=0.081(1.62x), band_med_adults=13(0.46x), surv_to_45=0.236(0.55x)
[10300/15000] pop=  2263 bd=  31 bigbd=2(med831.5) strat=0.0% giniC=0.344 dyn:eff=30.1 top=0.12 nlin=86 lpb=13.94/dom=0.293 mRSg=0.603 set=21(mx96,prim1.16) con=290.0 inst=18 ldT=0.214 | asc=0.027 gumsa=0.194 tenure=6.8y levy=10000448.3 resent(mean/max)=0.0/0.0 revs=192 | 47.2m eta22m
  ~~ demography: 9/16 in band  worst: m_5_15=0.0383(3.83x), frac_motherless=0.0034(0.17x), frac_fatherless=0.0828(1.66x), band_med_adults=11(0.39x)
[10325/15000] pop=  2200 bd=  30 bigbd=3(med415) strat=0.0% giniC=0.345 dyn:eff=29.5 top=0.12 nlin=86 lpb=14.2/dom=0.261 mRSg=0.605 set=22(mx92,prim1.12) con=347.0 inst=12 ldT=0.5 | asc=0.027 gumsa=0.2 tenure=6.8y levy=7957034.0 resent(mean/max)=0.0/0.0 revs=193 | 47.3m eta21m
  ~~ demography: 10/16 in band  worst: m_5_15=0.0383(3.83x), frac_motherless=0.0071(0.36x), band_med_adults=11.5(0.41x), surv_to_45=0.236(0.55x)
[10350/15000] pop=  2154 bd=  28 bigbd=2(med816.0) strat=0.0% giniC=0.35 dyn:eff=29.4 top=0.118 nlin=84 lpb=14.71/dom=0.27 mRSg=0.605 set=20(mx108,prim1.89) con=356.0 inst=13 ldT=0.167 | asc=0.019 gumsa=0.036 tenure=6.8y levy=7778672.7 resent(mean/max)=0.0/0.0 revs=195 | 47.4m eta21m
  ~~ demography: 11/16 in band  worst: m_5_15=0.0383(3.83x), band_med_adults=12(0.43x), surv_to_45=0.236(0.55x), surv_to_15=0.452(0.68x)
[10375/15000] pop=  2166 bd=  27 bigbd=3(med415) strat=0.0% giniC=0.349 dyn:eff=29.2 top=0.118 nlin=84 lpb=14.7/dom=0.263 mRSg=0.603 set=18(mx92,prim1.01) con=350.0 inst=16 ldT=0.185 | asc=0.016 gumsa=0.037 tenure=6.8y levy=7529788.7 resent(mean/max)=0.0/0.0 revs=195 | 47.5m eta21m
  !! SPATIAL: PACKED AND SPARSE AT ONCE (local 0.101 > 0.091 > regional 0.0136 /km2) on 13.5% of the land -- the population is NOT food-limited, it is failing to disperse; any carrying-capacity reading of this run is void
  ~~ demography: 11/16 in band  worst: m_5_15=0.0383(3.83x), band_med_adults=14(0.50x), surv_to_45=0.236(0.55x), surv_to_15=0.452(0.68x)
[10400/15000] pop=  2180 bd=  24 bigbd=2(med829.5) strat=0.0% giniC=0.352 dyn:eff=29.4 top=0.117 nlin=83 lpb=16.21/dom=0.258 mRSg=0.599 set=19(mx105,prim1.12) con=351.0 inst=21 ldT=0.25 | asc=0.025 gumsa=0.042 tenure=6.8y levy=5884088.9 resent(mean/max)=0.0/0.0 revs=195 | 47.6m eta21m
  ~~ demography: 11/16 in band  worst: m_5_15=0.0383(3.83x), surv_to_45=0.236(0.55x), band_med_adults=15.5(0.55x), surv_to_15=0.452(0.68x)
[10425/15000] pop=  2182 bd=  24 bigbd=3(med427) strat=0.0% giniC=0.354 dyn:eff=28.5 top=0.121 nlin=82 lpb=16.33/dom=0.276 mRSg=0.583 set=19(mx94,prim1.06) con=409.5 inst=10 ldT=0.348 | asc=0.025 gumsa=0.042 tenure=6.8y levy=8892586.6 resent(mean/max)=0.0/0.0 revs=195 | 47.7m eta21m
  ~~ demography: 11/16 in band  worst: m_5_15=0.0384(3.84x), band_med_adults=14(0.50x), surv_to_45=0.236(0.55x), surv_to_15=0.452(0.68x)
[10450/15000] pop=  2163 bd=  24 bigbd=3(med418) strat=0.0% giniC=0.358 dyn:eff=27.7 top=0.125 nlin=81 lpb=16.33/dom=0.291 mRSg=0.579 set=21(mx96,prim1.07) con=381.0 inst=13 ldT=0.136 | asc=0.02 gumsa=0.167 tenure=6.8y levy=7553549.7 resent(mean/max)=0.0/0.0 revs=195 | 47.8m eta21m
  ~~ demography: 11/16 in band  worst: m_5_15=0.0383(3.83x), band_med_adults=14(0.50x), surv_to_45=0.236(0.55x), surv_to_15=0.452(0.68x)
[10475/15000] pop=  2201 bd=  23 bigbd=3(med435) strat=0.0% giniC=0.356 dyn:eff=27.8 top=0.123 nlin=81 lpb=16.39/dom=0.311 mRSg=0.57 set=21(mx103,prim1.2) con=397.5 inst=13 ldT=0.217 | asc=0.016 gumsa=0.13 tenure=6.8y levy=8557852.6 resent(mean/max)=0.0/0.0 revs=196 | 47.9m eta21m
  ~~ demography: 11/16 in band  worst: m_5_15=0.0384(3.84x), band_med_adults=13(0.46x), surv_to_45=0.236(0.55x), surv_to_15=0.452(0.68x)
[10500/15000] pop=  2233 bd=  23 bigbd=3(med450) strat=0.0% giniC=0.355 dyn:eff=27.8 top=0.123 nlin=81 lpb=15.78/dom=0.313 mRSg=0.57 set=20(mx80,prim1.0) con=396.0 inst=15 ldT=0.13 | asc=0.027 gumsa=0.217 tenure=6.8y levy=8023980.7 resent(mean/max)=0.0/0.0 revs=196 | 48.0m eta21m
  !! SPATIAL: PACKED AND SPARSE AT ONCE (local 0.105 > 0.091 > regional 0.0138 /km2) on 13.1% of the land -- the population is NOT food-limited, it is failing to disperse; any carrying-capacity reading of this run is void
  ~~ demography: 10/16 in band  worst: m_5_15=0.0384(3.84x), frac_motherless=0.0066(0.33x), band_med_adults=13(0.46x), surv_to_45=0.236(0.55x)
[10525/15000] pop=  2201 bd=  22 bigbd=4(med256.0) strat=0.0% giniC=0.357 dyn:eff=28.3 top=0.123 nlin=80 lpb=16.0/dom=0.311 mRSg=0.563 set=18(mx98,prim1.09) con=370.0 inst=14 ldT=0.3 | asc=0.03 gumsa=0.273 tenure=6.8y levy=7671364.1 resent(mean/max)=0.0/0.0 revs=196 | 48.1m eta20m
  ~~ demography: 9/16 in band  !! AGE STRUCTURE OUT OF BAND -> every marker above demography in the ladder is PROVISIONAL  worst: m_5_15=0.0384(3.84x), frac_motherless=0.0046(0.23x), band_med_adults=13(0.46x), surv_to_45=0.236(0.55x)
[10550/15000] pop=  2265 bd=  25 bigbd=3(med465) strat=0.0% giniC=0.359 dyn:eff=28.0 top=0.123 nlin=80 lpb=15.0/dom=0.3 mRSg=0.565 set=20(mx90,prim1.02) con=454.0 inst=12 ldT=0.429 | asc=0.021 gumsa=0.12 tenure=6.8y levy=7535085.7 resent(mean/max)=0.0/0.0 revs=196 | 48.2m eta20m
  ~~ demography: 10/16 in band  !! AGE STRUCTURE OUT OF BAND -> every marker above demography in the ladder is PROVISIONAL  worst: m_5_15=0.0384(3.84x), band_med_adults=11(0.39x), surv_to_45=0.236(0.55x), surv_to_15=0.452(0.68x)
[10575/15000] pop=  2280 bd=  25 bigbd=4(med265.0) strat=0.0% giniC=0.358 dyn:eff=28.8 top=0.117 nlin=80 lpb=15.08/dom=0.293 mRSg=0.559 set=20(mx107,prim1.29) con=405.0 inst=20 ldT=0.217 | asc=0.027 gumsa=0.16 tenure=6.8y levy=6399035.2 resent(mean/max)=0.0/0.0 revs=196 | 48.3m eta20m
  ~~ demography: 8/16 in band  !! AGE STRUCTURE OUT OF BAND -> every marker above demography in the ladder is PROVISIONAL  worst: m_5_15=0.0384(3.84x), frac_motherless=0.0062(0.31x), band_med_adults=11(0.39x), frac_fatherless=0.077(1.54x)
[10600/15000] pop=  2254 bd=  25 bigbd=3(med466) strat=0.0% giniC=0.359 dyn:eff=28.3 top=0.117 nlin=80 lpb=14.92/dom=0.294 mRSg=0.555 set=20(mx112,prim1.14) con=450.0 inst=16 ldT=0.304 | asc=0.023 gumsa=0.2 tenure=6.8y levy=6646535.3 resent(mean/max)=0.0/0.0 revs=196 | 48.4m eta20m
  ~~ demography: 9/16 in band  !! AGE STRUCTURE OUT OF BAND -> every marker above demography in the ladder is PROVISIONAL  worst: m_5_15=0.0384(3.84x), frac_motherless=0.0089(0.45x), band_med_adults=13(0.46x), surv_to_45=0.236(0.55x)
[10625/15000] pop=  2309 bd=  23 bigbd=3(med484) strat=0.0% giniC=0.359 dyn:eff=27.4 top=0.123 nlin=80 lpb=15.87/dom=0.282 mRSg=0.542 set=20(mx104,prim1.33) con=613.0 inst=8 ldT=0.13 | asc=0.019 gumsa=0.261 tenure=6.8y levy=7714709.3 resent(mean/max)=0.0/0.0 revs=196 | 48.5m eta20m
  ~~ demography: 9/16 in band  !! AGE STRUCTURE OUT OF BAND -> every marker above demography in the ladder is PROVISIONAL  worst: m_5_15=0.0384(3.84x), frac_fatherless=0.0759(1.52x), band_med_adults=14.5(0.51x), surv_to_45=0.236(0.55x)
[10650/15000] pop=  2364 bd=  22 bigbd=3(med503) strat=0.0% giniC=0.355 dyn:eff=27.4 top=0.122 nlin=80 lpb=16.32/dom=0.274 mRSg=0.54 set=21(mx111,prim1.42) con=445.0 inst=10 ldT=0.227 | asc=0.025 gumsa=0.364 tenure=6.8y levy=5752240.4 resent(mean/max)=0.0/0.0 revs=196 | 48.6m eta20m
  ~~ demography: 10/16 in band  !! AGE STRUCTURE OUT OF BAND -> every marker above demography in the ladder is PROVISIONAL  worst: m_5_15=0.0384(3.84x), band_med_adults=9(0.32x), surv_to_45=0.236(0.55x), surv_to_15=0.452(0.68x)
[10675/15000] pop=  2338 bd=  27 bigbd=3(med484) strat=0.0% giniC=0.358 dyn:eff=27.8 top=0.117 nlin=80 lpb=13.89/dom=0.308 mRSg=0.545 set=22(mx103,prim1.24) con=608.0 inst=11 ldT=0.368 | asc=0.012 gumsa=0.037 tenure=6.8y levy=8474535.7 resent(mean/max)=0.0/0.0 revs=197 | 48.7m eta20m
  ~~ demography: 10/16 in band  !! AGE STRUCTURE OUT OF BAND -> every marker above demography in the ladder is PROVISIONAL  worst: m_5_15=0.0384(3.84x), band_med_adults=11(0.39x), surv_to_45=0.236(0.55x), surv_to_15=0.452(0.68x)
[10700/15000] pop=  2354 bd=  23 bigbd=3(med501) strat=0.0% giniC=0.359 dyn:eff=28.9 top=0.112 nlin=81 lpb=15.13/dom=0.322 mRSg=0.553 set=20(mx116,prim1.36) con=437.0 inst=14 ldT=0.13 | asc=0.013 gumsa=0.043 tenure=6.8y levy=7542765.7 resent(mean/max)=0.0/0.0 revs=197 | 48.8m eta20m
  !! SPATIAL: PACKED AND SPARSE AT ONCE (local 0.104 > 0.091 > regional 0.0148 /km2) on 14.2% of the land -- the population is NOT food-limited, it is failing to disperse; any carrying-capacity reading of this run is void
  ~~ demography: 9/16 in band  !! AGE STRUCTURE OUT OF BAND -> every marker above demography in the ladder is PROVISIONAL  worst: m_5_15=0.0383(3.83x), frac_fatherless=0.0803(1.61x), band_med_adults=11.5(0.41x), surv_to_45=0.236(0.55x)
[10725/15000] pop=  2374 bd=  22 bigbd=4(med288.5) strat=0.0% giniC=0.361 dyn:eff=28.9 top=0.114 nlin=82 lpb=16.05/dom=0.309 mRSg=0.566 set=20(mx110,prim1.33) con=515.0 inst=10 ldT=0.227 | asc=0.016 gumsa=0.045 tenure=6.8y levy=7015720.0 resent(mean/max)=0.0/0.0 revs=197 | 48.9m eta19m
  ~~ demography: 8/16 in band  !! AGE STRUCTURE OUT OF BAND -> every marker above demography in the ladder is PROVISIONAL  worst: m_5_15=0.0383(3.83x), frac_fatherless=0.0864(1.73x), band_med_adults=11.5(0.41x), frac_motherless=0.0088(0.44x)
[10750/15000] pop=  2427 bd=  22 bigbd=4(med295.0) strat=0.0% giniC=0.362 dyn:eff=28.5 top=0.115 nlin=82 lpb=15.77/dom=0.313 mRSg=0.579 set=21(mx126,prim1.08) con=396.0 inst=13 ldT=0.227 | asc=0.014 gumsa=0.136 tenure=6.8y levy=11649093.7 resent(mean/max)=0.0/0.0 revs=197 | 49.0m eta19m
  !! SPATIAL: PACKED AND SPARSE AT ONCE (local 0.101 > 0.091 > regional 0.0154 /km2) on 15.2% of the land -- the population is NOT food-limited, it is failing to disperse; any carrying-capacity reading of this run is void
  ~~ demography: 10/16 in band  !! AGE STRUCTURE OUT OF BAND -> every marker above demography in the ladder is PROVISIONAL  worst: m_5_15=0.0383(3.83x), band_med_adults=12(0.43x), surv_to_45=0.237(0.55x), surv_to_15=0.453(0.69x)
[10775/15000] pop=  2470 bd=  21 bigbd=4(med310.0) strat=0.0% giniC=0.363 dyn:eff=28.1 top=0.117 nlin=83 lpb=16.48/dom=0.294 mRSg=0.585 set=20(mx120,prim1.35) con=397.5 inst=13 ldT=0.19 | asc=0.01 gumsa=0.143 tenure=6.8y levy=7640978.2 resent(mean/max)=0.0/0.0 revs=197 | 49.2m eta19m
  ~~ demography: 9/16 in band  !! AGE STRUCTURE OUT OF BAND -> every marker above demography in the ladder is PROVISIONAL  worst: m_5_15=0.0383(3.83x), frac_fatherless=0.0902(1.80x), band_med_adults=13(0.46x), surv_to_45=0.236(0.55x)
[10800/15000] pop=  2402 bd=  21 bigbd=4(med296.0) strat=0.0% giniC=0.363 dyn:eff=28.4 top=0.116 nlin=83 lpb=16.29/dom=0.291 mRSg=0.591 set=20(mx102,prim1.03) con=364.0 inst=10 ldT=0.4 | asc=0.012 gumsa=0.143 tenure=6.8y levy=10472382.1 resent(mean/max)=0.0/0.0 revs=197 | 49.3m eta19m
  !! SPATIAL: PACKED AND SPARSE AT ONCE (local 0.105 > 0.091 > regional 0.0154 /km2) on 14.8% of the land -- the population is NOT food-limited, it is failing to disperse; any carrying-capacity reading of this run is void
  ~~ demography: 9/16 in band  !! AGE STRUCTURE OUT OF BAND -> every marker above demography in the ladder is PROVISIONAL  worst: m_5_15=0.0383(3.83x), frac_fatherless=0.0791(1.58x), band_med_adults=12.5(0.44x), surv_to_45=0.236(0.55x)
[10825/15000] pop=  2467 bd=  20 bigbd=4(med307.5) strat=0.0% giniC=0.361 dyn:eff=28.4 top=0.116 nlin=83 lpb=17.3/dom=0.274 mRSg=0.596 set=20(mx101,prim1.25) con=368.0 inst=16 ldT=0.111 | asc=0.008 gumsa=0.05 tenure=6.8y levy=8060681.4 resent(mean/max)=0.0/0.0 revs=198 | 49.4m eta19m
  ~~ demography: 10/16 in band  !! AGE STRUCTURE OUT OF BAND -> every marker above demography in the ladder is PROVISIONAL  worst: m_5_15=0.0383(3.83x), band_med_adults=12(0.43x), surv_to_45=0.236(0.55x), surv_to_15=0.453(0.69x)
[10850/15000] pop=  2464 bd=  21 bigbd=4(med314.5) strat=0.0% giniC=0.36 dyn:eff=30.3 top=0.105 nlin=84 lpb=17.52/dom=0.261 mRSg=0.599 set=22(mx106,prim1.12) con=316.0 inst=13 ldT=0.353 | asc=0.018 gumsa=0.286 tenure=6.8y levy=8526000.3 resent(mean/max)=0.0/0.0 revs=198 | 49.5m eta19m
  !! SPATIAL: PACKED AND SPARSE AT ONCE (local 0.101 > 0.091 > regional 0.0154 /km2) on 15.3% of the land -- the population is NOT food-limited, it is failing to disperse; any carrying-capacity reading of this run is void
  ~~ demography: 9/16 in band  !! AGE STRUCTURE OUT OF BAND -> every marker above demography in the ladder is PROVISIONAL  worst: m_5_15=0.0383(3.83x), frac_motherless=0.0068(0.34x), band_med_adults=12(0.43x), surv_to_45=0.236(0.55x)
[10875/15000] pop=  2466 bd=  20 bigbd=4(med304.0) strat=0.0% giniC=0.365 dyn:eff=30.7 top=0.104 nlin=84 lpb=17.15/dom=0.261 mRSg=0.587 set=20(mx118,prim1.16) con=303.0 inst=12 ldT=0.222 | asc=0.005 gumsa=0.15 tenure=6.8y levy=8775739.7 resent(mean/max)=0.0/0.0 revs=199 | 49.6m eta19m
  !! SPATIAL: PACKED AND SPARSE AT ONCE (local 0.109 > 0.091 > regional 0.0155 /km2) on 14.1% of the land -- the population is NOT food-limited, it is failing to disperse; any carrying-capacity reading of this run is void
  ~~ demography: 9/16 in band  !! AGE STRUCTURE OUT OF BAND -> every marker above demography in the ladder is PROVISIONAL  worst: m_5_15=0.0383(3.83x), frac_motherless=0.0096(0.48x), surv_to_45=0.236(0.55x), band_med_adults=16(0.57x)
[10900/15000] pop=  2473 bd=  17 bigbd=4(med324.5) strat=0.0% giniC=0.367 dyn:eff=30.1 top=0.105 nlin=84 lpb=19.0/dom=0.266 mRSg=0.579 set=20(mx128,prim1.58) con=306.0 inst=12 ldT=0.5 | asc=0.0 gumsa=0.0 tenure=6.8y levy=6763430.3 resent(mean/max)=0.0/0.0 revs=201 | 49.7m eta19m
  !! SPATIAL: PACKED AND SPARSE AT ONCE (local 0.101 > 0.091 > regional 0.0152 /km2) on 15.0% of the land -- the population is NOT food-limited, it is failing to disperse; any carrying-capacity reading of this run is void
  ~~ demography: 9/16 in band  !! AGE STRUCTURE OUT OF BAND -> every marker above demography in the ladder is PROVISIONAL  worst: m_5_15=0.0383(3.83x), band_med_adults=13(0.46x), frac_fatherless=0.0766(1.53x), surv_to_45=0.236(0.55x)
[10925/15000] pop=  2425 bd=  19 bigbd=3(med558) strat=0.0% giniC=0.37 dyn:eff=30.3 top=0.107 nlin=84 lpb=17.47/dom=0.264 mRSg=0.593 set=20(mx116,prim1.32) con=318.0 inst=8 ldT=0.353 | asc=0.003 gumsa=0.211 tenure=6.8y levy=6432719.3 resent(mean/max)=0.0/0.0 revs=201 | 49.8m eta19m
  !! SPATIAL: PACKED AND SPARSE AT ONCE (local 0.105 > 0.091 > regional 0.0152 /km2) on 14.4% of the land -- the population is NOT food-limited, it is failing to disperse; any carrying-capacity reading of this run is void
  ~~ demography: 10/16 in band  !! AGE STRUCTURE OUT OF BAND -> every marker above demography in the ladder is PROVISIONAL  worst: m_5_15=0.0383(3.83x), band_med_adults=12.5(0.44x), surv_to_45=0.236(0.55x), surv_to_15=0.453(0.69x)
[10950/15000] pop=  2435 bd=  20 bigbd=3(med573) strat=0.0% giniC=0.37 dyn:eff=30.0 top=0.109 nlin=85 lpb=16.3/dom=0.265 mRSg=0.589 set=21(mx119,prim1.35) con=373.0 inst=7 ldT=0.0 | asc=0.003 gumsa=0.2 tenure=6.8y levy=5640303.5 resent(mean/max)=0.0/0.0 revs=201 | 49.9m eta18m
  !! SPATIAL: PACKED AND SPARSE AT ONCE (local 0.110 > 0.091 > regional 0.0155 /km2) on 14.1% of the land -- the population is NOT food-limited, it is failing to disperse; any carrying-capacity reading of this run is void
  ~~ demography: 11/16 in band  worst: m_5_15=0.0383(3.83x), band_med_adults=12.5(0.44x), surv_to_45=0.236(0.55x), surv_to_15=0.453(0.69x)
[10975/15000] pop=  2478 bd=  22 bigbd=2(med1033.0) strat=0.0% giniC=0.37 dyn:eff=29.8 top=0.113 nlin=86 lpb=15.27/dom=0.281 mRSg=0.584 set=20(mx102,prim1.31) con=322.0 inst=10 ldT=0.211 | asc=0.0 gumsa=0.0 tenure=6.8y levy=5816654.8 resent(mean/max)=0.0/0.0 revs=202 | 50.0m eta18m
  ~~ demography: 11/16 in band  worst: m_5_15=0.0383(3.83x), band_med_adults=12(0.43x), surv_to_45=0.236(0.55x), surv_to_15=0.453(0.69x)
[11000/15000] pop=  2444 bd=  23 bigbd=2(med1010.5) strat=0.0% giniC=0.366 dyn:eff=30.3 top=0.11 nlin=86 lpb=15.26/dom=0.287 mRSg=0.581 set=21(mx116,prim1.3) con=328.0 inst=14 ldT=0.278 | asc=0.002 gumsa=0.087 tenure=6.8y levy=10847878.5 resent(mean/max)=0.0/0.0 revs=202 | 50.2m eta18m
  !! SPATIAL: PACKED AND SPARSE AT ONCE (local 0.100 > 0.091 > regional 0.0155 /km2) on 15.5% of the land -- the population is NOT food-limited, it is failing to disperse; any carrying-capacity reading of this run is void
  ~~ demography: 11/16 in band  worst: m_5_15=0.0383(3.83x), band_med_adults=12(0.43x), surv_to_45=0.236(0.55x), surv_to_15=0.453(0.69x)
[11025/15000] pop=  2487 bd=  23 bigbd=2(med1025.5) strat=0.0% giniC=0.367 dyn:eff=29.7 top=0.113 nlin=86 lpb=15.13/dom=0.275 mRSg=0.576 set=19(mx115,prim1.37) con=405.0 inst=9 ldT=0.273 | asc=0.006 gumsa=0.217 tenure=6.8y levy=9407813.3 resent(mean/max)=0.0/0.0 revs=202 | 50.3m eta18m
  ~~ demography: 10/16 in band  worst: m_5_15=0.0383(3.83x), frac_fatherless=0.0887(1.77x), band_med_adults=13(0.46x), surv_to_45=0.236(0.55x)
[11050/15000] pop=  2458 bd=  22 bigbd=2(med1010.0) strat=0.0% giniC=0.37 dyn:eff=30.0 top=0.111 nlin=86 lpb=16.18/dom=0.261 mRSg=0.58 set=21(mx104,prim1.14) con=357.0 inst=12 ldT=0.444 | asc=0.005 gumsa=0.136 tenure=6.8y levy=9874741.9 resent(mean/max)=0.0/0.0 revs=202 | 50.4m eta18m
  ~~ demography: 10/16 in band  worst: m_5_15=0.0383(3.83x), frac_fatherless=0.0923(1.85x), band_med_adults=11.5(0.41x), surv_to_45=0.236(0.55x)
[11075/15000] pop=  2473 bd=  24 bigbd=2(med1003.5) strat=0.0% giniC=0.371 dyn:eff=29.9 top=0.112 nlin=87 lpb=15.58/dom=0.266 mRSg=0.572 set=20(mx116,prim1.04) con=388.0 inst=8 ldT=0.143 | asc=0.015 gumsa=0.208 tenure=6.8y levy=10664647.4 resent(mean/max)=0.0/0.0 revs=202 | 50.5m eta18m
  ~~ demography: 11/16 in band  worst: m_5_15=0.0383(3.83x), band_med_adults=11(0.39x), surv_to_45=0.236(0.55x), surv_to_15=0.453(0.69x)
[11100/15000] pop=  2516 bd=  25 bigbd=2(med1023.0) strat=0.0% giniC=0.373 dyn:eff=29.9 top=0.111 nlin=86 lpb=15.12/dom=0.274 mRSg=0.563 set=21(mx118,prim1.15) con=404.0 inst=18 ldT=0.238 | asc=0.021 gumsa=0.16 tenure=6.8y levy=10537003.2 resent(mean/max)=0.0/0.0 revs=202 | 50.6m eta18m
  !! SPATIAL: PACKED AND SPARSE AT ONCE (local 0.106 > 0.091 > regional 0.0156 /km2) on 14.8% of the land -- the population is NOT food-limited, it is failing to disperse; any carrying-capacity reading of this run is void
  ~~ demography: 11/16 in band  worst: m_5_15=0.0383(3.83x), band_med_adults=10(0.35x), surv_to_45=0.236(0.55x), surv_to_15=0.453(0.69x)
[11125/15000] pop=  2490 bd=  26 bigbd=2(med1008.5) strat=0.0% giniC=0.37 dyn:eff=29.6 top=0.116 nlin=84 lpb=14.42/dom=0.313 mRSg=0.558 set=21(mx96,prim1.17) con=421.5 inst=13 ldT=0.316 | asc=0.011 gumsa=0.115 tenure=6.8y levy=10590348.6 resent(mean/max)=0.0/0.0 revs=203 | 50.7m eta18m
  ~~ demography: 11/16 in band  worst: m_5_15=0.0383(3.83x), band_med_adults=10(0.35x), surv_to_45=0.236(0.55x), surv_to_15=0.452(0.68x)
[11150/15000] pop=  2457 bd=  26 bigbd=2(med992.0) strat=0.0% giniC=0.372 dyn:eff=30.0 top=0.112 nlin=84 lpb=14.35/dom=0.295 mRSg=0.554 set=21(mx111,prim1.52) con=383.5 inst=21 ldT=0.304 | asc=0.027 gumsa=0.192 tenure=6.8y levy=7296057.7 resent(mean/max)=0.0/0.0 revs=203 | 50.8m eta18m
  !! SPATIAL: PACKED AND SPARSE AT ONCE (local 0.100 > 0.091 > regional 0.0157 /km2) on 15.7% of the land -- the population is NOT food-limited, it is failing to disperse; any carrying-capacity reading of this run is void
  ~~ demography: 10/16 in band  worst: m_5_15=0.0383(3.83x), band_med_adults=11(0.39x), frac_motherless=0.0098(0.49x), surv_to_45=0.236(0.55x)
[11175/15000] pop=  2519 bd=  27 bigbd=4(med353.5) strat=0.0% giniC=0.369 dyn:eff=30.6 top=0.11 nlin=84 lpb=14.48/dom=0.324 mRSg=0.559 set=20(mx122,prim1.24) con=349.5 inst=17 ldT=0.192 | asc=0.017 gumsa=0.148 tenure=6.8y levy=9878026.1 resent(mean/max)=0.0/0.0 revs=204 | 51.0m eta17m
  !! SPATIAL: PACKED AND SPARSE AT ONCE (local 0.101 > 0.091 > regional 0.0157 /km2) on 15.6% of the land -- the population is NOT food-limited, it is failing to disperse; any carrying-capacity reading of this run is void
  ~~ demography: 10/16 in band  worst: m_5_15=0.0384(3.84x), band_med_adults=10(0.35x), frac_motherless=0.0083(0.41x), surv_to_45=0.236(0.55x)
[11200/15000] pop=  2505 bd=  27 bigbd=3(med641) strat=0.0% giniC=0.372 dyn:eff=30.6 top=0.109 nlin=84 lpb=13.96/dom=0.317 mRSg=0.552 set=20(mx94,prim1.13) con=404.0 inst=13 ldT=0.32 | asc=0.009 gumsa=0.111 tenure=6.8y levy=8688479.9 resent(mean/max)=0.0/0.0 revs=206 | 51.1m eta17m
  !! SPATIAL: PACKED AND SPARSE AT ONCE (local 0.101 > 0.091 > regional 0.0155 /km2) on 15.4% of the land -- the population is NOT food-limited, it is failing to disperse; any carrying-capacity reading of this run is void
  ~~ demography: 10/16 in band  worst: m_5_15=0.0384(3.84x), frac_motherless=0.0058(0.29x), band_med_adults=11(0.39x), surv_to_45=0.236(0.55x)
[11225/15000] pop=  2480 bd=  26 bigbd=2(med998.0) strat=0.0% giniC=0.376 dyn:eff=31.3 top=0.102 nlin=83 lpb=13.92/dom=0.323 mRSg=0.555 set=21(mx122,prim1.23) con=470.0 inst=16 ldT=0.08 | asc=0.01 gumsa=0.115 tenure=6.8y levy=6276628.7 resent(mean/max)=0.0/0.0 revs=207 | 51.2m eta17m
  !! SPATIAL: PACKED AND SPARSE AT ONCE (local 0.102 > 0.091 > regional 0.0154 /km2) on 15.2% of the land -- the population is NOT food-limited, it is failing to disperse; any carrying-capacity reading of this run is void
  ~~ demography: 11/16 in band  worst: m_5_15=0.0384(3.84x), band_med_adults=10(0.35x), surv_to_45=0.236(0.55x), surv_to_15=0.452(0.68x)
[11250/15000] pop=  2467 bd=  29 bigbd=2(med981.5) strat=0.0% giniC=0.381 dyn:eff=31.9 top=0.099 nlin=83 lpb=13.24/dom=0.321 mRSg=0.561 set=20(mx123,prim1.15) con=417.0 inst=11 ldT=0.19 | asc=0.002 gumsa=0.034 tenure=6.8y levy=7463976.3 resent(mean/max)=0.0/0.0 revs=208 | 51.3m eta17m
  !! SPATIAL: PACKED AND SPARSE AT ONCE (local 0.103 > 0.091 > regional 0.0150 /km2) on 14.6% of the land -- the population is NOT food-limited, it is failing to disperse; any carrying-capacity reading of this run is void
  ~~ demography: 10/16 in band  worst: m_5_15=0.0384(3.84x), frac_fatherless=0.0823(1.65x), band_med_adults=11(0.39x), surv_to_45=0.235(0.55x)
[11275/15000] pop=  2400 bd=  26 bigbd=2(med974.0) strat=0.0% giniC=0.386 dyn:eff=31.6 top=0.096 nlin=83 lpb=13.81/dom=0.318 mRSg=0.571 set=20(mx102,prim1.12) con=444.0 inst=12 ldT=0.318 | asc=0.015 gumsa=0.192 tenure=6.8y levy=6959904.9 resent(mean/max)=0.0/0.0 revs=208 | 51.4m eta17m
  !! SPATIAL: PACKED AND SPARSE AT ONCE (local 0.100 > 0.091 > regional 0.0152 /km2) on 15.2% of the land -- the population is NOT food-limited, it is failing to disperse; any carrying-capacity reading of this run is void
  ~~ demography: 10/16 in band  worst: m_5_15=0.0384(3.84x), frac_fatherless=0.0859(1.72x), band_med_adults=11(0.39x), surv_to_45=0.235(0.55x)
[11300/15000] pop=  2437 bd=  27 bigbd=2(med991.5) strat=0.0% giniC=0.385 dyn:eff=31.5 top=0.097 nlin=83 lpb=13.48/dom=0.337 mRSg=0.571 set=20(mx92,prim1.16) con=510.0 inst=15 ldT=0.12 | asc=0.011 gumsa=0.259 tenure=6.8y levy=6670256.3 resent(mean/max)=0.0/0.0 revs=209 | 51.5m eta17m
  !! SPATIAL: PACKED AND SPARSE AT ONCE (local 0.101 > 0.091 > regional 0.0147 /km2) on 14.6% of the land -- the population is NOT food-limited, it is failing to disperse; any carrying-capacity reading of this run is void
  ~~ demography: 11/16 in band  worst: m_5_15=0.0385(3.85x), band_med_adults=11.5(0.41x), surv_to_45=0.235(0.55x), surv_to_15=0.451(0.68x)
[11325/15000] pop=  2355 bd=  26 bigbd=2(med949.5) strat=0.0% giniC=0.387 dyn:eff=30.6 top=0.101 nlin=83 lpb=14.69/dom=0.274 mRSg=0.566 set=21(mx114,prim1.3) con=470.5 inst=11 ldT=0.263 | asc=0.013 gumsa=0.231 tenure=6.8y levy=7880719.4 resent(mean/max)=0.0/0.0 revs=209 | 51.6m eta17m
  ~~ demography: 10/16 in band  worst: m_5_15=0.0385(3.85x), frac_motherless=0.0066(0.33x), band_med_adults=12(0.43x), surv_to_45=0.235(0.55x)
[11350/15000] pop=  2344 bd=  25 bigbd=2(med950.0) strat=0.0% giniC=0.379 dyn:eff=30.0 top=0.103 nlin=84 lpb=14.96/dom=0.28 mRSg=0.567 set=19(mx94,prim1.07) con=505.5 inst=11 ldT=0.211 | asc=0.017 gumsa=0.2 tenure=6.8y levy=10322640.2 resent(mean/max)=0.0/0.0 revs=209 | 51.7m eta17m
  ~~ demography: 10/16 in band  worst: m_5_15=0.0385(3.85x), frac_motherless=0.0048(0.24x), band_med_adults=12(0.43x), surv_to_45=0.235(0.55x)
[11375/15000] pop=  2378 bd=  25 bigbd=2(med969.0) strat=0.0% giniC=0.377 dyn:eff=30.2 top=0.099 nlin=84 lpb=14.32/dom=0.301 mRSg=0.573 set=19(mx111,prim1.12) con=494.0 inst=13 ldT=0.182 | asc=0.037 gumsa=0.24 tenure=6.8y levy=7732610.0 resent(mean/max)=0.0/0.0 revs=209 | 51.8m eta17m
  ~~ demography: 9/16 in band  worst: m_5_15=0.0385(3.85x), frac_motherless=0.0065(0.32x), band_med_adults=12(0.43x), frac_fatherless=0.0761(1.52x)
[11400/15000] pop=  2377 bd=  27 bigbd=2(med966.0) strat=0.0% giniC=0.378 dyn:eff=30.0 top=0.097 nlin=82 lpb=13.63/dom=0.304 mRSg=0.567 set=19(mx106,prim1.34) con=603.5 inst=16 ldT=0.435 | asc=0.031 gumsa=0.259 tenure=6.8y levy=8541083.3 resent(mean/max)=0.0/0.0 revs=209 | 51.9m eta16m
  !! SPATIAL: PACKED AND SPARSE AT ONCE (local 0.106 > 0.091 > regional 0.0154 /km2) on 14.6% of the land -- the population is NOT food-limited, it is failing to disperse; any carrying-capacity reading of this run is void
  ~~ demography: 10/16 in band  worst: m_5_15=0.0385(3.85x), frac_motherless=0.003(0.15x), band_med_adults=11.5(0.41x), surv_to_45=0.235(0.55x)
[11425/15000] pop=  2462 bd=  30 bigbd=3(med679) strat=0.0% giniC=0.376 dyn:eff=29.8 top=0.097 nlin=82 lpb=13.0/dom=0.333 mRSg=0.561 set=20(mx112,prim1.49) con=552.0 inst=13 ldT=0.13 | asc=0.03 gumsa=0.233 tenure=6.8y levy=9595188.2 resent(mean/max)=0.0/0.0 revs=210 | 52.0m eta16m
  ~~ demography: 10/16 in band  worst: m_5_15=0.0385(3.85x), band_med_adults=10(0.35x), frac_motherless=0.0097(0.48x), surv_to_45=0.236(0.55x)
[11450/15000] pop=  2519 bd=  31 bigbd=2(med999.0) strat=0.0% giniC=0.371 dyn:eff=29.9 top=0.098 nlin=82 lpb=12.61/dom=0.325 mRSg=0.561 set=21(mx104,prim1.02) con=697.0 inst=11 ldT=0.32 | asc=0.029 gumsa=0.258 tenure=6.8y levy=7913239.7 resent(mean/max)=0.0/0.0 revs=210 | 52.1m eta16m
  !! SPATIAL: PACKED AND SPARSE AT ONCE (local 0.101 > 0.091 > regional 0.0158 /km2) on 15.6% of the land -- the population is NOT food-limited, it is failing to disperse; any carrying-capacity reading of this run is void
  ~~ demography: 11/16 in band  worst: m_5_15=0.0385(3.85x), band_med_adults=13(0.46x), surv_to_45=0.236(0.55x), surv_to_15=0.452(0.68x)
[11475/15000] pop=  2535 bd=  28 bigbd=2(med1007.5) strat=0.0% giniC=0.37 dyn:eff=30.1 top=0.092 nlin=81 lpb=13.79/dom=0.296 mRSg=0.563 set=20(mx105,prim1.28) con=574.0 inst=14 ldT=0.107 | asc=0.032 gumsa=0.286 tenure=6.8y levy=9597180.3 resent(mean/max)=0.0/0.0 revs=210 | 52.2m eta16m
  !! SPATIAL: PACKED AND SPARSE AT ONCE (local 0.104 > 0.091 > regional 0.0158 /km2) on 15.2% of the land -- the population is NOT food-limited, it is failing to disperse; any carrying-capacity reading of this run is void
  ~~ demography: 11/16 in band  worst: m_5_15=0.0385(3.85x), band_med_adults=12(0.43x), surv_to_45=0.236(0.55x), surv_to_15=0.452(0.68x)
[11500/15000] pop=  2523 bd=  28 bigbd=2(med1000.5) strat=0.0% giniC=0.371 dyn:eff=30.4 top=0.087 nlin=81 lpb=14.14/dom=0.278 mRSg=0.566 set=21(mx91,prim1.02) con=535.0 inst=16 ldT=0.375 | asc=0.029 gumsa=0.25 tenure=6.8y levy=7491353.2 resent(mean/max)=0.0/0.0 revs=210 | 52.3m eta16m
  ~~ demography: 11/16 in band  worst: m_5_15=0.0385(3.85x), band_med_adults=12(0.43x), surv_to_45=0.236(0.55x), surv_to_15=0.452(0.68x)
[11525/15000] pop=  2499 bd=  29 bigbd=2(med979.0) strat=0.0% giniC=0.367 dyn:eff=31.4 top=0.079 nlin=82 lpb=14.59/dom=0.269 mRSg=0.572 set=21(mx104,prim1.39) con=461.5 inst=10 ldT=0.318 | asc=0.004 gumsa=0.034 tenure=6.8y levy=8451668.8 resent(mean/max)=0.0/0.0 revs=210 | 52.5m eta16m
  ~~ demography: 10/16 in band  worst: m_5_15=0.0385(3.85x), band_med_adults=12(0.43x), frac_motherless=0.0092(0.46x), surv_to_45=0.236(0.55x)
[11550/15000] pop=  2505 bd=  27 bigbd=3(med772) strat=0.0% giniC=0.365 dyn:eff=31.1 top=0.082 nlin=82 lpb=14.67/dom=0.265 mRSg=0.566 set=21(mx82,prim1.0) con=681.0 inst=13 ldT=0.12 | asc=0.008 gumsa=0.148 tenure=6.8y levy=7074036.3 resent(mean/max)=0.0/0.0 revs=210 | 52.6m eta16m
  !! SPATIAL: PACKED AND SPARSE AT ONCE (local 0.101 > 0.091 > regional 0.0161 /km2) on 15.9% of the land -- the population is NOT food-limited, it is failing to disperse; any carrying-capacity reading of this run is void
  ~~ demography: 9/16 in band  !! AGE STRUCTURE OUT OF BAND -> every marker above demography in the ladder is PROVISIONAL  worst: m_5_15=0.0385(3.85x), frac_motherless=0.0085(0.43x), band_med_adults=12(0.43x), surv_to_45=0.236(0.55x)
[11575/15000] pop=  2571 bd=  30 bigbd=2(med1022.5) strat=0.0% giniC=0.365 dyn:eff=31.2 top=0.082 nlin=82 lpb=13.43/dom=0.279 mRSg=0.569 set=21(mx113,prim1.4) con=585.0 inst=19 ldT=0.148 | asc=0.012 gumsa=0.1 tenure=6.8y levy=5933124.1 resent(mean/max)=0.0/0.0 revs=210 | 52.7m eta16m
  !! SPATIAL: PACKED AND SPARSE AT ONCE (local 0.101 > 0.091 > regional 0.0158 /km2) on 15.7% of the land -- the population is NOT food-limited, it is failing to disperse; any carrying-capacity reading of this run is void
  ~~ demography: 9/16 in band  !! AGE STRUCTURE OUT OF BAND -> every marker above demography in the ladder is PROVISIONAL  worst: m_5_15=0.0385(3.85x), band_med_adults=11.5(0.41x), frac_motherless=0.0097(0.48x), surv_to_45=0.235(0.55x)
[11600/15000] pop=  2529 bd=  26 bigbd=2(med1026.5) strat=0.0% giniC=0.363 dyn:eff=31.2 top=0.085 nlin=83 lpb=14.58/dom=0.279 mRSg=0.569 set=20(mx86,prim1.19) con=693.5 inst=10 ldT=0.565 | asc=0.011 gumsa=0.231 tenure=6.8y levy=5943925.3 resent(mean/max)=0.0/0.0 revs=210 | 52.8m eta15m
  !! SPATIAL: PACKED AND SPARSE AT ONCE (local 0.102 > 0.091 > regional 0.0162 /km2) on 15.8% of the land -- the population is NOT food-limited, it is failing to disperse; any carrying-capacity reading of this run is void
  ~~ demography: 10/16 in band  !! AGE STRUCTURE OUT OF BAND -> every marker above demography in the ladder is PROVISIONAL  worst: m_5_15=0.0385(3.85x), band_med_adults=11(0.39x), surv_to_45=0.236(0.55x), surv_to_15=0.452(0.68x)
[11625/15000] pop=  2585 bd=  26 bigbd=2(med1059.5) strat=0.0% giniC=0.366 dyn:eff=31.0 top=0.085 nlin=83 lpb=14.38/dom=0.276 mRSg=0.569 set=20(mx97,prim1.05) con=503.5 inst=12 ldT=0.2 | asc=0.009 gumsa=0.192 tenure=6.8y levy=8634768.2 resent(mean/max)=0.0/0.0 revs=210 | 52.9m eta15m
  ~~ demography: 10/16 in band  !! AGE STRUCTURE OUT OF BAND -> every marker above demography in the ladder is PROVISIONAL  worst: m_5_15=0.0385(3.85x), band_med_adults=11(0.39x), surv_to_45=0.235(0.55x), surv_to_15=0.451(0.68x)
[11650/15000] pop=  2556 bd=  27 bigbd=2(med1043.5) strat=0.0% giniC=0.369 dyn:eff=31.9 top=0.081 nlin=83 lpb=14.63/dom=0.27 mRSg=0.563 set=20(mx107,prim1.3) con=563.0 inst=10 ldT=0.19 | asc=0.017 gumsa=0.333 tenure=6.8y levy=8913376.1 resent(mean/max)=0.0/0.0 revs=210 | 53.0m eta15m
  ~~ demography: 10/16 in band  !! AGE STRUCTURE OUT OF BAND -> every marker above demography in the ladder is PROVISIONAL  worst: m_5_15=0.0385(3.85x), band_med_adults=11(0.39x), surv_to_45=0.235(0.55x), surv_to_15=0.451(0.68x)
[11675/15000] pop=  2560 bd=  25 bigbd=2(med1057.5) strat=0.0% giniC=0.367 dyn:eff=31.6 top=0.08 nlin=83 lpb=14.88/dom=0.29 mRSg=0.563 set=21(mx105,prim1.05) con=537.5 inst=8 ldT=0.125 | asc=0.013 gumsa=0.24 tenure=6.8y levy=10360619.6 resent(mean/max)=0.0/0.0 revs=211 | 53.1m eta15m
  ~~ demography: 10/16 in band  !! AGE STRUCTURE OUT OF BAND -> every marker above demography in the ladder is PROVISIONAL  worst: m_5_15=0.0385(3.85x), band_med_adults=12(0.43x), surv_to_45=0.235(0.55x), surv_to_15=0.451(0.68x)
[11700/15000] pop=  2583 bd=  25 bigbd=2(med1062.5) strat=0.0% giniC=0.366 dyn:eff=30.1 top=0.084 nlin=83 lpb=14.92/dom=0.301 mRSg=0.564 set=21(mx104,prim1.13) con=432.0 inst=15 ldT=0.261 | asc=0.012 gumsa=0.2 tenure=6.8y levy=7707836.8 resent(mean/max)=0.0/0.0 revs=211 | 53.2m eta15m
  !! SPATIAL: PACKED AND SPARSE AT ONCE (local 0.102 > 0.091 > regional 0.0163 /km2) on 16.1% of the land -- the population is NOT food-limited, it is failing to disperse; any carrying-capacity reading of this run is void
  ~~ demography: 9/16 in band  !! AGE STRUCTURE OUT OF BAND -> every marker above demography in the ladder is PROVISIONAL  worst: m_5_15=0.0385(3.85x), band_med_adults=10(0.35x), frac_fatherless=0.0785(1.57x), surv_to_45=0.236(0.55x)
[11725/15000] pop=  2613 bd=  29 bigbd=3(med828) strat=0.0% giniC=0.366 dyn:eff=29.3 top=0.089 nlin=83 lpb=13.86/dom=0.315 mRSg=0.569 set=22(mx115,prim1.16) con=691.0 inst=20 ldT=0.273 | asc=0.021 gumsa=0.207 tenure=6.8y levy=9257418.6 resent(mean/max)=0.0/0.0 revs=211 | 53.4m eta15m
  !! SPATIAL: PACKED AND SPARSE AT ONCE (local 0.102 > 0.091 > regional 0.0158 /km2) on 15.5% of the land -- the population is NOT food-limited, it is failing to disperse; any carrying-capacity reading of this run is void
  ~~ demography: 9/16 in band  !! AGE STRUCTURE OUT OF BAND -> every marker above demography in the ladder is PROVISIONAL  worst: m_5_15=0.0386(3.86x), frac_fatherless=0.0876(1.75x), band_med_adults=12(0.43x), surv_to_45=0.235(0.55x)
[11750/15000] pop=  2525 bd=  27 bigbd=2(med1041.5) strat=0.0% giniC=0.359 dyn:eff=29.6 top=0.088 nlin=83 lpb=13.56/dom=0.311 mRSg=0.573 set=19(mx126,prim1.52) con=456.0 inst=15 ldT=0.28 | asc=0.015 gumsa=0.037 tenure=6.8y levy=6916269.5 resent(mean/max)=0.0/0.0 revs=212 | 53.5m eta15m
  ~~ demography: 10/16 in band  !! AGE STRUCTURE OUT OF BAND -> every marker above demography in the ladder is PROVISIONAL  worst: m_5_15=0.0386(3.86x), band_med_adults=13(0.46x), surv_to_45=0.235(0.55x), surv_to_15=0.451(0.68x)
[11775/15000] pop=  2477 bd=  23 bigbd=2(med1023.5) strat=0.0% giniC=0.36 dyn:eff=28.4 top=0.093 nlin=83 lpb=15.57/dom=0.284 mRSg=0.567 set=21(mx105,prim1.01) con=654.0 inst=13 ldT=0.273 | asc=0.012 gumsa=0.087 tenure=6.8y levy=10473701.5 resent(mean/max)=0.0/0.0 revs=213 | 53.6m eta15m
  ~~ demography: 10/16 in band  !! AGE STRUCTURE OUT OF BAND -> every marker above demography in the ladder is PROVISIONAL  worst: m_5_15=0.0386(3.86x), band_med_adults=12.5(0.44x), surv_to_45=0.235(0.55x), surv_to_15=0.451(0.68x)
[11800/15000] pop=  2509 bd=  24 bigbd=2(med1034.0) strat=0.0% giniC=0.359 dyn:eff=28.2 top=0.097 nlin=84 lpb=15.12/dom=0.288 mRSg=0.562 set=21(mx110,prim1.38) con=561.5 inst=16 ldT=0.19 | asc=0.011 gumsa=0.042 tenure=6.8y levy=8531043.2 resent(mean/max)=0.0/0.0 revs=213 | 53.7m eta15m
  !! SPATIAL: PACKED AND SPARSE AT ONCE (local 0.102 > 0.091 > regional 0.0154 /km2) on 15.1% of the land -- the population is NOT food-limited, it is failing to disperse; any carrying-capacity reading of this run is void
  ~~ demography: 11/16 in band  worst: m_5_15=0.0386(3.86x), band_med_adults=11(0.39x), surv_to_45=0.235(0.55x), surv_to_15=0.45(0.68x)
[11825/15000] pop=  2465 bd=  27 bigbd=2(med1004.0) strat=0.0% giniC=0.36 dyn:eff=27.7 top=0.101 nlin=82 lpb=14.26/dom=0.3 mRSg=0.567 set=21(mx108,prim1.04) con=576.5 inst=20 ldT=0.333 | asc=0.013 gumsa=0.074 tenure=6.8y levy=6098101.5 resent(mean/max)=0.0/0.0 revs=213 | 53.8m eta14m
  !! SPATIAL: PACKED AND SPARSE AT ONCE (local 0.103 > 0.091 > regional 0.0152 /km2) on 14.8% of the land -- the population is NOT food-limited, it is failing to disperse; any carrying-capacity reading of this run is void
  ~~ demography: 11/16 in band  worst: m_5_15=0.0387(3.87x), band_med_adults=10(0.35x), surv_to_45=0.234(0.54x), surv_to_15=0.45(0.68x)
[11850/15000] pop=  2433 bd=  29 bigbd=2(med964.5) strat=0.0% giniC=0.362 dyn:eff=27.5 top=0.102 nlin=80 lpb=14.34/dom=0.254 mRSg=0.56 set=22(mx102,prim1.07) con=567.0 inst=9 ldT=0.455 | asc=0.039 gumsa=0.138 tenure=6.8y levy=6710280.3 resent(mean/max)=0.0/0.0 revs=213 | 53.9m eta14m
  !! SPATIAL: PACKED AND SPARSE AT ONCE (local 0.116 > 0.091 > regional 0.0151 /km2) on 13.1% of the land -- the population is NOT food-limited, it is failing to disperse; any carrying-capacity reading of this run is void
  ~~ demography: 11/16 in band  worst: m_5_15=0.0387(3.87x), band_med_adults=11(0.39x), surv_to_45=0.234(0.54x), surv_to_15=0.45(0.68x)
[11875/15000] pop=  2420 bd=  28 bigbd=2(med966.5) strat=0.0% giniC=0.36 dyn:eff=27.7 top=0.103 nlin=79 lpb=14.89/dom=0.254 mRSg=0.556 set=19(mx101,prim1.16) con=457.5 inst=14 ldT=0.333 | asc=0.034 gumsa=0.071 tenure=6.7y levy=7217449.6 resent(mean/max)=0.0/0.0 revs=214 | 54.0m eta14m
  !! SPATIAL: PACKED AND SPARSE AT ONCE (local 0.107 > 0.091 > regional 0.0148 /km2) on 13.8% of the land -- the population is NOT food-limited, it is failing to disperse; any carrying-capacity reading of this run is void
  ~~ demography: 11/16 in band  worst: m_5_15=0.0387(3.87x), band_med_adults=11(0.39x), surv_to_45=0.234(0.54x), surv_to_15=0.45(0.68x)
[11900/15000] pop=  2366 bd=  27 bigbd=2(med951.0) strat=0.0% giniC=0.361 dyn:eff=26.7 top=0.111 nlin=78 lpb=14.78/dom=0.246 mRSg=0.565 set=19(mx96,prim1.08) con=490.0 inst=13 ldT=0.19 | asc=0.024 gumsa=0.111 tenure=6.7y levy=6865721.5 resent(mean/max)=0.0/0.0 revs=215 | 54.1m eta14m
  !! SPATIAL: PACKED AND SPARSE AT ONCE (local 0.103 > 0.091 > regional 0.0146 /km2) on 14.2% of the land -- the population is NOT food-limited, it is failing to disperse; any carrying-capacity reading of this run is void
  ~~ demography: 10/16 in band  worst: m_5_15=0.0387(3.87x), frac_fatherless=0.0929(1.86x), band_med_adults=9.5(0.34x), surv_to_45=0.234(0.54x)
[11925/15000] pop=  2337 bd=  28 bigbd=2(med939.5) strat=0.0% giniC=0.359 dyn:eff=26.2 top=0.111 nlin=78 lpb=13.96/dom=0.258 mRSg=0.561 set=21(mx94,prim1.03) con=634.0 inst=21 ldT=0.261 | asc=0.022 gumsa=0.179 tenure=6.7y levy=9205799.4 resent(mean/max)=0.0/0.0 revs=216 | 54.3m eta14m
  !! SPATIAL: PACKED AND SPARSE AT ONCE (local 0.103 > 0.091 > regional 0.0145 /km2) on 14.1% of the land -- the population is NOT food-limited, it is failing to disperse; any carrying-capacity reading of this run is void
  ~~ demography: 10/16 in band  worst: m_5_15=0.0387(3.87x), band_med_adults=11(0.39x), frac_fatherless=0.0783(1.57x), surv_to_45=0.234(0.54x)
[11950/15000] pop=  2318 bd=  26 bigbd=2(med930.5) strat=0.0% giniC=0.359 dyn:eff=26.9 top=0.107 nlin=79 lpb=14.73/dom=0.247 mRSg=0.566 set=21(mx100,prim1.12) con=603.0 inst=11 ldT=0.261 | asc=0.026 gumsa=0.308 tenure=6.7y levy=8496841.1 resent(mean/max)=0.0/0.0 revs=216 | 54.4m eta14m
  !! SPATIAL: PACKED AND SPARSE AT ONCE (local 0.102 > 0.091 > regional 0.0145 /km2) on 14.2% of the land -- the population is NOT food-limited, it is failing to disperse; any carrying-capacity reading of this run is void
  ~~ demography: 10/16 in band  worst: m_5_15=0.0387(3.87x), band_med_adults=11(0.39x), frac_fatherless=0.0789(1.58x), surv_to_45=0.234(0.54x)
[11975/15000] pop=  2320 bd=  25 bigbd=3(med746) strat=0.0% giniC=0.357 dyn:eff=26.8 top=0.107 nlin=79 lpb=15.12/dom=0.248 mRSg=0.564 set=21(mx103,prim1.13) con=485.0 inst=12 ldT=0.364 | asc=0.026 gumsa=0.12 tenure=6.7y levy=8202980.6 resent(mean/max)=0.0/0.0 revs=216 | 54.5m eta14m
  !! SPATIAL: PACKED AND SPARSE AT ONCE (local 0.104 > 0.091 > regional 0.0144 /km2) on 13.8% of the land -- the population is NOT food-limited, it is failing to disperse; any carrying-capacity reading of this run is void
  ~~ demography: 10/16 in band  worst: m_5_15=0.0387(3.87x), band_med_adults=11(0.39x), frac_motherless=0.0097(0.48x), surv_to_45=0.234(0.54x)
[12000/15000] pop=  2309 bd=  23 bigbd=2(med951.0) strat=0.0% giniC=0.355 dyn:eff=26.3 top=0.109 nlin=77 lpb=15.43/dom=0.242 mRSg=0.566 set=20(mx87,prim1.07) con=485.0 inst=14 ldT=0.143 | asc=0.028 gumsa=0.261 tenure=6.7y levy=8799891.1 resent(mean/max)=0.0/0.0 revs=216 | 54.6m eta14m
  !! SPATIAL: PACKED AND SPARSE AT ONCE (local 0.102 > 0.091 > regional 0.0147 /km2) on 14.4% of the land -- the population is NOT food-limited, it is failing to disperse; any carrying-capacity reading of this run is void
  ~~ demography: 11/16 in band  worst: m_5_15=0.0387(3.87x), band_med_adults=12(0.43x), surv_to_45=0.234(0.54x), surv_to_15=0.45(0.68x)
[12025/15000] pop=  2354 bd=  23 bigbd=2(med962.0) strat=0.0% giniC=0.351 dyn:eff=26.9 top=0.106 nlin=77 lpb=15.83/dom=0.252 mRSg=0.562 set=21(mx110,prim1.12) con=453.0 inst=15 ldT=0.238 | asc=0.016 gumsa=0.13 tenure=6.7y levy=9862247.1 resent(mean/max)=0.0/0.0 revs=216 | 54.7m eta14m
  !! SPATIAL: PACKED AND SPARSE AT ONCE (local 0.102 > 0.091 > regional 0.0149 /km2) on 14.6% of the land -- the population is NOT food-limited, it is failing to disperse; any carrying-capacity reading of this run is void
  ~~ demography: 11/16 in band  worst: m_5_15=0.0387(3.87x), band_med_adults=12(0.43x), surv_to_45=0.234(0.54x), surv_to_15=0.45(0.68x)
[12050/15000] pop=  2377 bd=  23 bigbd=2(med974.5) strat=0.0% giniC=0.349 dyn:eff=26.6 top=0.106 nlin=76 lpb=15.7/dom=0.265 mRSg=0.56 set=19(mx106,prim1.22) con=482.0 inst=13 ldT=0.2 | asc=0.014 gumsa=0.087 tenure=6.7y levy=9146549.8 resent(mean/max)=0.0/0.0 revs=218 | 54.8m eta13m
  !! SPATIAL: PACKED AND SPARSE AT ONCE (local 0.102 > 0.091 > regional 0.0149 /km2) on 14.6% of the land -- the population is NOT food-limited, it is failing to disperse; any carrying-capacity reading of this run is void
  ~~ demography: 10/16 in band  worst: m_5_15=0.0387(3.87x), band_med_adults=12(0.43x), frac_motherless=0.0095(0.47x), surv_to_45=0.234(0.54x)
[12075/15000] pop=  2381 bd=  23 bigbd=2(med983.0) strat=0.0% giniC=0.351 dyn:eff=26.5 top=0.11 nlin=74 lpb=15.26/dom=0.259 mRSg=0.564 set=21(mx105,prim1.22) con=511.5 inst=10 ldT=0.043 | asc=0.011 gumsa=0.13 tenure=6.7y levy=7344862.0 resent(mean/max)=0.0/0.0 revs=218 | 54.9m eta13m
  ~~ demography: 11/16 in band  worst: m_5_15=0.0387(3.87x), band_med_adults=11(0.39x), surv_to_45=0.234(0.54x), surv_to_15=0.45(0.68x)
[12100/15000] pop=  2439 bd=  25 bigbd=2(med1005.0) strat=0.0% giniC=0.352 dyn:eff=26.3 top=0.113 nlin=73 lpb=14.12/dom=0.268 mRSg=0.566 set=21(mx95,prim1.01) con=561.0 inst=17 ldT=0.273 | asc=0.016 gumsa=0.16 tenure=6.7y levy=11196323.6 resent(mean/max)=0.0/0.0 revs=218 | 55.0m eta13m
  !! SPATIAL: PACKED AND SPARSE AT ONCE (local 0.106 > 0.091 > regional 0.0151 /km2) on 14.2% of the land -- the population is NOT food-limited, it is failing to disperse; any carrying-capacity reading of this run is void
  ~~ demography: 11/16 in band  worst: m_5_15=0.0387(3.87x), band_med_adults=12(0.43x), surv_to_45=0.234(0.54x), surv_to_15=0.45(0.68x)
[12125/15000] pop=  2412 bd=  24 bigbd=2(med989.5) strat=0.0% giniC=0.352 dyn:eff=26.0 top=0.114 nlin=73 lpb=14.58/dom=0.28 mRSg=0.558 set=22(mx116,prim1.14) con=499.0 inst=12 ldT=0.4 | asc=0.012 gumsa=0.083 tenure=6.7y levy=7380132.5 resent(mean/max)=0.0/0.0 revs=220 | 55.1m eta13m
  !! SPATIAL: PACKED AND SPARSE AT ONCE (local 0.104 > 0.091 > regional 0.0146 /km2) on 14.1% of the land -- the population is NOT food-limited, it is failing to disperse; any carrying-capacity reading of this run is void
  ~~ demography: 11/16 in band  worst: m_5_15=0.0387(3.87x), band_med_adults=12(0.43x), surv_to_45=0.234(0.54x), surv_to_15=0.45(0.68x)
[12150/15000] pop=  2342 bd=  23 bigbd=2(med965.5) strat=0.0% giniC=0.353 dyn:eff=26.1 top=0.112 nlin=73 lpb=14.61/dom=0.28 mRSg=0.563 set=20(mx102,prim1.01) con=557.5 inst=17 ldT=0.381 | asc=0.012 gumsa=0.217 tenure=6.7y levy=5550283.7 resent(mean/max)=0.0/0.0 revs=221 | 55.2m eta13m
  !! SPATIAL: PACKED AND SPARSE AT ONCE (local 0.101 > 0.091 > regional 0.0150 /km2) on 14.9% of the land -- the population is NOT food-limited, it is failing to disperse; any carrying-capacity reading of this run is void
  ~~ demography: 11/16 in band  worst: m_5_15=0.0387(3.87x), band_med_adults=12(0.43x), surv_to_45=0.234(0.54x), surv_to_15=0.45(0.68x)
[12175/15000] pop=  2405 bd=  23 bigbd=2(med991.0) strat=0.0% giniC=0.35 dyn:eff=26.2 top=0.111 nlin=73 lpb=14.87/dom=0.279 mRSg=0.567 set=21(mx105,prim1.28) con=558.0 inst=14 ldT=0.318 | asc=0.025 gumsa=0.261 tenure=6.7y levy=5932685.6 resent(mean/max)=0.0/0.0 revs=221 | 55.3m eta13m
  !! SPATIAL: PACKED AND SPARSE AT ONCE (local 0.100 > 0.091 > regional 0.0148 /km2) on 14.8% of the land -- the population is NOT food-limited, it is failing to disperse; any carrying-capacity reading of this run is void
  ~~ demography: 10/16 in band  worst: m_5_15=0.0387(3.87x), frac_fatherless=0.103(2.05x), band_med_adults=10.5(0.37x), surv_to_45=0.234(0.54x)
[12200/15000] pop=  2371 bd=  26 bigbd=2(med966.5) strat=0.0% giniC=0.348 dyn:eff=26.5 top=0.11 nlin=73 lpb=13.96/dom=0.289 mRSg=0.574 set=21(mx103,prim1.29) con=631.0 inst=15 ldT=0.348 | asc=0.022 gumsa=0.154 tenure=6.7y levy=5914781.9 resent(mean/max)=0.0/0.0 revs=222 | 55.4m eta13m
  !! SPATIAL: PACKED AND SPARSE AT ONCE (local 0.101 > 0.091 > regional 0.0147 /km2) on 14.6% of the land -- the population is NOT food-limited, it is failing to disperse; any carrying-capacity reading of this run is void
  ~~ demography: 10/16 in band  worst: m_5_15=0.0387(3.87x), frac_fatherless=0.0831(1.66x), band_med_adults=11(0.39x), surv_to_45=0.234(0.54x)
[12225/15000] pop=  2353 bd=  23 bigbd=2(med967.5) strat=0.0% giniC=0.347 dyn:eff=26.8 top=0.108 nlin=71 lpb=15.0/dom=0.282 mRSg=0.573 set=21(mx109,prim1.04) con=735.5 inst=13 ldT=0.4 | asc=0.015 gumsa=0.174 tenure=6.7y levy=7017992.8 resent(mean/max)=0.0/0.0 revs=223 | 55.5m eta13m
  ~~ demography: 11/16 in band  worst: m_5_15=0.0387(3.87x), band_med_adults=11(0.39x), surv_to_45=0.234(0.54x), surv_to_15=0.45(0.68x)
[12250/15000] pop=  2367 bd=  23 bigbd=2(med965.0) strat=0.0% giniC=0.347 dyn:eff=26.4 top=0.113 nlin=71 lpb=15.09/dom=0.278 mRSg=0.571 set=20(mx108,prim1.02) con=706.0 inst=11 ldT=0.217 | asc=0.015 gumsa=0.174 tenure=6.7y levy=7550881.5 resent(mean/max)=0.0/0.0 revs=223 | 55.6m eta12m
  ~~ demography: 11/16 in band  worst: m_5_15=0.0388(3.88x), band_med_adults=10.5(0.37x), surv_to_45=0.234(0.54x), surv_to_15=0.45(0.68x)
[12275/15000] pop=  2320 bd=  24 bigbd=2(med953.5) strat=0.0% giniC=0.349 dyn:eff=26.2 top=0.114 nlin=69 lpb=13.75/dom=0.287 mRSg=0.569 set=20(mx127,prim1.72) con=550.5 inst=24 ldT=0.455 | asc=0.016 gumsa=0.292 tenure=6.7y levy=7314882.1 resent(mean/max)=0.0/0.0 revs=223 | 55.7m eta12m
  !! SPATIAL: PACKED AND SPARSE AT ONCE (local 0.103 > 0.091 > regional 0.0147 /km2) on 14.3% of the land -- the population is NOT food-limited, it is failing to disperse; any carrying-capacity reading of this run is void
  ~~ demography: 11/16 in band  worst: m_5_15=0.0387(3.87x), band_med_adults=12(0.43x), surv_to_45=0.234(0.54x), surv_to_15=0.45(0.68x)
[12300/15000] pop=  2350 bd=  22 bigbd=3(med870) strat=0.0% giniC=0.348 dyn:eff=26.2 top=0.113 nlin=69 lpb=15.09/dom=0.283 mRSg=0.569 set=21(mx90,prim1.06) con=420.0 inst=11 ldT=0.4 | asc=0.023 gumsa=0.318 tenure=6.7y levy=10038555.3 resent(mean/max)=0.0/0.0 revs=223 | 55.8m eta12m
  !! SPATIAL: PACKED AND SPARSE AT ONCE (local 0.102 > 0.091 > regional 0.0148 /km2) on 14.6% of the land -- the population is NOT food-limited, it is failing to disperse; any carrying-capacity reading of this run is void
  ~~ demography: 10/16 in band  worst: m_5_15=0.0387(3.87x), frac_motherless=0.0077(0.39x), band_med_adults=11.5(0.41x), surv_to_45=0.234(0.54x)
[12325/15000] pop=  2365 bd=  24 bigbd=2(med972.5) strat=0.0% giniC=0.347 dyn:eff=26.6 top=0.111 nlin=70 lpb=14.29/dom=0.289 mRSg=0.564 set=20(mx112,prim1.47) con=479.5 inst=14 ldT=0.286 | asc=0.026 gumsa=0.292 tenure=6.7y levy=10190869.9 resent(mean/max)=0.0/0.0 revs=223 | 55.9m eta12m
  !! SPATIAL: PACKED AND SPARSE AT ONCE (local 0.101 > 0.091 > regional 0.0145 /km2) on 14.3% of the land -- the population is NOT food-limited, it is failing to disperse; any carrying-capacity reading of this run is void
  ~~ demography: 11/16 in band  worst: m_5_15=0.0388(3.88x), band_med_adults=13.5(0.48x), surv_to_45=0.234(0.54x), surv_to_15=0.449(0.68x)
[12350/15000] pop=  2321 bd=  22 bigbd=3(med846) strat=0.0% giniC=0.351 dyn:eff=26.6 top=0.109 nlin=71 lpb=15.59/dom=0.275 mRSg=0.573 set=21(mx100,prim1.03) con=449.0 inst=13 ldT=0.278 | asc=0.02 gumsa=0.227 tenure=6.7y levy=7242969.6 resent(mean/max)=0.0/0.0 revs=224 | 56.0m eta12m
  ~~ demography: 10/16 in band  worst: m_5_15=0.0388(3.88x), frac_motherless=0.0049(0.24x), band_med_adults=12(0.43x), surv_to_45=0.234(0.54x)
[12375/15000] pop=  2315 bd=  22 bigbd=3(med876) strat=0.0% giniC=0.354 dyn:eff=27.0 top=0.108 nlin=71 lpb=15.32/dom=0.292 mRSg=0.57 set=21(mx82,prim1.09) con=404.0 inst=16 ldT=0.227 | asc=0.025 gumsa=0.5 tenure=6.7y levy=5434083.2 resent(mean/max)=0.0/0.0 revs=224 | 56.1m eta12m
  !! SPATIAL: PACKED AND SPARSE AT ONCE (local 0.103 > 0.091 > regional 0.0145 /km2) on 14.1% of the land -- the population is NOT food-limited, it is failing to disperse; any carrying-capacity reading of this run is void
  ~~ demography: 10/16 in band  worst: m_5_15=0.0388(3.88x), frac_motherless=0.0083(0.41x), band_med_adults=12.5(0.44x), surv_to_45=0.234(0.54x)
[12400/15000] pop=  2319 bd=  22 bigbd=3(med865) strat=0.0% giniC=0.353 dyn:eff=26.6 top=0.111 nlin=71 lpb=15.36/dom=0.282 mRSg=0.567 set=21(mx88,prim1.14) con=485.0 inst=10 ldT=0.095 | asc=0.017 gumsa=0.364 tenure=6.7y levy=5824153.4 resent(mean/max)=0.0/0.0 revs=224 | 56.2m eta12m
  !! SPATIAL: PACKED AND SPARSE AT ONCE (local 0.109 > 0.091 > regional 0.0141 /km2) on 13.0% of the land -- the population is NOT food-limited, it is failing to disperse; any carrying-capacity reading of this run is void
  ~~ demography: 10/16 in band  worst: m_5_15=0.0388(3.88x), frac_fatherless=0.0929(1.86x), band_med_adults=12(0.43x), surv_to_45=0.233(0.54x)
[12425/15000] pop=  2260 bd=  21 bigbd=3(med847) strat=0.0% giniC=0.354 dyn:eff=26.5 top=0.114 nlin=70 lpb=15.43/dom=0.276 mRSg=0.561 set=21(mx106,prim1.08) con=582.0 inst=14 ldT=0.5 | asc=0.017 gumsa=0.429 tenure=6.7y levy=8103444.0 resent(mean/max)=0.0/0.0 revs=224 | 56.3m eta12m
  ~~ demography: 10/16 in band  worst: m_5_15=0.0388(3.88x), frac_fatherless=0.0906(1.81x), band_med_adults=12(0.43x), surv_to_45=0.234(0.54x)
[12450/15000] pop=  2286 bd=  21 bigbd=2(med951.0) strat=0.0% giniC=0.351 dyn:eff=26.3 top=0.114 nlin=70 lpb=15.19/dom=0.285 mRSg=0.56 set=20(mx98,prim1.0) con=577.5 inst=19 ldT=0.25 | asc=0.017 gumsa=0.19 tenure=6.7y levy=6852012.6 resent(mean/max)=0.0/0.0 revs=224 | 56.4m eta12m
  ~~ demography: 9/16 in band  worst: m_5_15=0.0388(3.88x), frac_fatherless=0.0792(1.58x), band_med_adults=12(0.43x), frac_motherless=0.0093(0.46x)
[12475/15000] pop=  2315 bd=  21 bigbd=2(med964.5) strat=0.0% giniC=0.352 dyn:eff=26.9 top=0.108 nlin=69 lpb=15.33/dom=0.284 mRSg=0.556 set=20(mx99,prim1.11) con=438.0 inst=12 ldT=0.0 | asc=0.012 gumsa=0.333 tenure=6.7y levy=7229451.9 resent(mean/max)=0.0/0.0 revs=224 | 56.5m eta11m
  !! SPATIAL: PACKED AND SPARSE AT ONCE (local 0.103 > 0.091 > regional 0.0143 /km2) on 13.9% of the land -- the population is NOT food-limited, it is failing to disperse; any carrying-capacity reading of this run is void
  ~~ demography: 11/16 in band  worst: m_5_15=0.0388(3.88x), band_med_adults=12(0.43x), surv_to_45=0.234(0.54x), surv_to_15=0.449(0.68x)
[12500/15000] pop=  2295 bd=  19 bigbd=3(med887) strat=0.0% giniC=0.354 dyn:eff=26.3 top=0.11 nlin=70 lpb=16.89/dom=0.262 mRSg=0.545 set=23(mx104,prim1.03) con=642.5 inst=13 ldT=0.333 | asc=0.026 gumsa=0.474 tenure=6.7y levy=5976928.1 resent(mean/max)=0.0/0.0 revs=224 | 56.6m eta11m
  !! SPATIAL: PACKED AND SPARSE AT ONCE (local 0.103 > 0.091 > regional 0.0143 /km2) on 13.9% of the land -- the population is NOT food-limited, it is failing to disperse; any carrying-capacity reading of this run is void
  ~~ demography: 11/16 in band  worst: m_5_15=0.0388(3.88x), band_med_adults=14.5(0.51x), surv_to_45=0.233(0.54x), surv_to_15=0.449(0.68x)
[12525/15000] pop=  2286 bd=  16 bigbd=3(med889) strat=0.0% giniC=0.351 dyn:eff=26.3 top=0.108 nlin=69 lpb=17.69/dom=0.265 mRSg=0.539 set=19(mx101,prim1.17) con=578.0 inst=15 ldT=0.188 | asc=0.044 gumsa=0.562 tenure=6.7y levy=7997087.3 resent(mean/max)=0.0/0.0 revs=224 | 56.7m eta11m
  !! SPATIAL: PACKED AND SPARSE AT ONCE (local 0.102 > 0.091 > regional 0.0148 /km2) on 14.5% of the land -- the population is NOT food-limited, it is failing to disperse; any carrying-capacity reading of this run is void
  ~~ demography: 10/16 in band  !! AGE STRUCTURE OUT OF BAND -> every marker above demography in the ladder is PROVISIONAL  worst: m_5_15=0.0388(3.88x), surv_to_45=0.234(0.54x), band_med_adults=15.5(0.55x), surv_to_15=0.449(0.68x)
[12550/15000] pop=  2361 bd=  16 bigbd=3(med918) strat=0.0% giniC=0.353 dyn:eff=26.0 top=0.108 nlin=69 lpb=17.94/dom=0.265 mRSg=0.528 set=21(mx114,prim1.11) con=644.0 inst=17 ldT=0.062 | asc=0.043 gumsa=0.375 tenure=6.7y levy=8232483.6 resent(mean/max)=0.0/0.0 revs=224 | 56.8m eta11m
  !! SPATIAL: PACKED AND SPARSE AT ONCE (local 0.102 > 0.091 > regional 0.0150 /km2) on 14.7% of the land -- the population is NOT food-limited, it is failing to disperse; any carrying-capacity reading of this run is void
  ~~ demography: 10/16 in band  !! AGE STRUCTURE OUT OF BAND -> every marker above demography in the ladder is PROVISIONAL  worst: m_5_15=0.0388(3.88x), surv_to_45=0.234(0.54x), band_med_adults=15.5(0.55x), surv_to_15=0.449(0.68x)
[12575/15000] pop=  2407 bd=  16 bigbd=3(med952) strat=0.0% giniC=0.354 dyn:eff=25.4 top=0.112 nlin=69 lpb=17.94/dom=0.269 mRSg=0.536 set=21(mx104,prim1.08) con=498.0 inst=16 ldT=0.25 | asc=0.047 gumsa=0.438 tenure=6.7y levy=7198042.3 resent(mean/max)=0.0/0.0 revs=225 | 56.9m eta11m
  !! SPATIAL: PACKED AND SPARSE AT ONCE (local 0.102 > 0.091 > regional 0.0145 /km2) on 14.2% of the land -- the population is NOT food-limited, it is failing to disperse; any carrying-capacity reading of this run is void
  ~~ demography: 10/16 in band  !! AGE STRUCTURE OUT OF BAND -> every marker above demography in the ladder is PROVISIONAL  worst: m_5_15=0.0388(3.88x), band_med_adults=12.5(0.44x), surv_to_45=0.233(0.54x), surv_to_15=0.449(0.68x)
[12600/15000] pop=  2325 bd=  16 bigbd=3(med944) strat=0.0% giniC=0.352 dyn:eff=26.7 top=0.106 nlin=71 lpb=18.12/dom=0.266 mRSg=0.542 set=21(mx90,prim1.12) con=494.5 inst=17 ldT=0.333 | asc=0.021 gumsa=0.375 tenure=6.7y levy=8315942.9 resent(mean/max)=0.0/0.0 revs=227 | 57.0m eta11m
  ~~ demography: 10/16 in band  !! AGE STRUCTURE OUT OF BAND -> every marker above demography in the ladder is PROVISIONAL  worst: m_5_15=0.0388(3.88x), band_med_adults=12(0.43x), surv_to_45=0.234(0.54x), surv_to_15=0.449(0.68x)
[12625/15000] pop=  2421 bd=  17 bigbd=3(med967) strat=0.0% giniC=0.354 dyn:eff=26.3 top=0.108 nlin=71 lpb=17.41/dom=0.265 mRSg=0.55 set=21(mx104,prim1.3) con=425.0 inst=18 ldT=0.267 | asc=0.017 gumsa=0.353 tenure=6.7y levy=8945876.1 resent(mean/max)=0.0/0.0 revs=228 | 57.1m eta11m
  !! SPATIAL: PACKED AND SPARSE AT ONCE (local 0.107 > 0.091 > regional 0.0155 /km2) on 14.6% of the land -- the population is NOT food-limited, it is failing to disperse; any carrying-capacity reading of this run is void
  ~~ demography: 10/16 in band  !! AGE STRUCTURE OUT OF BAND -> every marker above demography in the ladder is PROVISIONAL  worst: m_5_15=0.0388(3.88x), band_med_adults=13(0.46x), surv_to_45=0.234(0.54x), surv_to_15=0.449(0.68x)
[12650/15000] pop=  2485 bd=  19 bigbd=2(med1032.0) strat=0.0% giniC=0.357 dyn:eff=26.5 top=0.108 nlin=72 lpb=16.95/dom=0.243 mRSg=0.55 set=20(mx112,prim1.19) con=498.0 inst=17 ldT=0.357 | asc=0.023 gumsa=0.421 tenure=6.7y levy=10172323.9 resent(mean/max)=0.0/0.0 revs=228 | 57.2m eta11m
  !! SPATIAL: PACKED AND SPARSE AT ONCE (local 0.109 > 0.091 > regional 0.0159 /km2) on 14.6% of the land -- the population is NOT food-limited, it is failing to disperse; any carrying-capacity reading of this run is void
  ~~ demography: 10/16 in band  !! AGE STRUCTURE OUT OF BAND -> every marker above demography in the ladder is PROVISIONAL  worst: m_5_15=0.0388(3.88x), band_med_adults=12.5(0.44x), surv_to_45=0.234(0.54x), surv_to_15=0.449(0.68x)
[12675/15000] pop=  2548 bd=  20 bigbd=2(med1061.5) strat=0.0% giniC=0.36 dyn:eff=27.1 top=0.107 nlin=73 lpb=15.9/dom=0.266 mRSg=0.553 set=21(mx94,prim1.19) con=475.0 inst=16 ldT=0.368 | asc=0.032 gumsa=0.5 tenure=6.7y levy=8293685.2 resent(mean/max)=0.0/0.0 revs=228 | 57.3m eta11m
  !! SPATIAL: PACKED AND SPARSE AT ONCE (local 0.111 > 0.091 > regional 0.0157 /km2) on 14.1% of the land -- the population is NOT food-limited, it is failing to disperse; any carrying-capacity reading of this run is void
  ~~ demography: 9/16 in band  !! AGE STRUCTURE OUT OF BAND -> every marker above demography in the ladder is PROVISIONAL  worst: m_5_15=0.0388(3.88x), band_med_adults=12(0.43x), frac_motherless=0.0098(0.49x), surv_to_45=0.234(0.54x)
[12700/15000] pop=  2512 bd=  22 bigbd=2(med1047.5) strat=0.0% giniC=0.353 dyn:eff=26.8 top=0.105 nlin=72 lpb=14.73/dom=0.294 mRSg=0.565 set=21(mx109,prim1.09) con=429.0 inst=13 ldT=0.316 | asc=0.025 gumsa=0.364 tenure=6.7y levy=5924194.1 resent(mean/max)=0.0/0.0 revs=229 | 57.5m eta10m
  !! SPATIAL: PACKED AND SPARSE AT ONCE (local 0.101 > 0.091 > regional 0.0155 /km2) on 15.3% of the land -- the population is NOT food-limited, it is failing to disperse; any carrying-capacity reading of this run is void
  ~~ demography: 9/16 in band  !! AGE STRUCTURE OUT OF BAND -> every marker above demography in the ladder is PROVISIONAL  worst: m_5_15=0.0388(3.88x), band_med_adults=10(0.35x), frac_fatherless=0.0767(1.53x), surv_to_45=0.234(0.54x)
[12725/15000] pop=  2482 bd=  23 bigbd=2(med1029.0) strat=0.0% giniC=0.355 dyn:eff=26.8 top=0.107 nlin=73 lpb=14.35/dom=0.279 mRSg=0.571 set=21(mx97,prim1.09) con=394.0 inst=17 ldT=0.333 | asc=0.027 gumsa=0.304 tenure=6.7y levy=7774526.0 resent(mean/max)=0.0/0.0 revs=229 | 57.6m eta10m
  !! SPATIAL: PACKED AND SPARSE AT ONCE (local 0.101 > 0.091 > regional 0.0152 /km2) on 15.1% of the land -- the population is NOT food-limited, it is failing to disperse; any carrying-capacity reading of this run is void
  ~~ demography: 11/16 in band  worst: m_5_15=0.0388(3.88x), band_med_adults=12.5(0.44x), surv_to_45=0.234(0.54x), surv_to_15=0.449(0.68x)
[12750/15000] pop=  2431 bd=  22 bigbd=2(med1014.0) strat=0.0% giniC=0.354 dyn:eff=27.3 top=0.106 nlin=71 lpb=14.73/dom=0.283 mRSg=0.584 set=20(mx110,prim1.31) con=390.5 inst=11 ldT=0.3 | asc=0.033 gumsa=0.227 tenure=6.7y levy=7617040.0 resent(mean/max)=0.0/0.0 revs=229 | 57.7m eta10m
  !! SPATIAL: PACKED AND SPARSE AT ONCE (local 0.102 > 0.091 > regional 0.0155 /km2) on 15.2% of the land -- the population is NOT food-limited, it is failing to disperse; any carrying-capacity reading of this run is void
  ~~ demography: 11/16 in band  worst: m_5_15=0.0388(3.88x), band_med_adults=14(0.50x), surv_to_45=0.234(0.54x), surv_to_15=0.449(0.68x)
[12775/15000] pop=  2482 bd=  21 bigbd=2(med1038.0) strat=0.0% giniC=0.357 dyn:eff=27.3 top=0.104 nlin=71 lpb=15.24/dom=0.281 mRSg=0.573 set=21(mx100,prim1.03) con=406.0 inst=15 ldT=0.35 | asc=0.037 gumsa=0.381 tenure=6.7y levy=7775329.7 resent(mean/max)=0.0/0.0 revs=229 | 57.8m eta10m
  !! SPATIAL: PACKED AND SPARSE AT ONCE (local 0.102 > 0.091 > regional 0.0156 /km2) on 15.3% of the land -- the population is NOT food-limited, it is failing to disperse; any carrying-capacity reading of this run is void
  ~~ demography: 11/16 in band  worst: m_5_15=0.0388(3.88x), band_med_adults=12.5(0.44x), surv_to_45=0.234(0.54x), surv_to_15=0.449(0.68x)
[12800/15000] pop=  2491 bd=  22 bigbd=2(med1035.0) strat=0.0% giniC=0.358 dyn:eff=27.2 top=0.105 nlin=71 lpb=15.05/dom=0.295 mRSg=0.576 set=21(mx117,prim1.18) con=553.0 inst=13 ldT=0.19 | asc=0.045 gumsa=0.318 tenure=6.7y levy=8921597.4 resent(mean/max)=0.0/0.0 revs=230 | 57.9m eta10m
  !! SPATIAL: PACKED AND SPARSE AT ONCE (local 0.103 > 0.091 > regional 0.0152 /km2) on 14.8% of the land -- the population is NOT food-limited, it is failing to disperse; any carrying-capacity reading of this run is void
  ~~ demography: 10/16 in band  worst: m_5_15=0.0388(3.88x), frac_motherless=0.0078(0.39x), band_med_adults=12.5(0.44x), surv_to_45=0.234(0.54x)
[12825/15000] pop=  2428 bd=  22 bigbd=2(med1009.5) strat=0.0% giniC=0.358 dyn:eff=27.0 top=0.104 nlin=71 lpb=14.68/dom=0.28 mRSg=0.572 set=20(mx116,prim1.35) con=404.5 inst=14 ldT=0.45 | asc=0.038 gumsa=0.318 tenure=6.7y levy=7382930.7 resent(mean/max)=0.0/0.0 revs=231 | 58.0m eta10m
  ~~ demography: 11/16 in band  worst: m_5_15=0.0388(3.88x), band_med_adults=12.5(0.44x), surv_to_45=0.234(0.54x), surv_to_15=0.449(0.68x)
[12850/15000] pop=  2483 bd=  22 bigbd=3(med955) strat=0.0% giniC=0.359 dyn:eff=26.9 top=0.101 nlin=71 lpb=14.36/dom=0.281 mRSg=0.562 set=21(mx113,prim1.28) con=512.0 inst=18 ldT=0.4 | asc=0.035 gumsa=0.227 tenure=6.7y levy=8486744.5 resent(mean/max)=0.0/0.0 revs=231 | 58.1m eta10m
  !! SPATIAL: PACKED AND SPARSE AT ONCE (local 0.108 > 0.091 > regional 0.0161 /km2) on 14.9% of the land -- the population is NOT food-limited, it is failing to disperse; any carrying-capacity reading of this run is void
  ~~ demography: 10/16 in band  !! AGE STRUCTURE OUT OF BAND -> every marker above demography in the ladder is PROVISIONAL  worst: m_5_15=0.0388(3.88x), band_med_adults=12.5(0.44x), surv_to_45=0.234(0.54x), surv_to_15=0.449(0.68x)
[12875/15000] pop=  2577 bd=  22 bigbd=3(med978) strat=0.0% giniC=0.361 dyn:eff=27.0 top=0.1 nlin=70 lpb=15.0/dom=0.271 mRSg=0.562 set=22(mx118,prim1.33) con=437.0 inst=16 ldT=0.45 | asc=0.036 gumsa=0.273 tenure=6.7y levy=8511053.4 resent(mean/max)=0.0/0.0 revs=231 | 58.3m eta10m
  !! SPATIAL: PACKED AND SPARSE AT ONCE (local 0.105 > 0.091 > regional 0.0161 /km2) on 15.2% of the land -- the population is NOT food-limited, it is failing to disperse; any carrying-capacity reading of this run is void
  ~~ demography: 8/16 in band  !! AGE STRUCTURE OUT OF BAND -> every marker above demography in the ladder is PROVISIONAL  worst: m_5_15=0.0388(3.88x), band_med_adults=12(0.43x), frac_fatherless=0.0784(1.57x), frac_motherless=0.009(0.45x)
[12900/15000] pop=  2574 bd=  22 bigbd=3(med997) strat=0.0% giniC=0.363 dyn:eff=27.5 top=0.101 nlin=71 lpb=14.73/dom=0.273 mRSg=0.564 set=22(mx119,prim1.55) con=425.0 inst=14 ldT=0.5 | asc=0.035 gumsa=0.364 tenure=6.7y levy=9375248.7 resent(mean/max)=0.0/0.0 revs=231 | 58.4m eta10m
  !! SPATIAL: PACKED AND SPARSE AT ONCE (local 0.116 > 0.091 > regional 0.0162 /km2) on 14.0% of the land -- the population is NOT food-limited, it is failing to disperse; any carrying-capacity reading of this run is void
  ~~ demography: 9/16 in band  !! AGE STRUCTURE OUT OF BAND -> every marker above demography in the ladder is PROVISIONAL  worst: m_5_15=0.0388(3.88x), frac_motherless=0.0088(0.44x), band_med_adults=13(0.46x), surv_to_45=0.234(0.54x)
[12925/15000] pop=  2596 bd=  23 bigbd=3(med995) strat=0.0% giniC=0.364 dyn:eff=28.1 top=0.096 nlin=71 lpb=14.7/dom=0.273 mRSg=0.562 set=22(mx108,prim1.3) con=431.0 inst=14 ldT=0.238 | asc=0.043 gumsa=0.304 tenure=6.7y levy=8143510.0 resent(mean/max)=0.0/0.0 revs=231 | 58.5m eta9m
  !! SPATIAL: PACKED AND SPARSE AT ONCE (local 0.107 > 0.091 > regional 0.0156 /km2) on 14.6% of the land -- the population is NOT food-limited, it is failing to disperse; any carrying-capacity reading of this run is void
  ~~ demography: 10/16 in band  !! AGE STRUCTURE OUT OF BAND -> every marker above demography in the ladder is PROVISIONAL  worst: m_5_15=0.0388(3.88x), band_med_adults=13.5(0.48x), surv_to_45=0.233(0.54x), surv_to_15=0.449(0.68x)
[12950/15000] pop=  2501 bd=  22 bigbd=3(med990) strat=0.0% giniC=0.368 dyn:eff=27.5 top=0.096 nlin=71 lpb=14.73/dom=0.28 mRSg=0.57 set=21(mx105,prim1.46) con=483.0 inst=17 ldT=0.2 | asc=0.041 gumsa=0.364 tenure=6.7y levy=7426592.4 resent(mean/max)=0.0/0.0 revs=231 | 58.6m eta9m
  !! SPATIAL: PACKED AND SPARSE AT ONCE (local 0.105 > 0.091 > regional 0.0153 /km2) on 14.6% of the land -- the population is NOT food-limited, it is failing to disperse; any carrying-capacity reading of this run is void
  ~~ demography: 9/16 in band  !! AGE STRUCTURE OUT OF BAND -> every marker above demography in the ladder is PROVISIONAL  worst: m_5_15=0.0389(3.89x), frac_fatherless=0.0899(1.80x), band_med_adults=13.5(0.48x), surv_to_45=0.233(0.54x)
[12975/15000] pop=  2455 bd=  22 bigbd=2(med1013.0) strat=0.0% giniC=0.368 dyn:eff=27.3 top=0.097 nlin=71 lpb=14.82/dom=0.285 mRSg=0.565 set=20(mx80,prim1.03) con=536.0 inst=12 ldT=0.368 | asc=0.051 gumsa=0.318 tenure=6.7y levy=10220313.9 resent(mean/max)=0.0/0.0 revs=231 | 58.8m eta9m
  !! SPATIAL: PACKED AND SPARSE AT ONCE (local 0.110 > 0.091 > regional 0.0156 /km2) on 14.2% of the land -- the population is NOT food-limited, it is failing to disperse; any carrying-capacity reading of this run is void
  ~~ demography: 9/16 in band  !! AGE STRUCTURE OUT OF BAND -> every marker above demography in the ladder is PROVISIONAL  worst: m_5_15=0.0389(3.89x), frac_fatherless=0.0759(1.52x), band_med_adults=14(0.50x), surv_to_45=0.233(0.54x)
[13000/15000] pop=  2490 bd=  22 bigbd=2(med1025.5) strat=0.0% giniC=0.363 dyn:eff=27.3 top=0.097 nlin=71 lpb=14.77/dom=0.298 mRSg=0.56 set=22(mx104,prim1.27) con=566.0 inst=19 ldT=0.227 | asc=0.061 gumsa=0.364 tenure=6.7y levy=7472978.7 resent(mean/max)=0.0/0.0 revs=231 | 58.8m eta9m
  !! SPATIAL: PACKED AND SPARSE AT ONCE (local 0.107 > 0.091 > regional 0.0154 /km2) on 14.4% of the land -- the population is NOT food-limited, it is failing to disperse; any carrying-capacity reading of this run is void
  ~~ demography: 10/16 in band  !! AGE STRUCTURE OUT OF BAND -> every marker above demography in the ladder is PROVISIONAL  worst: m_5_15=0.0389(3.89x), band_med_adults=11.5(0.41x), surv_to_45=0.233(0.54x), surv_to_15=0.448(0.68x)
[13025/15000] pop=  2471 bd=  24 bigbd=2(med1023.5) strat=0.0% giniC=0.365 dyn:eff=26.8 top=0.101 nlin=68 lpb=13.83/dom=0.299 mRSg=0.568 set=22(mx79,prim1.03) con=565.0 inst=10 ldT=0.238 | asc=0.063 gumsa=0.375 tenure=6.7y levy=8447660.0 resent(mean/max)=0.0/0.0 revs=231 | 59.0m eta9m
  ~~ demography: 9/16 in band  !! AGE STRUCTURE OUT OF BAND -> every marker above demography in the ladder is PROVISIONAL  worst: m_5_15=0.0389(3.89x), frac_fatherless=0.0788(1.58x), band_med_adults=12(0.43x), surv_to_45=0.233(0.54x)
[13050/15000] pop=  2467 bd=  23 bigbd=2(med1024.0) strat=0.0% giniC=0.364 dyn:eff=25.7 top=0.107 nlin=68 lpb=14.09/dom=0.304 mRSg=0.555 set=21(mx97,prim1.23) con=647.0 inst=10 ldT=0.136 | asc=0.081 gumsa=0.435 tenure=6.7y levy=6494337.0 resent(mean/max)=0.0/0.0 revs=231 | 59.1m eta9m
  !! SPATIAL: PACKED AND SPARSE AT ONCE (local 0.103 > 0.091 > regional 0.0156 /km2) on 15.2% of the land -- the population is NOT food-limited, it is failing to disperse; any carrying-capacity reading of this run is void
  ~~ demography: 10/16 in band  worst: m_5_15=0.0389(3.89x), frac_fatherless=0.0871(1.74x), band_med_adults=12.5(0.44x), surv_to_45=0.233(0.54x)
[13075/15000] pop=  2503 bd=  22 bigbd=2(med1033.0) strat=0.0% giniC=0.367 dyn:eff=26.1 top=0.105 nlin=69 lpb=15.18/dom=0.28 mRSg=0.552 set=21(mx107,prim1.49) con=748.0 inst=15 ldT=0.182 | asc=0.074 gumsa=0.455 tenure=6.7y levy=13057319.8 resent(mean/max)=0.0/0.0 revs=231 | 59.2m eta9m
  !! SPATIAL: PACKED AND SPARSE AT ONCE (local 0.106 > 0.091 > regional 0.0154 /km2) on 14.5% of the land -- the population is NOT food-limited, it is failing to disperse; any carrying-capacity reading of this run is void
  ~~ demography: 9/16 in band  worst: m_5_15=0.0389(3.89x), frac_fatherless=0.0887(1.77x), frac_motherless=0.0331(1.65x), band_med_adults=12(0.43x)
[13100/15000] pop=  2458 bd=  23 bigbd=2(med1010.5) strat=0.0% giniC=0.371 dyn:eff=26.1 top=0.103 nlin=68 lpb=14.65/dom=0.296 mRSg=0.558 set=21(mx95,prim1.04) con=646.0 inst=8 ldT=0.474 | asc=0.055 gumsa=0.304 tenure=6.7y levy=8078083.0 resent(mean/max)=0.0/0.0 revs=232 | 59.3m eta9m
  !! SPATIAL: PACKED AND SPARSE AT ONCE (local 0.104 > 0.091 > regional 0.0151 /km2) on 14.5% of the land -- the population is NOT food-limited, it is failing to disperse; any carrying-capacity reading of this run is void
  ~~ demography: 10/16 in band  worst: m_5_15=0.039(3.90x), band_med_adults=10(0.35x), frac_fatherless=0.0757(1.51x), surv_to_45=0.233(0.54x)
[13125/15000] pop=  2423 bd=  27 bigbd=2(med974.5) strat=0.0% giniC=0.374 dyn:eff=26.2 top=0.106 nlin=71 lpb=13.67/dom=0.29 mRSg=0.561 set=21(mx97,prim1.17) con=491.0 inst=11 ldT=0.2 | asc=0.041 gumsa=0.185 tenure=6.7y levy=8668491.6 resent(mean/max)=0.0/0.0 revs=234 | 59.4m eta8m
  !! SPATIAL: PACKED AND SPARSE AT ONCE (local 0.101 > 0.091 > regional 0.0150 /km2) on 14.9% of the land -- the population is NOT food-limited, it is failing to disperse; any carrying-capacity reading of this run is void
  ~~ demography: 10/16 in band  worst: m_5_15=0.039(3.90x), band_med_adults=10(0.35x), frac_fatherless=0.0752(1.50x), surv_to_45=0.233(0.54x)
[13150/15000] pop=  2400 bd=  27 bigbd=2(med964.5) strat=0.0% giniC=0.38 dyn:eff=26.5 top=0.104 nlin=72 lpb=14.15/dom=0.276 mRSg=0.572 set=20(mx101,prim1.4) con=535.5 inst=11 ldT=0.318 | asc=0.028 gumsa=0.074 tenure=6.7y levy=10181690.3 resent(mean/max)=0.0/0.0 revs=234 | 59.5m eta8m
  !! SPATIAL: PACKED AND SPARSE AT ONCE (local 0.111 > 0.091 > regional 0.0151 /km2) on 13.6% of the land -- the population is NOT food-limited, it is failing to disperse; any carrying-capacity reading of this run is void
  ~~ demography: 11/16 in band  worst: m_5_15=0.039(3.90x), band_med_adults=11(0.39x), surv_to_45=0.233(0.54x), surv_to_15=0.448(0.68x)
[13175/15000] pop=  2421 bd=  27 bigbd=2(med972.5) strat=0.0% giniC=0.382 dyn:eff=25.8 top=0.108 nlin=72 lpb=14.04/dom=0.274 mRSg=0.574 set=22(mx96,prim1.03) con=506.0 inst=12 ldT=0.333 | asc=0.029 gumsa=0.111 tenure=6.7y levy=9469392.4 resent(mean/max)=0.0/0.0 revs=234 | 59.6m eta8m
  !! SPATIAL: PACKED AND SPARSE AT ONCE (local 0.104 > 0.091 > regional 0.0152 /km2) on 14.6% of the land -- the population is NOT food-limited, it is failing to disperse; any carrying-capacity reading of this run is void
  ~~ demography: 11/16 in band  worst: m_5_15=0.039(3.90x), band_med_adults=12(0.43x), surv_to_45=0.233(0.54x), surv_to_15=0.448(0.68x)
[13200/15000] pop=  2427 bd=  27 bigbd=2(med971.0) strat=0.0% giniC=0.383 dyn:eff=25.9 top=0.107 nlin=73 lpb=14.11/dom=0.27 mRSg=0.581 set=21(mx88,prim1.29) con=455.0 inst=12 ldT=0.12 | asc=0.029 gumsa=0.148 tenure=6.7y levy=11938956.3 resent(mean/max)=0.0/0.0 revs=234 | 59.7m eta8m
  !! SPATIAL: PACKED AND SPARSE AT ONCE (local 0.107 > 0.091 > regional 0.0152 /km2) on 14.2% of the land -- the population is NOT food-limited, it is failing to disperse; any carrying-capacity reading of this run is void
  ~~ demography: 11/16 in band  worst: m_5_15=0.039(3.90x), band_med_adults=12(0.43x), surv_to_45=0.233(0.54x), surv_to_15=0.448(0.68x)
[13225/15000] pop=  2428 bd=  27 bigbd=3(med934) strat=0.0% giniC=0.389 dyn:eff=26.3 top=0.104 nlin=72 lpb=14.04/dom=0.284 mRSg=0.59 set=21(mx87,prim1.09) con=404.0 inst=18 ldT=0.269 | asc=0.029 gumsa=0.222 tenure=6.7y levy=7794683.4 resent(mean/max)=0.0/0.0 revs=234 | 59.8m eta8m
  !! SPATIAL: PACKED AND SPARSE AT ONCE (local 0.101 > 0.091 > regional 0.0149 /km2) on 14.8% of the land -- the population is NOT food-limited, it is failing to disperse; any carrying-capacity reading of this run is void
  ~~ demography: 11/16 in band  worst: m_5_15=0.039(3.90x), band_med_adults=11(0.39x), surv_to_45=0.233(0.54x), surv_to_15=0.448(0.68x)
[13250/15000] pop=  2383 bd=  25 bigbd=3(med920) strat=0.0% giniC=0.386 dyn:eff=26.1 top=0.11 nlin=74 lpb=14.36/dom=0.304 mRSg=0.586 set=22(mx97,prim1.04) con=384.0 inst=18 ldT=0.25 | asc=0.029 gumsa=0.16 tenure=6.7y levy=10266113.5 resent(mean/max)=0.0/0.0 revs=234 | 59.9m eta8m
  !! SPATIAL: PACKED AND SPARSE AT ONCE (local 0.100 > 0.091 > regional 0.0152 /km2) on 15.1% of the land -- the population is NOT food-limited, it is failing to disperse; any carrying-capacity reading of this run is void
  ~~ demography: 11/16 in band  worst: m_5_15=0.039(3.90x), band_med_adults=12(0.43x), surv_to_45=0.233(0.54x), surv_to_15=0.448(0.68x)
[13275/15000] pop=  2432 bd=  24 bigbd=3(med958) strat=0.0% giniC=0.389 dyn:eff=26.6 top=0.104 nlin=73 lpb=14.46/dom=0.307 mRSg=0.58 set=20(mx114,prim1.34) con=377.0 inst=15 ldT=0.25 | asc=0.004 gumsa=0.083 tenure=6.7y levy=6304664.6 resent(mean/max)=0.0/0.0 revs=237 | 60.0m eta8m
  !! SPATIAL: PACKED AND SPARSE AT ONCE (local 0.107 > 0.091 > regional 0.0155 /km2) on 14.4% of the land -- the population is NOT food-limited, it is failing to disperse; any carrying-capacity reading of this run is void
  ~~ demography: 11/16 in band  worst: m_5_15=0.039(3.90x), band_med_adults=13.5(0.48x), surv_to_45=0.233(0.54x), surv_to_15=0.448(0.68x)
[13300/15000] pop=  2474 bd=  24 bigbd=3(med953) strat=0.0% giniC=0.391 dyn:eff=26.4 top=0.105 nlin=73 lpb=14.5/dom=0.312 mRSg=0.583 set=22(mx116,prim1.12) con=400.5 inst=15 ldT=0.304 | asc=0.003 gumsa=0.083 tenure=6.7y levy=8071457.6 resent(mean/max)=0.0/0.0 revs=237 | 60.1m eta8m
  !! SPATIAL: PACKED AND SPARSE AT ONCE (local 0.109 > 0.091 > regional 0.0157 /km2) on 14.4% of the land -- the population is NOT food-limited, it is failing to disperse; any carrying-capacity reading of this run is void
  ~~ demography: 10/16 in band  worst: m_5_15=0.0389(3.89x), frac_motherless=0.0076(0.38x), band_med_adults=14(0.50x), surv_to_45=0.233(0.54x)
[13325/15000] pop=  2518 bd=  23 bigbd=3(med967) strat=0.0% giniC=0.399 dyn:eff=26.8 top=0.106 nlin=74 lpb=15.13/dom=0.287 mRSg=0.578 set=22(mx98,prim1.32) con=514.0 inst=30 ldT=0.333 | asc=0.012 gumsa=0.174 tenure=6.7y levy=7858460.3 resent(mean/max)=0.0/0.0 revs=237 | 60.2m eta8m
  !! SPATIAL: PACKED AND SPARSE AT ONCE (local 0.101 > 0.091 > regional 0.0157 /km2) on 15.5% of the land -- the population is NOT food-limited, it is failing to disperse; any carrying-capacity reading of this run is void
  ~~ demography: 10/16 in band  worst: m_5_15=0.0389(3.89x), frac_motherless=0.0092(0.46x), band_med_adults=13(0.46x), surv_to_45=0.233(0.54x)
[13350/15000] pop=  2517 bd=  25 bigbd=3(med963) strat=0.0% giniC=0.403 dyn:eff=27.3 top=0.103 nlin=78 lpb=15.28/dom=0.264 mRSg=0.572 set=23(mx106,prim1.12) con=399.0 inst=22 ldT=0.333 | asc=0.006 gumsa=0.12 tenure=6.7y levy=7553770.3 resent(mean/max)=0.0/0.0 revs=237 | 60.3m eta7m
  !! SPATIAL: PACKED AND SPARSE AT ONCE (local 0.103 > 0.091 > regional 0.0157 /km2) on 15.2% of the land -- the population is NOT food-limited, it is failing to disperse; any carrying-capacity reading of this run is void
  ~~ demography: 10/16 in band  worst: m_5_15=0.039(3.90x), band_med_adults=12(0.43x), frac_motherless=0.0095(0.47x), surv_to_45=0.233(0.54x)
[13375/15000] pop=  2505 bd=  28 bigbd=3(med935) strat=0.0% giniC=0.399 dyn:eff=26.7 top=0.106 nlin=76 lpb=14.46/dom=0.27 mRSg=0.567 set=22(mx99,prim1.19) con=411.0 inst=16 ldT=0.333 | asc=0.009 gumsa=0.107 tenure=6.7y levy=6651253.3 resent(mean/max)=0.0/0.0 revs=237 | 60.5m eta7m
  !! SPATIAL: PACKED AND SPARSE AT ONCE (local 0.105 > 0.091 > regional 0.0151 /km2) on 14.4% of the land -- the population is NOT food-limited, it is failing to disperse; any carrying-capacity reading of this run is void
  ~~ demography: 10/16 in band  worst: m_5_15=0.039(3.90x), band_med_adults=11(0.39x), frac_motherless=0.0097(0.48x), surv_to_45=0.233(0.54x)
[13400/15000] pop=  2418 bd=  29 bigbd=3(med901) strat=0.0% giniC=0.399 dyn:eff=26.2 top=0.112 nlin=75 lpb=13.76/dom=0.268 mRSg=0.558 set=22(mx110,prim1.21) con=529.0 inst=16 ldT=0.304 | asc=0.008 gumsa=0.103 tenure=6.7y levy=6472786.3 resent(mean/max)=0.0/0.0 revs=238 | 60.6m eta7m
  !! SPATIAL: PACKED AND SPARSE AT ONCE (local 0.101 > 0.091 > regional 0.0153 /km2) on 15.1% of the land -- the population is NOT food-limited, it is failing to disperse; any carrying-capacity reading of this run is void
  ~~ demography: 10/16 in band  worst: m_5_15=0.039(3.90x), band_med_adults=10(0.35x), frac_fatherless=0.0788(1.58x), surv_to_45=0.233(0.54x)
[13425/15000] pop=  2449 bd=  29 bigbd=3(med911) strat=0.0% giniC=0.402 dyn:eff=25.7 top=0.116 nlin=75 lpb=13.52/dom=0.256 mRSg=0.566 set=21(mx115,prim1.32) con=616.0 inst=16 ldT=0.214 | asc=0.005 gumsa=0.069 tenure=6.7y levy=6049872.1 resent(mean/max)=0.0/0.0 revs=238 | 60.7m eta7m
  !! SPATIAL: PACKED AND SPARSE AT ONCE (local 0.100 > 0.091 > regional 0.0153 /km2) on 15.2% of the land -- the population is NOT food-limited, it is failing to disperse; any carrying-capacity reading of this run is void
  ~~ demography: 9/16 in band  worst: m_5_15=0.039(3.90x), frac_motherless=0.003(0.15x), band_med_adults=12(0.43x), frac_fatherless=0.0772(1.54x)
[13450/15000] pop=  2447 bd=  27 bigbd=3(med901) strat=0.0% giniC=0.402 dyn:eff=25.7 top=0.118 nlin=76 lpb=14.19/dom=0.267 mRSg=0.56 set=22(mx97,prim1.05) con=529.0 inst=15 ldT=0.185 | asc=0.005 gumsa=0.111 tenure=6.7y levy=9047959.9 resent(mean/max)=0.0/0.0 revs=239 | 60.8m eta7m
  ~~ demography: 10/16 in band  worst: m_5_15=0.039(3.90x), band_med_adults=12(0.43x), frac_fatherless=0.0781(1.56x), surv_to_45=0.233(0.54x)
[13475/15000] pop=  2458 bd=  27 bigbd=3(med889) strat=0.0% giniC=0.4 dyn:eff=25.0 top=0.124 nlin=77 lpb=14.0/dom=0.28 mRSg=0.556 set=22(mx128,prim1.32) con=531.0 inst=13 ldT=0.111 | asc=0.004 gumsa=0.111 tenure=6.7y levy=15270917.6 resent(mean/max)=0.0/0.0 revs=239 | 60.9m eta7m
  !! SPATIAL: PACKED AND SPARSE AT ONCE (local 0.104 > 0.091 > regional 0.0152 /km2) on 14.6% of the land -- the population is NOT food-limited, it is failing to disperse; any carrying-capacity reading of this run is void
  ~~ demography: 11/16 in band  worst: m_5_15=0.039(3.90x), band_med_adults=11(0.39x), surv_to_45=0.233(0.54x), surv_to_15=0.447(0.68x)
[13500/15000] pop=  2427 bd=  28 bigbd=3(med863) strat=0.0% giniC=0.399 dyn:eff=26.2 top=0.119 nlin=79 lpb=14.14/dom=0.276 mRSg=0.558 set=21(mx124,prim1.51) con=402.0 inst=12 ldT=0.292 | asc=0.014 gumsa=0.357 tenure=6.7y levy=9100300.8 resent(mean/max)=0.0/0.0 revs=240 | 61.1m eta7m
  !! SPATIAL: PACKED AND SPARSE AT ONCE (local 0.110 > 0.091 > regional 0.0153 /km2) on 13.9% of the land -- the population is NOT food-limited, it is failing to disperse; any carrying-capacity reading of this run is void
  ~~ demography: 10/16 in band  worst: m_5_15=0.039(3.90x), band_med_adults=12(0.43x), frac_fatherless=0.0784(1.57x), surv_to_45=0.233(0.54x)
[13525/15000] pop=  2443 bd=  26 bigbd=3(med883) strat=0.0% giniC=0.402 dyn:eff=24.9 top=0.127 nlin=79 lpb=14.54/dom=0.281 mRSg=0.571 set=22(mx117,prim1.48) con=506.0 inst=21 ldT=0.16 | asc=0.014 gumsa=0.269 tenure=6.7y levy=11153558.2 resent(mean/max)=0.0/0.0 revs=240 | 61.2m eta7m
  !! SPATIAL: PACKED AND SPARSE AT ONCE (local 0.104 > 0.091 > regional 0.0154 /km2) on 14.8% of the land -- the population is NOT food-limited, it is failing to disperse; any carrying-capacity reading of this run is void
  ~~ demography: 10/16 in band  worst: m_5_15=0.039(3.90x), frac_fatherless=0.0923(1.85x), band_med_adults=11(0.39x), surv_to_45=0.233(0.54x)
[13550/15000] pop=  2456 bd=  27 bigbd=3(med889) strat=0.0% giniC=0.405 dyn:eff=24.8 top=0.13 nlin=79 lpb=14.48/dom=0.26 mRSg=0.564 set=21(mx101,prim1.15) con=405.0 inst=23 ldT=0.208 | asc=0.017 gumsa=0.37 tenure=6.7y levy=8863775.5 resent(mean/max)=0.0/0.0 revs=240 | 61.3m eta7m
  !! SPATIAL: PACKED AND SPARSE AT ONCE (local 0.115 > 0.091 > regional 0.0155 /km2) on 13.5% of the land -- the population is NOT food-limited, it is failing to disperse; any carrying-capacity reading of this run is void
  ~~ demography: 10/16 in band  worst: m_5_15=0.0389(3.89x), frac_fatherless=0.0977(1.95x), band_med_adults=10(0.35x), surv_to_45=0.233(0.54x)
[13575/15000] pop=  2474 bd=  29 bigbd=3(med870) strat=0.0% giniC=0.402 dyn:eff=24.5 top=0.134 nlin=78 lpb=13.55/dom=0.28 mRSg=0.571 set=21(mx99,prim1.06) con=524.0 inst=17 ldT=0.185 | asc=0.025 gumsa=0.241 tenure=6.7y levy=9042232.1 resent(mean/max)=0.0/0.0 revs=240 | 61.4m eta6m
  !! SPATIAL: PACKED AND SPARSE AT ONCE (local 0.103 > 0.091 > regional 0.0150 /km2) on 14.6% of the land -- the population is NOT food-limited, it is failing to disperse; any carrying-capacity reading of this run is void
  ~~ demography: 11/16 in band  worst: m_5_15=0.039(3.90x), band_med_adults=11.5(0.41x), surv_to_45=0.233(0.54x), surv_to_15=0.447(0.68x)
[13600/15000] pop=  2399 bd=  28 bigbd=3(med825) strat=0.0% giniC=0.407 dyn:eff=24.9 top=0.131 nlin=77 lpb=14.21/dom=0.272 mRSg=0.574 set=23(mx82,prim1.0) con=475.0 inst=22 ldT=0.208 | asc=0.026 gumsa=0.179 tenure=6.7y levy=8416572.8 resent(mean/max)=0.0/0.0 revs=241 | 61.5m eta6m
  !! SPATIAL: PACKED AND SPARSE AT ONCE (local 0.103 > 0.091 > regional 0.0151 /km2) on 14.6% of the land -- the population is NOT food-limited, it is failing to disperse; any carrying-capacity reading of this run is void
  ~~ demography: 10/16 in band  worst: m_5_15=0.039(3.90x), frac_motherless=0.0064(0.32x), band_med_adults=11.5(0.41x), surv_to_45=0.233(0.54x)
[13625/15000] pop=  2416 bd=  26 bigbd=4(med461.0) strat=0.0% giniC=0.404 dyn:eff=24.5 top=0.134 nlin=77 lpb=14.73/dom=0.269 mRSg=0.591 set=22(mx92,prim1.16) con=392.0 inst=10 ldT=0.364 | asc=0.013 gumsa=0.077 tenure=6.7y levy=7081932.8 resent(mean/max)=0.0/0.0 revs=244 | 61.6m eta6m
  !! SPATIAL: PACKED AND SPARSE AT ONCE (local 0.103 > 0.091 > regional 0.0152 /km2) on 14.8% of the land -- the population is NOT food-limited, it is failing to disperse; any carrying-capacity reading of this run is void
  ~~ demography: 10/16 in band  worst: m_5_15=0.039(3.90x), band_med_adults=12(0.43x), frac_fatherless=0.0755(1.51x), surv_to_45=0.233(0.54x)
[13650/15000] pop=  2436 bd=  26 bigbd=3(med834) strat=0.0% giniC=0.405 dyn:eff=24.4 top=0.135 nlin=78 lpb=14.88/dom=0.292 mRSg=0.594 set=20(mx95,prim1.03) con=346.0 inst=15 ldT=0.091 | asc=0.019 gumsa=0.077 tenure=6.7y levy=7535702.0 resent(mean/max)=0.0/0.0 revs=244 | 61.8m eta6m
  !! SPATIAL: PACKED AND SPARSE AT ONCE (local 0.106 > 0.091 > regional 0.0152 /km2) on 14.4% of the land -- the population is NOT food-limited, it is failing to disperse; any carrying-capacity reading of this run is void
  ~~ demography: 10/16 in band  worst: m_5_15=0.039(3.90x), frac_fatherless=0.0958(1.92x), band_med_adults=11(0.39x), surv_to_45=0.233(0.54x)
[13675/15000] pop=  2436 bd=  27 bigbd=3(med860) strat=0.0% giniC=0.408 dyn:eff=25.1 top=0.13 nlin=78 lpb=14.67/dom=0.289 mRSg=0.583 set=23(mx84,prim1.15) con=382.5 inst=11 ldT=0.217 | asc=0.013 gumsa=0.074 tenure=6.7y levy=8874801.4 resent(mean/max)=0.0/0.0 revs=244 | 61.9m eta6m
  !! SPATIAL: PACKED AND SPARSE AT ONCE (local 0.107 > 0.091 > regional 0.0152 /km2) on 14.2% of the land -- the population is NOT food-limited, it is failing to disperse; any carrying-capacity reading of this run is void
  ~~ demography: 9/16 in band  !! AGE STRUCTURE OUT OF BAND -> every marker above demography in the ladder is PROVISIONAL  worst: m_5_15=0.039(3.90x), frac_fatherless=0.091(1.82x), band_med_adults=13(0.46x), surv_to_45=0.233(0.54x)
[13700/15000] pop=  2430 bd=  25 bigbd=3(med856) strat=0.0% giniC=0.408 dyn:eff=24.9 top=0.13 nlin=76 lpb=14.76/dom=0.264 mRSg=0.583 set=21(mx91,prim1.11) con=422.5 inst=15 ldT=0.391 | asc=0.011 gumsa=0.08 tenure=6.7y levy=8367338.4 resent(mean/max)=0.0/0.0 revs=244 | 62.0m eta6m
  !! SPATIAL: PACKED AND SPARSE AT ONCE (local 0.103 > 0.091 > regional 0.0156 /km2) on 15.2% of the land -- the population is NOT food-limited, it is failing to disperse; any carrying-capacity reading of this run is void
  ~~ demography: 9/16 in band  !! AGE STRUCTURE OUT OF BAND -> every marker above demography in the ladder is PROVISIONAL  worst: m_5_15=0.0389(3.89x), frac_fatherless=0.102(2.03x), band_med_adults=12(0.43x), surv_to_45=0.233(0.54x)
[13725/15000] pop=  2492 bd=  26 bigbd=3(med889) strat=0.0% giniC=0.406 dyn:eff=24.8 top=0.131 nlin=76 lpb=14.65/dom=0.263 mRSg=0.584 set=22(mx102,prim1.01) con=668.0 inst=11 ldT=0.333 | asc=0.011 gumsa=0.231 tenure=6.7y levy=10301112.5 resent(mean/max)=0.0/0.0 revs=245 | 62.1m eta6m
  !! SPATIAL: PACKED AND SPARSE AT ONCE (local 0.106 > 0.091 > regional 0.0149 /km2) on 14.1% of the land -- the population is NOT food-limited, it is failing to disperse; any carrying-capacity reading of this run is void
  ~~ demography: 8/16 in band  !! AGE STRUCTURE OUT OF BAND -> every marker above demography in the ladder is PROVISIONAL  worst: m_5_15=0.0389(3.89x), frac_fatherless=0.121(2.42x), band_med_adults=10(0.35x), frac_motherless=0.0078(0.39x)
[13750/15000] pop=  2386 bd=  27 bigbd=3(med811) strat=0.0% giniC=0.405 dyn:eff=24.5 top=0.136 nlin=77 lpb=13.93/dom=0.265 mRSg=0.582 set=20(mx89,prim1.0) con=455.0 inst=16 ldT=0.476 | asc=0.013 gumsa=0.148 tenure=6.7y levy=8414801.5 resent(mean/max)=0.0/0.0 revs=245 | 62.2m eta6m
  !! SPATIAL: PACKED AND SPARSE AT ONCE (local 0.101 > 0.091 > regional 0.0152 /km2) on 15.1% of the land -- the population is NOT food-limited, it is failing to disperse; any carrying-capacity reading of this run is void
  ~~ demography: 9/16 in band  !! AGE STRUCTURE OUT OF BAND -> every marker above demography in the ladder is PROVISIONAL  worst: m_5_15=0.0389(3.89x), frac_fatherless=0.0955(1.91x), band_med_adults=10(0.35x), surv_to_45=0.233(0.54x)
[13775/15000] pop=  2431 bd=  26 bigbd=3(med841) strat=0.0% giniC=0.405 dyn:eff=25.2 top=0.132 nlin=77 lpb=14.12/dom=0.268 mRSg=0.57 set=22(mx96,prim1.05) con=548.0 inst=15 ldT=0.36 | asc=0.003 gumsa=0.231 tenure=6.7y levy=6746334.4 resent(mean/max)=0.0/0.0 revs=246 | 62.4m eta6m
  !! SPATIAL: PACKED AND SPARSE AT ONCE (local 0.102 > 0.091 > regional 0.0157 /km2) on 15.4% of the land -- the population is NOT food-limited, it is failing to disperse; any carrying-capacity reading of this run is void
  ~~ demography: 8/16 in band  !! AGE STRUCTURE OUT OF BAND -> every marker above demography in the ladder is PROVISIONAL  worst: m_5_15=0.0389(3.89x), frac_fatherless=0.0896(1.79x), band_med_adults=12(0.43x), frac_motherless=0.0095(0.47x)
[13800/15000] pop=  2512 bd=  25 bigbd=3(med868) strat=0.0% giniC=0.403 dyn:eff=24.3 top=0.138 nlin=77 lpb=15.12/dom=0.269 mRSg=0.566 set=21(mx102,prim1.31) con=657.0 inst=20 ldT=0.217 | asc=0.017 gumsa=0.36 tenure=6.7y levy=9969002.6 resent(mean/max)=0.0/0.0 revs=246 | 62.5m eta5m
  !! SPATIAL: PACKED AND SPARSE AT ONCE (local 0.114 > 0.091 > regional 0.0162 /km2) on 14.2% of the land -- the population is NOT food-limited, it is failing to disperse; any carrying-capacity reading of this run is void
  ~~ demography: 9/16 in band  !! AGE STRUCTURE OUT OF BAND -> every marker above demography in the ladder is PROVISIONAL  worst: m_5_15=0.0389(3.89x), frac_motherless=0.0065(0.32x), band_med_adults=11.5(0.41x), surv_to_45=0.233(0.54x)
[13825/15000] pop=  2585 bd=  26 bigbd=4(med482.5) strat=0.0% giniC=0.405 dyn:eff=24.0 top=0.142 nlin=77 lpb=15.12/dom=0.284 mRSg=0.563 set=22(mx114,prim1.18) con=610.0 inst=17 ldT=0.522 | asc=0.02 gumsa=0.5 tenure=6.7y levy=8256762.1 resent(mean/max)=0.0/0.0 revs=246 | 62.6m eta5m
  !! SPATIAL: PACKED AND SPARSE AT ONCE (local 0.101 > 0.091 > regional 0.0159 /km2) on 15.8% of the land -- the population is NOT food-limited, it is failing to disperse; any carrying-capacity reading of this run is void
  ~~ demography: 8/16 in band  !! AGE STRUCTURE OUT OF BAND -> every marker above demography in the ladder is PROVISIONAL  worst: m_5_15=0.0389(3.89x), frac_motherless=0.0014(0.07x), frac_fatherless=0.077(1.54x), band_med_adults=13(0.46x)
[13850/15000] pop=  2544 bd=  23 bigbd=3(med886) strat=0.0% giniC=0.408 dyn:eff=23.2 top=0.145 nlin=77 lpb=16.3/dom=0.279 mRSg=0.558 set=22(mx107,prim1.35) con=629.0 inst=15 ldT=0.182 | asc=0.015 gumsa=0.435 tenure=6.7y levy=8955035.0 resent(mean/max)=0.0/0.0 revs=246 | 62.7m eta5m
  !! SPATIAL: PACKED AND SPARSE AT ONCE (local 0.107 > 0.091 > regional 0.0161 /km2) on 15.1% of the land -- the population is NOT food-limited, it is failing to disperse; any carrying-capacity reading of this run is void
  ~~ demography: 8/16 in band  !! AGE STRUCTURE OUT OF BAND -> every marker above demography in the ladder is PROVISIONAL  worst: m_5_15=0.0389(3.89x), frac_fatherless=0.0867(1.73x), frac_motherless=0.0079(0.40x), band_med_adults=11.5(0.41x)
[13875/15000] pop=  2580 bd=  22 bigbd=3(med894) strat=0.0% giniC=0.404 dyn:eff=23.3 top=0.145 nlin=78 lpb=16.41/dom=0.274 mRSg=0.55 set=21(mx96,prim1.22) con=778.0 inst=23 ldT=0.4 | asc=0.001 gumsa=0.091 tenure=6.7y levy=21503973.0 resent(mean/max)=0.0/0.0 revs=247 | 62.8m eta5m
  !! SPATIAL: PACKED AND SPARSE AT ONCE (local 0.104 > 0.091 > regional 0.0161 /km2) on 15.6% of the land -- the population is NOT food-limited, it is failing to disperse; any carrying-capacity reading of this run is void
  ~~ demography: 9/16 in band  !! AGE STRUCTURE OUT OF BAND -> every marker above demography in the ladder is PROVISIONAL  worst: m_5_15=0.0389(3.89x), frac_fatherless=0.0867(1.73x), band_med_adults=12(0.43x), surv_to_45=0.233(0.54x)
[13900/15000] pop=  2578 bd=  22 bigbd=3(med884) strat=0.0% giniC=0.405 dyn:eff=23.5 top=0.144 nlin=78 lpb=15.91/dom=0.261 mRSg=0.535 set=21(mx95,prim1.17) con=625.5 inst=20 ldT=0.444 | asc=0.0 gumsa=0.045 tenure=6.7y levy=6534027.1 resent(mean/max)=0.0/0.0 revs=248 | 62.9m eta5m
  !! SPATIAL: PACKED AND SPARSE AT ONCE (local 0.100 > 0.091 > regional 0.0164 /km2) on 16.3% of the land -- the population is NOT food-limited, it is failing to disperse; any carrying-capacity reading of this run is void
  ~~ demography: 10/16 in band  !! AGE STRUCTURE OUT OF BAND -> every marker above demography in the ladder is PROVISIONAL  worst: m_5_15=0.0389(3.89x), band_med_adults=13(0.46x), surv_to_45=0.233(0.54x), surv_to_15=0.448(0.68x)
[13925/15000] pop=  2621 bd=  23 bigbd=4(med466.5) strat=0.0% giniC=0.406 dyn:eff=23.5 top=0.145 nlin=76 lpb=16.09/dom=0.268 mRSg=0.534 set=22(mx91,prim1.07) con=768.0 inst=15 ldT=0.048 | asc=0.001 gumsa=0.043 tenure=6.7y levy=9581722.1 resent(mean/max)=0.0/0.0 revs=248 | 63.1m eta5m
  !! SPATIAL: PACKED AND SPARSE AT ONCE (local 0.105 > 0.091 > regional 0.0163 /km2) on 15.5% of the land -- the population is NOT food-limited, it is failing to disperse; any carrying-capacity reading of this run is void
  ~~ demography: 9/16 in band  !! AGE STRUCTURE OUT OF BAND -> every marker above demography in the ladder is PROVISIONAL  worst: m_5_15=0.0389(3.89x), frac_fatherless=0.0817(1.63x), band_med_adults=14(0.50x), surv_to_45=0.233(0.54x)
[13950/15000] pop=  2605 bd=  21 bigbd=3(med843) strat=0.0% giniC=0.406 dyn:eff=23.1 top=0.149 nlin=76 lpb=16.57/dom=0.256 mRSg=0.529 set=22(mx117,prim1.24) con=972.0 inst=19 ldT=0.3 | asc=0.0 gumsa=0.048 tenure=6.7y levy=8408313.4 resent(mean/max)=0.0/0.0 revs=248 | 63.2m eta5m
  !! SPATIAL: PACKED AND SPARSE AT ONCE (local 0.105 > 0.091 > regional 0.0166 /km2) on 15.8% of the land -- the population is NOT food-limited, it is failing to disperse; any carrying-capacity reading of this run is void
  ~~ demography: 8/16 in band  !! AGE STRUCTURE OUT OF BAND -> every marker above demography in the ladder is PROVISIONAL  worst: m_5_15=0.0389(3.89x), frac_motherless=0.0345(1.73x), frac_fatherless=0.0862(1.72x), band_med_adults=13(0.46x)
[13975/15000] pop=  2650 bd=  21 bigbd=3(med850) strat=0.0% giniC=0.406 dyn:eff=22.4 top=0.153 nlin=76 lpb=16.48/dom=0.27 mRSg=0.539 set=21(mx130,prim1.3) con=612.0 inst=15 ldT=0.4 | asc=0.0 gumsa=0.0 tenure=6.7y levy=6116612.3 resent(mean/max)=0.0/0.0 revs=248 | 63.3m eta5m
  !! SPATIAL: PACKED AND SPARSE AT ONCE (local 0.100 > 0.091 > regional 0.0160 /km2) on 16.0% of the land -- the population is NOT food-limited, it is failing to disperse; any carrying-capacity reading of this run is void
  ~~ demography: 9/16 in band  !! AGE STRUCTURE OUT OF BAND -> every marker above demography in the ladder is PROVISIONAL  worst: m_5_15=0.0389(3.89x), frac_motherless=0.0316(1.58x), band_med_adults=13(0.46x), surv_to_45=0.233(0.54x)
[14000/15000] pop=  2563 bd=  21 bigbd=3(med847) strat=0.0% giniC=0.416 dyn:eff=22.2 top=0.153 nlin=75 lpb=15.71/dom=0.301 mRSg=0.544 set=21(mx114,prim1.54) con=796.5 inst=16 ldT=0.529 | asc=0.005 gumsa=0.19 tenure=6.7y levy=7347007.1 resent(mean/max)=0.0/0.0 revs=248 | 63.4m eta5m
  !! SPATIAL: PACKED AND SPARSE AT ONCE (local 0.111 > 0.091 > regional 0.0161 /km2) on 14.5% of the land -- the population is NOT food-limited, it is failing to disperse; any carrying-capacity reading of this run is void
  ~~ demography: 10/16 in band  !! AGE STRUCTURE OUT OF BAND -> every marker above demography in the ladder is PROVISIONAL  worst: m_5_15=0.039(3.90x), band_med_adults=12(0.43x), surv_to_45=0.233(0.54x), surv_to_15=0.448(0.68x)
[14025/15000] pop=  2571 bd=  23 bigbd=3(med866) strat=0.0% giniC=0.416 dyn:eff=22.9 top=0.145 nlin=75 lpb=14.43/dom=0.301 mRSg=0.547 set=21(mx98,prim1.03) con=654.5 inst=15 ldT=0.3 | asc=0.005 gumsa=0.174 tenure=6.7y levy=7722112.2 resent(mean/max)=0.0/0.0 revs=248 | 63.5m eta4m
  ~~ demography: 11/16 in band  worst: m_5_15=0.039(3.90x), band_med_adults=13(0.46x), surv_to_45=0.233(0.54x), surv_to_15=0.448(0.68x)
[14050/15000] pop=  2580 bd=  23 bigbd=4(med464.0) strat=0.0% giniC=0.418 dyn:eff=22.6 top=0.148 nlin=75 lpb=14.96/dom=0.292 mRSg=0.544 set=23(mx111,prim1.12) con=656.0 inst=16 ldT=0.333 | asc=0.003 gumsa=0.13 tenure=6.7y levy=7312287.4 resent(mean/max)=0.0/0.0 revs=249 | 63.7m eta4m
  !! SPATIAL: PACKED AND SPARSE AT ONCE (local 0.100 > 0.091 > regional 0.0159 /km2) on 15.9% of the land -- the population is NOT food-limited, it is failing to disperse; any carrying-capacity reading of this run is void
  ~~ demography: 11/16 in band  worst: m_5_15=0.039(3.90x), band_med_adults=11.5(0.41x), surv_to_45=0.233(0.54x), surv_to_15=0.447(0.68x)
[14075/15000] pop=  2547 bd=  28 bigbd=3(med847) strat=0.0% giniC=0.419 dyn:eff=23.8 top=0.139 nlin=73 lpb=13.04/dom=0.314 mRSg=0.545 set=22(mx101,prim1.33) con=509.0 inst=16 ldT=0.3 | asc=0.003 gumsa=0.107 tenure=6.7y levy=9498829.5 resent(mean/max)=0.0/0.0 revs=249 | 63.8m eta4m
  !! SPATIAL: PACKED AND SPARSE AT ONCE (local 0.102 > 0.091 > regional 0.0161 /km2) on 15.8% of the land -- the population is NOT food-limited, it is failing to disperse; any carrying-capacity reading of this run is void
  ~~ demography: 11/16 in band  worst: m_5_15=0.039(3.90x), band_med_adults=10(0.35x), surv_to_45=0.233(0.54x), surv_to_15=0.447(0.68x)
[14100/15000] pop=  2583 bd=  30 bigbd=3(med851) strat=0.0% giniC=0.416 dyn:eff=24.0 top=0.138 nlin=73 lpb=12.47/dom=0.312 mRSg=0.542 set=22(mx104,prim1.25) con=657.0 inst=11 ldT=0.25 | asc=0.011 gumsa=0.1 tenure=6.7y levy=7198356.9 resent(mean/max)=0.0/0.0 revs=249 | 63.9m eta4m
  !! SPATIAL: PACKED AND SPARSE AT ONCE (local 0.108 > 0.091 > regional 0.0157 /km2) on 14.6% of the land -- the population is NOT food-limited, it is failing to disperse; any carrying-capacity reading of this run is void
  ~~ demography: 11/16 in band  worst: m_5_15=0.0391(3.91x), band_med_adults=11.5(0.41x), surv_to_45=0.232(0.54x), surv_to_15=0.447(0.68x)
[14125/15000] pop=  2519 bd=  24 bigbd=2(med1046.5) strat=0.0% giniC=0.413 dyn:eff=24.3 top=0.133 nlin=73 lpb=14.17/dom=0.295 mRSg=0.534 set=21(mx100,prim1.11) con=573.0 inst=18 ldT=0.19 | asc=0.017 gumsa=0.167 tenure=6.7y levy=10974848.8 resent(mean/max)=0.0/0.0 revs=249 | 64.0m eta4m
  !! SPATIAL: PACKED AND SPARSE AT ONCE (local 0.109 > 0.091 > regional 0.0158 /km2) on 14.5% of the land -- the population is NOT food-limited, it is failing to disperse; any carrying-capacity reading of this run is void
  ~~ demography: 11/16 in band  worst: m_5_15=0.0391(3.91x), band_med_adults=12(0.43x), surv_to_45=0.232(0.54x), surv_to_15=0.447(0.68x)
[14150/15000] pop=  2527 bd=  23 bigbd=2(med1058.0) strat=0.0% giniC=0.415 dyn:eff=23.7 top=0.137 nlin=74 lpb=14.61/dom=0.287 mRSg=0.541 set=22(mx107,prim1.2) con=699.5 inst=10 ldT=0.273 | asc=0.016 gumsa=0.087 tenure=6.7y levy=6925375.4 resent(mean/max)=0.0/0.0 revs=249 | 64.1m eta4m
  !! SPATIAL: PACKED AND SPARSE AT ONCE (local 0.112 > 0.091 > regional 0.0159 /km2) on 14.2% of the land -- the population is NOT food-limited, it is failing to disperse; any carrying-capacity reading of this run is void
  ~~ demography: 11/16 in band  worst: m_5_15=0.0391(3.91x), band_med_adults=13(0.46x), surv_to_45=0.232(0.54x), surv_to_15=0.447(0.68x)
[14175/15000] pop=  2549 bd=  23 bigbd=2(med1054.5) strat=0.0% giniC=0.416 dyn:eff=24.2 top=0.136 nlin=74 lpb=14.78/dom=0.283 mRSg=0.541 set=22(mx94,prim1.21) con=671.5 inst=9 ldT=0.087 | asc=0.015 gumsa=0.087 tenure=6.7y levy=8645690.7 resent(mean/max)=0.0/0.0 revs=249 | 64.2m eta4m
  !! SPATIAL: PACKED AND SPARSE AT ONCE (local 0.111 > 0.091 > regional 0.0152 /km2) on 13.8% of the land -- the population is NOT food-limited, it is failing to disperse; any carrying-capacity reading of this run is void
  ~~ demography: 10/16 in band  worst: m_5_15=0.0391(3.91x), frac_motherless=0.0408(2.04x), band_med_adults=12(0.43x), surv_to_45=0.232(0.54x)
[14200/15000] pop=  2439 bd=  23 bigbd=2(med994.5) strat=0.0% giniC=0.418 dyn:eff=24.6 top=0.134 nlin=73 lpb=15.13/dom=0.268 mRSg=0.541 set=23(mx98,prim1.1) con=719.0 inst=12 ldT=0.333 | asc=0.022 gumsa=0.217 tenure=6.7y levy=6817377.5 resent(mean/max)=0.0/0.0 revs=249 | 64.3m eta4m
  !! SPATIAL: PACKED AND SPARSE AT ONCE (local 0.102 > 0.091 > regional 0.0153 /km2) on 14.9% of the land -- the population is NOT food-limited, it is failing to disperse; any carrying-capacity reading of this run is void
  ~~ demography: 11/16 in band  worst: m_5_15=0.0391(3.91x), band_med_adults=14(0.50x), surv_to_45=0.232(0.54x), surv_to_15=0.447(0.68x)
[14225/15000] pop=  2444 bd=  24 bigbd=3(med795) strat=0.0% giniC=0.419 dyn:eff=24.3 top=0.135 nlin=72 lpb=14.83/dom=0.269 mRSg=0.543 set=21(mx94,prim1.12) con=611.0 inst=11 ldT=0.25 | asc=0.013 gumsa=0.083 tenure=6.7y levy=9058357.4 resent(mean/max)=0.0/0.0 revs=252 | 64.4m eta4m
  !! SPATIAL: PACKED AND SPARSE AT ONCE (local 0.105 > 0.091 > regional 0.0152 /km2) on 14.6% of the land -- the population is NOT food-limited, it is failing to disperse; any carrying-capacity reading of this run is void
  ~~ demography: 11/16 in band  worst: m_5_15=0.0391(3.91x), band_med_adults=12(0.43x), surv_to_45=0.232(0.54x), surv_to_15=0.447(0.68x)
[14250/15000] pop=  2437 bd=  27 bigbd=3(med784) strat=0.0% giniC=0.412 dyn:eff=24.3 top=0.134 nlin=72 lpb=13.93/dom=0.276 mRSg=0.548 set=22(mx97,prim1.11) con=722.0 inst=11 ldT=0.182 | asc=0.011 gumsa=0.111 tenure=6.7y levy=6025834.0 resent(mean/max)=0.0/0.0 revs=252 | 64.5m eta3m
  !! SPATIAL: PACKED AND SPARSE AT ONCE (local 0.106 > 0.091 > regional 0.0154 /km2) on 14.5% of the land -- the population is NOT food-limited, it is failing to disperse; any carrying-capacity reading of this run is void
  ~~ demography: 10/16 in band  worst: m_5_15=0.0391(3.91x), frac_fatherless=0.0878(1.76x), band_med_adults=13(0.46x), surv_to_45=0.232(0.54x)
[14275/15000] pop=  2470 bd=  28 bigbd=3(med788) strat=0.0% giniC=0.41 dyn:eff=23.9 top=0.134 nlin=71 lpb=13.64/dom=0.288 mRSg=0.552 set=22(mx107,prim1.05) con=623.5 inst=12 ldT=0.037 | asc=0.008 gumsa=0.071 tenure=6.7y levy=7574346.8 resent(mean/max)=0.0/0.0 revs=253 | 64.7m eta3m
  ~~ demography: 10/16 in band  worst: m_5_15=0.0391(3.91x), frac_fatherless=0.0861(1.72x), band_med_adults=11.5(0.41x), surv_to_45=0.232(0.54x)
[14300/15000] pop=  2525 bd=  30 bigbd=3(med781) strat=0.0% giniC=0.407 dyn:eff=24.1 top=0.135 nlin=71 lpb=12.8/dom=0.305 mRSg=0.553 set=22(mx103,prim1.06) con=721.0 inst=14 ldT=0.25 | asc=0.006 gumsa=0.067 tenure=6.7y levy=10225978.7 resent(mean/max)=0.0/0.0 revs=254 | 64.8m eta3m
  ~~ demography: 10/16 in band  worst: m_5_15=0.0391(3.91x), frac_fatherless=0.104(2.08x), band_med_adults=10(0.35x), surv_to_45=0.232(0.54x)
[14325/15000] pop=  2493 bd=  30 bigbd=4(med415.5) strat=0.0% giniC=0.409 dyn:eff=24.3 top=0.133 nlin=72 lpb=13.37/dom=0.287 mRSg=0.557 set=23(mx97,prim1.01) con=573.0 inst=16 ldT=0.44 | asc=0.012 gumsa=0.067 tenure=6.7y levy=10705652.7 resent(mean/max)=0.0/0.0 revs=254 | 64.9m eta3m
  ~~ demography: 9/16 in band  worst: m_5_15=0.0391(3.91x), frac_fatherless=0.0961(1.92x), frac_motherless=0.0044(0.22x), band_med_adults=12(0.43x)
[14350/15000] pop=  2497 bd=  29 bigbd=3(med780) strat=0.0% giniC=0.409 dyn:eff=23.6 top=0.137 nlin=71 lpb=13.28/dom=0.293 mRSg=0.56 set=21(mx90,prim1.02) con=661.0 inst=15 ldT=0.24 | asc=0.012 gumsa=0.069 tenure=6.7y levy=11490229.6 resent(mean/max)=0.0/0.0 revs=254 | 65.0m eta3m
  !! SPATIAL: PACKED AND SPARSE AT ONCE (local 0.102 > 0.091 > regional 0.0156 /km2) on 15.2% of the land -- the population is NOT food-limited, it is failing to disperse; any carrying-capacity reading of this run is void
  ~~ demography: 10/16 in band  worst: m_5_15=0.0391(3.91x), frac_fatherless=0.0938(1.88x), band_med_adults=12(0.43x), surv_to_45=0.232(0.54x)
[14375/15000] pop=  2490 bd=  27 bigbd=5(med78) strat=0.0% giniC=0.409 dyn:eff=24.2 top=0.132 nlin=72 lpb=13.7/dom=0.293 mRSg=0.559 set=22(mx104,prim1.01) con=532.0 inst=13 ldT=0.296 | asc=0.006 gumsa=0.074 tenure=6.7y levy=8577696.1 resent(mean/max)=0.0/0.0 revs=255 | 65.1m eta3m
  ~~ demography: 11/16 in band  worst: m_5_15=0.0392(3.92x), band_med_adults=12.5(0.44x), surv_to_45=0.232(0.54x), surv_to_15=0.446(0.68x)
[14400/15000] pop=  2468 bd=  26 bigbd=5(med79) strat=0.0% giniC=0.41 dyn:eff=25.2 top=0.124 nlin=71 lpb=13.77/dom=0.286 mRSg=0.568 set=22(mx109,prim1.51) con=463.0 inst=10 ldT=0.231 | asc=0.018 gumsa=0.192 tenure=6.7y levy=9597790.4 resent(mean/max)=0.0/0.0 revs=256 | 65.2m eta3m
  ~~ demography: 10/16 in band  worst: m_5_15=0.0391(3.91x), band_med_adults=11(0.39x), frac_motherless=0.0095(0.47x), surv_to_45=0.232(0.54x)
[14425/15000] pop=  2446 bd=  26 bigbd=5(med90) strat=0.0% giniC=0.409 dyn:eff=25.8 top=0.12 nlin=71 lpb=13.65/dom=0.288 mRSg=0.568 set=22(mx103,prim1.14) con=457.0 inst=12 ldT=0.12 | asc=0.016 gumsa=0.154 tenure=6.7y levy=9900789.3 resent(mean/max)=0.0/0.0 revs=256 | 65.4m eta3m
  !! SPATIAL: PACKED AND SPARSE AT ONCE (local 0.107 > 0.091 > regional 0.0152 /km2) on 14.1% of the land -- the population is NOT food-limited, it is failing to disperse; any carrying-capacity reading of this run is void
  ~~ demography: 11/16 in band  worst: m_5_15=0.0392(3.92x), band_med_adults=13.5(0.48x), surv_to_45=0.232(0.54x), surv_to_15=0.446(0.68x)
[14450/15000] pop=  2428 bd=  24 bigbd=5(med97) strat=0.0% giniC=0.405 dyn:eff=25.9 top=0.12 nlin=71 lpb=15.12/dom=0.27 mRSg=0.573 set=21(mx89,prim1.2) con=467.0 inst=12 ldT=0.208 | asc=0.021 gumsa=0.167 tenure=6.7y levy=7714502.6 resent(mean/max)=0.0/0.0 revs=256 | 65.5m eta2m
  !! SPATIAL: PACKED AND SPARSE AT ONCE (local 0.102 > 0.091 > regional 0.0153 /km2) on 15.0% of the land -- the population is NOT food-limited, it is failing to disperse; any carrying-capacity reading of this run is void
  ~~ demography: 10/16 in band  worst: m_5_15=0.0392(3.92x), frac_motherless=0.0067(0.34x), band_med_adults=15(0.53x), surv_to_45=0.232(0.54x)
[14475/15000] pop=  2451 bd=  23 bigbd=5(med101) strat=0.0% giniC=0.404 dyn:eff=26.9 top=0.118 nlin=74 lpb=16.57/dom=0.284 mRSg=0.581 set=21(mx114,prim1.39) con=476.0 inst=10 ldT=0.273 | asc=0.02 gumsa=0.217 tenure=6.7y levy=6799465.2 resent(mean/max)=0.0/0.0 revs=256 | 65.6m eta2m
  !! SPATIAL: PACKED AND SPARSE AT ONCE (local 0.105 > 0.091 > regional 0.0152 /km2) on 14.5% of the land -- the population is NOT food-limited, it is failing to disperse; any carrying-capacity reading of this run is void
  ~~ demography: 10/16 in band  worst: m_5_15=0.0391(3.91x), frac_fatherless=0.0863(1.73x), band_med_adults=14(0.50x), surv_to_45=0.232(0.54x)
[14500/15000] pop=  2437 bd=  25 bigbd=3(med803) strat=0.0% giniC=0.401 dyn:eff=27.4 top=0.115 nlin=75 lpb=16.2/dom=0.267 mRSg=0.58 set=22(mx114,prim1.2) con=462.5 inst=15 ldT=0.316 | asc=0.02 gumsa=0.2 tenure=6.7y levy=7327175.3 resent(mean/max)=0.0/0.0 revs=257 | 65.7m eta2m
  !! SPATIAL: PACKED AND SPARSE AT ONCE (local 0.103 > 0.091 > regional 0.0151 /km2) on 14.7% of the land -- the population is NOT food-limited, it is failing to disperse; any carrying-capacity reading of this run is void
  ~~ demography: 10/16 in band  worst: m_5_15=0.0391(3.91x), frac_fatherless=0.0805(1.61x), band_med_adults=13(0.46x), surv_to_45=0.232(0.54x)
[14525/15000] pop=  2423 bd=  25 bigbd=3(med802) strat=0.0% giniC=0.399 dyn:eff=28.0 top=0.111 nlin=75 lpb=15.28/dom=0.283 mRSg=0.59 set=21(mx133,prim1.28) con=466.0 inst=16 ldT=0.375 | asc=0.018 gumsa=0.2 tenure=6.7y levy=6051271.2 resent(mean/max)=0.0/0.0 revs=257 | 65.8m eta2m
  !! SPATIAL: PACKED AND SPARSE AT ONCE (local 0.103 > 0.091 > regional 0.0150 /km2) on 14.5% of the land -- the population is NOT food-limited, it is failing to disperse; any carrying-capacity reading of this run is void
  ~~ demography: 11/16 in band  worst: m_5_15=0.0391(3.91x), band_med_adults=12(0.43x), surv_to_45=0.232(0.54x), surv_to_15=0.446(0.68x)
[14550/15000] pop=  2399 bd=  26 bigbd=4(med447.5) strat=0.0% giniC=0.399 dyn:eff=28.2 top=0.11 nlin=75 lpb=15.12/dom=0.286 mRSg=0.575 set=20(mx77,prim1.08) con=527.0 inst=14 ldT=0.474 | asc=0.018 gumsa=0.308 tenure=6.7y levy=5819178.6 resent(mean/max)=0.0/0.0 revs=257 | 65.9m eta2m
  !! SPATIAL: PACKED AND SPARSE AT ONCE (local 0.100 > 0.091 > regional 0.0152 /km2) on 15.2% of the land -- the population is NOT food-limited, it is failing to disperse; any carrying-capacity reading of this run is void
  ~~ demography: 11/16 in band  worst: m_5_15=0.0391(3.91x), band_med_adults=12(0.43x), surv_to_45=0.232(0.54x), surv_to_15=0.447(0.68x)
[14575/15000] pop=  2440 bd=  25 bigbd=4(med447.0) strat=0.0% giniC=0.398 dyn:eff=29.1 top=0.105 nlin=75 lpb=15.8/dom=0.267 mRSg=0.571 set=20(mx104,prim1.13) con=543.0 inst=19 ldT=0.12 | asc=0.025 gumsa=0.4 tenure=6.7y levy=5168013.2 resent(mean/max)=0.0/0.0 revs=257 | 66.0m eta2m
  !! SPATIAL: PACKED AND SPARSE AT ONCE (local 0.105 > 0.091 > regional 0.0149 /km2) on 14.2% of the land -- the population is NOT food-limited, it is failing to disperse; any carrying-capacity reading of this run is void
  ~~ demography: 11/16 in band  worst: m_5_15=0.0392(3.92x), band_med_adults=11(0.39x), surv_to_45=0.232(0.54x), surv_to_15=0.446(0.68x)
[14600/15000] pop=  2385 bd=  27 bigbd=4(med430.0) strat=0.0% giniC=0.394 dyn:eff=29.1 top=0.101 nlin=75 lpb=14.48/dom=0.287 mRSg=0.554 set=22(mx103,prim1.54) con=553.0 inst=9 ldT=0.4 | asc=0.029 gumsa=0.37 tenure=6.7y levy=8358319.5 resent(mean/max)=0.0/0.0 revs=257 | 66.1m eta2m
  !! SPATIAL: PACKED AND SPARSE AT ONCE (local 0.101 > 0.091 > regional 0.0150 /km2) on 14.9% of the land -- the population is NOT food-limited, it is failing to disperse; any carrying-capacity reading of this run is void
  ~~ demography: 10/16 in band  worst: m_5_15=0.0392(3.92x), frac_motherless=0.0076(0.38x), band_med_adults=11(0.39x), surv_to_45=0.232(0.54x)
[14625/15000] pop=  2401 bd=  30 bigbd=3(med795) strat=0.0% giniC=0.391 dyn:eff=29.0 top=0.101 nlin=75 lpb=13.47/dom=0.297 mRSg=0.549 set=21(mx94,prim1.15) con=547.5 inst=13 ldT=0.038 | asc=0.027 gumsa=0.3 tenure=6.7y levy=5824791.1 resent(mean/max)=0.0/0.0 revs=257 | 66.2m eta2m
  ~~ demography: 9/16 in band  !! AGE STRUCTURE OUT OF BAND -> every marker above demography in the ladder is PROVISIONAL  worst: m_5_15=0.0392(3.92x), band_med_adults=10.5(0.37x), frac_fatherless=0.0783(1.57x), surv_to_45=0.232(0.54x)
[14650/15000] pop=  2371 bd=  30 bigbd=4(med435.0) strat=0.0% giniC=0.392 dyn:eff=29.3 top=0.1 nlin=74 lpb=13.93/dom=0.267 mRSg=0.548 set=20(mx103,prim1.05) con=662.5 inst=17 ldT=0.542 | asc=0.011 gumsa=0.167 tenure=6.7y levy=7976997.2 resent(mean/max)=0.0/0.0 revs=258 | 66.3m eta2m
  ~~ demography: 9/16 in band  !! AGE STRUCTURE OUT OF BAND -> every marker above demography in the ladder is PROVISIONAL  worst: m_5_15=0.0392(3.92x), frac_fatherless=0.0929(1.86x), band_med_adults=12.5(0.44x), surv_to_45=0.232(0.54x)
[14675/15000] pop=  2344 bd=  26 bigbd=3(med822) strat=0.0% giniC=0.394 dyn:eff=30.4 top=0.095 nlin=75 lpb=14.92/dom=0.249 mRSg=0.546 set=20(mx99,prim1.27) con=522.0 inst=16 ldT=0.36 | asc=0.009 gumsa=0.154 tenure=6.7y levy=9129381.8 resent(mean/max)=0.0/0.0 revs=259 | 66.4m eta1m
  !! SPATIAL: PACKED AND SPARSE AT ONCE (local 0.104 > 0.091 > regional 0.0147 /km2) on 14.2% of the land -- the population is NOT food-limited, it is failing to disperse; any carrying-capacity reading of this run is void
  ~~ demography: 8/16 in band  !! AGE STRUCTURE OUT OF BAND -> every marker above demography in the ladder is PROVISIONAL  worst: m_5_15=0.0392(3.92x), frac_fatherless=0.101(2.02x), frac_motherless=0.009(0.45x), band_med_adults=13(0.46x)
[14700/15000] pop=  2351 bd=  25 bigbd=3(med804) strat=0.0% giniC=0.392 dyn:eff=30.4 top=0.094 nlin=73 lpb=15.96/dom=0.243 mRSg=0.542 set=20(mx99,prim1.22) con=819.0 inst=16 ldT=0.435 | asc=0.01 gumsa=0.28 tenure=6.7y levy=6955784.7 resent(mean/max)=0.0/0.0 revs=259 | 66.5m eta1m
  !! SPATIAL: PACKED AND SPARSE AT ONCE (local 0.106 > 0.091 > regional 0.0150 /km2) on 14.1% of the land -- the population is NOT food-limited, it is failing to disperse; any carrying-capacity reading of this run is void
  ~~ demography: 9/16 in band  !! AGE STRUCTURE OUT OF BAND -> every marker above demography in the ladder is PROVISIONAL  worst: m_5_15=0.0392(3.92x), frac_motherless=0.0073(0.36x), band_med_adults=12(0.43x), surv_to_45=0.232(0.54x)
[14725/15000] pop=  2397 bd=  26 bigbd=3(med836) strat=0.0% giniC=0.387 dyn:eff=31.0 top=0.092 nlin=73 lpb=15.23/dom=0.259 mRSg=0.545 set=19(mx105,prim1.22) con=622.0 inst=7 ldT=0.261 | asc=0.01 gumsa=0.192 tenure=6.6y levy=8442707.0 resent(mean/max)=0.0/0.0 revs=260 | 66.6m eta1m
  !! SPATIAL: PACKED AND SPARSE AT ONCE (local 0.100 > 0.091 > regional 0.0150 /km2) on 15.0% of the land -- the population is NOT food-limited, it is failing to disperse; any carrying-capacity reading of this run is void
  ~~ demography: 10/16 in band  !! AGE STRUCTURE OUT OF BAND -> every marker above demography in the ladder is PROVISIONAL  worst: m_5_15=0.0392(3.92x), band_med_adults=12(0.43x), surv_to_45=0.232(0.54x), surv_to_15=0.446(0.68x)
[14750/15000] pop=  2408 bd=  27 bigbd=3(med839) strat=0.0% giniC=0.383 dyn:eff=30.5 top=0.095 nlin=73 lpb=15.07/dom=0.244 mRSg=0.547 set=23(mx88,prim1.11) con=742.0 inst=12 ldT=0.435 | asc=0.008 gumsa=0.148 tenure=6.6y levy=10521242.9 resent(mean/max)=0.0/0.0 revs=260 | 66.7m eta1m
  !! SPATIAL: PACKED AND SPARSE AT ONCE (local 0.100 > 0.091 > regional 0.0148 /km2) on 14.7% of the land -- the population is NOT food-limited, it is failing to disperse; any carrying-capacity reading of this run is void
  ~~ demography: 8/16 in band  !! AGE STRUCTURE OUT OF BAND -> every marker above demography in the ladder is PROVISIONAL  worst: m_5_15=0.0392(3.92x), band_med_adults=10(0.35x), frac_motherless=0.0091(0.46x), frac_fatherless=0.0761(1.52x)
[14775/15000] pop=  2361 bd=  27 bigbd=3(med825) strat=0.0% giniC=0.383 dyn:eff=29.8 top=0.097 nlin=73 lpb=14.0/dom=0.281 mRSg=0.541 set=20(mx110,prim1.13) con=899.5 inst=14 ldT=0.038 | asc=0.008 gumsa=0.222 tenure=6.6y levy=9553633.3 resent(mean/max)=0.0/0.0 revs=260 | 66.8m eta1m
  ~~ demography: 8/16 in band  !! AGE STRUCTURE OUT OF BAND -> every marker above demography in the ladder is PROVISIONAL  worst: m_5_15=0.0392(3.92x), band_med_adults=10.5(0.37x), frac_motherless=0.0092(0.46x), frac_fatherless=0.0755(1.51x)
[14800/15000] pop=  2333 bd=  28 bigbd=3(med844) strat=0.0% giniC=0.381 dyn:eff=30.1 top=0.099 nlin=74 lpb=14.04/dom=0.289 mRSg=0.545 set=20(mx99,prim1.03) con=666.0 inst=15 ldT=0.28 | asc=0.02 gumsa=0.286 tenure=6.6y levy=8369294.2 resent(mean/max)=0.0/0.0 revs=260 | 66.9m eta1m
  !! SPATIAL: PACKED AND SPARSE AT ONCE (local 0.104 > 0.091 > regional 0.0147 /km2) on 14.1% of the land -- the population is NOT food-limited, it is failing to disperse; any carrying-capacity reading of this run is void
  ~~ demography: 9/16 in band  !! AGE STRUCTURE OUT OF BAND -> every marker above demography in the ladder is PROVISIONAL  worst: m_5_15=0.0392(3.92x), frac_motherless=0.0048(0.24x), band_med_adults=11(0.39x), surv_to_45=0.232(0.54x)
[14825/15000] pop=  2358 bd=  28 bigbd=3(med845) strat=0.0% giniC=0.383 dyn:eff=30.0 top=0.099 nlin=74 lpb=14.93/dom=0.277 mRSg=0.551 set=20(mx118,prim1.11) con=835.5 inst=15 ldT=0.455 | asc=0.02 gumsa=0.321 tenure=6.6y levy=6527456.0 resent(mean/max)=0.0/0.0 revs=260 | 67.0m eta1m
  !! SPATIAL: PACKED AND SPARSE AT ONCE (local 0.104 > 0.091 > regional 0.0143 /km2) on 13.8% of the land -- the population is NOT food-limited, it is failing to disperse; any carrying-capacity reading of this run is void
  ~~ demography: 9/16 in band  worst: m_5_15=0.0392(3.92x), frac_motherless=0.0017(0.08x), band_med_adults=11(0.39x), frac_fatherless=0.0801(1.60x)
[14850/15000] pop=  2292 bd=  26 bigbd=3(med844) strat=0.0% giniC=0.385 dyn:eff=30.7 top=0.097 nlin=74 lpb=15.27/dom=0.276 mRSg=0.56 set=21(mx100,prim1.1) con=788.5 inst=10 ldT=0.115 | asc=0.014 gumsa=0.308 tenure=6.6y levy=5764818.3 resent(mean/max)=0.0/0.0 revs=262 | 67.1m eta1m
  !! SPATIAL: PACKED AND SPARSE AT ONCE (local 0.101 > 0.091 > regional 0.0142 /km2) on 14.1% of the land -- the population is NOT food-limited, it is failing to disperse; any carrying-capacity reading of this run is void
  ~~ demography: 9/16 in band  worst: m_5_15=0.0392(3.92x), frac_motherless=0.0034(0.17x), frac_fatherless=0.0871(1.74x), band_med_adults=12(0.43x)
[14875/15000] pop=  2271 bd=  24 bigbd=3(med836) strat=0.0% giniC=0.387 dyn:eff=30.2 top=0.098 nlin=73 lpb=15.5/dom=0.277 mRSg=0.547 set=20(mx100,prim1.41) con=884.0 inst=13 ldT=0.476 | asc=0.016 gumsa=0.292 tenure=6.6y levy=7452306.6 resent(mean/max)=0.0/0.0 revs=262 | 67.2m eta1m
  ~~ demography: 10/16 in band  worst: m_5_15=0.0392(3.92x), frac_fatherless=0.0906(1.81x), band_med_adults=13(0.46x), surv_to_45=0.231(0.54x)
[14900/15000] pop=  2252 bd=  23 bigbd=3(med839) strat=0.0% giniC=0.387 dyn:eff=30.6 top=0.091 nlin=73 lpb=15.61/dom=0.29 mRSg=0.557 set=21(mx113,prim1.13) con=836.0 inst=16 ldT=0.286 | asc=0.008 gumsa=0.217 tenure=6.6y levy=5295798.3 resent(mean/max)=0.0/0.0 revs=262 | 67.4m eta0m
  !! SPATIAL: PACKED AND SPARSE AT ONCE (local 0.102 > 0.091 > regional 0.0143 /km2) on 14.1% of the land -- the population is NOT food-limited, it is failing to disperse; any carrying-capacity reading of this run is void
  ~~ demography: 11/16 in band  worst: m_5_15=0.0392(3.92x), band_med_adults=12(0.43x), surv_to_45=0.231(0.54x), surv_to_15=0.446(0.68x)
[14925/15000] pop=  2286 bd=  21 bigbd=3(med875) strat=0.0% giniC=0.386 dyn:eff=31.0 top=0.087 nlin=73 lpb=16.62/dom=0.259 mRSg=0.544 set=21(mx107,prim1.6) con=736.0 inst=17 ldT=0.4 | asc=0.007 gumsa=0.143 tenure=6.6y levy=7925228.7 resent(mean/max)=0.0/0.0 revs=263 | 67.5m eta0m
  ~~ demography: 10/16 in band  !! AGE STRUCTURE OUT OF BAND -> every marker above demography in the ladder is PROVISIONAL  worst: m_5_15=0.0392(3.92x), surv_to_45=0.232(0.54x), band_med_adults=16(0.57x), surv_to_15=0.446(0.68x)
[14950/15000] pop=  2334 bd=  21 bigbd=4(med468.5) strat=0.0% giniC=0.379 dyn:eff=31.7 top=0.088 nlin=75 lpb=16.48/dom=0.245 mRSg=0.545 set=21(mx102,prim1.12) con=699.0 inst=17 ldT=0.2 | asc=0.009 gumsa=0.19 tenure=6.6y levy=8060096.6 resent(mean/max)=0.0/0.0 revs=263 | 67.6m eta0m
  ~~ demography: 10/16 in band  !! AGE STRUCTURE OUT OF BAND -> every marker above demography in the ladder is PROVISIONAL  worst: m_5_15=0.0393(3.93x), band_med_adults=12(0.43x), surv_to_45=0.231(0.54x), surv_to_15=0.446(0.68x)
[14975/15000] pop=  2285 bd=  23 bigbd=3(med849) strat=0.0% giniC=0.377 dyn:eff=30.9 top=0.088 nlin=77 lpb=15.17/dom=0.274 mRSg=0.542 set=21(mx95,prim1.09) con=471.0 inst=17 ldT=0.611 | asc=0.006 gumsa=0.217 tenure=6.6y levy=8498551.1 resent(mean/max)=0.0/0.0 revs=264 | 67.7m eta0m
  !! SPATIAL: PACKED AND SPARSE AT ONCE (local 0.109 > 0.091 > regional 0.0145 /km2) on 13.2% of the land -- the population is NOT food-limited, it is failing to disperse; any carrying-capacity reading of this run is void
  ~~ demography: 9/16 in band  !! AGE STRUCTURE OUT OF BAND -> every marker above demography in the ladder is PROVISIONAL  worst: m_5_15=0.0393(3.93x), band_med_adults=11(0.39x), frac_fatherless=0.0774(1.55x), surv_to_45=0.231(0.54x)
[15000/15000] pop=  2313 bd=  25 bigbd=4(med456.0) strat=0.0% giniC=0.375 dyn:eff=31.1 top=0.087 nlin=78 lpb=15.28/dom=0.266 mRSg=0.536 set=21(mx103,prim1.2) con=673.5 inst=15 ldT=0.304 | asc=0.005 gumsa=0.12 tenure=6.6y levy=7406425.2 resent(mean/max)=0.0/0.0 revs=265 | 67.8m eta0m
  spatial dump -> C:\Users\syatom\Projects\SiC Games\sic_games\outputs\substrate_run\campaign_spatial_scorecard99_montane.npz  (people 2313 on 212 cells, 23 sites)
DONE step=15000 in 67.8 min -> C:\Users\syatom\Projects\SiC Games\sic_games\outputs\substrate_run\campaign_trajectory_scorecard99_montane.json ; genealogy rows=255225 -> C:\Users\syatom\Projects\SiC Games\sic_games\outputs\substrate_run\campaign_genealogy_scorecard99_montane.csv
