campaign: C_ALLON enabled 48 mechanism(s): adaptive_connubium,alluvial_renewal,ascribed_mate_choice,biome_meat_cv,biome_meat_frac,catchment_depletion,colonizing_budding,condition,density_fertility,density_reference,dependent_load,emergent_abandonment,emergent_band_size,emergent_village_founding,energetic_refractory,eta_weighted_shares,exogamy,improved_land,intake_fertility,lineage_branching,lineage_split,lineage_tribute,local_ascription,material_inheritance,metabolic_downreg,need_weighted_shares,noble_leveling_exemption,nutrition_synergy,rank_hierarchy,relational_stratification,relative_legitimacy,relative_resentment,resentment_accumulator,resource_directed_fusion,society_regional_density,soil_depletion,standing,storable_founding,storage_seasonal_union,store_anchor,synergy_age_grade,tier2_shock,village_budding,village_density_disease,village_identity,village_resentment,wealth_obligation,worked_land_yield
campaign: C_ALLON left 17 OFF: band_provisioning,band_territory,bud_hazard,bud_requires_occupancy,bud_site_separation,exclusive_village_membership,fertility_restraint_gene,founding_delay,heritable_density_response,hunger_dispersal,leaky_assabiyah,malnutrition_fission,restraint_group_transmission,stratification_inequality_gate,sub_k_regulation,terrain_pathogen,village_catchment_spread
C:\Users\syatom\AppData\Local\Python\pythoncore-3.14-64\Lib\site-packages\mesa\mesa_logging.py:112: FutureWarning: The use of the `seed` keyword argument is deprecated, use `rng` instead. No functional changes.
  res = func(*args, **kwargs)
campaign: sha=9a83055 world=coastal-savanna founders=3000 steps=15000 habitable=1544 connubium=cut2(m*=15) defend=True improved=True budding=True(thr150) elite=True soil=True genome=True genealogy=ON flush/500
campaign: climate a_seas=0.400 ENSO(amp=0.00,per=0) regime(amp=0.00,dur=0,rec=0) caribou(amp=0.00,per=0) llanos=0.00 | on: biome_seasonality,intercept_hunting,seasonality
  ~~ demography: not scored yet (250 person-years of exposure; needs 500 before the panel means anything)
[    1/15000] pop=  2916 bd=   2 bigbd=2(med1458.0) strat=0.0% giniC=0.277 dyn:eff=2916.0 top=0.0 nlin=2916 lpb=1458.0/dom=0.001 mRSg=0.0 set=0(mx0,primNone) con=None inst=0 ldT=0.0 | asc=0.0 gumsa=0.0 tenure=0.0y levy=9700492.7 resent(mean/max)=0.0/0.0 revs=0 | 0.0m eta50m
  ~~ climate: intercept=NEVER-FIRED  (configured ON but not moving the field)
  ~~ demography: 3/15 in band  worst: m_5_15=0.286(28.60x), surv_to_45=0(0.00x), frac_motherless=0(0.00x), surv_to_15=0.007(0.01x)
[   25/15000] pop=  2143 bd= 130 bigbd=0(med0) strat=0.0% giniC=0.265 dyn:eff=1744.2 top=0.001 nlin=1900 lpb=14.64/dom=0.124 mRSg=0.626 set=18(mx80,prim1.13) con=337.0 inst=11 ldT=1.0 | asc=0.0 gumsa=0.0 tenure=0.5y levy=5001677.6 resent(mean/max)=0.0/0.0 revs=0 | 0.1m eta46m
  !! SPATIAL: band commands 272 km2, inside its own 314 km2 catchment (Vita-Finzi & Higgs) -- the population is NOT food-limited, it is failing to disperse; any carrying-capacity reading of this run is void
  ~~ demography: 6/16 in band  worst: m_5_15=0.227(22.71x), surv_to_45=0(0.00x), surv_to_15=0.021(0.03x), realised_e0=3.37(0.16x)
[   50/15000] pop=  1735 bd= 109 bigbd=0(med0) strat=0.0% giniC=0.266 dyn:eff=1263.2 top=0.002 nlin=1455 lpb=13.4/dom=0.152 mRSg=0.564 set=13(mx92,prim1.06) con=395.5 inst=10 ldT=0.386 | asc=0.004 gumsa=0.037 tenure=1.1y levy=3020355.8 resent(mean/max)=0.0/0.0 revs=0 | 0.1m eta41m
  !! SPATIAL: band commands 243 km2, inside its own 314 km2 catchment (Vita-Finzi & Higgs) -- the population is NOT food-limited, it is failing to disperse; any carrying-capacity reading of this run is void
  ~~ demography: 6/16 in band  worst: m_5_15=0.193(19.28x), surv_to_45=0.001(0.00x), surv_to_15=0.045(0.07x), realised_e0=4.39(0.21x)
[   75/15000] pop=  1620 bd= 102 bigbd=0(med0) strat=0.0% giniC=0.264 dyn:eff=1034.9 top=0.002 nlin=1266 lpb=12.59/dom=0.174 mRSg=0.53 set=12(mx107,prim1.1) con=551.0 inst=12 ldT=0.277 | asc=0.006 gumsa=0.078 tenure=1.5y levy=2818956.9 resent(mean/max)=0.0/0.0 revs=1 | 0.2m eta38m
  !! SPATIAL: band commands 213 km2, inside its own 314 km2 catchment (Vita-Finzi & Higgs) -- the population is NOT food-limited, it is failing to disperse; any carrying-capacity reading of this run is void
  ~~ demography: 5/16 in band  worst: m_5_15=0.165(16.50x), surv_to_45=0.003(0.01x), surv_to_15=0.07(0.11x), realised_e0=5.24(0.25x)
[  100/15000] pop=  1540 bd=  94 bigbd=0(med0) strat=0.0% giniC=0.263 dyn:eff=871.3 top=0.004 nlin=1136 lpb=12.36/dom=0.196 mRSg=0.527 set=12(mx96,prim1.08) con=514.0 inst=18 ldT=0.272 | asc=0.008 gumsa=0.106 tenure=1.8y levy=5804985.2 resent(mean/max)=0.0/0.0 revs=3 | 0.2m eta36m
  !! SPATIAL: band commands 208 km2, inside its own 314 km2 catchment (Vita-Finzi & Higgs) -- the population is NOT food-limited, it is failing to disperse; any carrying-capacity reading of this run is void
  ~~ demography: 7/16 in band  worst: m_5_15=0.142(14.17x), surv_to_45=0.006(0.01x), surv_to_15=0.096(0.15x), e15=11.1(0.29x)
[  125/15000] pop=  1487 bd=  89 bigbd=0(med0) strat=0.0% giniC=0.264 dyn:eff=763.3 top=0.005 nlin=1050 lpb=12.15/dom=0.209 mRSg=0.531 set=11(mx107,prim1.15) con=583.5 inst=8 ldT=0.205 | asc=0.003 gumsa=0.034 tenure=2.1y levy=1464818.0 resent(mean/max)=0.0/0.0 revs=8 | 0.3m eta34m
  !! SPATIAL: band commands 202 km2, inside its own 314 km2 catchment (Vita-Finzi & Higgs) -- the population is NOT food-limited, it is failing to disperse; any carrying-capacity reading of this run is void
  ~~ demography: 6/16 in band  worst: m_5_15=0.124(12.42x), surv_to_45=0.01(0.02x), surv_to_15=0.119(0.18x), frac_fatherless=0.0879(1.76x)
[  150/15000] pop=  1409 bd=  81 bigbd=0(med0) strat=0.0% giniC=0.264 dyn:eff=694.4 top=0.004 nlin=968 lpb=12.47/dom=0.205 mRSg=0.521 set=11(mx91,prim1.05) con=541.0 inst=17 ldT=0.39 | asc=0.004 gumsa=0.037 tenure=2.5y levy=2415892.2 resent(mean/max)=0.0/0.0 revs=10 | 0.3m eta32m
  !! SPATIAL: band commands 191 km2, inside its own 314 km2 catchment (Vita-Finzi & Higgs) -- the population is NOT food-limited, it is failing to disperse; any carrying-capacity reading of this run is void
  ~~ demography: 7/16 in band  worst: m_5_15=0.117(11.67x), surv_to_45=0.013(0.03x), surv_to_15=0.131(0.20x), modal_adult_death=20(0.29x)
[  175/15000] pop=  1341 bd=  75 bigbd=0(med0) strat=0.0% giniC=0.266 dyn:eff=617.3 top=0.005 nlin=897 lpb=12.44/dom=0.215 mRSg=0.522 set=11(mx98,prim1.07) con=501.0 inst=14 ldT=0.203 | asc=0.003 gumsa=0.04 tenure=2.7y levy=1730450.8 resent(mean/max)=0.0/0.0 revs=11 | 0.4m eta30m
  !! SPATIAL: PACKED AND SPARSE AT ONCE (local 0.116 > 0.091 > regional 0.0080 /km2) on 6.9% of the land; band commands 165 km2, inside its own 314 km2 catchment (Vita-Finzi & Higgs) -- the population is NOT food-limited, it is failing to disperse; any carrying-capacity reading of this run is void
  ~~ demography: 7/16 in band  worst: m_5_15=0.112(11.16x), surv_to_45=0.015(0.03x), surv_to_15=0.141(0.21x), band_med_adults=8(0.28x)
[  200/15000] pop=  1241 bd=  65 bigbd=4(med48.5) strat=0.0% giniC=0.259 dyn:eff=552.6 top=0.006 nlin=807 lpb=13.31/dom=0.235 mRSg=0.536 set=11(mx106,prim1.01) con=553.0 inst=16 ldT=0.333 | asc=0.002 gumsa=0.031 tenure=2.9y levy=1386967.0 resent(mean/max)=0.0/0.0 revs=11 | 0.4m eta29m
  !! SPATIAL: PACKED AND SPARSE AT ONCE (local 0.119 > 0.091 > regional 0.0072 /km2) on 6.1% of the land; band commands 219 km2, inside its own 314 km2 catchment (Vita-Finzi & Higgs) -- the population is NOT food-limited, it is failing to disperse; any carrying-capacity reading of this run is void
  ~~ demography: 6/16 in band  worst: m_5_15=0.108(10.80x), frac_fatherless=0.105(2.09x), surv_to_45=0.017(0.04x), surv_to_15=0.147(0.22x)
[  225/15000] pop=  1118 bd=  43 bigbd=7(med63) strat=0.0% giniC=0.257 dyn:eff=485.2 top=0.007 nlin=728 lpb=18.51/dom=0.196 mRSg=0.543 set=11(mx127,prim1.27) con=632.0 inst=7 ldT=0.45 | asc=0.003 gumsa=0.023 tenure=3.4y levy=852431.9 resent(mean/max)=0.0/0.0 revs=13 | 0.4m eta28m
  !! SPATIAL: PACKED AND SPARSE AT ONCE (local 0.114 > 0.091 > regional 0.0066 /km2) on 5.8% of the land; band commands 247 km2, inside its own 314 km2 catchment (Vita-Finzi & Higgs) -- the population is NOT food-limited, it is failing to disperse; any carrying-capacity reading of this run is void
  ~~ demography: 6/16 in band  worst: m_5_15=0.105(10.50x), frac_fatherless=0.103(2.06x), surv_to_45=0.018(0.04x), surv_to_15=0.153(0.23x)
[  250/15000] pop=  1012 bd=  36 bigbd=8(med63.0) strat=0.0% giniC=0.261 dyn:eff=432.9 top=0.007 nlin=647 lpb=19.78/dom=0.189 mRSg=0.562 set=10(mx114,prim1.12) con=494.0 inst=4 ldT=0.343 | asc=0.002 gumsa=0.028 tenure=3.6y levy=727363.8 resent(mean/max)=0.0/0.0 revs=13 | 0.5m eta27m
  !! SPATIAL: PACKED AND SPARSE AT ONCE (local 0.115 > 0.091 > regional 0.0064 /km2) on 5.5% of the land; band commands 266 km2, inside its own 314 km2 catchment (Vita-Finzi & Higgs) -- the population is NOT food-limited, it is failing to disperse; any carrying-capacity reading of this run is void
  ~~ demography: 4/16 in band  !! AGE STRUCTURE OUT OF BAND -> every marker above demography in the ladder is PROVISIONAL  worst: m_5_15=0.0995(9.95x), frac_fatherless=0.111(2.22x), frac_motherless=0(0.00x), surv_to_45=0.022(0.05x)
[  275/15000] pop=   981 bd=  32 bigbd=8(med70.5) strat=0.0% giniC=0.258 dyn:eff=404.9 top=0.008 nlin=612 lpb=21.34/dom=0.184 mRSg=0.573 set=10(mx94,prim1.03) con=567.5 inst=3 ldT=0.281 | asc=0.0 gumsa=0.0 tenure=3.7y levy=1040695.6 resent(mean/max)=0.0/0.0 revs=14 | 0.5m eta26m
  !! SPATIAL: PACKED AND SPARSE AT ONCE (local 0.135 > 0.091 > regional 0.0060 /km2) on 4.5% of the land; band commands 276 km2, inside its own 314 km2 catchment (Vita-Finzi & Higgs) -- the population is NOT food-limited, it is failing to disperse; any carrying-capacity reading of this run is void
  ~~ demography: 5/16 in band  worst: m_5_15=0.0963(9.63x), frac_motherless=0(0.00x), surv_to_45=0.024(0.06x), surv_to_15=0.172(0.26x)
[  300/15000] pop=   930 bd=  25 bigbd=9(med77) strat=0.0% giniC=0.261 dyn:eff=358.9 top=0.009 nlin=559 lpb=25.28/dom=0.166 mRSg=0.568 set=9(mx111,prim1.01) con=622.5 inst=0 ldT=0.4 | asc=0.0 gumsa=0.0 tenure=3.8y levy=958639.5 resent(mean/max)=0.0/0.0 revs=14 | 0.5m eta25m
  !! SPATIAL: PACKED AND SPARSE AT ONCE (local 0.142 > 0.091 > regional 0.0059 /km2) on 4.1% of the land -- the population is NOT food-limited, it is failing to disperse; any carrying-capacity reading of this run is void
  ~~ demography: 5/16 in band  worst: m_5_15=0.0939(9.39x), frac_fatherless=0.15(2.99x), frac_motherless=0(0.00x), surv_to_45=0.027(0.06x)
[  325/15000] pop=   906 bd=  19 bigbd=9(med76) strat=0.0% giniC=0.257 dyn:eff=325.7 top=0.011 nlin=527 lpb=31.68/dom=0.135 mRSg=0.58 set=9(mx107,prim1.04) con=585.0 inst=3 ldT=0.421 | asc=0.001 gumsa=0.053 tenure=3.8y levy=880551.0 resent(mean/max)=0.0/0.0 revs=14 | 0.5m eta24m
  !! SPATIAL: PACKED AND SPARSE AT ONCE (local 0.169 > 0.091 > regional 0.0058 /km2) on 3.4% of the land; band commands 312 km2, inside its own 314 km2 catchment (Vita-Finzi & Higgs) -- the population is NOT food-limited, it is failing to disperse; any carrying-capacity reading of this run is void
  ~~ demography: 6/16 in band  worst: m_5_15=0.0903(9.03x), frac_motherless=0(0.00x), surv_to_45=0.031(0.07x), frac_fatherless=0.0893(1.79x)
[  350/15000] pop=   898 bd=  17 bigbd=9(med77) strat=0.0% giniC=0.258 dyn:eff=293.2 top=0.014 nlin=501 lpb=33.65/dom=0.13 mRSg=0.602 set=9(mx107,prim1.02) con=589.0 inst=1 ldT=0.176 | asc=0.003 gumsa=0.176 tenure=3.9y levy=883250.2 resent(mean/max)=0.0/0.0 revs=14 | 0.6m eta24m
  !! SPATIAL: PACKED AND SPARSE AT ONCE (local 0.156 > 0.091 > regional 0.0057 /km2) on 3.6% of the land -- the population is NOT food-limited, it is failing to disperse; any carrying-capacity reading of this run is void
  ~~ demography: 4/16 in band  !! AGE STRUCTURE OUT OF BAND -> every marker above demography in the ladder is PROVISIONAL  worst: m_5_15=0.0881(8.81x), frac_fatherless=0.1(2.00x), surv_to_45=0.033(0.08x), surv_to_15=0.193(0.29x)
[  375/15000] pop=   874 bd=  15 bigbd=7(med99) strat=0.0% giniC=0.258 dyn:eff=279.0 top=0.013 nlin=481 lpb=36.2/dom=0.128 mRSg=0.615 set=7(mx108,prim1.04) con=592.0 inst=0 ldT=0.333 | asc=0.005 gumsa=0.2 tenure=3.9y levy=868405.3 resent(mean/max)=0.0/0.0 revs=14 | 0.6m eta23m
  !! SPATIAL: PACKED AND SPARSE AT ONCE (local 0.137 > 0.091 > regional 0.0055 /km2) on 4.0% of the land -- the population is NOT food-limited, it is failing to disperse; any carrying-capacity reading of this run is void
  ~~ demography: 4/16 in band  !! AGE STRUCTURE OUT OF BAND -> every marker above demography in the ladder is PROVISIONAL  worst: m_5_15=0.0856(8.56x), frac_fatherless=0.126(2.52x), surv_to_45=0.036(0.08x), modal_adult_death=20(0.29x)
[  400/15000] pop=   849 bd=  14 bigbd=7(med94) strat=0.0% giniC=0.258 dyn:eff=256.4 top=0.013 nlin=449 lpb=36.93/dom=0.129 mRSg=0.613 set=7(mx101,prim1.01) con=596.0 inst=1 ldT=0.429 | asc=0.004 gumsa=0.143 tenure=4.0y levy=4574788.9 resent(mean/max)=0.0/0.0 revs=15 | 0.6m eta23m
  !! SPATIAL: PACKED AND SPARSE AT ONCE (local 0.148 > 0.091 > regional 0.0054 /km2) on 3.6% of the land -- the population is NOT food-limited, it is failing to disperse; any carrying-capacity reading of this run is void
  ~~ demography: 5/16 in band  !! AGE STRUCTURE OUT OF BAND -> every marker above demography in the ladder is PROVISIONAL  worst: m_5_15=0.0841(8.41x), frac_fatherless=0.12(2.41x), surv_to_45=0.039(0.09x), modal_adult_death=20(0.29x)
[  425/15000] pop=   831 bd=  16 bigbd=7(med97) strat=0.0% giniC=0.259 dyn:eff=240.0 top=0.014 nlin=423 lpb=32.12/dom=0.168 mRSg=0.6 set=9(mx99,prim1.09) con=587.0 inst=2 ldT=0.308 | asc=0.002 gumsa=0.125 tenure=4.0y levy=1375007.7 resent(mean/max)=0.0/0.0 revs=16 | 0.6m eta22m
  !! SPATIAL: PACKED AND SPARSE AT ONCE (local 0.164 > 0.091 > regional 0.0054 /km2) on 3.3% of the land -- the population is NOT food-limited, it is failing to disperse; any carrying-capacity reading of this run is void
  ~~ demography: 4/16 in band  !! AGE STRUCTURE OUT OF BAND -> every marker above demography in the ladder is PROVISIONAL  worst: m_5_15=0.0812(8.12x), frac_fatherless=0.104(2.07x), frac_motherless=0(0.00x), surv_to_45=0.043(0.10x)
[  450/15000] pop=   835 bd=  15 bigbd=7(med100) strat=0.0% giniC=0.265 dyn:eff=225.9 top=0.014 nlin=405 lpb=33.0/dom=0.162 mRSg=0.597 set=9(mx117,prim1.18) con=588.0 inst=0 ldT=0.286 | asc=0.004 gumsa=0.2 tenure=4.1y levy=1206841.8 resent(mean/max)=0.0/0.0 revs=17 | 0.7m eta22m
  !! SPATIAL: PACKED AND SPARSE AT ONCE (local 0.165 > 0.091 > regional 0.0055 /km2) on 3.3% of the land -- the population is NOT food-limited, it is failing to disperse; any carrying-capacity reading of this run is void
  ~~ demography: 6/16 in band  worst: m_5_15=0.0786(7.86x), surv_to_45=0.046(0.11x), modal_adult_death=20(0.29x), surv_to_15=0.222(0.34x)
[  475/15000] pop=   844 bd=  14 bigbd=7(med103) strat=0.0% giniC=0.27 dyn:eff=210.9 top=0.017 nlin=394 lpb=35.86/dom=0.136 mRSg=0.593 set=10(mx88,prim1.02) con=588.0 inst=3 ldT=0.25 | asc=0.001 gumsa=0.071 tenure=4.1y levy=1107225.9 resent(mean/max)=0.0/0.0 revs=18 | 0.7m eta21m
  !! SPATIAL: PACKED AND SPARSE AT ONCE (local 0.178 > 0.091 > regional 0.0054 /km2) on 3.0% of the land -- the population is NOT food-limited, it is failing to disperse; any carrying-capacity reading of this run is void
  ~~ demography: 3/16 in band  worst: m_5_15=0.0774(7.74x), frac_motherless=0.0488(2.44x), surv_to_45=0.049(0.11x), modal_adult_death=20(0.29x)
[  500/15000] pop=   836 bd=  14 bigbd=7(med97) strat=0.0% giniC=0.271 dyn:eff=198.0 top=0.018 nlin=374 lpb=35.79/dom=0.15 mRSg=0.606 set=11(mx99,prim1.01) con=592.0 inst=0 ldT=0.455 | asc=0.001 gumsa=0.071 tenure=4.1y levy=607593.0 resent(mean/max)=0.0/0.0 revs=19 | 0.7m eta21m
  !! SPATIAL: PACKED AND SPARSE AT ONCE (local 0.161 > 0.091 > regional 0.0054 /km2) on 3.4% of the land -- the population is NOT food-limited, it is failing to disperse; any carrying-capacity reading of this run is void
  ~~ demography: 5/16 in band  worst: m_5_15=0.0751(7.51x), surv_to_45=0.053(0.12x), modal_adult_death=20(0.29x), band_med_adults=47(1.67x)
[  525/15000] pop=   838 bd=  14 bigbd=7(med101) strat=0.0% giniC=0.275 dyn:eff=187.5 top=0.018 nlin=355 lpb=34.36/dom=0.159 mRSg=0.603 set=10(mx106,prim1.12) con=587.0 inst=1 ldT=0.417 | asc=0.001 gumsa=0.071 tenure=4.1y levy=2931591.6 resent(mean/max)=0.0/0.0 revs=19 | 0.8m eta21m
  !! SPATIAL: PACKED AND SPARSE AT ONCE (local 0.161 > 0.091 > regional 0.0054 /km2) on 3.4% of the land -- the population is NOT food-limited, it is failing to disperse; any carrying-capacity reading of this run is void
  ~~ demography: 4/16 in band  worst: m_5_15=0.073(7.30x), band_med_adults=53.5(1.90x), surv_to_45=0.057(0.13x), modal_adult_death=20(0.29x)
[  550/15000] pop=   836 bd=  13 bigbd=7(med100) strat=0.0% giniC=0.279 dyn:eff=181.9 top=0.016 nlin=341 lpb=35.62/dom=0.149 mRSg=0.606 set=10(mx94,prim1.01) con=585.0 inst=0 ldT=0.083 | asc=0.0 gumsa=0.0 tenure=4.1y levy=609768.1 resent(mean/max)=0.0/0.0 revs=20 | 0.8m eta21m
  !! SPATIAL: PACKED AND SPARSE AT ONCE (local 0.157 > 0.091 > regional 0.0055 /km2) on 3.5% of the land -- the population is NOT food-limited, it is failing to disperse; any carrying-capacity reading of this run is void
  ~~ demography: 5/16 in band  worst: m_5_15=0.0708(7.08x), surv_to_45=0.061(0.14x), band_med_adults=51(1.81x), modal_adult_death=20(0.29x)
[  575/15000] pop=   849 bd=  13 bigbd=7(med104) strat=0.0% giniC=0.278 dyn:eff=174.8 top=0.015 nlin=326 lpb=34.69/dom=0.151 mRSg=0.611 set=10(mx106,prim1.19) con=593.0 inst=4 ldT=0.25 | asc=0.006 gumsa=0.077 tenure=4.1y levy=903932.4 resent(mean/max)=0.0/0.0 revs=20 | 0.8m eta20m
  !! SPATIAL: PACKED AND SPARSE AT ONCE (local 0.149 > 0.091 > regional 0.0054 /km2) on 3.6% of the land -- the population is NOT food-limited, it is failing to disperse; any carrying-capacity reading of this run is void
  ~~ demography: 3/16 in band  worst: m_5_15=0.0693(6.93x), frac_fatherless=0.116(2.32x), band_med_adults=54(1.91x), surv_to_45=0.065(0.15x)
[  600/15000] pop=   836 bd=  13 bigbd=7(med91) strat=0.0% giniC=0.273 dyn:eff=165.1 top=0.017 nlin=309 lpb=34.08/dom=0.144 mRSg=0.63 set=9(mx83,prim1.05) con=576.0 inst=2 ldT=0.231 | asc=0.006 gumsa=0.231 tenure=4.1y levy=2007715.9 resent(mean/max)=0.0/0.0 revs=21 | 0.8m eta20m
  !! SPATIAL: PACKED AND SPARSE AT ONCE (local 0.148 > 0.091 > regional 0.0055 /km2) on 3.7% of the land -- the population is NOT food-limited, it is failing to disperse; any carrying-capacity reading of this run is void
  ~~ demography: 5/16 in band  worst: m_5_15=0.0677(6.77x), band_med_adults=57(2.02x), surv_to_45=0.069(0.16x), frac_fatherless=0.0899(1.80x)
[  625/15000] pop=   846 bd=  11 bigbd=7(med113) strat=0.0% giniC=0.278 dyn:eff=154.7 top=0.018 nlin=292 lpb=40.55/dom=0.1 mRSg=0.615 set=9(mx98,prim1.02) con=597.0 inst=4 ldT=0.1 | asc=0.021 gumsa=0.455 tenure=4.2y levy=1609099.6 resent(mean/max)=0.0/0.0 revs=21 | 0.9m eta20m
  !! SPATIAL: PACKED AND SPARSE AT ONCE (local 0.143 > 0.091 > regional 0.0052 /km2) on 3.6% of the land -- the population is NOT food-limited, it is failing to disperse; any carrying-capacity reading of this run is void
  ~~ demography: 4/16 in band  worst: m_5_15=0.0674(6.74x), frac_motherless=0.0458(2.29x), band_med_adults=54(1.91x), surv_to_45=0.07(0.16x)
[  650/15000] pop=   799 bd=  11 bigbd=7(med110) strat=0.0% giniC=0.277 dyn:eff=143.5 top=0.02 nlin=274 lpb=37.73/dom=0.107 mRSg=0.617 set=9(mx98,prim1.01) con=534.0 inst=5 ldT=0.0 | asc=0.021 gumsa=0.455 tenure=4.2y levy=912431.0 resent(mean/max)=0.0/0.0 revs=21 | 0.9m eta20m
  !! SPATIAL: PACKED AND SPARSE AT ONCE (local 0.154 > 0.091 > regional 0.0052 /km2) on 3.4% of the land -- the population is NOT food-limited, it is failing to disperse; any carrying-capacity reading of this run is void
  ~~ demography: 6/16 in band  worst: m_5_15=0.0662(6.62x), surv_to_45=0.073(0.17x), band_med_adults=50.5(1.79x), modal_adult_death=20(0.29x)
[  675/15000] pop=   799 bd=  12 bigbd=7(med109) strat=0.0% giniC=0.28 dyn:eff=133.5 top=0.021 nlin=254 lpb=34.33/dom=0.103 mRSg=0.612 set=10(mx110,prim1.21) con=538.0 inst=3 ldT=0.3 | asc=0.004 gumsa=0.167 tenure=4.2y levy=982790.4 resent(mean/max)=0.0/0.0 revs=24 | 0.9m eta19m
  !! SPATIAL: PACKED AND SPARSE AT ONCE (local 0.154 > 0.091 > regional 0.0052 /km2) on 3.4% of the land -- the population is NOT food-limited, it is failing to disperse; any carrying-capacity reading of this run is void
  ~~ demography: 6/16 in band  worst: m_5_15=0.0647(6.47x), surv_to_45=0.076(0.18x), band_med_adults=50(1.77x), modal_adult_death=20(0.29x)
[  700/15000] pop=   803 bd=  12 bigbd=6(med118.5) strat=0.0% giniC=0.285 dyn:eff=127.9 top=0.022 nlin=247 lpb=33.17/dom=0.117 mRSg=0.627 set=10(mx110,prim1.29) con=559.0 inst=2 ldT=0.2 | asc=0.001 gumsa=0.083 tenure=4.2y levy=2052435.3 resent(mean/max)=0.0/0.0 revs=26 | 0.9m eta19m
  !! SPATIAL: PACKED AND SPARSE AT ONCE (local 0.183 > 0.091 > regional 0.0052 /km2) on 2.8% of the land -- the population is NOT food-limited, it is failing to disperse; any carrying-capacity reading of this run is void
  ~~ demography: 5/16 in band  worst: m_5_15=0.0641(6.41x), surv_to_45=0.079(0.18x), modal_adult_death=20(0.29x), surv_to_15=0.28(0.42x)
[  725/15000] pop=   804 bd=  12 bigbd=7(med107) strat=0.0% giniC=0.286 dyn:eff=125.8 top=0.022 nlin=243 lpb=32.92/dom=0.121 mRSg=0.629 set=10(mx117,prim1.08) con=570.0 inst=1 ldT=0.3 | asc=0.009 gumsa=0.417 tenure=4.3y levy=1035178.1 resent(mean/max)=0.0/0.0 revs=27 | 1.0m eta19m
  !! SPATIAL: PACKED AND SPARSE AT ONCE (local 0.153 > 0.091 > regional 0.0053 /km2) on 3.4% of the land -- the population is NOT food-limited, it is failing to disperse; any carrying-capacity reading of this run is void
  ~~ demography: 6/16 in band  worst: m_5_15=0.0628(6.28x), surv_to_45=0.082(0.19x), modal_adult_death=20(0.29x), surv_to_15=0.286(0.43x)
[  750/15000] pop=   811 bd=  12 bigbd=7(med108) strat=0.0% giniC=0.284 dyn:eff=119.2 top=0.023 nlin=232 lpb=31.58/dom=0.135 mRSg=0.625 set=10(mx111,prim1.39) con=550.0 inst=2 ldT=0.455 | asc=0.007 gumsa=0.25 tenure=4.3y levy=975629.7 resent(mean/max)=0.0/0.0 revs=28 | 1.0m eta19m
  !! SPATIAL: PACKED AND SPARSE AT ONCE (local 0.151 > 0.091 > regional 0.0051 /km2) on 3.4% of the land -- the population is NOT food-limited, it is failing to disperse; any carrying-capacity reading of this run is void
  ~~ demography: 4/16 in band  worst: m_5_15=0.0628(6.28x), surv_to_45=0.084(0.20x), frac_fatherless=0.0886(1.77x), modal_adult_death=20(0.29x)
[  775/15000] pop=   787 bd=  12 bigbd=6(med116.0) strat=0.0% giniC=0.287 dyn:eff=113.8 top=0.027 nlin=219 lpb=31.33/dom=0.119 mRSg=0.631 set=10(mx108,prim1.15) con=548.0 inst=3 ldT=0.4 | asc=0.009 gumsa=0.333 tenure=4.3y levy=2391344.8 resent(mean/max)=0.0/0.0 revs=28 | 1.0m eta18m
  !! SPATIAL: PACKED AND SPARSE AT ONCE (local 0.165 > 0.091 > regional 0.0050 /km2) on 3.0% of the land -- the population is NOT food-limited, it is failing to disperse; any carrying-capacity reading of this run is void
  ~~ demography: 5/16 in band  worst: m_5_15=0.0616(6.16x), frac_fatherless=0.116(2.33x), surv_to_45=0.088(0.20x), modal_adult_death=20(0.29x)
[  800/15000] pop=   777 bd=  11 bigbd=6(med119.0) strat=0.0% giniC=0.294 dyn:eff=109.5 top=0.026 nlin=204 lpb=32.45/dom=0.119 mRSg=0.64 set=9(mx117,prim1.18) con=543.0 inst=1 ldT=0.3 | asc=0.001 gumsa=0.091 tenure=4.3y levy=1324994.1 resent(mean/max)=0.0/0.0 revs=31 | 1.0m eta18m
  !! SPATIAL: PACKED AND SPARSE AT ONCE (local 0.149 > 0.091 > regional 0.0051 /km2) on 3.4% of the land -- the population is NOT food-limited, it is failing to disperse; any carrying-capacity reading of this run is void
  ~~ demography: 5/16 in band  worst: m_5_15=0.0601(6.01x), surv_to_45=0.092(0.21x), frac_fatherless=0.0861(1.72x), modal_adult_death=20(0.29x)
[  825/15000] pop=   788 bd=  11 bigbd=7(med114) strat=0.0% giniC=0.299 dyn:eff=107.1 top=0.027 nlin=198 lpb=32.55/dom=0.127 mRSg=0.629 set=9(mx105,prim1.06) con=533.0 inst=1 ldT=0.455 | asc=0.003 gumsa=0.182 tenure=4.3y levy=1523008.1 resent(mean/max)=0.0/0.0 revs=31 | 1.1m eta18m
  !! SPATIAL: PACKED AND SPARSE AT ONCE (local 0.166 > 0.091 > regional 0.0051 /km2) on 3.0% of the land -- the population is NOT food-limited, it is failing to disperse; any carrying-capacity reading of this run is void
  ~~ demography: 4/16 in band  !! AGE STRUCTURE OUT OF BAND -> every marker above demography in the ladder is PROVISIONAL  worst: m_5_15=0.06(6.00x), frac_motherless=0(0.00x), surv_to_45=0.094(0.22x), surv_to_15=0.301(0.46x)
[  850/15000] pop=   781 bd=  13 bigbd=6(med112.0) strat=0.0% giniC=0.302 dyn:eff=104.1 top=0.028 nlin=195 lpb=28.15/dom=0.142 mRSg=0.627 set=10(mx103,prim1.11) con=556.0 inst=2 ldT=0.182 | asc=0.003 gumsa=0.154 tenure=4.3y levy=1394283.7 resent(mean/max)=0.0/0.0 revs=33 | 1.1m eta18m
  !! SPATIAL: PACKED AND SPARSE AT ONCE (local 0.156 > 0.091 > regional 0.0051 /km2) on 3.3% of the land -- the population is NOT food-limited, it is failing to disperse; any carrying-capacity reading of this run is void
  ~~ demography: 6/16 in band  worst: m_5_15=0.0593(5.93x), frac_motherless=0(0.00x), surv_to_45=0.097(0.23x), surv_to_15=0.305(0.46x)
[  875/15000] pop=   795 bd=  12 bigbd=6(med117.5) strat=0.0% giniC=0.306 dyn:eff=101.1 top=0.028 nlin=187 lpb=29.67/dom=0.152 mRSg=0.617 set=10(mx114,prim1.07) con=543.0 inst=4 ldT=0.455 | asc=0.0 gumsa=0.0 tenure=4.3y levy=462753.8 resent(mean/max)=0.0/0.0 revs=34 | 1.1m eta18m
  !! SPATIAL: PACKED AND SPARSE AT ONCE (local 0.168 > 0.091 > regional 0.0051 /km2) on 3.0% of the land -- the population is NOT food-limited, it is failing to disperse; any carrying-capacity reading of this run is void
  ~~ demography: 6/16 in band  !! AGE STRUCTURE OUT OF BAND -> every marker above demography in the ladder is PROVISIONAL  worst: m_5_15=0.0588(5.88x), frac_motherless=0(0.00x), surv_to_45=0.1(0.23x), surv_to_15=0.307(0.47x)
[  900/15000] pop=   790 bd=  14 bigbd=5(med108) strat=0.0% giniC=0.309 dyn:eff=96.5 top=0.03 nlin=177 lpb=27.5/dom=0.146 mRSg=0.62 set=12(mx110,prim1.28) con=549.5 inst=4 ldT=0.545 | asc=0.004 gumsa=0.214 tenure=4.4y levy=5489421.2 resent(mean/max)=0.0/0.0 revs=34 | 1.1m eta18m
  !! SPATIAL: PACKED AND SPARSE AT ONCE (local 0.148 > 0.091 > regional 0.0051 /km2) on 3.4% of the land -- the population is NOT food-limited, it is failing to disperse; any carrying-capacity reading of this run is void
  ~~ demography: 6/16 in band  worst: m_5_15=0.0582(5.82x), frac_motherless=0(0.00x), surv_to_45=0.103(0.24x), surv_to_15=0.311(0.47x)
[  925/15000] pop=   786 bd=  14 bigbd=6(med105.0) strat=0.0% giniC=0.311 dyn:eff=91.0 top=0.032 nlin=174 lpb=27.14/dom=0.133 mRSg=0.614 set=12(mx104,prim1.16) con=550.0 inst=2 ldT=0.364 | asc=0.003 gumsa=0.143 tenure=4.4y levy=1547261.3 resent(mean/max)=0.0/0.0 revs=34 | 1.1m eta17m
  !! SPATIAL: PACKED AND SPARSE AT ONCE (local 0.142 > 0.091 > regional 0.0051 /km2) on 3.6% of the land -- the population is NOT food-limited, it is failing to disperse; any carrying-capacity reading of this run is void
  ~~ demography: 5/16 in band  worst: m_5_15=0.0573(5.73x), frac_fatherless=0.113(2.25x), frac_motherless=0(0.00x), surv_to_45=0.106(0.25x)
[  950/15000] pop=   783 bd=  14 bigbd=5(med103) strat=0.0% giniC=0.312 dyn:eff=87.4 top=0.036 nlin=170 lpb=26.71/dom=0.155 mRSg=0.62 set=10(mx110,prim1.33) con=546.0 inst=3 ldT=0.333 | asc=0.003 gumsa=0.143 tenure=4.3y levy=954780.0 resent(mean/max)=0.0/0.0 revs=34 | 1.2m eta17m
  !! SPATIAL: PACKED AND SPARSE AT ONCE (local 0.158 > 0.091 > regional 0.0049 /km2) on 3.1% of the land; band commands 300 km2, inside its own 314 km2 catchment (Vita-Finzi & Higgs) -- the population is NOT food-limited, it is failing to disperse; any carrying-capacity reading of this run is void
  ~~ demography: 4/16 in band  worst: m_5_15=0.0566(5.66x), frac_fatherless=0.144(2.88x), frac_motherless=0(0.00x), surv_to_45=0.108(0.25x)
[  975/15000] pop=   758 bd=  16 bigbd=5(med102) strat=0.0% giniC=0.315 dyn:eff=82.3 top=0.04 nlin=160 lpb=23.56/dom=0.187 mRSg=0.615 set=12(mx99,prim1.08) con=530.0 inst=0 ldT=0.545 | asc=0.004 gumsa=0.188 tenure=4.3y levy=899385.8 resent(mean/max)=0.0/0.0 revs=34 | 1.2m eta17m
  !! SPATIAL: PACKED AND SPARSE AT ONCE (local 0.159 > 0.091 > regional 0.0048 /km2) on 3.0% of the land -- the population is NOT food-limited, it is failing to disperse; any carrying-capacity reading of this run is void
  ~~ demography: 6/16 in band  worst: m_5_15=0.056(5.60x), frac_fatherless=0.166(3.31x), surv_to_45=0.111(0.26x), surv_to_15=0.321(0.49x)
[ 1000/15000] pop=   747 bd=  14 bigbd=5(med95) strat=0.0% giniC=0.317 dyn:eff=80.8 top=0.036 nlin=157 lpb=26.5/dom=0.138 mRSg=0.613 set=10(mx88,prim1.24) con=517.0 inst=2 ldT=0.25 | asc=0.0 gumsa=0.0 tenure=4.3y levy=779676.5 resent(mean/max)=0.0/0.0 revs=36 | 1.2m eta17m
  !! SPATIAL: PACKED AND SPARSE AT ONCE (local 0.158 > 0.091 > regional 0.0050 /km2) on 3.2% of the land; band commands 306 km2, inside its own 314 km2 catchment (Vita-Finzi & Higgs) -- the population is NOT food-limited, it is failing to disperse; any carrying-capacity reading of this run is void
  ~~ demography: 4/16 in band  worst: m_5_15=0.055(5.50x), frac_fatherless=0.123(2.47x), surv_to_45=0.114(0.27x), frac_motherless=0.0059(0.29x)
[ 1025/15000] pop=   776 bd=  16 bigbd=5(med98) strat=0.0% giniC=0.321 dyn:eff=77.7 top=0.037 nlin=154 lpb=23.56/dom=0.181 mRSg=0.6 set=10(mx106,prim1.14) con=539.0 inst=1 ldT=0.417 | asc=0.0 gumsa=0.0 tenure=4.3y levy=1085157.9 resent(mean/max)=0.0/0.0 revs=36 | 1.2m eta17m
  !! SPATIAL: PACKED AND SPARSE AT ONCE (local 0.158 > 0.091 > regional 0.0050 /km2) on 3.2% of the land; band commands 306 km2, inside its own 314 km2 catchment (Vita-Finzi & Higgs) -- the population is NOT food-limited, it is failing to disperse; any carrying-capacity reading of this run is void
  ~~ demography: 4/16 in band  worst: m_5_15=0.0544(5.44x), surv_to_45=0.117(0.27x), frac_fatherless=0.0854(1.71x), frac_motherless=0.0061(0.30x)
[ 1050/15000] pop=   774 bd=  16 bigbd=6(med92.0) strat=0.0% giniC=0.321 dyn:eff=75.0 top=0.039 nlin=150 lpb=23.81/dom=0.174 mRSg=0.609 set=11(mx83,prim1.14) con=546.0 inst=3 ldT=0.538 | asc=0.0 gumsa=0.0 tenure=4.3y levy=424332.3 resent(mean/max)=0.0/0.0 revs=36 | 1.3m eta17m
  !! SPATIAL: PACKED AND SPARSE AT ONCE (local 0.142 > 0.091 > regional 0.0046 /km2) on 3.2% of the land -- the population is NOT food-limited, it is failing to disperse; any carrying-capacity reading of this run is void
  ~~ demography: 5/16 in band  worst: m_5_15=0.0551(5.51x), frac_fatherless=0.0993(1.99x), surv_to_45=0.116(0.27x), frac_motherless=0.0066(0.33x)
[ 1075/15000] pop=   710 bd=  15 bigbd=4(med108.5) strat=0.0% giniC=0.318 dyn:eff=71.7 top=0.038 nlin=142 lpb=22.6/dom=0.194 mRSg=0.585 set=10(mx100,prim1.32) con=493.0 inst=5 ldT=0.357 | asc=0.0 gumsa=0.0 tenure=4.3y levy=1109790.9 resent(mean/max)=0.0/0.0 revs=36 | 1.3m eta16m
  !! SPATIAL: PACKED AND SPARSE AT ONCE (local 0.112 > 0.091 > regional 0.0046 /km2) on 4.1% of the land -- the population is NOT food-limited, it is failing to disperse; any carrying-capacity reading of this run is void
  ~~ demography: 6/16 in band  worst: m_5_15=0.0549(5.49x), surv_to_45=0.117(0.27x), surv_to_15=0.329(0.50x), band_med_adults=16.5(0.59x)
[ 1100/15000] pop=   704 bd=  16 bigbd=4(med111.0) strat=0.0% giniC=0.315 dyn:eff=71.0 top=0.034 nlin=139 lpb=21.56/dom=0.178 mRSg=0.59 set=9(mx97,prim1.11) con=507.0 inst=5 ldT=0.636 | asc=0.0 gumsa=0.0 tenure=4.4y levy=1011062.8 resent(mean/max)=0.0/0.0 revs=36 | 1.3m eta16m
  !! SPATIAL: PACKED AND SPARSE AT ONCE (local 0.138 > 0.091 > regional 0.0044 /km2) on 3.2% of the land; band commands 306 km2, inside its own 314 km2 catchment (Vita-Finzi & Higgs) -- the population is NOT food-limited, it is failing to disperse; any carrying-capacity reading of this run is void
  ~~ demography: 4/16 in band  worst: m_5_15=0.055(5.50x), frac_fatherless=0.0909(1.82x), frac_motherless=0.035(1.75x), surv_to_45=0.117(0.27x)
[ 1125/15000] pop=   677 bd=  16 bigbd=4(med114.5) strat=0.0% giniC=0.325 dyn:eff=70.2 top=0.034 nlin=133 lpb=20.69/dom=0.165 mRSg=0.576 set=9(mx103,prim1.05) con=471.0 inst=2 ldT=0.357 | asc=0.001 gumsa=0.062 tenure=4.3y levy=528138.9 resent(mean/max)=0.0/0.0 revs=36 | 1.3m eta16m
  !! SPATIAL: PACKED AND SPARSE AT ONCE (local 0.117 > 0.091 > regional 0.0042 /km2) on 3.6% of the land -- the population is NOT food-limited, it is failing to disperse; any carrying-capacity reading of this run is void
  ~~ demography: 4/16 in band  worst: m_5_15=0.0549(5.49x), frac_fatherless=0.114(2.27x), surv_to_45=0.118(0.27x), frac_motherless=0.0071(0.36x)
[ 1150/15000] pop=   655 bd=  16 bigbd=4(med111.0) strat=0.0% giniC=0.322 dyn:eff=69.6 top=0.034 nlin=129 lpb=19.5/dom=0.184 mRSg=0.566 set=8(mx81,prim1.01) con=471.5 inst=1 ldT=0.062 | asc=0.002 gumsa=0.062 tenure=4.3y levy=969303.3 resent(mean/max)=0.0/0.0 revs=36 | 1.3m eta16m
  !! SPATIAL: PACKED AND SPARSE AT ONCE (local 0.114 > 0.091 > regional 0.0038 /km2) on 3.4% of the land -- the population is NOT food-limited, it is failing to disperse; any carrying-capacity reading of this run is void
  ~~ demography: 5/16 in band  worst: m_5_15=0.0556(5.56x), frac_fatherless=0.103(2.06x), surv_to_45=0.117(0.27x), frac_motherless=0.0074(0.37x)
[ 1175/15000] pop=   592 bd=  14 bigbd=5(med77) strat=0.0% giniC=0.328 dyn:eff=66.2 top=0.037 nlin=118 lpb=20.29/dom=0.172 mRSg=0.572 set=8(mx104,prim1.12) con=374.0 inst=1 ldT=0.214 | asc=0.0 gumsa=0.0 tenure=4.3y levy=877960.6 resent(mean/max)=0.0/0.0 revs=37 | 1.4m eta16m
  !! SPATIAL: PACKED AND SPARSE AT ONCE (local 0.139 > 0.091 > regional 0.0038 /km2) on 2.7% of the land; band commands 300 km2, inside its own 314 km2 catchment (Vita-Finzi & Higgs) -- the population is NOT food-limited, it is failing to disperse; any carrying-capacity reading of this run is void
  ~~ demography: 5/16 in band  worst: m_5_15=0.0553(5.53x), frac_fatherless=0.096(1.92x), surv_to_45=0.118(0.27x), frac_motherless=0.008(0.40x)
[ 1200/15000] pop=   585 bd=  14 bigbd=5(med88) strat=0.0% giniC=0.329 dyn:eff=62.7 top=0.041 nlin=117 lpb=19.21/dom=0.181 mRSg=0.579 set=8(mx104,prim1.09) con=391.0 inst=2 ldT=0.286 | asc=0.0 gumsa=0.0 tenure=4.4y levy=1036492.6 resent(mean/max)=0.0/0.0 revs=37 | 1.4m eta16m
  !! SPATIAL: PACKED AND SPARSE AT ONCE (local 0.162 > 0.091 > regional 0.0037 /km2) on 2.3% of the land; band commands 233 km2, inside its own 314 km2 catchment (Vita-Finzi & Higgs) -- the population is NOT food-limited, it is failing to disperse; any carrying-capacity reading of this run is void
  ~~ demography: 5/16 in band  worst: m_5_15=0.055(5.50x), frac_fatherless=0.103(2.07x), surv_to_45=0.119(0.28x), band_med_adults=10(0.35x)
[ 1225/15000] pop=   566 bd=  15 bigbd=3(med109) strat=0.0% giniC=0.332 dyn:eff=60.0 top=0.044 nlin=115 lpb=17.8/dom=0.202 mRSg=0.574 set=9(mx95,prim1.04) con=371.0 inst=2 ldT=0.538 | asc=0.0 gumsa=0.0 tenure=4.4y levy=523931.6 resent(mean/max)=0.0/0.0 revs=37 | 1.4m eta16m
  !! SPATIAL: PACKED AND SPARSE AT ONCE (local 0.149 > 0.091 > regional 0.0035 /km2) on 2.3% of the land; band commands 257 km2, inside its own 314 km2 catchment (Vita-Finzi & Higgs) -- the population is NOT food-limited, it is failing to disperse; any carrying-capacity reading of this run is void
  ~~ demography: 5/16 in band  worst: m_5_15=0.055(5.50x), frac_fatherless=0.0924(1.85x), surv_to_45=0.119(0.28x), frac_motherless=0.0084(0.42x)
[ 1250/15000] pop=   535 bd=  14 bigbd=3(med119) strat=0.0% giniC=0.327 dyn:eff=55.8 top=0.045 nlin=109 lpb=18.07/dom=0.219 mRSg=0.582 set=8(mx88,prim1.14) con=352.0 inst=5 ldT=0.231 | asc=0.0 gumsa=0.0 tenure=4.4y levy=520197.3 resent(mean/max)=0.0/0.0 revs=37 | 1.4m eta15m
  !! SPATIAL: PACKED AND SPARSE AT ONCE (local 0.124 > 0.091 > regional 0.0031 /km2) on 2.5% of the land -- the population is NOT food-limited, it is failing to disperse; any carrying-capacity reading of this run is void
  ~~ demography: 6/16 in band  worst: m_5_15=0.0556(5.56x), frac_fatherless=0.099(1.98x), surv_to_45=0.117(0.27x), frac_motherless=0.0099(0.50x)
[ 1275/15000] pop=   483 bd=  10 bigbd=5(med60) strat=0.0% giniC=0.333 dyn:eff=51.8 top=0.052 nlin=104 lpb=21.3/dom=0.228 mRSg=0.59 set=7(mx91,prim1.14) con=293.0 inst=2 ldT=0.3 | asc=0.0 gumsa=0.0 tenure=4.4y levy=537532.0 resent(mean/max)=0.0/0.0 revs=37 | 1.4m eta15m
  !! SPATIAL: PACKED AND SPARSE AT ONCE (local 0.142 > 0.091 > regional 0.0031 /km2) on 2.2% of the land -- the population is NOT food-limited, it is failing to disperse; any carrying-capacity reading of this run is void
  ~~ demography: 7/16 in band  worst: m_5_15=0.0552(5.52x), surv_to_45=0.118(0.27x), frac_motherless=0.0099(0.50x), surv_to_15=0.331(0.50x)
[ 1300/15000] pop=   482 bd=  10 bigbd=4(med87.0) strat=0.0% giniC=0.334 dyn:eff=51.3 top=0.05 nlin=101 lpb=21.5/dom=0.207 mRSg=0.588 set=7(mx86,prim1.07) con=293.0 inst=2 ldT=0.3 | asc=0.004 gumsa=0.1 tenure=4.4y levy=1685759.6 resent(mean/max)=0.0/0.0 revs=37 | 1.4m eta15m
  !! SPATIAL: PACKED AND SPARSE AT ONCE (local 0.204 > 0.091 > regional 0.0032 /km2) on 1.6% of the land; band commands 240 km2, inside its own 314 km2 catchment (Vita-Finzi & Higgs) -- the population is NOT food-limited, it is failing to disperse; any carrying-capacity reading of this run is void
  ~~ demography: 6/16 in band  worst: m_5_15=0.0548(5.48x), frac_motherless=0.0388(1.94x), surv_to_45=0.12(0.28x), frac_fatherless=0.0194(0.39x)
[ 1325/15000] pop=   489 bd=  10 bigbd=3(med115) strat=0.0% giniC=0.335 dyn:eff=49.2 top=0.051 nlin=97 lpb=22.5/dom=0.179 mRSg=0.589 set=8(mx110,prim1.25) con=303.0 inst=2 ldT=0.25 | asc=0.004 gumsa=0.1 tenure=4.4y levy=452233.4 resent(mean/max)=0.0/0.0 revs=37 | 1.5m eta15m
  !! SPATIAL: PACKED AND SPARSE AT ONCE (local 0.141 > 0.091 > regional 0.0031 /km2) on 2.2% of the land -- the population is NOT food-limited, it is failing to disperse; any carrying-capacity reading of this run is void
  ~~ demography: 7/16 in band  worst: m_5_15=0.0547(5.47x), surv_to_45=0.121(0.28x), surv_to_15=0.334(0.51x), band_med_adults=18(0.64x)
[ 1350/15000] pop=   478 bd=  10 bigbd=4(med89.5) strat=0.0% giniC=0.326 dyn:eff=46.2 top=0.056 nlin=92 lpb=21.4/dom=0.202 mRSg=0.607 set=6(mx94,prim1.21) con=309.0 inst=2 ldT=0.3 | asc=0.0 gumsa=0.0 tenure=4.4y levy=1470355.3 resent(mean/max)=0.0/0.0 revs=38 | 1.5m eta15m
  !! SPATIAL: PACKED AND SPARSE AT ONCE (local 0.199 > 0.091 > regional 0.0032 /km2) on 1.6% of the land; band commands 250 km2, inside its own 314 km2 catchment (Vita-Finzi & Higgs) -- the population is NOT food-limited, it is failing to disperse; any carrying-capacity reading of this run is void
  ~~ demography: 7/16 in band  worst: m_5_15=0.0543(5.43x), surv_to_45=0.123(0.29x), surv_to_15=0.337(0.51x), band_med_adults=17(0.60x)
[ 1375/15000] pop=   497 bd=  10 bigbd=4(med96.0) strat=0.0% giniC=0.329 dyn:eff=44.7 top=0.062 nlin=92 lpb=20.6/dom=0.216 mRSg=0.601 set=6(mx98,prim1.03) con=317.0 inst=2 ldT=0.2 | asc=0.0 gumsa=0.0 tenure=4.5y levy=939070.7 resent(mean/max)=0.0/0.0 revs=38 | 1.5m eta15m
  !! SPATIAL: PACKED AND SPARSE AT ONCE (local 0.171 > 0.091 > regional 0.0032 /km2) on 1.9% of the land; band commands 264 km2, inside its own 314 km2 catchment (Vita-Finzi & Higgs) -- the population is NOT food-limited, it is failing to disperse; any carrying-capacity reading of this run is void
  ~~ demography: 5/16 in band  worst: m_5_15=0.0539(5.39x), frac_motherless=0.0417(2.08x), frac_fatherless=0.0917(1.83x), surv_to_45=0.124(0.29x)
[ 1400/15000] pop=   497 bd=  11 bigbd=4(med92.5) strat=0.0% giniC=0.338 dyn:eff=44.5 top=0.064 nlin=88 lpb=19.55/dom=0.203 mRSg=0.6 set=7(mx91,prim1.01) con=321.0 inst=3 ldT=0.333 | asc=0.0 gumsa=0.0 tenure=4.5y levy=1230211.4 resent(mean/max)=0.0/0.0 revs=38 | 1.5m eta15m
  !! SPATIAL: PACKED AND SPARSE AT ONCE (local 0.178 > 0.091 > regional 0.0033 /km2) on 1.9% of the land; band commands 264 km2, inside its own 314 km2 catchment (Vita-Finzi & Higgs) -- the population is NOT food-limited, it is failing to disperse; any carrying-capacity reading of this run is void
  ~~ demography: 6/16 in band  worst: m_5_15=0.0536(5.36x), frac_fatherless=0.104(2.08x), surv_to_45=0.126(0.29x), surv_to_15=0.341(0.52x)
[ 1425/15000] pop=   517 bd=  11 bigbd=3(med108) strat=0.0% giniC=0.34 dyn:eff=44.2 top=0.066 nlin=88 lpb=20.18/dom=0.175 mRSg=0.579 set=8(mx109,prim1.63) con=252.5 inst=2 ldT=0.5 | asc=0.0 gumsa=0.0 tenure=4.5y levy=217653.3 resent(mean/max)=0.0/0.0 revs=38 | 1.5m eta14m
  !! SPATIAL: PACKED AND SPARSE AT ONCE (local 0.124 > 0.091 > regional 0.0033 /km2) on 2.7% of the land -- the population is NOT food-limited, it is failing to disperse; any carrying-capacity reading of this run is void
  ~~ demography: 6/16 in band  worst: m_5_15=0.0534(5.34x), frac_fatherless=0.154(3.09x), surv_to_45=0.128(0.30x), surv_to_15=0.343(0.52x)
[ 1450/15000] pop=   509 bd=  12 bigbd=3(med111) strat=0.0% giniC=0.347 dyn:eff=43.2 top=0.065 nlin=83 lpb=18.17/dom=0.179 mRSg=0.587 set=7(mx93,prim1.01) con=334.0 inst=4 ldT=0.2 | asc=0.0 gumsa=0.0 tenure=4.5y levy=1845723.2 resent(mean/max)=0.0/0.0 revs=38 | 1.5m eta14m
  !! SPATIAL: PACKED AND SPARSE AT ONCE (local 0.169 > 0.091 > regional 0.0034 /km2) on 2.0% of the land; band commands 258 km2, inside its own 314 km2 catchment (Vita-Finzi & Higgs) -- the population is NOT food-limited, it is failing to disperse; any carrying-capacity reading of this run is void
  ~~ demography: 4/16 in band  !! AGE STRUCTURE OUT OF BAND -> every marker above demography in the ladder is PROVISIONAL  worst: m_5_15=0.0531(5.31x), frac_fatherless=0.102(2.05x), frac_motherless=0(0.00x), surv_to_45=0.129(0.30x)
[ 1475/15000] pop=   525 bd=  12 bigbd=3(med118) strat=0.0% giniC=0.34 dyn:eff=42.4 top=0.067 nlin=83 lpb=18.25/dom=0.191 mRSg=0.578 set=7(mx96,prim1.1) con=329.0 inst=4 ldT=0.333 | asc=0.0 gumsa=0.0 tenure=4.5y levy=2194202.2 resent(mean/max)=0.0/0.0 revs=38 | 1.5m eta14m
  !! SPATIAL: PACKED AND SPARSE AT ONCE (local 0.186 > 0.091 > regional 0.0035 /km2) on 1.9% of the land; band commands 242 km2, inside its own 314 km2 catchment (Vita-Finzi & Higgs) -- the population is NOT food-limited, it is failing to disperse; any carrying-capacity reading of this run is void
  ~~ demography: 6/16 in band  worst: m_5_15=0.0527(5.27x), frac_fatherless=0.13(2.60x), surv_to_45=0.131(0.30x), surv_to_15=0.348(0.53x)
[ 1500/15000] pop=   538 bd=  12 bigbd=4(med95.0) strat=0.0% giniC=0.34 dyn:eff=42.5 top=0.069 nlin=81 lpb=17.67/dom=0.222 mRSg=0.56 set=7(mx109,prim1.33) con=350.0 inst=2 ldT=0.083 | asc=0.0 gumsa=0.0 tenure=4.5y levy=506462.4 resent(mean/max)=0.0/0.0 revs=38 | 1.6m eta14m
  !! SPATIAL: PACKED AND SPARSE AT ONCE (local 0.177 > 0.091 > regional 0.0036 /km2) on 2.0% of the land; band commands 258 km2, inside its own 314 km2 catchment (Vita-Finzi & Higgs) -- the population is NOT food-limited, it is failing to disperse; any carrying-capacity reading of this run is void
  ~~ demography: 6/16 in band  worst: m_5_15=0.0523(5.23x), frac_fatherless=0.108(2.15x), surv_to_45=0.134(0.31x), surv_to_15=0.351(0.53x)
[ 1525/15000] pop=   550 bd=  12 bigbd=4(med93.5) strat=0.0% giniC=0.347 dyn:eff=41.8 top=0.069 nlin=80 lpb=17.58/dom=0.232 mRSg=0.565 set=7(mx109,prim1.01) con=361.0 inst=4 ldT=0.0 | asc=0.0 gumsa=0.0 tenure=4.5y levy=868337.4 resent(mean/max)=0.0/0.0 revs=38 | 1.6m eta14m
  !! SPATIAL: PACKED AND SPARSE AT ONCE (local 0.174 > 0.091 > regional 0.0033 /km2) on 1.9% of the land; band commands 264 km2, inside its own 314 km2 catchment (Vita-Finzi & Higgs) -- the population is NOT food-limited, it is failing to disperse; any carrying-capacity reading of this run is void
  ~~ demography: 6/16 in band  worst: m_5_15=0.0525(5.25x), surv_to_45=0.133(0.31x), band_med_adults=12(0.43x), frac_motherless=0.0092(0.46x)
[ 1550/15000] pop=   505 bd=  11 bigbd=4(med87.5) strat=0.0% giniC=0.354 dyn:eff=41.6 top=0.069 nlin=76 lpb=17.18/dom=0.236 mRSg=0.556 set=6(mx86,prim1.04) con=326.0 inst=0 ldT=0.2 | asc=0.0 gumsa=0.0 tenure=4.5y levy=627968.5 resent(mean/max)=0.0/0.0 revs=38 | 1.6m eta14m
  !! SPATIAL: PACKED AND SPARSE AT ONCE (local 0.152 > 0.091 > regional 0.0033 /km2) on 2.1% of the land; band commands 300 km2, inside its own 314 km2 catchment (Vita-Finzi & Higgs) -- the population is NOT food-limited, it is failing to disperse; any carrying-capacity reading of this run is void
  ~~ demography: 5/16 in band  worst: m_5_15=0.052(5.20x), frac_motherless=0(0.00x), surv_to_45=0.135(0.31x), frac_fatherless=0.0816(1.63x)
[ 1575/15000] pop=   503 bd=  11 bigbd=5(med56) strat=0.0% giniC=0.356 dyn:eff=41.7 top=0.068 nlin=75 lpb=16.82/dom=0.24 mRSg=0.586 set=6(mx104,prim1.28) con=329.0 inst=1 ldT=0.273 | asc=0.0 gumsa=0.0 tenure=4.6y levy=387183.9 resent(mean/max)=0.0/0.0 revs=38 | 1.6m eta14m
  !! SPATIAL: PACKED AND SPARSE AT ONCE (local 0.165 > 0.091 > regional 0.0033 /km2) on 2.0% of the land; band commands 310 km2, inside its own 314 km2 catchment (Vita-Finzi & Higgs) -- the population is NOT food-limited, it is failing to disperse; any carrying-capacity reading of this run is void
  ~~ demography: 8/16 in band  worst: m_5_15=0.0516(5.16x), surv_to_45=0.136(0.32x), surv_to_15=0.353(0.53x), e15=26(0.68x)
[ 1600/15000] pop=   510 bd=  10 bigbd=5(med60) strat=0.0% giniC=0.363 dyn:eff=40.0 top=0.069 nlin=73 lpb=18.4/dom=0.246 mRSg=0.591 set=7(mx94,prim1.32) con=344.0 inst=2 ldT=0.4 | asc=0.0 gumsa=0.0 tenure=4.6y levy=941557.3 resent(mean/max)=0.0/0.0 revs=38 | 1.6m eta14m
  !! SPATIAL: PACKED AND SPARSE AT ONCE (local 0.220 > 0.091 > regional 0.0034 /km2) on 1.6% of the land; band commands 218 km2, inside its own 314 km2 catchment (Vita-Finzi & Higgs) -- the population is NOT food-limited, it is failing to disperse; any carrying-capacity reading of this run is void
  ~~ demography: 5/16 in band  worst: m_5_15=0.0512(5.12x), frac_fatherless=0.0901(1.80x), surv_to_45=0.138(0.32x), band_med_adults=12(0.43x)
[ 1625/15000] pop=   527 bd=  11 bigbd=5(med60) strat=0.0% giniC=0.359 dyn:eff=38.7 top=0.068 nlin=72 lpb=17.73/dom=0.257 mRSg=0.588 set=7(mx105,prim1.09) con=350.0 inst=0 ldT=0.111 | asc=0.0 gumsa=0.0 tenure=4.6y levy=111258.3 resent(mean/max)=0.0/0.0 revs=38 | 1.6m eta13m
  !! SPATIAL: PACKED AND SPARSE AT ONCE (local 0.133 > 0.091 > regional 0.0034 /km2) on 2.5% of the land -- the population is NOT food-limited, it is failing to disperse; any carrying-capacity reading of this run is void
  ~~ demography: 5/16 in band  worst: m_5_15=0.0512(5.12x), frac_fatherless=0.0847(1.69x), surv_to_45=0.139(0.32x), band_med_adults=10(0.35x)
[ 1650/15000] pop=   520 bd=  11 bigbd=5(med65) strat=0.0% giniC=0.359 dyn:eff=37.2 top=0.073 nlin=70 lpb=17.09/dom=0.284 mRSg=0.59 set=6(mx93,prim1.03) con=354.0 inst=2 ldT=0.455 | asc=0.0 gumsa=0.0 tenure=4.6y levy=288825.2 resent(mean/max)=0.0/0.0 revs=38 | 1.6m eta13m
  !! SPATIAL: PACKED AND SPARSE AT ONCE (local 0.131 > 0.091 > regional 0.0033 /km2) on 2.5% of the land -- the population is NOT food-limited, it is failing to disperse; any carrying-capacity reading of this run is void
  ~~ demography: 7/16 in band  worst: m_5_15=0.0514(5.14x), surv_to_45=0.14(0.33x), surv_to_15=0.355(0.54x), e15=26.4(0.68x)
[ 1675/15000] pop=   510 bd=  10 bigbd=4(med98.0) strat=0.0% giniC=0.366 dyn:eff=34.7 top=0.075 nlin=68 lpb=18.5/dom=0.242 mRSg=0.586 set=6(mx94,prim1.21) con=345.0 inst=2 ldT=0.1 | asc=0.0 gumsa=0.0 tenure=4.6y levy=311824.8 resent(mean/max)=0.0/0.0 revs=38 | 1.7m eta13m
  !! SPATIAL: PACKED AND SPARSE AT ONCE (local 0.154 > 0.091 > regional 0.0035 /km2) on 2.3% of the land -- the population is NOT food-limited, it is failing to disperse; any carrying-capacity reading of this run is void
  ~~ demography: 5/16 in band  worst: m_5_15=0.0512(5.12x), surv_to_45=0.142(0.33x), frac_motherless=0.0071(0.36x), frac_fatherless=0.0213(0.43x)
[ 1700/15000] pop=   539 bd=  11 bigbd=4(med93.0) strat=0.0% giniC=0.367 dyn:eff=33.7 top=0.074 nlin=67 lpb=17.18/dom=0.231 mRSg=0.568 set=7(mx108,prim1.66) con=367.0 inst=4 ldT=0.667 | asc=0.0 gumsa=0.0 tenure=4.7y levy=1499958.1 resent(mean/max)=0.0/0.0 revs=38 | 1.7m eta13m
  !! SPATIAL: PACKED AND SPARSE AT ONCE (local 0.157 > 0.091 > regional 0.0033 /km2) on 2.1% of the land; band commands 300 km2, inside its own 314 km2 catchment (Vita-Finzi & Higgs) -- the population is NOT food-limited, it is failing to disperse; any carrying-capacity reading of this run is void
  ~~ demography: 5/16 in band  worst: m_5_15=0.0516(5.16x), frac_motherless=0(0.00x), surv_to_45=0.141(0.33x), band_med_adults=13(0.46x)
[ 1725/15000] pop=   517 bd=  11 bigbd=4(med102.0) strat=0.0% giniC=0.358 dyn:eff=32.3 top=0.074 nlin=67 lpb=16.0/dom=0.251 mRSg=0.54 set=7(mx111,prim1.23) con=378.0 inst=2 ldT=0.0 | asc=0.0 gumsa=0.0 tenure=4.7y levy=305318.3 resent(mean/max)=0.0/0.0 revs=38 | 1.7m eta13m
  !! SPATIAL: PACKED AND SPARSE AT ONCE (local 0.212 > 0.091 > regional 0.0034 /km2) on 1.6% of the land; band commands 227 km2, inside its own 314 km2 catchment (Vita-Finzi & Higgs) -- the population is NOT food-limited, it is failing to disperse; any carrying-capacity reading of this run is void
  ~~ demography: 6/16 in band  worst: m_5_15=0.0514(5.14x), frac_motherless=0(0.00x), surv_to_45=0.143(0.33x), surv_to_15=0.356(0.54x)
[ 1750/15000] pop=   529 bd=  11 bigbd=4(med106.5) strat=0.0% giniC=0.356 dyn:eff=32.8 top=0.076 nlin=66 lpb=15.91/dom=0.25 mRSg=0.516 set=7(mx111,prim1.12) con=398.0 inst=4 ldT=0.273 | asc=0.0 gumsa=0.0 tenure=4.7y levy=861287.1 resent(mean/max)=0.0/0.0 revs=38 | 1.7m eta13m
  !! SPATIAL: PACKED AND SPARSE AT ONCE (local 0.185 > 0.091 > regional 0.0034 /km2) on 1.8% of the land; band commands 233 km2, inside its own 314 km2 catchment (Vita-Finzi & Higgs) -- the population is NOT food-limited, it is failing to disperse; any carrying-capacity reading of this run is void
  ~~ demography: 5/16 in band  worst: m_5_15=0.0514(5.14x), frac_motherless=0(0.00x), frac_fatherless=0.0889(1.78x), surv_to_45=0.143(0.33x)
[ 1775/15000] pop=   518 bd=  12 bigbd=4(med101.5) strat=0.0% giniC=0.36 dyn:eff=32.7 top=0.077 nlin=64 lpb=14.67/dom=0.249 mRSg=0.518 set=8(mx118,prim1.23) con=396.0 inst=1 ldT=0.556 | asc=0.0 gumsa=0.0 tenure=4.7y levy=931045.7 resent(mean/max)=0.0/0.0 revs=38 | 1.7m eta13m
  !! SPATIAL: PACKED AND SPARSE AT ONCE (local 0.150 > 0.091 > regional 0.0035 /km2) on 2.3% of the land; band commands 300 km2, inside its own 314 km2 catchment (Vita-Finzi & Higgs) -- the population is NOT food-limited, it is failing to disperse; any carrying-capacity reading of this run is void
  ~~ demography: 7/16 in band  worst: m_5_15=0.0511(5.11x), frac_fatherless=0.0909(1.82x), surv_to_45=0.145(0.34x), band_med_adults=11.5(0.41x)
[ 1800/15000] pop=   540 bd=  12 bigbd=4(med103.5) strat=0.0% giniC=0.364 dyn:eff=32.2 top=0.078 nlin=64 lpb=14.42/dom=0.242 mRSg=0.513 set=7(mx122,prim1.16) con=387.0 inst=4 ldT=0.636 | asc=0.0 gumsa=0.0 tenure=4.7y levy=516653.7 resent(mean/max)=0.0/0.0 revs=38 | 1.7m eta13m
  !! SPATIAL: PACKED AND SPARSE AT ONCE (local 0.167 > 0.091 > regional 0.0036 /km2) on 2.1% of the land; band commands 300 km2, inside its own 314 km2 catchment (Vita-Finzi & Higgs) -- the population is NOT food-limited, it is failing to disperse; any carrying-capacity reading of this run is void
  ~~ demography: 7/16 in band  worst: m_5_15=0.0508(5.08x), surv_to_45=0.147(0.34x), frac_fatherless=0.0823(1.65x), band_med_adults=14(0.50x)
  !! [1825] STUCK:ascribed_frac-stuck ascribed_frac pinned at 0.0 (a BOUND) for 20 snapshots
  !! [1825] STUCK:frac_gumsa-stuck frac_gumsa pinned at 0.0 (a BOUND) for 20 snapshots
[ 1825/15000] pop=   552 bd=  11 bigbd=4(med107.0) strat=0.0% giniC=0.373 dyn:eff=31.6 top=0.076 nlin=63 lpb=15.18/dom=0.235 mRSg=0.493 set=7(mx108,prim1.32) con=397.0 inst=3 ldT=0.273 | asc=0.0 gumsa=0.0 tenure=4.7y levy=233121.1 resent(mean/max)=0.0/0.0 revs=38 | 1.8m eta13m
  !! SPATIAL: PACKED AND SPARSE AT ONCE (local 0.139 > 0.091 > regional 0.0035 /km2) on 2.5% of the land; band commands 300 km2, inside its own 314 km2 catchment (Vita-Finzi & Higgs) -- the population is NOT food-limited, it is failing to disperse; any carrying-capacity reading of this run is void
  ~~ demography: 8/16 in band  worst: m_5_15=0.0507(5.07x), surv_to_45=0.147(0.34x), band_med_adults=10(0.35x), surv_to_15=0.361(0.55x)
[ 1850/15000] pop=   544 bd=  13 bigbd=4(med92.0) strat=0.0% giniC=0.38 dyn:eff=30.0 top=0.081 nlin=61 lpb=13.23/dom=0.247 mRSg=0.487 set=7(mx128,prim1.13) con=386.0 inst=2 ldT=0.182 | asc=0.0 gumsa=0.0 tenure=4.7y levy=784615.8 resent(mean/max)=0.0/0.0 revs=38 | 1.8m eta13m
  !! SPATIAL: PACKED AND SPARSE AT ONCE (local 0.178 > 0.091 > regional 0.0037 /km2) on 2.1% of the land; band commands 246 km2, inside its own 314 km2 catchment (Vita-Finzi & Higgs) -- the population is NOT food-limited, it is failing to disperse; any carrying-capacity reading of this run is void
  ~~ demography: 7/16 in band  !! AGE STRUCTURE OUT OF BAND -> every marker above demography in the ladder is PROVISIONAL  worst: m_5_15=0.0502(5.02x), surv_to_45=0.149(0.35x), band_med_adults=12(0.43x), surv_to_15=0.363(0.55x)
[ 1875/15000] pop=   570 bd=  13 bigbd=4(med93.0) strat=0.0% giniC=0.379 dyn:eff=28.7 top=0.084 nlin=61 lpb=13.08/dom=0.245 mRSg=0.481 set=8(mx135,prim1.69) con=403.0 inst=7 ldT=0.455 | asc=0.0 gumsa=0.0 tenure=4.7y levy=677564.9 resent(mean/max)=0.0/0.0 revs=38 | 1.8m eta13m
  !! SPATIAL: PACKED AND SPARSE AT ONCE (local 0.166 > 0.091 > regional 0.0037 /km2) on 2.2% of the land; band commands 283 km2, inside its own 314 km2 catchment (Vita-Finzi & Higgs) -- the population is NOT food-limited, it is failing to disperse; any carrying-capacity reading of this run is void
  ~~ demography: 8/16 in band  worst: m_5_15=0.0502(5.02x), surv_to_45=0.149(0.35x), band_med_adults=13(0.46x), surv_to_15=0.363(0.55x)
[ 1900/15000] pop=   566 bd=  12 bigbd=4(med97.5) strat=0.0% giniC=0.376 dyn:eff=28.3 top=0.087 nlin=60 lpb=14.42/dom=0.235 mRSg=0.477 set=8(mx123,prim1.86) con=405.0 inst=5 ldT=0.6 | asc=0.0 gumsa=0.0 tenure=4.7y levy=873989.9 resent(mean/max)=0.0/0.0 revs=38 | 1.8m eta12m
  !! SPATIAL: PACKED AND SPARSE AT ONCE (local 0.179 > 0.091 > regional 0.0037 /km2) on 2.1% of the land; band commands 291 km2, inside its own 314 km2 catchment (Vita-Finzi & Higgs) -- the population is NOT food-limited, it is failing to disperse; any carrying-capacity reading of this run is void
  ~~ demography: 7/16 in band  worst: m_5_15=0.05(5.00x), frac_motherless=0.0069(0.34x), surv_to_45=0.151(0.35x), band_med_adults=12(0.43x)
[ 1925/15000] pop=   572 bd=  11 bigbd=4(med99.0) strat=0.0% giniC=0.377 dyn:eff=25.9 top=0.098 nlin=60 lpb=15.27/dom=0.231 mRSg=0.472 set=8(mx107,prim1.11) con=410.0 inst=5 ldT=0.273 | asc=0.0 gumsa=0.0 tenure=4.7y levy=419251.9 resent(mean/max)=0.0/0.0 revs=38 | 1.8m eta12m
  !! SPATIAL: PACKED AND SPARSE AT ONCE (local 0.176 > 0.091 > regional 0.0039 /km2) on 2.2% of the land; band commands 309 km2, inside its own 314 km2 catchment (Vita-Finzi & Higgs) -- the population is NOT food-limited, it is failing to disperse; any carrying-capacity reading of this run is void
  ~~ demography: 6/16 in band  worst: m_5_15=0.0497(4.97x), frac_fatherless=0.0936(1.87x), frac_motherless=0.0058(0.29x), surv_to_45=0.152(0.35x)
[ 1950/15000] pop=   600 bd=  11 bigbd=4(med116.0) strat=0.0% giniC=0.38 dyn:eff=25.0 top=0.105 nlin=59 lpb=15.09/dom=0.253 mRSg=0.477 set=8(mx123,prim1.34) con=438.0 inst=0 ldT=0.364 | asc=0.0 gumsa=0.0 tenure=4.7y levy=608280.0 resent(mean/max)=0.0/0.0 revs=38 | 1.8m eta12m
  !! SPATIAL: PACKED AND SPARSE AT ONCE (local 0.161 > 0.091 > regional 0.0039 /km2) on 2.4% of the land; band commands 264 km2, inside its own 314 km2 catchment (Vita-Finzi & Higgs) -- the population is NOT food-limited, it is failing to disperse; any carrying-capacity reading of this run is void
  ~~ demography: 8/16 in band  worst: m_5_15=0.0498(4.98x), surv_to_45=0.153(0.36x), band_med_adults=11(0.39x), surv_to_15=0.366(0.55x)
[ 1975/15000] pop=   596 bd=  14 bigbd=4(med109.5) strat=0.0% giniC=0.371 dyn:eff=23.4 top=0.117 nlin=58 lpb=13.0/dom=0.298 mRSg=0.488 set=9(mx113,prim1.3) con=454.0 inst=2 ldT=0.273 | asc=0.0 gumsa=0.0 tenure=4.7y levy=660468.7 resent(mean/max)=0.0/0.0 revs=38 | 1.9m eta12m
  !! SPATIAL: PACKED AND SPARSE AT ONCE (local 0.144 > 0.091 > regional 0.0038 /km2) on 2.7% of the land; band commands 293 km2, inside its own 314 km2 catchment (Vita-Finzi & Higgs) -- the population is NOT food-limited, it is failing to disperse; any carrying-capacity reading of this run is void
  ~~ demography: 7/16 in band  worst: m_5_15=0.0496(4.96x), frac_motherless=0.0377(1.88x), surv_to_45=0.154(0.36x), band_med_adults=12.5(0.44x)
[ 2000/15000] pop=   592 bd=  14 bigbd=4(med108.5) strat=0.0% giniC=0.361 dyn:eff=22.6 top=0.125 nlin=58 lpb=13.0/dom=0.264 mRSg=0.492 set=9(mx101,prim1.31) con=463.0 inst=4 ldT=0.417 | asc=0.0 gumsa=0.0 tenure=4.7y levy=568917.0 resent(mean/max)=0.0/0.0 revs=38 | 1.9m eta12m
  !! SPATIAL: PACKED AND SPARSE AT ONCE (local 0.146 > 0.091 > regional 0.0040 /km2) on 2.7% of the land; band commands 300 km2, inside its own 314 km2 catchment (Vita-Finzi & Higgs) -- the population is NOT food-limited, it is failing to disperse; any carrying-capacity reading of this run is void
  ~~ demography: 6/16 in band  worst: m_5_15=0.0493(4.93x), frac_motherless=0.0405(2.02x), frac_fatherless=0.0867(1.73x), surv_to_45=0.156(0.36x)
[ 2025/15000] pop=   613 bd=  14 bigbd=4(med115.0) strat=0.0% giniC=0.359 dyn:eff=21.9 top=0.129 nlin=57 lpb=12.86/dom=0.283 mRSg=0.501 set=9(mx90,prim1.06) con=480.0 inst=4 ldT=0.286 | asc=0.0 gumsa=0.0 tenure=4.7y levy=447514.5 resent(mean/max)=0.0/0.0 revs=38 | 1.9m eta12m
  !! SPATIAL: PACKED AND SPARSE AT ONCE (local 0.178 > 0.091 > regional 0.0040 /km2) on 2.3% of the land; band commands 250 km2, inside its own 314 km2 catchment (Vita-Finzi & Higgs) -- the population is NOT food-limited, it is failing to disperse; any carrying-capacity reading of this run is void
  ~~ demography: 6/16 in band  worst: m_5_15=0.0489(4.89x), frac_motherless=0.0675(3.38x), frac_fatherless=0.0859(1.72x), surv_to_45=0.157(0.37x)
[ 2050/15000] pop=   622 bd=  14 bigbd=4(med115.0) strat=0.0% giniC=0.359 dyn:eff=21.5 top=0.129 nlin=56 lpb=12.71/dom=0.292 mRSg=0.519 set=9(mx98,prim1.15) con=487.0 inst=4 ldT=0.286 | asc=0.0 gumsa=0.0 tenure=4.7y levy=449046.0 resent(mean/max)=0.0/0.0 revs=38 | 1.9m eta12m
  !! SPATIAL: PACKED AND SPARSE AT ONCE (local 0.178 > 0.091 > regional 0.0040 /km2) on 2.3% of the land; band commands 269 km2, inside its own 314 km2 catchment (Vita-Finzi & Higgs) -- the population is NOT food-limited, it is failing to disperse; any carrying-capacity reading of this run is void
  ~~ demography: 6/16 in band  worst: m_5_15=0.0488(4.88x), frac_motherless=0.053(2.65x), surv_to_45=0.158(0.37x), frac_fatherless=0.0795(1.59x)
[ 2075/15000] pop=   624 bd=  13 bigbd=4(med118.0) strat=0.0% giniC=0.367 dyn:eff=21.3 top=0.127 nlin=56 lpb=12.77/dom=0.29 mRSg=0.523 set=9(mx97,prim1.02) con=489.0 inst=8 ldT=0.077 | asc=0.0 gumsa=0.0 tenure=4.7y levy=979956.4 resent(mean/max)=0.0/0.0 revs=38 | 1.9m eta12m
  !! SPATIAL: PACKED AND SPARSE AT ONCE (local 0.157 > 0.091 > regional 0.0041 /km2) on 2.6% of the land; band commands 286 km2, inside its own 314 km2 catchment (Vita-Finzi & Higgs) -- the population is NOT food-limited, it is failing to disperse; any carrying-capacity reading of this run is void
  ~~ demography: 8/16 in band  worst: m_5_15=0.0488(4.88x), surv_to_45=0.159(0.37x), band_med_adults=13(0.46x), surv_to_15=0.371(0.56x)
  !! [2100] FROZEN:reversions-frozen cum_reversions stopped at 38 for 20 snapshots while ascribed_frac=0.003 — it was firing and then died
[ 2100/15000] pop=   629 bd=  14 bigbd=4(med108.0) strat=0.0% giniC=0.369 dyn:eff=21.3 top=0.124 nlin=56 lpb=12.57/dom=0.281 mRSg=0.529 set=9(mx93,prim1.16) con=496.0 inst=4 ldT=0.2 | asc=0.003 gumsa=0.143 tenure=4.7y levy=582022.7 resent(mean/max)=0.0/0.0 revs=38 | 2.0m eta12m
  !! SPATIAL: PACKED AND SPARSE AT ONCE (local 0.141 > 0.091 > regional 0.0039 /km2) on 2.8% of the land; band commands 307 km2, inside its own 314 km2 catchment (Vita-Finzi & Higgs) -- the population is NOT food-limited, it is failing to disperse; any carrying-capacity reading of this run is void
  ~~ demography: 7/16 in band  worst: m_5_15=0.0489(4.89x), surv_to_45=0.159(0.37x), frac_motherless=0.0076(0.38x), band_med_adults=11.5(0.41x)
[ 2125/15000] pop=   607 bd=  14 bigbd=4(med108.0) strat=0.0% giniC=0.375 dyn:eff=20.7 top=0.124 nlin=55 lpb=12.29/dom=0.285 mRSg=0.541 set=8(mx95,prim1.16) con=477.0 inst=5 ldT=0.357 | asc=0.002 gumsa=0.071 tenure=4.7y levy=1111704.6 resent(mean/max)=0.0/0.0 revs=38 | 2.0m eta12m
  !! SPATIAL: PACKED AND SPARSE AT ONCE (local 0.200 > 0.091 > regional 0.0040 /km2) on 2.0% of the land; band commands 221 km2, inside its own 314 km2 catchment (Vita-Finzi & Higgs) -- the population is NOT food-limited, it is failing to disperse; any carrying-capacity reading of this run is void
  ~~ demography: 7/16 in band  worst: m_5_15=0.0488(4.88x), frac_motherless=0.0068(0.34x), surv_to_45=0.159(0.37x), band_med_adults=14.5(0.51x)
[ 2150/15000] pop=   621 bd=  14 bigbd=3(med133) strat=0.0% giniC=0.379 dyn:eff=20.6 top=0.124 nlin=55 lpb=13.29/dom=0.258 mRSg=0.551 set=10(mx107,prim1.09) con=448.0 inst=7 ldT=0.273 | asc=0.027 gumsa=0.571 tenure=4.7y levy=463939.8 resent(mean/max)=0.0/0.0 revs=38 | 2.0m eta12m
  !! SPATIAL: PACKED AND SPARSE AT ONCE (local 0.174 > 0.091 > regional 0.0043 /km2) on 2.5% of the land; band commands 292 km2, inside its own 314 km2 catchment (Vita-Finzi & Higgs) -- the population is NOT food-limited, it is failing to disperse; any carrying-capacity reading of this run is void
  ~~ demography: 7/16 in band  worst: m_5_15=0.0484(4.84x), frac_motherless=0.0054(0.27x), surv_to_45=0.162(0.38x), band_med_adults=14(0.50x)
[ 2175/15000] pop=   661 bd=  13 bigbd=4(med111.5) strat=0.0% giniC=0.381 dyn:eff=20.2 top=0.127 nlin=53 lpb=13.92/dom=0.231 mRSg=0.553 set=9(mx104,prim1.04) con=509.0 inst=3 ldT=0.182 | asc=0.024 gumsa=0.692 tenure=4.7y levy=1383883.9 resent(mean/max)=0.0/0.0 revs=38 | 2.0m eta12m
  !! SPATIAL: PACKED AND SPARSE AT ONCE (local 0.203 > 0.091 > regional 0.0043 /km2) on 2.1% of the land; band commands 254 km2, inside its own 314 km2 catchment (Vita-Finzi & Higgs) -- the population is NOT food-limited, it is failing to disperse; any carrying-capacity reading of this run is void
  ~~ demography: 7/16 in band  worst: m_5_15=0.0484(4.84x), frac_motherless=0.0056(0.28x), surv_to_45=0.163(0.38x), band_med_adults=14(0.50x)
[ 2200/15000] pop=   670 bd=  13 bigbd=4(med113.0) strat=0.0% giniC=0.378 dyn:eff=20.1 top=0.133 nlin=52 lpb=13.62/dom=0.246 mRSg=0.56 set=9(mx108,prim1.38) con=357.0 inst=3 ldT=0.154 | asc=0.021 gumsa=0.615 tenure=4.7y levy=1247849.9 resent(mean/max)=0.0/0.0 revs=38 | 2.0m eta12m
  !! SPATIAL: PACKED AND SPARSE AT ONCE (local 0.159 > 0.091 > regional 0.0044 /km2) on 2.8% of the land -- the population is NOT food-limited, it is failing to disperse; any carrying-capacity reading of this run is void
  ~~ demography: 8/16 in band  worst: m_5_15=0.0481(4.81x), surv_to_45=0.165(0.38x), band_med_adults=14(0.50x), surv_to_15=0.375(0.57x)
[ 2225/15000] pop=   684 bd=  13 bigbd=4(med118.0) strat=0.0% giniC=0.37 dyn:eff=19.3 top=0.137 nlin=52 lpb=13.54/dom=0.261 mRSg=0.562 set=10(mx91,prim1.1) con=327.0 inst=5 ldT=0.231 | asc=0.029 gumsa=0.692 tenure=4.7y levy=1174525.6 resent(mean/max)=0.0/0.0 revs=38 | 2.1m eta12m
  !! SPATIAL: PACKED AND SPARSE AT ONCE (local 0.167 > 0.091 > regional 0.0044 /km2) on 2.7% of the land -- the population is NOT food-limited, it is failing to disperse; any carrying-capacity reading of this run is void
  ~~ demography: 8/16 in band  worst: m_5_15=0.0483(4.83x), surv_to_45=0.166(0.39x), band_med_adults=14(0.50x), surv_to_15=0.375(0.57x)
[ 2250/15000] pop=   683 bd=  13 bigbd=3(med148) strat=0.0% giniC=0.371 dyn:eff=19.2 top=0.142 nlin=52 lpb=13.08/dom=0.271 mRSg=0.572 set=10(mx105,prim1.13) con=357.0 inst=1 ldT=0.308 | asc=0.032 gumsa=0.692 tenure=4.8y levy=399591.6 resent(mean/max)=0.0/0.0 revs=38 | 2.1m eta12m
  !! SPATIAL: PACKED AND SPARSE AT ONCE (local 0.158 > 0.091 > regional 0.0043 /km2) on 2.7% of the land; band commands 300 km2, inside its own 314 km2 catchment (Vita-Finzi & Higgs) -- the population is NOT food-limited, it is failing to disperse; any carrying-capacity reading of this run is void
  ~~ demography: 6/16 in band  worst: m_5_15=0.0486(4.86x), frac_motherless=0.0417(2.08x), frac_fatherless=0.101(2.02x), surv_to_45=0.166(0.39x)
[ 2275/15000] pop=   664 bd=  14 bigbd=3(med150) strat=0.0% giniC=0.377 dyn:eff=19.9 top=0.136 nlin=52 lpb=13.0/dom=0.241 mRSg=0.586 set=11(mx106,prim1.29) con=350.0 inst=5 ldT=0.273 | asc=0.003 gumsa=0.143 tenure=4.8y levy=595643.5 resent(mean/max)=0.0/0.0 revs=40 | 2.1m eta12m
  !! SPATIAL: PACKED AND SPARSE AT ONCE (local 0.147 > 0.091 > regional 0.0040 /km2) on 2.7% of the land -- the population is NOT food-limited, it is failing to disperse; any carrying-capacity reading of this run is void
  ~~ demography: 7/16 in band  worst: m_5_15=0.0487(4.87x), frac_motherless=0.0068(0.34x), surv_to_45=0.165(0.38x), band_med_adults=14(0.50x)
[ 2300/15000] pop=   617 bd=  13 bigbd=3(med148) strat=0.0% giniC=0.379 dyn:eff=18.9 top=0.149 nlin=50 lpb=12.31/dom=0.255 mRSg=0.592 set=8(mx102,prim1.21) con=278.0 inst=3 ldT=0.231 | asc=0.002 gumsa=0.077 tenure=4.8y levy=619818.9 resent(mean/max)=0.0/0.0 revs=40 | 2.1m eta12m
  !! SPATIAL: PACKED AND SPARSE AT ONCE (local 0.190 > 0.091 > regional 0.0041 /km2) on 2.1% of the land; band commands 254 km2, inside its own 314 km2 catchment (Vita-Finzi & Higgs) -- the population is NOT food-limited, it is failing to disperse; any carrying-capacity reading of this run is void
  ~~ demography: 7/16 in band  worst: m_5_15=0.0486(4.86x), frac_motherless=0(0.00x), surv_to_45=0.165(0.38x), band_med_adults=12(0.43x)
[ 2325/15000] pop=   626 bd=  13 bigbd=4(med110.5) strat=0.0% giniC=0.38 dyn:eff=17.8 top=0.16 nlin=50 lpb=11.92/dom=0.271 mRSg=0.598 set=8(mx104,prim1.11) con=225.5 inst=3 ldT=0.154 | asc=0.002 gumsa=0.077 tenure=4.8y levy=471716.5 resent(mean/max)=0.0/0.0 revs=40 | 2.1m eta12m
  !! SPATIAL: PACKED AND SPARSE AT ONCE (local 0.154 > 0.091 > regional 0.0042 /km2) on 2.7% of the land -- the population is NOT food-limited, it is failing to disperse; any carrying-capacity reading of this run is void
  ~~ demography: 8/16 in band  worst: m_5_15=0.0482(4.82x), surv_to_45=0.167(0.39x), band_med_adults=13(0.46x), surv_to_15=0.376(0.57x)
[ 2350/15000] pop=   646 bd=  12 bigbd=4(med120.5) strat=0.0% giniC=0.382 dyn:eff=18.1 top=0.156 nlin=49 lpb=12.42/dom=0.256 mRSg=0.607 set=10(mx97,prim1.13) con=178.0 inst=3 ldT=0.5 | asc=0.0 gumsa=0.0 tenure=4.8y levy=558130.9 resent(mean/max)=0.0/0.0 revs=40 | 2.2m eta12m
  !! SPATIAL: PACKED AND SPARSE AT ONCE (local 0.164 > 0.091 > regional 0.0042 /km2) on 2.6% of the land -- the population is NOT food-limited, it is failing to disperse; any carrying-capacity reading of this run is void
  ~~ demography: 8/16 in band  worst: m_5_15=0.0479(4.79x), surv_to_45=0.169(0.39x), surv_to_15=0.378(0.57x), band_med_adults=19.5(0.69x)
[ 2375/15000] pop=   654 bd=  10 bigbd=4(med123.0) strat=0.0% giniC=0.384 dyn:eff=17.7 top=0.161 nlin=47 lpb=14.3/dom=0.25 mRSg=0.626 set=8(mx105,prim1.35) con=224.5 inst=5 ldT=0.1 | asc=0.0 gumsa=0.0 tenure=4.8y levy=1144700.2 resent(mean/max)=0.0/0.0 revs=40 | 2.2m eta12m
  !! SPATIAL: PACKED AND SPARSE AT ONCE (local 0.164 > 0.091 > regional 0.0042 /km2) on 2.6% of the land -- the population is NOT food-limited, it is failing to disperse; any carrying-capacity reading of this run is void
  ~~ demography: 7/16 in band  worst: m_5_15=0.0478(4.78x), frac_motherless=0.0069(0.34x), surv_to_45=0.17(0.40x), surv_to_15=0.379(0.57x)
[ 2400/15000] pop=   656 bd=   9 bigbd=4(med118.5) strat=0.0% giniC=0.374 dyn:eff=16.9 top=0.163 nlin=47 lpb=15.56/dom=0.241 mRSg=0.619 set=10(mx102,prim1.01) con=319.0 inst=7 ldT=0.333 | asc=0.0 gumsa=0.0 tenure=4.8y levy=466985.1 resent(mean/max)=0.0/0.0 revs=40 | 2.2m eta12m
  !! SPATIAL: PACKED AND SPARSE AT ONCE (local 0.162 > 0.091 > regional 0.0043 /km2) on 2.7% of the land -- the population is NOT food-limited, it is failing to disperse; any carrying-capacity reading of this run is void
  ~~ demography: 9/16 in band  worst: m_5_15=0.0475(4.75x), surv_to_45=0.171(0.40x), surv_to_15=0.38(0.58x), e15=28.8(0.75x)
[ 2425/15000] pop=   663 bd=   9 bigbd=4(med121.5) strat=0.0% giniC=0.378 dyn:eff=17.0 top=0.164 nlin=46 lpb=14.89/dom=0.252 mRSg=0.624 set=9(mx115,prim1.42) con=397.0 inst=2 ldT=0.222 | asc=0.0 gumsa=0.0 tenure=4.8y levy=362449.7 resent(mean/max)=0.0/0.0 revs=40 | 2.2m eta11m
  !! SPATIAL: PACKED AND SPARSE AT ONCE (local 0.183 > 0.091 > regional 0.0043 /km2) on 2.3% of the land -- the population is NOT food-limited, it is failing to disperse; any carrying-capacity reading of this run is void
  ~~ demography: 9/16 in band  worst: m_5_15=0.0475(4.75x), surv_to_45=0.171(0.40x), surv_to_15=0.38(0.58x), e15=28.9(0.75x)
[ 2450/15000] pop=   659 bd=   9 bigbd=4(med123.0) strat=0.0% giniC=0.38 dyn:eff=16.7 top=0.165 nlin=45 lpb=14.67/dom=0.268 mRSg=0.613 set=9(mx124,prim1.24) con=424.0 inst=3 ldT=0.111 | asc=0.0 gumsa=0.0 tenure=4.8y levy=341565.4 resent(mean/max)=0.0/0.0 revs=40 | 2.2m eta11m
  !! SPATIAL: PACKED AND SPARSE AT ONCE (local 0.147 > 0.091 > regional 0.0037 /km2) on 2.5% of the land -- the population is NOT food-limited, it is failing to disperse; any carrying-capacity reading of this run is void
  ~~ demography: 6/16 in band  worst: m_5_15=0.0484(4.84x), frac_motherless=0(0.00x), frac_fatherless=0.0917(1.83x), surv_to_45=0.168(0.39x)
[ 2475/15000] pop=   574 bd=  11 bigbd=3(med147) strat=0.0% giniC=0.398 dyn:eff=17.1 top=0.162 nlin=45 lpb=11.82/dom=0.315 mRSg=0.63 set=10(mx116,prim1.45) con=326.0 inst=1 ldT=0.625 | asc=0.0 gumsa=0.0 tenure=4.9y levy=1211359.0 resent(mean/max)=0.0/0.0 revs=40 | 2.3m eta11m
  !! SPATIAL: PACKED AND SPARSE AT ONCE (local 0.137 > 0.091 > regional 0.0037 /km2) on 2.7% of the land -- the population is NOT food-limited, it is failing to disperse; any carrying-capacity reading of this run is void
  ~~ demography: 6/16 in band  worst: m_5_15=0.0482(4.82x), frac_fatherless=0.107(2.15x), frac_motherless=0(0.00x), surv_to_45=0.169(0.39x)
[ 2500/15000] pop=   575 bd=  10 bigbd=4(med122.0) strat=0.0% giniC=0.408 dyn:eff=16.7 top=0.16 nlin=44 lpb=12.4/dom=0.269 mRSg=0.624 set=8(mx111,prim1.17) con=329.0 inst=2 ldT=0.1 | asc=0.0 gumsa=0.0 tenure=4.9y levy=417134.6 resent(mean/max)=0.0/0.0 revs=40 | 2.3m eta11m
  !! SPATIAL: PACKED AND SPARSE AT ONCE (local 0.143 > 0.091 > regional 0.0037 /km2) on 2.6% of the land -- the population is NOT food-limited, it is failing to disperse; any carrying-capacity reading of this run is void
  ~~ demography: 7/16 in band  worst: m_5_15=0.0482(4.82x), frac_fatherless=0.171(3.42x), surv_to_45=0.17(0.40x), band_med_adults=11.5(0.41x)
[ 2525/15000] pop=   571 bd=  10 bigbd=4(med115.5) strat=0.0% giniC=0.405 dyn:eff=16.6 top=0.154 nlin=44 lpb=12.3/dom=0.253 mRSg=0.629 set=6(mx104,prim1.03) con=329.5 inst=3 ldT=0.4 | asc=0.0 gumsa=0.0 tenure=4.9y levy=543009.4 resent(mean/max)=0.0/0.0 revs=40 | 2.3m eta11m
  !! SPATIAL: PACKED AND SPARSE AT ONCE (local 0.156 > 0.091 > regional 0.0036 /km2) on 2.3% of the land -- the population is NOT food-limited, it is failing to disperse; any carrying-capacity reading of this run is void
  ~~ demography: 7/16 in band  worst: m_5_15=0.0482(4.82x), frac_fatherless=0.143(2.86x), band_med_adults=11(0.39x), surv_to_45=0.169(0.39x)
[ 2550/15000] pop=   560 bd=   9 bigbd=4(med111.0) strat=0.0% giniC=0.407 dyn:eff=16.7 top=0.15 nlin=42 lpb=12.33/dom=0.255 mRSg=0.602 set=8(mx114,prim1.24) con=413.0 inst=2 ldT=0.111 | asc=0.0 gumsa=0.0 tenure=4.9y levy=995100.4 resent(mean/max)=0.0/0.0 revs=40 | 2.3m eta11m
  !! SPATIAL: PACKED AND SPARSE AT ONCE (local 0.159 > 0.091 > regional 0.0036 /km2) on 2.3% of the land -- the population is NOT food-limited, it is failing to disperse; any carrying-capacity reading of this run is void
  ~~ demography: 8/16 in band  worst: m_5_15=0.0483(4.83x), surv_to_45=0.169(0.39x), frac_fatherless=0.0758(1.52x), surv_to_15=0.378(0.57x)
[ 2575/15000] pop=   556 bd=   8 bigbd=4(med111.5) strat=0.0% giniC=0.416 dyn:eff=17.4 top=0.138 nlin=42 lpb=13.25/dom=0.27 mRSg=0.591 set=9(mx118,prim1.06) con=191.5 inst=4 ldT=0.429 | asc=0.0 gumsa=0.0 tenure=4.9y levy=402646.5 resent(mean/max)=0.0/0.0 revs=40 | 2.3m eta11m
  !! SPATIAL: PACKED AND SPARSE AT ONCE (local 0.139 > 0.091 > regional 0.0036 /km2) on 2.6% of the land -- the population is NOT food-limited, it is failing to disperse; any carrying-capacity reading of this run is void
  ~~ demography: 8/16 in band  worst: m_5_15=0.0481(4.81x), frac_fatherless=0.0963(1.93x), surv_to_45=0.17(0.40x), surv_to_15=0.379(0.57x)
[ 2600/15000] pop=   554 bd=   8 bigbd=4(med105.0) strat=0.0% giniC=0.412 dyn:eff=17.1 top=0.139 nlin=42 lpb=13.12/dom=0.286 mRSg=0.588 set=8(mx111,prim1.23) con=148.0 inst=1 ldT=0.25 | asc=0.069 gumsa=1.0 tenure=4.9y levy=983657.6 resent(mean/max)=0.0/0.0 revs=40 | 2.4m eta11m
  !! SPATIAL: PACKED AND SPARSE AT ONCE (local 0.151 > 0.091 > regional 0.0035 /km2) on 2.3% of the land -- the population is NOT food-limited, it is failing to disperse; any carrying-capacity reading of this run is void
  ~~ demography: 8/16 in band  worst: m_5_15=0.048(4.80x), band_med_adults=55(1.95x), surv_to_45=0.171(0.40x), surv_to_15=0.38(0.58x)
[ 2625/15000] pop=   542 bd=   7 bigbd=4(med103.0) strat=0.0% giniC=0.425 dyn:eff=16.8 top=0.137 nlin=41 lpb=13.71/dom=0.274 mRSg=0.606 set=8(mx104,prim1.13) con=149.5 inst=3 ldT=0.143 | asc=0.066 gumsa=1.0 tenure=4.9y levy=374272.1 resent(mean/max)=0.0/0.0 revs=40 | 2.4m eta11m
  !! SPATIAL: PACKED AND SPARSE AT ONCE (local 0.153 > 0.091 > regional 0.0034 /km2) on 2.2% of the land -- the population is NOT food-limited, it is failing to disperse; any carrying-capacity reading of this run is void
  ~~ demography: 7/16 in band  worst: m_5_15=0.048(4.80x), frac_motherless=0.055(2.75x), frac_fatherless=0.0826(1.65x), surv_to_45=0.171(0.40x)
[ 2650/15000] pop=   521 bd=   8 bigbd=4(med100.5) strat=0.0% giniC=0.429 dyn:eff=16.7 top=0.138 nlin=41 lpb=12.38/dom=0.277 mRSg=0.61 set=9(mx99,prim1.14) con=298.0 inst=2 ldT=0.429 | asc=0.048 gumsa=0.875 tenure=4.9y levy=640636.2 resent(mean/max)=0.0/0.0 revs=40 | 2.4m eta11m
  !! SPATIAL: PACKED AND SPARSE AT ONCE (local 0.154 > 0.091 > regional 0.0034 /km2) on 2.2% of the land -- the population is NOT food-limited, it is failing to disperse; any carrying-capacity reading of this run is void
  ~~ demography: 7/16 in band  worst: m_5_15=0.0479(4.79x), band_med_adults=53(1.88x), frac_fatherless=0.0849(1.70x), surv_to_45=0.172(0.40x)
[ 2675/15000] pop=   525 bd=   6 bigbd=4(med113.0) strat=0.0% giniC=0.441 dyn:eff=16.7 top=0.139 nlin=40 lpb=15.5/dom=0.248 mRSg=0.615 set=7(mx106,prim1.05) con=137.0 inst=1 ldT=0.5 | asc=0.057 gumsa=1.0 tenure=4.9y levy=1085316.9 resent(mean/max)=0.0/0.0 revs=40 | 2.4m eta11m
  !! SPATIAL: PACKED AND SPARSE AT ONCE (local 0.149 > 0.091 > regional 0.0035 /km2) on 2.3% of the land -- the population is NOT food-limited, it is failing to disperse; any carrying-capacity reading of this run is void
  ~~ demography: 8/16 in band  worst: m_5_15=0.0476(4.76x), band_med_adults=51(1.81x), surv_to_45=0.173(0.40x), surv_to_15=0.381(0.58x)
[ 2700/15000] pop=   536 bd=   6 bigbd=4(med108.0) strat=0.0% giniC=0.446 dyn:eff=16.3 top=0.142 nlin=40 lpb=15.17/dom=0.238 mRSg=0.606 set=7(mx90,prim1.02) con=208.0 inst=4 ldT=0.167 | asc=0.069 gumsa=1.0 tenure=4.9y levy=1032696.3 resent(mean/max)=0.0/0.0 revs=40 | 2.4m eta11m
  !! SPATIAL: PACKED AND SPARSE AT ONCE (local 0.149 > 0.091 > regional 0.0035 /km2) on 2.3% of the land -- the population is NOT food-limited, it is failing to disperse; any carrying-capacity reading of this run is void
  ~~ demography: 6/16 in band  worst: m_5_15=0.0476(4.76x), frac_motherless=0.0603(3.02x), frac_fatherless=0.112(2.24x), band_med_adults=52.5(1.86x)
[ 2725/15000] pop=   537 bd=   6 bigbd=4(med106.0) strat=0.0% giniC=0.443 dyn:eff=15.9 top=0.14 nlin=40 lpb=14.83/dom=0.266 mRSg=0.6 set=7(mx96,prim1.01) con=199.0 inst=3 ldT=0.167 | asc=0.06 gumsa=1.0 tenure=4.9y levy=1362046.1 resent(mean/max)=0.0/0.0 revs=40 | 2.4m eta11m
  !! SPATIAL: PACKED AND SPARSE AT ONCE (local 0.136 > 0.091 > regional 0.0036 /km2) on 2.7% of the land -- the population is NOT food-limited, it is failing to disperse; any carrying-capacity reading of this run is void
  ~~ demography: 7/16 in band  worst: m_5_15=0.0473(4.73x), band_med_adults=55(1.95x), surv_to_45=0.175(0.41x), frac_motherless=0.0305(1.52x)
[ 2750/15000] pop=   558 bd=   6 bigbd=4(med112.0) strat=0.0% giniC=0.436 dyn:eff=16.0 top=0.14 nlin=40 lpb=15.5/dom=0.251 mRSg=0.576 set=6(mx109,prim1.06) con=265.0 inst=3 ldT=0.0 | asc=0.065 gumsa=1.0 tenure=4.9y levy=623882.0 resent(mean/max)=0.0/0.0 revs=40 | 2.4m eta11m
  !! SPATIAL: PACKED AND SPARSE AT ONCE (local 0.175 > 0.091 > regional 0.0036 /km2) on 2.1% of the land -- the population is NOT food-limited, it is failing to disperse; any carrying-capacity reading of this run is void
  ~~ demography: 8/16 in band  worst: m_5_15=0.0474(4.74x), band_med_adults=54(1.91x), surv_to_45=0.176(0.41x), surv_to_15=0.383(0.58x)
[ 2775/15000] pop=   561 bd=   6 bigbd=4(med118.5) strat=0.0% giniC=0.446 dyn:eff=16.5 top=0.132 nlin=39 lpb=14.5/dom=0.266 mRSg=0.561 set=7(mx112,prim1.23) con=297.0 inst=1 ldT=0.333 | asc=0.066 gumsa=1.0 tenure=4.9y levy=987577.2 resent(mean/max)=0.0/0.0 revs=40 | 2.5m eta11m
  !! SPATIAL: PACKED AND SPARSE AT ONCE (local 0.163 > 0.091 > regional 0.0037 /km2) on 2.3% of the land -- the population is NOT food-limited, it is failing to disperse; any carrying-capacity reading of this run is void
  ~~ demography: 6/16 in band  worst: m_5_15=0.0473(4.73x), frac_motherless=0(0.00x), band_med_adults=55(1.95x), surv_to_45=0.176(0.41x)
[ 2800/15000] pop=   571 bd=   6 bigbd=4(med124.5) strat=0.0% giniC=0.444 dyn:eff=16.8 top=0.126 nlin=38 lpb=14.67/dom=0.278 mRSg=0.542 set=7(mx100,prim1.01) con=209.5 inst=4 ldT=0.0 | asc=0.058 gumsa=1.0 tenure=4.9y levy=840488.9 resent(mean/max)=0.0/0.0 revs=41 | 2.5m eta11m
  !! SPATIAL: PACKED AND SPARSE AT ONCE (local 0.145 > 0.091 > regional 0.0036 /km2) on 2.5% of the land -- the population is NOT food-limited, it is failing to disperse; any carrying-capacity reading of this run is void
  ~~ demography: 6/16 in band  worst: m_5_15=0.0473(4.73x), frac_fatherless=0.101(2.01x), frac_motherless=0(0.00x), band_med_adults=51(1.81x)
[ 2825/15000] pop=   552 bd=   6 bigbd=4(med120.5) strat=0.0% giniC=0.449 dyn:eff=16.5 top=0.125 nlin=38 lpb=15.67/dom=0.218 mRSg=0.551 set=8(mx100,prim1.06) con=252.0 inst=4 ldT=0.8 | asc=0.045 gumsa=1.0 tenure=4.9y levy=748439.4 resent(mean/max)=0.0/0.0 revs=41 | 2.5m eta11m
  !! SPATIAL: PACKED AND SPARSE AT ONCE (local 0.188 > 0.091 > regional 0.0036 /km2) on 1.9% of the land -- the population is NOT food-limited, it is failing to disperse; any carrying-capacity reading of this run is void
  ~~ demography: 6/16 in band  worst: m_5_15=0.047(4.70x), frac_motherless=0.042(2.10x), frac_fatherless=0.0979(1.96x), band_med_adults=52.5(1.86x)
[ 2850/15000] pop=   563 bd=   6 bigbd=4(med123.5) strat=0.0% giniC=0.457 dyn:eff=16.6 top=0.123 nlin=38 lpb=15.33/dom=0.241 mRSg=0.555 set=8(mx120,prim1.3) con=141.0 inst=1 ldT=0.333 | asc=0.062 gumsa=0.833 tenure=5.0y levy=1311433.8 resent(mean/max)=0.0/0.0 revs=41 | 2.5m eta11m
  !! SPATIAL: PACKED AND SPARSE AT ONCE (local 0.161 > 0.091 > regional 0.0037 /km2) on 2.3% of the land -- the population is NOT food-limited, it is failing to disperse; any carrying-capacity reading of this run is void
  ~~ demography: 7/16 in band  worst: m_5_15=0.0469(4.69x), band_med_adults=55.5(1.97x), frac_fatherless=0.084(1.68x), surv_to_45=0.178(0.41x)
[ 2875/15000] pop=   564 bd=   6 bigbd=4(med125.5) strat=0.0% giniC=0.458 dyn:eff=15.7 top=0.128 nlin=38 lpb=15.5/dom=0.264 mRSg=0.549 set=7(mx110,prim1.02) con=230.0 inst=2 ldT=0.0 | asc=0.06 gumsa=0.833 tenure=5.0y levy=467540.1 resent(mean/max)=0.0/0.0 revs=41 | 2.5m eta11m
  !! SPATIAL: PACKED AND SPARSE AT ONCE (local 0.162 > 0.091 > regional 0.0037 /km2) on 2.3% of the land -- the population is NOT food-limited, it is failing to disperse; any carrying-capacity reading of this run is void
  ~~ demography: 7/16 in band  worst: m_5_15=0.0467(4.67x), band_med_adults=54.5(1.93x), frac_fatherless=0.0833(1.67x), surv_to_45=0.18(0.42x)
[ 2900/15000] pop=   567 bd=   6 bigbd=4(med122.5) strat=0.0% giniC=0.463 dyn:eff=15.3 top=0.131 nlin=38 lpb=15.0/dom=0.272 mRSg=0.544 set=7(mx117,prim1.24) con=147.0 inst=2 ldT=0.0 | asc=0.053 gumsa=0.833 tenure=5.0y levy=1753736.7 resent(mean/max)=0.0/0.0 revs=41 | 2.6m eta11m
  !! SPATIAL: PACKED AND SPARSE AT ONCE (local 0.185 > 0.091 > regional 0.0036 /km2) on 1.9% of the land -- the population is NOT food-limited, it is failing to disperse; any carrying-capacity reading of this run is void
  ~~ demography: 7/16 in band  worst: m_5_15=0.0465(4.65x), band_med_adults=52(1.84x), surv_to_45=0.179(0.42x), frac_motherless=0.009(0.45x)
[ 2925/15000] pop=   556 bd=   6 bigbd=4(med122.0) strat=0.0% giniC=0.48 dyn:eff=15.4 top=0.135 nlin=38 lpb=14.67/dom=0.284 mRSg=0.531 set=7(mx105,prim1.07) con=269.0 inst=2 ldT=0.167 | asc=0.074 gumsa=0.833 tenure=5.0y levy=345128.7 resent(mean/max)=0.0/0.0 revs=41 | 2.6m eta11m
  !! SPATIAL: PACKED AND SPARSE AT ONCE (local 0.183 > 0.091 > regional 0.0035 /km2) on 1.9% of the land -- the population is NOT food-limited, it is failing to disperse; any carrying-capacity reading of this run is void
  ~~ demography: 7/16 in band  worst: m_5_15=0.0465(4.65x), band_med_adults=58(2.06x), frac_motherless=0(0.00x), surv_to_45=0.18(0.42x)
[ 2950/15000] pop=   548 bd=   6 bigbd=4(med118.5) strat=0.0% giniC=0.485 dyn:eff=15.1 top=0.137 nlin=38 lpb=14.5/dom=0.299 mRSg=0.555 set=7(mx94,prim1.03) con=168.5 inst=1 ldT=0.167 | asc=0.058 gumsa=0.833 tenure=5.0y levy=540921.6 resent(mean/max)=0.0/0.0 revs=41 | 2.6m eta11m
  !! SPATIAL: PACKED AND SPARSE AT ONCE (local 0.121 > 0.091 > regional 0.0034 /km2) on 2.8% of the land -- the population is NOT food-limited, it is failing to disperse; any carrying-capacity reading of this run is void
  ~~ demography: 7/16 in band  worst: m_5_15=0.0467(4.67x), frac_motherless=0(0.00x), band_med_adults=50(1.77x), surv_to_45=0.179(0.42x)
[ 2975/15000] pop=   522 bd=   7 bigbd=4(med103.5) strat=0.0% giniC=0.488 dyn:eff=15.5 top=0.125 nlin=38 lpb=13.29/dom=0.3 mRSg=0.561 set=7(mx100,prim1.08) con=153.5 inst=2 ldT=0.167 | asc=0.052 gumsa=0.714 tenure=5.0y levy=1388358.9 resent(mean/max)=0.0/0.0 revs=41 | 2.6m eta11m
  !! SPATIAL: PACKED AND SPARSE AT ONCE (local 0.146 > 0.091 > regional 0.0035 /km2) on 2.4% of the land -- the population is NOT food-limited, it is failing to disperse; any carrying-capacity reading of this run is void
  ~~ demography: 8/16 in band  worst: m_5_15=0.0465(4.65x), band_med_adults=51(1.81x), surv_to_45=0.18(0.42x), surv_to_15=0.387(0.59x)
[ 3000/15000] pop=   540 bd=   7 bigbd=4(med109.5) strat=0.0% giniC=0.49 dyn:eff=15.5 top=0.124 nlin=38 lpb=13.14/dom=0.321 mRSg=0.553 set=7(mx102,prim1.1) con=184.0 inst=1 ldT=0.286 | asc=0.052 gumsa=0.714 tenure=5.0y levy=1364224.7 resent(mean/max)=0.0/0.0 revs=41 | 2.6m eta10m
  !! SPATIAL: PACKED AND SPARSE AT ONCE (local 0.183 > 0.091 > regional 0.0036 /km2) on 1.9% of the land -- the population is NOT food-limited, it is failing to disperse; any carrying-capacity reading of this run is void
  ~~ demography: 8/16 in band  worst: m_5_15=0.0464(4.64x), band_med_adults=57.5(2.04x), surv_to_45=0.181(0.42x), surv_to_15=0.388(0.59x)
[ 3025/15000] pop=   550 bd=   6 bigbd=4(med115.5) strat=0.0% giniC=0.484 dyn:eff=16.4 top=0.124 nlin=37 lpb=14.5/dom=0.23 mRSg=0.557 set=6(mx123,prim1.04) con=135.0 inst=2 ldT=0.667 | asc=0.022 gumsa=0.333 tenure=5.0y levy=341069.2 resent(mean/max)=0.0/0.0 revs=41 | 2.6m eta10m
  !! SPATIAL: PACKED AND SPARSE AT ONCE (local 0.206 > 0.091 > regional 0.0036 /km2) on 1.7% of the land -- the population is NOT food-limited, it is failing to disperse; any carrying-capacity reading of this run is void
  ~~ demography: 8/16 in band  worst: m_5_15=0.0464(4.64x), band_med_adults=74(2.62x), surv_to_45=0.182(0.42x), surv_to_15=0.388(0.59x)
[ 3050/15000] pop=   555 bd=   5 bigbd=4(med123.5) strat=0.0% giniC=0.493 dyn:eff=16.2 top=0.132 nlin=35 lpb=16.4/dom=0.224 mRSg=0.554 set=7(mx107,prim1.18) con=284.0 inst=2 ldT=0.2 | asc=0.023 gumsa=0.4 tenure=5.0y levy=659513.7 resent(mean/max)=0.0/0.0 revs=41 | 2.7m eta10m
  !! SPATIAL: PACKED AND SPARSE AT ONCE (local 0.177 > 0.091 > regional 0.0037 /km2) on 2.1% of the land -- the population is NOT food-limited, it is failing to disperse; any carrying-capacity reading of this run is void
  ~~ demography: 8/16 in band  worst: m_5_15=0.046(4.60x), band_med_adults=69(2.45x), surv_to_45=0.183(0.43x), surv_to_15=0.39(0.59x)
[ 3075/15000] pop=   567 bd=   5 bigbd=4(med123.5) strat=0.0% giniC=0.49 dyn:eff=15.7 top=0.143 nlin=35 lpb=16.0/dom=0.231 mRSg=0.555 set=7(mx105,prim1.12) con=298.0 inst=2 ldT=0.6 | asc=0.019 gumsa=0.6 tenure=5.0y levy=521692.4 resent(mean/max)=0.0/0.0 revs=41 | 2.7m eta10m
  !! SPATIAL: PACKED AND SPARSE AT ONCE (local 0.168 > 0.091 > regional 0.0036 /km2) on 2.1% of the land -- the population is NOT food-limited, it is failing to disperse; any carrying-capacity reading of this run is void
  ~~ demography: 8/16 in band  worst: m_5_15=0.046(4.60x), band_med_adults=46(1.63x), surv_to_45=0.184(0.43x), surv_to_15=0.39(0.59x)
[ 3100/15000] pop=   556 bd=   7 bigbd=4(med114.5) strat=0.0% giniC=0.487 dyn:eff=15.0 top=0.156 nlin=35 lpb=13.43/dom=0.251 mRSg=0.565 set=7(mx116,prim1.17) con=419.0 inst=2 ldT=0.6 | asc=0.02 gumsa=0.571 tenure=5.0y levy=642100.4 resent(mean/max)=0.0/0.0 revs=41 | 2.7m eta10m
  !! SPATIAL: PACKED AND SPARSE AT ONCE (local 0.131 > 0.091 > regional 0.0031 /km2) on 2.4% of the land -- the population is NOT food-limited, it is failing to disperse; any carrying-capacity reading of this run is void
  ~~ demography: 7/16 in band  worst: m_5_15=0.0467(4.67x), frac_motherless=0.0435(2.17x), band_med_adults=47(1.67x), surv_to_45=0.182(0.42x)
[ 3125/15000] pop=   483 bd=   7 bigbd=4(med83.5) strat=0.0% giniC=0.475 dyn:eff=13.2 top=0.18 nlin=35 lpb=13.43/dom=0.269 mRSg=0.576 set=7(mx90,prim1.32) con=218.0 inst=4 ldT=0.6 | asc=0.025 gumsa=0.714 tenure=5.0y levy=691598.1 resent(mean/max)=0.0/0.0 revs=41 | 2.7m eta10m
  !! SPATIAL: PACKED AND SPARSE AT ONCE (local 0.133 > 0.091 > regional 0.0030 /km2) on 2.3% of the land -- the population is NOT food-limited, it is failing to disperse; any carrying-capacity reading of this run is void
  ~~ demography: 6/16 in band  worst: m_5_15=0.0467(4.67x), frac_fatherless=0(0.00x), frac_motherless=0.0341(1.70x), surv_to_45=0.181(0.42x)
[ 3150/15000] pop=   466 bd=   6 bigbd=4(med86.0) strat=0.0% giniC=0.492 dyn:eff=13.2 top=0.187 nlin=34 lpb=14.67/dom=0.279 mRSg=0.564 set=7(mx86,prim1.06) con=298.0 inst=2 ldT=0.0 | asc=0.017 gumsa=0.833 tenure=5.0y levy=659630.0 resent(mean/max)=0.0/0.0 revs=41 | 2.7m eta10m
  !! SPATIAL: PACKED AND SPARSE AT ONCE (local 0.148 > 0.091 > regional 0.0031 /km2) on 2.1% of the land -- the population is NOT food-limited, it is failing to disperse; any carrying-capacity reading of this run is void
  ~~ demography: 7/16 in band  worst: m_5_15=0.0467(4.67x), frac_fatherless=0.0208(0.42x), surv_to_45=0.182(0.42x), band_med_adults=43.5(1.54x)
[ 3175/15000] pop=   473 bd=   6 bigbd=4(med89.0) strat=0.0% giniC=0.497 dyn:eff=13.5 top=0.182 nlin=34 lpb=14.17/dom=0.265 mRSg=0.565 set=6(mx89,prim1.07) con=333.0 inst=0 ldT=0.5 | asc=0.017 gumsa=0.667 tenure=5.0y levy=428931.4 resent(mean/max)=0.0/0.0 revs=41 | 2.7m eta10m
  !! SPATIAL: PACKED AND SPARSE AT ONCE (local 0.114 > 0.091 > regional 0.0032 /km2) on 2.8% of the land -- the population is NOT food-limited, it is failing to disperse; any carrying-capacity reading of this run is void
  ~~ demography: 7/16 in band  worst: m_5_15=0.0466(4.66x), surv_to_45=0.183(0.43x), frac_motherless=0.0093(0.46x), band_med_adults=14(0.50x)
[ 3200/15000] pop=   491 bd=   9 bigbd=3(med113) strat=0.0% giniC=0.498 dyn:eff=13.8 top=0.179 nlin=34 lpb=11.33/dom=0.306 mRSg=0.562 set=6(mx83,prim1.01) con=365.0 inst=4 ldT=0.6 | asc=0.016 gumsa=0.444 tenure=5.0y levy=1226268.3 resent(mean/max)=0.0/0.0 revs=41 | 2.8m eta10m
  !! SPATIAL: PACKED AND SPARSE AT ONCE (local 0.179 > 0.091 > regional 0.0032 /km2) on 1.8% of the land -- the population is NOT food-limited, it is failing to disperse; any carrying-capacity reading of this run is void
  ~~ demography: 7/16 in band  worst: m_5_15=0.0465(4.65x), frac_motherless=0.0077(0.39x), surv_to_45=0.183(0.43x), surv_to_15=0.388(0.59x)
[ 3225/15000] pop=   501 bd=   7 bigbd=3(med113) strat=0.0% giniC=0.5 dyn:eff=13.6 top=0.192 nlin=35 lpb=13.43/dom=0.247 mRSg=0.543 set=6(mx100,prim1.02) con=383.5 inst=3 ldT=0.429 | asc=0.012 gumsa=0.714 tenure=5.0y levy=459559.7 resent(mean/max)=0.0/0.0 revs=41 | 2.8m eta10m
  !! SPATIAL: PACKED AND SPARSE AT ONCE (local 0.162 > 0.091 > regional 0.0034 /km2) on 2.1% of the land -- the population is NOT food-limited, it is failing to disperse; any carrying-capacity reading of this run is void
  ~~ demography: 7/16 in band  worst: m_5_15=0.0463(4.63x), frac_motherless=0.007(0.35x), surv_to_45=0.185(0.43x), band_med_adults=15(0.53x)
[ 3250/15000] pop=   519 bd=   9 bigbd=3(med115) strat=0.0% giniC=0.495 dyn:eff=13.5 top=0.193 nlin=35 lpb=11.89/dom=0.26 mRSg=0.536 set=7(mx114,prim1.11) con=403.0 inst=5 ldT=0.286 | asc=0.012 gumsa=0.556 tenure=5.0y levy=723020.4 resent(mean/max)=0.0/0.0 revs=41 | 2.8m eta10m
  !! SPATIAL: PACKED AND SPARSE AT ONCE (local 0.184 > 0.091 > regional 0.0035 /km2) on 1.9% of the land -- the population is NOT food-limited, it is failing to disperse; any carrying-capacity reading of this run is void
  ~~ demography: 6/16 in band  worst: m_5_15=0.0461(4.61x), frac_motherless=0.0068(0.34x), surv_to_45=0.186(0.43x), frac_fatherless=0.0753(1.51x)
[ 3275/15000] pop=   535 bd=   9 bigbd=3(med114) strat=0.0% giniC=0.489 dyn:eff=13.5 top=0.191 nlin=35 lpb=11.56/dom=0.281 mRSg=0.505 set=7(mx100,prim1.09) con=419.0 inst=3 ldT=0.333 | asc=0.028 gumsa=0.667 tenure=5.0y levy=695352.4 resent(mean/max)=0.0/0.0 revs=41 | 2.8m eta10m
  !! SPATIAL: PACKED AND SPARSE AT ONCE (local 0.160 > 0.091 > regional 0.0034 /km2) on 2.1% of the land -- the population is NOT food-limited, it is failing to disperse; any carrying-capacity reading of this run is void
  ~~ demography: 6/16 in band  !! AGE STRUCTURE OUT OF BAND -> every marker above demography in the ladder is PROVISIONAL  worst: m_5_15=0.0461(4.61x), surv_to_45=0.186(0.43x), frac_motherless=0.0301(1.50x), band_med_adults=14(0.50x)
[ 3300/15000] pop=   527 bd=   9 bigbd=3(med111) strat=0.0% giniC=0.49 dyn:eff=13.1 top=0.192 nlin=35 lpb=11.11/dom=0.284 mRSg=0.49 set=6(mx98,prim1.09) con=418.0 inst=4 ldT=0.222 | asc=0.03 gumsa=0.667 tenure=5.0y levy=614977.4 resent(mean/max)=0.0/0.0 revs=41 | 2.8m eta10m
  !! SPATIAL: PACKED AND SPARSE AT ONCE (local 0.168 > 0.091 > regional 0.0032 /km2) on 1.9% of the land -- the population is NOT food-limited, it is failing to disperse; any carrying-capacity reading of this run is void
  ~~ demography: 6/16 in band  worst: m_5_15=0.0461(4.61x), frac_motherless=0.0421(2.10x), frac_fatherless=0.0842(1.68x), band_med_adults=12(0.43x)
[ 3325/15000] pop=   487 bd=   9 bigbd=3(med109) strat=0.0% giniC=0.503 dyn:eff=13.3 top=0.191 nlin=35 lpb=11.22/dom=0.279 mRSg=0.504 set=7(mx104,prim1.06) con=379.0 inst=0 ldT=0.125 | asc=0.018 gumsa=0.556 tenure=5.0y levy=252664.1 resent(mean/max)=0.0/0.0 revs=41 | 2.8m eta10m
  !! SPATIAL: PACKED AND SPARSE AT ONCE (local 0.199 > 0.091 > regional 0.0031 /km2) on 1.6% of the land; band commands 267 km2, inside its own 314 km2 catchment (Vita-Finzi & Higgs) -- the population is NOT food-limited, it is failing to disperse; any carrying-capacity reading of this run is void
  ~~ demography: 7/16 in band  worst: m_5_15=0.0461(4.61x), band_med_adults=11(0.39x), surv_to_45=0.185(0.43x), frac_fatherless=0.0753(1.51x)
[ 3350/15000] pop=   478 bd=   9 bigbd=3(med101) strat=0.0% giniC=0.5 dyn:eff=13.0 top=0.197 nlin=35 lpb=10.67/dom=0.276 mRSg=0.527 set=8(mx87,prim1.02) con=375.0 inst=1 ldT=0.111 | asc=0.027 gumsa=0.667 tenure=4.9y levy=243792.6 resent(mean/max)=0.0/0.0 revs=41 | 2.9m eta10m
  !! SPATIAL: PACKED AND SPARSE AT ONCE (local 0.138 > 0.091 > regional 0.0031 /km2) on 2.3% of the land -- the population is NOT food-limited, it is failing to disperse; any carrying-capacity reading of this run is void
  ~~ demography: 7/16 in band  worst: m_5_15=0.0459(4.59x), frac_motherless=0(0.00x), surv_to_45=0.186(0.43x), band_med_adults=13(0.46x)
[ 3375/15000] pop=   482 bd=   9 bigbd=3(med105) strat=0.0% giniC=0.501 dyn:eff=12.8 top=0.199 nlin=35 lpb=10.67/dom=0.284 mRSg=0.554 set=8(mx90,prim1.18) con=291.0 inst=1 ldT=0.333 | asc=0.027 gumsa=0.778 tenure=5.0y levy=1487832.5 resent(mean/max)=0.0/0.0 revs=41 | 2.9m eta10m
  !! SPATIAL: PACKED AND SPARSE AT ONCE (local 0.169 > 0.091 > regional 0.0032 /km2) on 1.9% of the land -- the population is NOT food-limited, it is failing to disperse; any carrying-capacity reading of this run is void
  ~~ demography: 7/16 in band  worst: m_5_15=0.0459(4.59x), frac_motherless=0(0.00x), surv_to_45=0.187(0.43x), band_med_adults=16.5(0.59x)
[ 3400/15000] pop=   491 bd=   8 bigbd=3(med104) strat=0.0% giniC=0.503 dyn:eff=12.8 top=0.202 nlin=35 lpb=11.5/dom=0.251 mRSg=0.565 set=8(mx93,prim1.09) con=382.0 inst=2 ldT=0.375 | asc=0.0 gumsa=0.0 tenure=5.0y levy=425773.9 resent(mean/max)=0.0/0.0 revs=42 | 2.9m eta10m
  !! SPATIAL: PACKED AND SPARSE AT ONCE (local 0.153 > 0.091 > regional 0.0033 /km2) on 2.1% of the land -- the population is NOT food-limited, it is failing to disperse; any carrying-capacity reading of this run is void
  ~~ demography: 7/16 in band  worst: m_5_15=0.0458(4.58x), frac_motherless=0(0.00x), surv_to_45=0.188(0.44x), surv_to_15=0.392(0.59x)
[ 3425/15000] pop=   505 bd=   7 bigbd=3(med108) strat=0.0% giniC=0.499 dyn:eff=13.0 top=0.2 nlin=34 lpb=11.86/dom=0.259 mRSg=0.544 set=7(mx93,prim1.01) con=390.0 inst=1 ldT=0.429 | asc=0.0 gumsa=0.0 tenure=5.0y levy=241343.8 resent(mean/max)=0.0/0.0 revs=42 | 2.9m eta10m
  !! SPATIAL: PACKED AND SPARSE AT ONCE (local 0.170 > 0.091 > regional 0.0030 /km2) on 1.7% of the land -- the population is NOT food-limited, it is failing to disperse; any carrying-capacity reading of this run is void
  ~~ demography: 8/16 in band  worst: m_5_15=0.0461(4.61x), frac_motherless=0.0394(1.97x), surv_to_45=0.186(0.43x), surv_to_15=0.39(0.59x)
[ 3450/15000] pop=   459 bd=   6 bigbd=3(med117) strat=0.0% giniC=0.526 dyn:eff=13.4 top=0.196 nlin=33 lpb=12.67/dom=0.297 mRSg=0.543 set=6(mx114,prim1.19) con=334.0 inst=1 ldT=0.0 | asc=0.0 gumsa=0.0 tenure=5.0y levy=394873.8 resent(mean/max)=0.0/0.0 revs=42 | 2.9m eta10m
  !! SPATIAL: PACKED AND SPARSE AT ONCE (local 0.165 > 0.091 > regional 0.0031 /km2) on 1.9% of the land -- the population is NOT food-limited, it is failing to disperse; any carrying-capacity reading of this run is void
  ~~ demography: 8/16 in band  worst: m_5_15=0.046(4.60x), band_med_adults=58(2.06x), surv_to_45=0.187(0.43x), surv_to_15=0.392(0.59x)
[ 3475/15000] pop=   478 bd=   5 bigbd=3(med123) strat=0.0% giniC=0.525 dyn:eff=13.1 top=0.199 nlin=31 lpb=13.6/dom=0.296 mRSg=0.517 set=7(mx110,prim1.06) con=349.0 inst=1 ldT=0.0 | asc=0.0 gumsa=0.0 tenure=5.0y levy=622471.9 resent(mean/max)=0.0/0.0 revs=42 | 2.9m eta10m
  !! SPATIAL: PACKED AND SPARSE AT ONCE (local 0.191 > 0.091 > regional 0.0031 /km2) on 1.6% of the land -- the population is NOT food-limited, it is failing to disperse; any carrying-capacity reading of this run is void
  ~~ demography: 8/16 in band  worst: m_5_15=0.0459(4.59x), band_med_adults=61(2.16x), surv_to_45=0.188(0.44x), surv_to_15=0.392(0.59x)
[ 3500/15000] pop=   477 bd=   5 bigbd=3(med123) strat=0.0% giniC=0.524 dyn:eff=12.7 top=0.203 nlin=29 lpb=12.6/dom=0.327 mRSg=0.511 set=6(mx112,prim1.2) con=351.0 inst=2 ldT=0.0 | asc=0.0 gumsa=0.0 tenure=5.0y levy=446840.1 resent(mean/max)=0.0/0.0 revs=42 | 2.9m eta10m
  !! SPATIAL: PACKED AND SPARSE AT ONCE (local 0.205 > 0.091 > regional 0.0032 /km2) on 1.6% of the land -- the population is NOT food-limited, it is failing to disperse; any carrying-capacity reading of this run is void
  ~~ demography: 6/16 in band  !! AGE STRUCTURE OUT OF BAND -> every marker above demography in the ladder is PROVISIONAL  worst: m_5_15=0.0458(4.58x), band_med_adults=59(2.09x), frac_motherless=0.036(1.80x), surv_to_45=0.189(0.44x)
[ 3525/15000] pop=   492 bd=   5 bigbd=3(med121) strat=0.0% giniC=0.523 dyn:eff=12.3 top=0.209 nlin=29 lpb=12.4/dom=0.34 mRSg=0.51 set=7(mx107,prim1.06) con=356.0 inst=3 ldT=0.0 | asc=0.0 gumsa=0.0 tenure=5.0y levy=626212.5 resent(mean/max)=0.0/0.0 revs=42 | 2.9m eta10m
  !! SPATIAL: PACKED AND SPARSE AT ONCE (local 0.177 > 0.091 > regional 0.0033 /km2) on 1.9% of the land -- the population is NOT food-limited, it is failing to disperse; any carrying-capacity reading of this run is void
  ~~ demography: 6/16 in band  !! AGE STRUCTURE OUT OF BAND -> every marker above demography in the ladder is PROVISIONAL  worst: m_5_15=0.0456(4.56x), band_med_adults=70(2.48x), frac_motherless=0.0075(0.38x), surv_to_45=0.19(0.44x)
[ 3550/15000] pop=   512 bd=   5 bigbd=3(med129) strat=0.0% giniC=0.525 dyn:eff=12.8 top=0.199 nlin=29 lpb=11.8/dom=0.334 mRSg=0.521 set=6(mx111,prim1.05) con=375.0 inst=2 ldT=0.4 | asc=0.0 gumsa=0.0 tenure=5.0y levy=3756871.7 resent(mean/max)=0.0/0.0 revs=42 | 3.0m eta10m
  !! SPATIAL: PACKED AND SPARSE AT ONCE (local 0.176 > 0.091 > regional 0.0034 /km2) on 1.9% of the land -- the population is NOT food-limited, it is failing to disperse; any carrying-capacity reading of this run is void
  ~~ demography: 6/16 in band  !! AGE STRUCTURE OUT OF BAND -> every marker above demography in the ladder is PROVISIONAL  worst: m_5_15=0.0454(4.54x), band_med_adults=71(2.52x), frac_motherless=0.0071(0.36x), surv_to_45=0.191(0.44x)
[ 3575/15000] pop=   529 bd=   5 bigbd=3(med134) strat=0.0% giniC=0.518 dyn:eff=12.5 top=0.204 nlin=29 lpb=11.8/dom=0.345 mRSg=0.544 set=6(mx125,prim1.2) con=386.0 inst=3 ldT=0.0 | asc=0.0 gumsa=0.0 tenure=5.0y levy=636981.6 resent(mean/max)=0.0/0.0 revs=42 | 3.0m eta10m
  !! SPATIAL: PACKED AND SPARSE AT ONCE (local 0.147 > 0.091 > regional 0.0033 /km2) on 2.3% of the land -- the population is NOT food-limited, it is failing to disperse; any carrying-capacity reading of this run is void
  ~~ demography: 6/16 in band  !! AGE STRUCTURE OUT OF BAND -> every marker above demography in the ladder is PROVISIONAL  worst: m_5_15=0.0454(4.54x), frac_fatherless=0.0889(1.78x), surv_to_45=0.191(0.44x), band_med_adults=39.5(1.40x)
[ 3600/15000] pop=   516 bd=   6 bigbd=3(med139) strat=0.0% giniC=0.531 dyn:eff=12.6 top=0.205 nlin=29 lpb=10.83/dom=0.362 mRSg=0.553 set=7(mx117,prim1.16) con=377.0 inst=1 ldT=0.4 | asc=0.0 gumsa=0.0 tenure=5.0y levy=541596.8 resent(mean/max)=0.0/0.0 revs=42 | 3.0m eta9m
  !! SPATIAL: PACKED AND SPARSE AT ONCE (local 0.159 > 0.091 > regional 0.0035 /km2) on 2.2% of the land -- the population is NOT food-limited, it is failing to disperse; any carrying-capacity reading of this run is void
  ~~ demography: 8/16 in band  worst: m_5_15=0.0452(4.52x), surv_to_45=0.192(0.45x), band_med_adults=39.5(1.40x), surv_to_15=0.397(0.60x)
[ 3625/15000] pop=   542 bd=   6 bigbd=3(med151) strat=0.0% giniC=0.529 dyn:eff=13.4 top=0.194 nlin=29 lpb=10.5/dom=0.374 mRSg=0.563 set=7(mx122,prim1.1) con=389.0 inst=0 ldT=0.167 | asc=0.017 gumsa=0.667 tenure=5.1y levy=631589.3 resent(mean/max)=0.0/0.0 revs=42 | 3.0m eta9m
  !! SPATIAL: PACKED AND SPARSE AT ONCE (local 0.174 > 0.091 > regional 0.0035 /km2) on 2.0% of the land -- the population is NOT food-limited, it is failing to disperse; any carrying-capacity reading of this run is void
  ~~ demography: 8/16 in band  worst: m_5_15=0.0451(4.51x), band_med_adults=10(0.35x), surv_to_45=0.193(0.45x), surv_to_15=0.397(0.60x)
[ 3650/15000] pop=   538 bd=   7 bigbd=3(med164) strat=0.0% giniC=0.539 dyn:eff=13.8 top=0.18 nlin=29 lpb=9.71/dom=0.352 mRSg=0.553 set=8(mx139,prim1.58) con=379.0 inst=2 ldT=0.0 | asc=0.017 gumsa=0.571 tenure=5.0y levy=338320.5 resent(mean/max)=0.0/0.0 revs=42 | 3.0m eta9m
  !! SPATIAL: PACKED AND SPARSE AT ONCE (local 0.176 > 0.091 > regional 0.0033 /km2) on 1.9% of the land -- the population is NOT food-limited, it is failing to disperse; any carrying-capacity reading of this run is void
  ~~ demography: 8/16 in band  worst: m_5_15=0.0451(4.51x), frac_motherless=0.0085(0.43x), surv_to_45=0.192(0.45x), surv_to_15=0.397(0.60x)
[ 3675/15000] pop=   509 bd=   6 bigbd=3(med138) strat=0.0% giniC=0.527 dyn:eff=13.3 top=0.193 nlin=29 lpb=10.83/dom=0.337 mRSg=0.573 set=6(mx114,prim1.15) con=368.0 inst=3 ldT=0.667 | asc=0.0 gumsa=0.0 tenure=5.1y levy=300127.0 resent(mean/max)=0.0/0.0 revs=43 | 3.1m eta9m
  !! SPATIAL: PACKED AND SPARSE AT ONCE (local 0.155 > 0.091 > regional 0.0030 /km2) on 1.9% of the land -- the population is NOT food-limited, it is failing to disperse; any carrying-capacity reading of this run is void
  ~~ demography: 8/16 in band  worst: m_5_15=0.0454(4.54x), frac_motherless=0(0.00x), surv_to_45=0.191(0.44x), surv_to_15=0.395(0.60x)
[ 3700/15000] pop=   466 bd=   6 bigbd=3(med86) strat=0.0% giniC=0.482 dyn:eff=12.1 top=0.21 nlin=28 lpb=10.83/dom=0.312 mRSg=0.591 set=7(mx93,prim1.31) con=227.5 inst=0 ldT=0.167 | asc=0.0 gumsa=0.0 tenure=5.1y levy=1731674.3 resent(mean/max)=0.0/0.0 revs=43 | 3.1m eta9m
  !! SPATIAL: PACKED AND SPARSE AT ONCE (local 0.180 > 0.091 > regional 0.0030 /km2) on 1.7% of the land -- the population is NOT food-limited, it is failing to disperse; any carrying-capacity reading of this run is void
  ~~ demography: 8/16 in band  worst: m_5_15=0.0454(4.54x), frac_motherless=0(0.00x), surv_to_45=0.191(0.44x), surv_to_15=0.394(0.60x)
[ 3725/15000] pop=   467 bd=   6 bigbd=3(med92) strat=0.0% giniC=0.484 dyn:eff=12.0 top=0.214 nlin=28 lpb=10.67/dom=0.339 mRSg=0.598 set=7(mx102,prim1.16) con=361.0 inst=2 ldT=0.167 | asc=0.0 gumsa=0.0 tenure=5.1y levy=1307843.4 resent(mean/max)=0.0/0.0 revs=43 | 3.1m eta9m
  !! SPATIAL: PACKED AND SPARSE AT ONCE (local 0.141 > 0.091 > regional 0.0031 /km2) on 2.2% of the land -- the population is NOT food-limited, it is failing to disperse; any carrying-capacity reading of this run is void
  ~~ demography: 7/16 in band  worst: m_5_15=0.0453(4.53x), frac_motherless=0(0.00x), surv_to_45=0.192(0.45x), surv_to_15=0.395(0.60x)
[ 3750/15000] pop=   480 bd=   6 bigbd=3(med103) strat=0.0% giniC=0.485 dyn:eff=12.0 top=0.221 nlin=28 lpb=10.33/dom=0.333 mRSg=0.606 set=7(mx100,prim1.1) con=369.0 inst=1 ldT=0.0 | asc=0.013 gumsa=0.333 tenure=5.1y levy=1044283.4 resent(mean/max)=0.0/0.0 revs=43 | 3.1m eta9m
  !! SPATIAL: PACKED AND SPARSE AT ONCE (local 0.148 > 0.091 > regional 0.0033 /km2) on 2.2% of the land -- the population is NOT food-limited, it is failing to disperse; any carrying-capacity reading of this run is void
  ~~ demography: 7/16 in band  worst: m_5_15=0.0451(4.51x), frac_motherless=0.0079(0.40x), surv_to_45=0.193(0.45x), band_med_adults=41.5(1.47x)
[ 3775/15000] pop=   502 bd=   6 bigbd=3(med112) strat=0.0% giniC=0.487 dyn:eff=12.7 top=0.207 nlin=28 lpb=10.17/dom=0.315 mRSg=0.603 set=7(mx100,prim1.1) con=385.0 inst=1 ldT=0.333 | asc=0.014 gumsa=0.333 tenure=5.1y levy=353349.4 resent(mean/max)=0.0/0.0 revs=43 | 3.1m eta9m
  !! SPATIAL: PACKED AND SPARSE AT ONCE (local 0.180 > 0.091 > regional 0.0034 /km2) on 1.9% of the land -- the population is NOT food-limited, it is failing to disperse; any carrying-capacity reading of this run is void
  ~~ demography: 8/16 in band  worst: m_5_15=0.045(4.50x), surv_to_45=0.194(0.45x), surv_to_15=0.396(0.60x), band_med_adults=38.5(1.37x)
[ 3800/15000] pop=   522 bd=   6 bigbd=3(med127) strat=0.0% giniC=0.49 dyn:eff=12.8 top=0.205 nlin=28 lpb=10.17/dom=0.305 mRSg=0.609 set=7(mx108,prim1.17) con=389.0 inst=2 ldT=0.0 | asc=0.013 gumsa=0.333 tenure=5.1y levy=1006123.3 resent(mean/max)=0.0/0.0 revs=43 | 3.1m eta9m
  !! SPATIAL: PACKED AND SPARSE AT ONCE (local 0.164 > 0.091 > regional 0.0035 /km2) on 2.1% of the land -- the population is NOT food-limited, it is failing to disperse; any carrying-capacity reading of this run is void
  ~~ demography: 8/16 in band  worst: m_5_15=0.045(4.50x), band_med_adults=69(2.45x), surv_to_45=0.195(0.45x), surv_to_15=0.397(0.60x)
[ 3825/15000] pop=   542 bd=   5 bigbd=3(med129) strat=0.0% giniC=0.488 dyn:eff=12.6 top=0.203 nlin=28 lpb=11.6/dom=0.308 mRSg=0.599 set=7(mx119,prim1.05) con=395.0 inst=2 ldT=0.2 | asc=0.013 gumsa=0.2 tenure=5.1y levy=1066737.8 resent(mean/max)=0.0/0.0 revs=43 | 3.1m eta9m
  !! SPATIAL: PACKED AND SPARSE AT ONCE (local 0.178 > 0.091 > regional 0.0036 /km2) on 2.0% of the land -- the population is NOT food-limited, it is failing to disperse; any carrying-capacity reading of this run is void
  ~~ demography: 8/16 in band  worst: m_5_15=0.0449(4.49x), band_med_adults=71(2.52x), frac_fatherless=0.0881(1.76x), surv_to_45=0.195(0.45x)
[ 3850/15000] pop=   551 bd=   5 bigbd=3(med131) strat=0.0% giniC=0.483 dyn:eff=12.8 top=0.2 nlin=28 lpb=11.4/dom=0.314 mRSg=0.606 set=7(mx112,prim1.07) con=417.0 inst=3 ldT=0.4 | asc=0.0 gumsa=0.0 tenure=5.1y levy=876726.5 resent(mean/max)=0.0/0.0 revs=44 | 3.1m eta9m
  !! SPATIAL: PACKED AND SPARSE AT ONCE (local 0.167 > 0.091 > regional 0.0036 /km2) on 2.1% of the land -- the population is NOT food-limited, it is failing to disperse; any carrying-capacity reading of this run is void
  ~~ demography: 7/16 in band  worst: m_5_15=0.0448(4.48x), band_med_adults=72(2.55x), frac_fatherless=0.0959(1.92x), frac_motherless=0.0068(0.34x)
[ 3875/15000] pop=   551 bd=   5 bigbd=3(med131) strat=0.0% giniC=0.479 dyn:eff=12.2 top=0.211 nlin=28 lpb=10.8/dom=0.323 mRSg=0.614 set=7(mx112,prim1.01) con=417.0 inst=0 ldT=0.6 | asc=0.0 gumsa=0.0 tenure=5.1y levy=1892269.3 resent(mean/max)=0.0/0.0 revs=44 | 3.2m eta9m
  !! SPATIAL: PACKED AND SPARSE AT ONCE (local 0.165 > 0.091 > regional 0.0035 /km2) on 2.1% of the land -- the population is NOT food-limited, it is failing to disperse; any carrying-capacity reading of this run is void
  ~~ demography: 7/16 in band  worst: m_5_15=0.0449(4.49x), frac_motherless=0.062(3.10x), band_med_adults=76(2.70x), frac_fatherless=0.101(2.02x)
[ 3900/15000] pop=   545 bd=   5 bigbd=3(med128) strat=0.0% giniC=0.473 dyn:eff=12.0 top=0.209 nlin=28 lpb=11.2/dom=0.284 mRSg=0.609 set=7(mx123,prim1.31) con=424.0 inst=2 ldT=0.0 | asc=0.0 gumsa=0.0 tenure=5.1y levy=992802.1 resent(mean/max)=0.0/0.0 revs=44 | 3.2m eta9m
  !! SPATIAL: PACKED AND SPARSE AT ONCE (local 0.179 > 0.091 > regional 0.0036 /km2) on 2.0% of the land -- the population is NOT food-limited, it is failing to disperse; any carrying-capacity reading of this run is void
  ~~ demography: 7/16 in band  worst: m_5_15=0.0447(4.47x), band_med_adults=76(2.70x), frac_motherless=0.0451(2.25x), surv_to_45=0.197(0.46x)
[ 3925/15000] pop=   555 bd=   5 bigbd=3(med125) strat=0.0% giniC=0.471 dyn:eff=11.8 top=0.207 nlin=27 lpb=12.2/dom=0.288 mRSg=0.606 set=8(mx100,prim1.02) con=431.0 inst=3 ldT=0.5 | asc=0.0 gumsa=0.0 tenure=5.1y levy=857314.2 resent(mean/max)=0.0/0.0 revs=44 | 3.2m eta9m
  !! SPATIAL: PACKED AND SPARSE AT ONCE (local 0.158 > 0.091 > regional 0.0037 /km2) on 2.3% of the land -- the population is NOT food-limited, it is failing to disperse; any carrying-capacity reading of this run is void
  ~~ demography: 8/16 in band  worst: m_5_15=0.0448(4.48x), band_med_adults=53(1.88x), frac_motherless=0.0373(1.86x), surv_to_45=0.197(0.46x)
[ 3950/15000] pop=   567 bd=   6 bigbd=3(med135) strat=0.0% giniC=0.472 dyn:eff=11.8 top=0.198 nlin=27 lpb=10.83/dom=0.314 mRSg=0.607 set=8(mx107,prim1.14) con=384.0 inst=2 ldT=0.5 | asc=0.0 gumsa=0.0 tenure=5.1y levy=716014.9 resent(mean/max)=0.0/0.0 revs=44 | 3.2m eta9m
  !! SPATIAL: PACKED AND SPARSE AT ONCE (local 0.178 > 0.091 > regional 0.0038 /km2) on 2.1% of the land -- the population is NOT food-limited, it is failing to disperse; any carrying-capacity reading of this run is void
  ~~ demography: 9/16 in band  worst: m_5_15=0.0447(4.47x), band_med_adults=53.5(1.90x), surv_to_45=0.198(0.46x), surv_to_15=0.399(0.60x)
[ 3975/15000] pop=   587 bd=   6 bigbd=3(med144) strat=0.0% giniC=0.471 dyn:eff=12.2 top=0.194 nlin=27 lpb=10.67/dom=0.303 mRSg=0.596 set=8(mx126,prim1.17) con=445.0 inst=4 ldT=0.333 | asc=0.0 gumsa=0.0 tenure=5.1y levy=1288672.9 resent(mean/max)=0.0/0.0 revs=44 | 3.2m eta9m
  !! SPATIAL: PACKED AND SPARSE AT ONCE (local 0.159 > 0.091 > regional 0.0039 /km2) on 2.5% of the land -- the population is NOT food-limited, it is failing to disperse; any carrying-capacity reading of this run is void
  ~~ demography: 10/16 in band  worst: m_5_15=0.0447(4.47x), band_med_adults=54(1.91x), surv_to_45=0.199(0.46x), surv_to_15=0.4(0.61x)
[ 4000/15000] pop=   606 bd=   6 bigbd=3(med148) strat=0.0% giniC=0.479 dyn:eff=12.1 top=0.195 nlin=27 lpb=10.83/dom=0.308 mRSg=0.602 set=8(mx114,prim1.21) con=461.0 inst=3 ldT=0.333 | asc=0.0 gumsa=0.0 tenure=5.1y levy=755228.2 resent(mean/max)=0.0/0.0 revs=44 | 3.3m eta9m
  !! SPATIAL: PACKED AND SPARSE AT ONCE (local 0.181 > 0.091 > regional 0.0041 /km2) on 2.3% of the land -- the population is NOT food-limited, it is failing to disperse; any carrying-capacity reading of this run is void
  ~~ demography: 9/16 in band  worst: m_5_15=0.0444(4.44x), band_med_adults=59(2.09x), surv_to_45=0.2(0.47x), frac_fatherless=0.076(1.52x)
[ 4025/15000] pop=   634 bd=   6 bigbd=3(med162) strat=0.0% giniC=0.478 dyn:eff=12.2 top=0.188 nlin=26 lpb=10.5/dom=0.313 mRSg=0.598 set=8(mx117,prim1.12) con=429.5 inst=2 ldT=0.0 | asc=0.0 gumsa=0.0 tenure=5.1y levy=720461.0 resent(mean/max)=0.0/0.0 revs=44 | 3.3m eta9m
  !! SPATIAL: PACKED AND SPARSE AT ONCE (local 0.190 > 0.091 > regional 0.0037 /km2) on 1.9% of the land -- the population is NOT food-limited, it is failing to disperse; any carrying-capacity reading of this run is void
  ~~ demography: 8/16 in band  worst: m_5_15=0.0447(4.47x), frac_fatherless=0.121(2.42x), band_med_adults=53(1.88x), frac_motherless=0.0076(0.38x)
[ 4050/15000] pop=   570 bd=   6 bigbd=3(med156) strat=0.0% giniC=0.464 dyn:eff=12.1 top=0.195 nlin=26 lpb=11.17/dom=0.255 mRSg=0.601 set=9(mx107,prim1.2) con=406.0 inst=3 ldT=0.4 | asc=0.049 gumsa=0.5 tenure=5.1y levy=420815.0 resent(mean/max)=0.0/0.0 revs=44 | 3.3m eta9m
  !! SPATIAL: PACKED AND SPARSE AT ONCE (local 0.171 > 0.091 > regional 0.0039 /km2) on 2.3% of the land -- the population is NOT food-limited, it is failing to disperse; any carrying-capacity reading of this run is void
  ~~ demography: 10/16 in band  worst: m_5_15=0.0445(4.45x), band_med_adults=54(1.91x), surv_to_45=0.2(0.47x), surv_to_15=0.4(0.61x)
[ 4075/15000] pop=   600 bd=   6 bigbd=3(med175) strat=0.0% giniC=0.453 dyn:eff=12.0 top=0.198 nlin=26 lpb=11.17/dom=0.259 mRSg=0.583 set=8(mx119,prim1.28) con=395.0 inst=3 ldT=0.25 | asc=0.052 gumsa=0.5 tenure=5.1y levy=725799.8 resent(mean/max)=0.0/0.0 revs=44 | 3.3m eta9m
  !! SPATIAL: PACKED AND SPARSE AT ONCE (local 0.162 > 0.091 > regional 0.0038 /km2) on 2.3% of the land -- the population is NOT food-limited, it is failing to disperse; any carrying-capacity reading of this run is void
  ~~ demography: 10/16 in band  worst: m_5_15=0.0445(4.45x), frac_fatherless=0.0803(1.61x), surv_to_45=0.2(0.47x), surv_to_15=0.4(0.61x)
[ 4100/15000] pop=   583 bd=   8 bigbd=3(med154) strat=0.0% giniC=0.441 dyn:eff=11.1 top=0.214 nlin=26 lpb=10.5/dom=0.275 mRSg=0.579 set=10(mx92,prim1.06) con=280.0 inst=3 ldT=0.2 | asc=0.122 gumsa=0.625 tenure=5.1y levy=626185.1 resent(mean/max)=0.0/0.0 revs=44 | 3.3m eta9m
  !! SPATIAL: PACKED AND SPARSE AT ONCE (local 0.145 > 0.091 > regional 0.0037 /km2) on 2.5% of the land -- the population is NOT food-limited, it is failing to disperse; any carrying-capacity reading of this run is void
  ~~ demography: 10/16 in band  worst: m_5_15=0.0446(4.46x), surv_to_45=0.2(0.47x), band_med_adults=14(0.50x), surv_to_15=0.399(0.60x)
[ 4125/15000] pop=   565 bd=   9 bigbd=3(med155) strat=0.0% giniC=0.436 dyn:eff=11.2 top=0.214 nlin=26 lpb=9.67/dom=0.307 mRSg=0.585 set=10(mx114,prim1.37) con=309.0 inst=2 ldT=0.571 | asc=0.122 gumsa=0.556 tenure=5.1y levy=590618.9 resent(mean/max)=0.0/0.0 revs=44 | 3.3m eta9m
  !! SPATIAL: PACKED AND SPARSE AT ONCE (local 0.138 > 0.091 > regional 0.0037 /km2) on 2.7% of the land -- the population is NOT food-limited, it is failing to disperse; any carrying-capacity reading of this run is void
  ~~ demography: 9/16 in band  worst: m_5_15=0.0445(4.45x), frac_motherless=0(0.00x), surv_to_45=0.2(0.47x), band_med_adults=16.5(0.59x)
[ 4150/15000] pop=   567 bd=   8 bigbd=3(med165) strat=0.0% giniC=0.439 dyn:eff=11.6 top=0.206 nlin=26 lpb=10.12/dom=0.287 mRSg=0.585 set=10(mx106,prim1.22) con=441.0 inst=2 ldT=0.375 | asc=0.12 gumsa=0.5 tenure=5.1y levy=2033431.4 resent(mean/max)=0.0/0.0 revs=44 | 3.4m eta9m
  !! SPATIAL: PACKED AND SPARSE AT ONCE (local 0.141 > 0.091 > regional 0.0038 /km2) on 2.7% of the land -- the population is NOT food-limited, it is failing to disperse; any carrying-capacity reading of this run is void
  ~~ demography: 8/16 in band  worst: m_5_15=0.0444(4.44x), frac_motherless=0(0.00x), frac_fatherless=0.0878(1.76x), surv_to_45=0.2(0.47x)
[ 4175/15000] pop=   580 bd=   8 bigbd=3(med164) strat=0.0% giniC=0.441 dyn:eff=13.0 top=0.179 nlin=27 lpb=10.62/dom=0.272 mRSg=0.574 set=10(mx109,prim1.12) con=445.5 inst=2 ldT=0.375 | asc=0.01 gumsa=0.375 tenure=5.1y levy=821529.4 resent(mean/max)=0.0/0.0 revs=44 | 3.4m eta9m
  !! SPATIAL: PACKED AND SPARSE AT ONCE (local 0.157 > 0.091 > regional 0.0039 /km2) on 2.5% of the land -- the population is NOT food-limited, it is failing to disperse; any carrying-capacity reading of this run is void
  ~~ demography: 9/16 in band  worst: m_5_15=0.0446(4.46x), frac_motherless=0.0063(0.32x), surv_to_45=0.201(0.47x), band_med_adults=14(0.50x)
[ 4200/15000] pop=   595 bd=   8 bigbd=3(med164) strat=0.0% giniC=0.447 dyn:eff=13.3 top=0.175 nlin=27 lpb=10.25/dom=0.28 mRSg=0.553 set=9(mx103,prim1.12) con=303.0 inst=0 ldT=0.25 | asc=0.01 gumsa=0.375 tenure=5.1y levy=1025484.6 resent(mean/max)=0.0/0.0 revs=44 | 3.4m eta9m
  !! SPATIAL: PACKED AND SPARSE AT ONCE (local 0.151 > 0.091 > regional 0.0038 /km2) on 2.5% of the land -- the population is NOT food-limited, it is failing to disperse; any carrying-capacity reading of this run is void
  ~~ demography: 9/16 in band  worst: m_5_15=0.0447(4.47x), frac_motherless=0.0064(0.32x), surv_to_45=0.201(0.47x), band_med_adults=16(0.57x)
[ 4225/15000] pop=   589 bd=   8 bigbd=3(med166) strat=0.0% giniC=0.446 dyn:eff=14.3 top=0.163 nlin=28 lpb=10.75/dom=0.252 mRSg=0.544 set=10(mx117,prim1.23) con=334.0 inst=4 ldT=0.0 | asc=0.007 gumsa=0.25 tenure=5.1y levy=649781.5 resent(mean/max)=0.0/0.0 revs=44 | 3.4m eta9m
  !! SPATIAL: PACKED AND SPARSE AT ONCE (local 0.183 > 0.091 > regional 0.0039 /km2) on 2.1% of the land -- the population is NOT food-limited, it is failing to disperse; any carrying-capacity reading of this run is void
  ~~ demography: 8/16 in band  !! AGE STRUCTURE OUT OF BAND -> every marker above demography in the ladder is PROVISIONAL  worst: m_5_15=0.0446(4.46x), frac_motherless=0.0061(0.30x), surv_to_45=0.201(0.47x), band_med_adults=15.5(0.55x)
[ 4250/15000] pop=   604 bd=   8 bigbd=3(med164) strat=0.0% giniC=0.456 dyn:eff=14.7 top=0.154 nlin=28 lpb=10.38/dom=0.261 mRSg=0.53 set=9(mx115,prim1.22) con=268.0 inst=6 ldT=0.75 | asc=0.003 gumsa=0.25 tenure=5.2y levy=846077.7 resent(mean/max)=0.0/0.0 revs=44 | 3.4m eta9m
  !! SPATIAL: PACKED AND SPARSE AT ONCE (local 0.147 > 0.091 > regional 0.0037 /km2) on 2.5% of the land -- the population is NOT food-limited, it is failing to disperse; any carrying-capacity reading of this run is void
  ~~ demography: 8/16 in band  worst: m_5_15=0.0449(4.49x), frac_motherless=0(0.00x), frac_fatherless=0.0851(1.70x), surv_to_45=0.201(0.47x)
[ 4275/15000] pop=   572 bd=   8 bigbd=3(med155) strat=0.0% giniC=0.445 dyn:eff=14.5 top=0.163 nlin=28 lpb=10.38/dom=0.253 mRSg=0.526 set=9(mx99,prim1.02) con=311.5 inst=0 ldT=0.125 | asc=0.003 gumsa=0.125 tenure=5.2y levy=676134.5 resent(mean/max)=0.0/0.0 revs=44 | 3.5m eta9m
  !! SPATIAL: PACKED AND SPARSE AT ONCE (local 0.146 > 0.091 > regional 0.0035 /km2) on 2.4% of the land -- the population is NOT food-limited, it is failing to disperse; any carrying-capacity reading of this run is void
  ~~ demography: 7/16 in band  worst: m_5_15=0.0451(4.51x), frac_motherless=0(0.00x), frac_fatherless=0.0956(1.91x), surv_to_45=0.199(0.46x)
[ 4300/15000] pop=   541 bd=   8 bigbd=3(med137) strat=0.0% giniC=0.458 dyn:eff=13.8 top=0.17 nlin=27 lpb=10.12/dom=0.261 mRSg=0.51 set=8(mx105,prim1.11) con=397.5 inst=4 ldT=0.571 | asc=0.006 gumsa=0.125 tenure=5.2y levy=998482.2 resent(mean/max)=0.0/0.0 revs=44 | 3.5m eta9m
  !! SPATIAL: PACKED AND SPARSE AT ONCE (local 0.141 > 0.091 > regional 0.0036 /km2) on 2.5% of the land -- the population is NOT food-limited, it is failing to disperse; any carrying-capacity reading of this run is void
  ~~ demography: 8/16 in band  worst: m_5_15=0.0449(4.49x), frac_fatherless=0.103(2.05x), frac_motherless=0(0.00x), surv_to_45=0.2(0.47x)
[ 4325/15000] pop=   551 bd=   7 bigbd=3(med145) strat=0.0% giniC=0.464 dyn:eff=14.2 top=0.158 nlin=27 lpb=10.57/dom=0.26 mRSg=0.544 set=8(mx117,prim1.26) con=284.5 inst=3 ldT=0.429 | asc=0.004 gumsa=0.143 tenure=5.2y levy=1007009.8 resent(mean/max)=0.0/0.0 revs=44 | 3.5m eta9m
  !! SPATIAL: PACKED AND SPARSE AT ONCE (local 0.137 > 0.091 > regional 0.0035 /km2) on 2.6% of the land -- the population is NOT food-limited, it is failing to disperse; any carrying-capacity reading of this run is void
  ~~ demography: 8/16 in band  worst: m_5_15=0.045(4.50x), frac_motherless=0(0.00x), frac_fatherless=0.093(1.86x), band_med_adults=50(1.77x)
[ 4350/15000] pop=   547 bd=   6 bigbd=3(med148) strat=0.0% giniC=0.435 dyn:eff=13.4 top=0.161 nlin=27 lpb=11.33/dom=0.249 mRSg=0.543 set=8(mx103,prim1.17) con=395.0 inst=4 ldT=0.333 | asc=0.0 gumsa=0.0 tenure=5.2y levy=834737.2 resent(mean/max)=0.0/0.0 revs=44 | 3.5m eta9m
  !! SPATIAL: PACKED AND SPARSE AT ONCE (local 0.147 > 0.091 > regional 0.0036 /km2) on 2.5% of the land -- the population is NOT food-limited, it is failing to disperse; any carrying-capacity reading of this run is void
  ~~ demography: 9/16 in band  worst: m_5_15=0.045(4.50x), frac_motherless=0(0.00x), surv_to_45=0.201(0.47x), surv_to_15=0.397(0.60x)
[ 4375/15000] pop=   560 bd=   7 bigbd=3(med137) strat=0.0% giniC=0.442 dyn:eff=13.9 top=0.157 nlin=27 lpb=11.71/dom=0.274 mRSg=0.533 set=8(mx106,prim1.08) con=335.0 inst=3 ldT=0.333 | asc=0.0 gumsa=0.0 tenure=5.2y levy=1011799.7 resent(mean/max)=0.0/0.0 revs=44 | 3.5m eta9m
  !! SPATIAL: PACKED AND SPARSE AT ONCE (local 0.161 > 0.091 > regional 0.0036 /km2) on 2.3% of the land -- the population is NOT food-limited, it is failing to disperse; any carrying-capacity reading of this run is void
  ~~ demography: 10/16 in band  worst: m_5_15=0.0449(4.49x), surv_to_45=0.201(0.47x), surv_to_15=0.398(0.60x), band_med_adults=18(0.64x)
[ 4400/15000] pop=   562 bd=   7 bigbd=3(med139) strat=0.0% giniC=0.447 dyn:eff=13.8 top=0.162 nlin=27 lpb=11.29/dom=0.26 mRSg=0.557 set=8(mx110,prim1.01) con=423.0 inst=1 ldT=0.167 | asc=0.0 gumsa=0.0 tenure=5.2y levy=333287.2 resent(mean/max)=0.0/0.0 revs=44 | 3.5m eta9m
  !! SPATIAL: PACKED AND SPARSE AT ONCE (local 0.171 > 0.091 > regional 0.0038 /km2) on 2.2% of the land -- the population is NOT food-limited, it is failing to disperse; any carrying-capacity reading of this run is void
  ~~ demography: 9/16 in band  worst: m_5_15=0.0448(4.48x), frac_motherless=0.0068(0.34x), surv_to_45=0.202(0.47x), surv_to_15=0.399(0.60x)
[ 4425/15000] pop=   580 bd=   7 bigbd=3(med152) strat=0.0% giniC=0.453 dyn:eff=14.3 top=0.15 nlin=27 lpb=11.14/dom=0.26 mRSg=0.553 set=9(mx125,prim1.42) con=143.0 inst=3 ldT=0.0 | asc=0.0 gumsa=0.0 tenure=5.2y levy=717178.6 resent(mean/max)=0.0/0.0 revs=44 | 3.6m eta8m
  !! SPATIAL: PACKED AND SPARSE AT ONCE (local 0.142 > 0.091 > regional 0.0038 /km2) on 2.7% of the land -- the population is NOT food-limited, it is failing to disperse; any carrying-capacity reading of this run is void
  ~~ demography: 9/16 in band  worst: m_5_15=0.0449(4.49x), frac_motherless=0(0.00x), surv_to_45=0.203(0.47x), band_med_adults=17(0.60x)
[ 4450/15000] pop=   581 bd=   7 bigbd=3(med162) strat=0.0% giniC=0.466 dyn:eff=14.6 top=0.139 nlin=27 lpb=11.57/dom=0.248 mRSg=0.565 set=9(mx121,prim1.29) con=300.0 inst=1 ldT=0.571 | asc=0.0 gumsa=0.0 tenure=5.2y levy=1975082.6 resent(mean/max)=0.0/0.0 revs=44 | 3.6m eta8m
  !! SPATIAL: PACKED AND SPARSE AT ONCE (local 0.144 > 0.091 > regional 0.0037 /km2) on 2.6% of the land -- the population is NOT food-limited, it is failing to disperse; any carrying-capacity reading of this run is void
  ~~ demography: 9/16 in band  worst: m_5_15=0.0448(4.48x), frac_motherless=0.0079(0.40x), surv_to_45=0.203(0.47x), surv_to_15=0.399(0.60x)
[ 4475/15000] pop=   578 bd=   7 bigbd=3(med161) strat=0.0% giniC=0.463 dyn:eff=14.3 top=0.14 nlin=27 lpb=11.43/dom=0.237 mRSg=0.561 set=9(mx132,prim1.22) con=158.0 inst=2 ldT=0.286 | asc=0.0 gumsa=0.0 tenure=5.2y levy=401455.3 resent(mean/max)=0.0/0.0 revs=44 | 3.6m eta8m
  !! SPATIAL: PACKED AND SPARSE AT ONCE (local 0.168 > 0.091 > regional 0.0036 /km2) on 2.1% of the land -- the population is NOT food-limited, it is failing to disperse; any carrying-capacity reading of this run is void
  ~~ demography: 9/16 in band  worst: m_5_15=0.045(4.50x), frac_motherless=0(0.00x), surv_to_45=0.203(0.47x), surv_to_15=0.398(0.60x)
[ 4500/15000] pop=   556 bd=   8 bigbd=3(med149) strat=0.0% giniC=0.463 dyn:eff=14.2 top=0.149 nlin=27 lpb=11.12/dom=0.225 mRSg=0.558 set=9(mx119,prim1.19) con=210.0 inst=2 ldT=0.143 | asc=0.04 gumsa=0.625 tenure=5.2y levy=420584.0 resent(mean/max)=0.0/0.0 revs=44 | 3.6m eta8m
  !! SPATIAL: PACKED AND SPARSE AT ONCE (local 0.134 > 0.091 > regional 0.0036 /km2) on 2.7% of the land -- the population is NOT food-limited, it is failing to disperse; any carrying-capacity reading of this run is void
  ~~ demography: 11/16 in band  worst: m_5_15=0.0448(4.48x), surv_to_45=0.203(0.47x), surv_to_15=0.398(0.60x), realised_ibi_med=32(0.93x)
[ 4525/15000] pop=   563 bd=   8 bigbd=4(med133.5) strat=0.0% giniC=0.46 dyn:eff=14.4 top=0.146 nlin=27 lpb=10.88/dom=0.233 mRSg=0.567 set=7(mx104,prim1.11) con=146.0 inst=2 ldT=0.125 | asc=0.039 gumsa=0.625 tenure=5.2y levy=783138.5 resent(mean/max)=0.0/0.0 revs=44 | 3.6m eta8m
  !! SPATIAL: PACKED AND SPARSE AT ONCE (local 0.158 > 0.091 > regional 0.0037 /km2) on 2.3% of the land -- the population is NOT food-limited, it is failing to disperse; any carrying-capacity reading of this run is void
  ~~ demography: 10/16 in band  worst: m_5_15=0.0447(4.47x), surv_to_45=0.204(0.47x), frac_fatherless=0.0242(0.48x), surv_to_15=0.399(0.60x)
[ 4550/15000] pop=   567 bd=   8 bigbd=4(med129.0) strat=0.0% giniC=0.462 dyn:eff=14.4 top=0.138 nlin=27 lpb=11.5/dom=0.242 mRSg=0.563 set=9(mx89,prim1.01) con=153.0 inst=3 ldT=0.571 | asc=0.025 gumsa=0.75 tenure=5.2y levy=529072.4 resent(mean/max)=0.0/0.0 revs=44 | 3.6m eta8m
  !! SPATIAL: PACKED AND SPARSE AT ONCE (local 0.174 > 0.091 > regional 0.0036 /km2) on 2.1% of the land -- the population is NOT food-limited, it is failing to disperse; any carrying-capacity reading of this run is void
  ~~ demography: 10/16 in band  worst: m_5_15=0.0447(4.47x), surv_to_45=0.204(0.47x), band_med_adults=15(0.53x), surv_to_15=0.398(0.60x)
[ 4575/15000] pop=   557 bd=   9 bigbd=3(med143) strat=0.0% giniC=0.453 dyn:eff=14.0 top=0.142 nlin=27 lpb=10.33/dom=0.277 mRSg=0.557 set=10(mx109,prim1.12) con=288.0 inst=4 ldT=0.5 | asc=0.029 gumsa=0.667 tenure=5.2y levy=1301467.9 resent(mean/max)=0.0/0.0 revs=44 | 3.7m eta8m
  !! SPATIAL: PACKED AND SPARSE AT ONCE (local 0.151 > 0.091 > regional 0.0036 /km2) on 2.4% of the land -- the population is NOT food-limited, it is failing to disperse; any carrying-capacity reading of this run is void
  ~~ demography: 10/16 in band  worst: m_5_15=0.0446(4.46x), frac_motherless=0(0.00x), surv_to_45=0.204(0.47x), surv_to_15=0.398(0.60x)
[ 4600/15000] pop=   560 bd=   8 bigbd=4(med121.5) strat=0.0% giniC=0.447 dyn:eff=13.4 top=0.159 nlin=27 lpb=10.75/dom=0.24 mRSg=0.556 set=8(mx91,prim1.1) con=296.0 inst=2 ldT=0.143 | asc=0.029 gumsa=0.625 tenure=5.2y levy=1369559.0 resent(mean/max)=0.0/0.0 revs=44 | 3.7m eta8m
  !! SPATIAL: PACKED AND SPARSE AT ONCE (local 0.165 > 0.091 > regional 0.0037 /km2) on 2.3% of the land -- the population is NOT food-limited, it is failing to disperse; any carrying-capacity reading of this run is void
  ~~ demography: 9/16 in band  worst: m_5_15=0.0445(4.45x), frac_motherless=0.0068(0.34x), surv_to_45=0.205(0.48x), surv_to_15=0.399(0.60x)
[ 4625/15000] pop=   577 bd=   8 bigbd=4(med125.5) strat=0.0% giniC=0.451 dyn:eff=13.7 top=0.163 nlin=27 lpb=10.62/dom=0.237 mRSg=0.543 set=9(mx108,prim1.09) con=324.0 inst=7 ldT=0.0 | asc=0.029 gumsa=0.5 tenure=5.2y levy=741453.8 resent(mean/max)=0.0/0.0 revs=44 | 3.7m eta8m
  !! SPATIAL: PACKED AND SPARSE AT ONCE (local 0.147 > 0.091 > regional 0.0036 /km2) on 2.5% of the land -- the population is NOT food-limited, it is failing to disperse; any carrying-capacity reading of this run is void
  ~~ demography: 9/16 in band  worst: m_5_15=0.0447(4.47x), frac_motherless=0(0.00x), surv_to_45=0.204(0.47x), band_med_adults=16(0.57x)
[ 4650/15000] pop=   557 bd=   9 bigbd=3(med129) strat=0.0% giniC=0.449 dyn:eff=14.0 top=0.154 nlin=27 lpb=11.0/dom=0.267 mRSg=0.527 set=10(mx94,prim1.08) con=397.0 inst=5 ldT=0.571 | asc=0.022 gumsa=0.667 tenure=5.2y levy=1422020.5 resent(mean/max)=0.0/0.0 revs=44 | 3.7m eta8m
  !! SPATIAL: PACKED AND SPARSE AT ONCE (local 0.146 > 0.091 > regional 0.0037 /km2) on 2.5% of the land -- the population is NOT food-limited, it is failing to disperse; any carrying-capacity reading of this run is void
  ~~ demography: 9/16 in band  worst: m_5_15=0.0446(4.46x), frac_motherless=0(0.00x), surv_to_45=0.205(0.48x), band_med_adults=14.5(0.51x)
[ 4675/15000] pop=   570 bd=  10 bigbd=3(med131) strat=0.0% giniC=0.441 dyn:eff=14.2 top=0.147 nlin=27 lpb=10.3/dom=0.286 mRSg=0.52 set=10(mx90,prim1.1) con=429.0 inst=5 ldT=0.25 | asc=0.026 gumsa=0.5 tenure=5.2y levy=922214.4 resent(mean/max)=0.0/0.0 revs=44 | 3.7m eta8m
  !! SPATIAL: PACKED AND SPARSE AT ONCE (local 0.142 > 0.091 > regional 0.0038 /km2) on 2.7% of the land -- the population is NOT food-limited, it is failing to disperse; any carrying-capacity reading of this run is void
  ~~ demography: 9/16 in band  worst: m_5_15=0.0446(4.46x), frac_motherless=0(0.00x), surv_to_45=0.205(0.48x), band_med_adults=16(0.57x)
[ 4700/15000] pop=   583 bd=   9 bigbd=3(med129) strat=0.0% giniC=0.433 dyn:eff=13.6 top=0.148 nlin=27 lpb=10.89/dom=0.275 mRSg=0.508 set=10(mx96,prim1.09) con=443.0 inst=5 ldT=0.556 | asc=0.026 gumsa=0.667 tenure=5.2y levy=2034653.3 resent(mean/max)=0.0/0.0 revs=44 | 3.8m eta8m
  !! SPATIAL: PACKED AND SPARSE AT ONCE (local 0.168 > 0.091 > regional 0.0039 /km2) on 2.3% of the land -- the population is NOT food-limited, it is failing to disperse; any carrying-capacity reading of this run is void
  ~~ demography: 9/16 in band  !! AGE STRUCTURE OUT OF BAND -> every marker above demography in the ladder is PROVISIONAL  worst: m_5_15=0.0446(4.46x), surv_to_45=0.206(0.48x), surv_to_15=0.399(0.60x), band_med_adults=18(0.64x)
[ 4725/15000] pop=   605 bd=   9 bigbd=3(med134) strat=0.0% giniC=0.434 dyn:eff=13.7 top=0.142 nlin=27 lpb=10.44/dom=0.296 mRSg=0.505 set=9(mx100,prim1.09) con=460.0 inst=4 ldT=0.111 | asc=0.033 gumsa=0.778 tenure=5.2y levy=555839.3 resent(mean/max)=0.0/0.0 revs=44 | 3.8m eta8m
  !! SPATIAL: PACKED AND SPARSE AT ONCE (local 0.194 > 0.091 > regional 0.0040 /km2) on 2.1% of the land; band commands 291 km2, inside its own 314 km2 catchment (Vita-Finzi & Higgs) -- the population is NOT food-limited, it is failing to disperse; any carrying-capacity reading of this run is void
  ~~ demography: 9/16 in band  !! AGE STRUCTURE OUT OF BAND -> every marker above demography in the ladder is PROVISIONAL  worst: m_5_15=0.0444(4.44x), surv_to_45=0.207(0.48x), band_med_adults=14(0.50x), surv_to_15=0.4(0.61x)
[ 4750/15000] pop=   622 bd=  11 bigbd=3(med131) strat=0.0% giniC=0.424 dyn:eff=13.3 top=0.151 nlin=28 lpb=9.91/dom=0.303 mRSg=0.505 set=11(mx119,prim1.05) con=475.0 inst=3 ldT=0.0 | asc=0.08 gumsa=0.636 tenure=5.2y levy=597863.1 resent(mean/max)=0.0/0.0 revs=44 | 3.8m eta8m
  !! SPATIAL: PACKED AND SPARSE AT ONCE (local 0.133 > 0.091 > regional 0.0038 /km2) on 2.8% of the land -- the population is NOT food-limited, it is failing to disperse; any carrying-capacity reading of this run is void
  ~~ demography: 8/16 in band  !! AGE STRUCTURE OUT OF BAND -> every marker above demography in the ladder is PROVISIONAL  worst: m_5_15=0.0446(4.46x), frac_motherless=0.0069(0.34x), surv_to_45=0.206(0.48x), surv_to_15=0.399(0.60x)
[ 4775/15000] pop=   586 bd=   9 bigbd=3(med134) strat=0.0% giniC=0.443 dyn:eff=13.6 top=0.16 nlin=27 lpb=10.22/dom=0.288 mRSg=0.511 set=9(mx116,prim1.2) con=451.0 inst=5 ldT=0.444 | asc=0.085 gumsa=0.778 tenure=5.2y levy=1291741.4 resent(mean/max)=0.0/0.0 revs=44 | 3.8m eta8m
  !! SPATIAL: PACKED AND SPARSE AT ONCE (local 0.141 > 0.091 > regional 0.0038 /km2) on 2.7% of the land -- the population is NOT food-limited, it is failing to disperse; any carrying-capacity reading of this run is void
  ~~ demography: 9/16 in band  worst: m_5_15=0.0446(4.46x), frac_motherless=0(0.00x), frac_fatherless=0.0867(1.73x), surv_to_45=0.206(0.48x)
[ 4800/15000] pop=   591 bd=   9 bigbd=4(med124.0) strat=0.0% giniC=0.439 dyn:eff=13.4 top=0.168 nlin=27 lpb=10.44/dom=0.28 mRSg=0.515 set=9(mx95,prim1.02) con=455.0 inst=7 ldT=0.556 | asc=0.086 gumsa=0.778 tenure=5.2y levy=941758.4 resent(mean/max)=0.0/0.0 revs=44 | 3.8m eta8m
  !! SPATIAL: PACKED AND SPARSE AT ONCE (local 0.119 > 0.091 > regional 0.0036 /km2) on 3.0% of the land -- the population is NOT food-limited, it is failing to disperse; any carrying-capacity reading of this run is void
  ~~ demography: 8/16 in band  worst: m_5_15=0.0446(4.46x), frac_fatherless=0.112(2.24x), frac_motherless=0(0.00x), surv_to_45=0.206(0.48x)
[ 4825/15000] pop=   559 bd=   9 bigbd=4(med116.0) strat=0.0% giniC=0.442 dyn:eff=14.0 top=0.154 nlin=27 lpb=10.33/dom=0.269 mRSg=0.537 set=9(mx106,prim1.26) con=431.0 inst=3 ldT=0.111 | asc=0.079 gumsa=0.778 tenure=5.2y levy=1584735.3 resent(mean/max)=0.0/0.0 revs=44 | 3.9m eta8m
  !! SPATIAL: PACKED AND SPARSE AT ONCE (local 0.189 > 0.091 > regional 0.0038 /km2) on 2.0% of the land -- the population is NOT food-limited, it is failing to disperse; any carrying-capacity reading of this run is void
  ~~ demography: 9/16 in band  worst: m_5_15=0.0445(4.45x), frac_fatherless=0.115(2.30x), frac_motherless=0(0.00x), surv_to_45=0.206(0.48x)
[ 4850/15000] pop=   587 bd=   9 bigbd=4(med114.0) strat=0.0% giniC=0.431 dyn:eff=13.9 top=0.158 nlin=27 lpb=10.67/dom=0.259 mRSg=0.53 set=9(mx93,prim1.09) con=451.5 inst=7 ldT=0.25 | asc=0.072 gumsa=0.667 tenure=5.2y levy=438901.5 resent(mean/max)=0.0/0.0 revs=44 | 3.9m eta8m
  !! SPATIAL: PACKED AND SPARSE AT ONCE (local 0.156 > 0.091 > regional 0.0038 /km2) on 2.5% of the land -- the population is NOT food-limited, it is failing to disperse; any carrying-capacity reading of this run is void
  ~~ demography: 8/16 in band  worst: m_5_15=0.0444(4.44x), frac_fatherless=0.104(2.08x), frac_motherless=0(0.00x), surv_to_45=0.207(0.48x)
[ 4875/15000] pop=   593 bd=  10 bigbd=3(med133) strat=0.0% giniC=0.433 dyn:eff=13.8 top=0.159 nlin=27 lpb=10.2/dom=0.26 mRSg=0.541 set=10(mx106,prim1.09) con=461.0 inst=5 ldT=0.333 | asc=0.076 gumsa=0.9 tenure=5.2y levy=616647.3 resent(mean/max)=0.0/0.0 revs=44 | 3.9m eta8m
  !! SPATIAL: PACKED AND SPARSE AT ONCE (local 0.161 > 0.091 > regional 0.0037 /km2) on 2.3% of the land -- the population is NOT food-limited, it is failing to disperse; any carrying-capacity reading of this run is void
  ~~ demography: 9/16 in band  worst: m_5_15=0.0443(4.43x), frac_fatherless=0.12(2.40x), surv_to_45=0.207(0.48x), band_med_adults=15(0.53x)
[ 4900/15000] pop=   579 bd=  10 bigbd=3(med129) strat=0.0% giniC=0.431 dyn:eff=14.2 top=0.152 nlin=27 lpb=10.3/dom=0.234 mRSg=0.556 set=9(mx99,prim1.1) con=448.0 inst=5 ldT=0.0 | asc=0.078 gumsa=0.8 tenure=5.2y levy=637237.6 resent(mean/max)=0.0/0.0 revs=44 | 3.9m eta8m
  !! SPATIAL: PACKED AND SPARSE AT ONCE (local 0.169 > 0.091 > regional 0.0039 /km2) on 2.3% of the land -- the population is NOT food-limited, it is failing to disperse; any carrying-capacity reading of this run is void
  ~~ demography: 9/16 in band  worst: m_5_15=0.0442(4.42x), frac_fatherless=0.106(2.12x), surv_to_45=0.208(0.48x), band_med_adults=16(0.57x)
[ 4925/15000] pop=   609 bd=  10 bigbd=3(med133) strat=0.0% giniC=0.424 dyn:eff=14.6 top=0.154 nlin=28 lpb=10.5/dom=0.252 mRSg=0.529 set=9(mx111,prim1.03) con=475.0 inst=6 ldT=0.1 | asc=0.072 gumsa=0.9 tenure=5.2y levy=1461267.9 resent(mean/max)=0.0/0.0 revs=44 | 3.9m eta8m
  !! SPATIAL: PACKED AND SPARSE AT ONCE (local 0.196 > 0.091 > regional 0.0042 /km2) on 2.1% of the land -- the population is NOT food-limited, it is failing to disperse; any carrying-capacity reading of this run is void
  ~~ demography: 8/16 in band  !! AGE STRUCTURE OUT OF BAND -> every marker above demography in the ladder is PROVISIONAL  worst: m_5_15=0.044(4.40x), frac_fatherless=0.12(2.41x), surv_to_45=0.209(0.49x), band_med_adults=15(0.53x)
[ 4950/15000] pop=   646 bd=  10 bigbd=3(med142) strat=0.0% giniC=0.429 dyn:eff=14.4 top=0.155 nlin=28 lpb=10.2/dom=0.265 mRSg=0.514 set=9(mx109,prim1.03) con=492.0 inst=9 ldT=0.2 | asc=0.062 gumsa=0.8 tenure=5.2y levy=1477621.0 resent(mean/max)=0.0/0.0 revs=44 | 4.0m eta8m
  !! SPATIAL: PACKED AND SPARSE AT ONCE (local 0.170 > 0.091 > regional 0.0038 /km2) on 2.3% of the land -- the population is NOT food-limited, it is failing to disperse; any carrying-capacity reading of this run is void
  ~~ demography: 9/16 in band  worst: m_5_15=0.0443(4.43x), frac_fatherless=0.109(2.18x), surv_to_45=0.208(0.48x), band_med_adults=14(0.50x)
[ 4975/15000] pop=   594 bd=   9 bigbd=3(med146) strat=0.0% giniC=0.45 dyn:eff=14.0 top=0.163 nlin=28 lpb=10.0/dom=0.274 mRSg=0.525 set=9(mx119,prim1.31) con=452.0 inst=6 ldT=0.375 | asc=0.062 gumsa=0.778 tenure=5.2y levy=1154866.0 resent(mean/max)=0.0/0.0 revs=44 | 4.0m eta8m
  !! SPATIAL: PACKED AND SPARSE AT ONCE (local 0.152 > 0.091 > regional 0.0037 /km2) on 2.5% of the land -- the population is NOT food-limited, it is failing to disperse; any carrying-capacity reading of this run is void
  ~~ demography: 9/16 in band  worst: m_5_15=0.0446(4.46x), frac_motherless=0.0577(2.88x), surv_to_45=0.207(0.48x), band_med_adults=16(0.57x)
[ 5000/15000] pop=   579 bd=   9 bigbd=3(med147) strat=0.0% giniC=0.451 dyn:eff=13.5 top=0.166 nlin=28 lpb=9.78/dom=0.278 mRSg=0.502 set=9(mx121,prim1.1) con=426.0 inst=4 ldT=0.0 | asc=0.079 gumsa=0.667 tenure=5.2y levy=981041.2 resent(mean/max)=0.0/0.0 revs=44 | 4.0m eta8m
  !! SPATIAL: PACKED AND SPARSE AT ONCE (local 0.153 > 0.091 > regional 0.0039 /km2) on 2.5% of the land -- the population is NOT food-limited, it is failing to disperse; any carrying-capacity reading of this run is void
  ~~ demography: 10/16 in band  worst: m_5_15=0.0446(4.46x), surv_to_45=0.207(0.48x), surv_to_15=0.398(0.60x), band_med_adults=20(0.71x)
[ 5025/15000] pop=   597 bd=   8 bigbd=3(med141) strat=0.0% giniC=0.441 dyn:eff=13.4 top=0.169 nlin=27 lpb=10.12/dom=0.277 mRSg=0.501 set=10(mx112,prim1.2) con=437.0 inst=5 ldT=0.25 | asc=0.018 gumsa=0.5 tenure=5.2y levy=932616.6 resent(mean/max)=0.0/0.0 revs=45 | 4.0m eta8m
  !! SPATIAL: PACKED AND SPARSE AT ONCE (local 0.157 > 0.091 > regional 0.0040 /km2) on 2.5% of the land -- the population is NOT food-limited, it is failing to disperse; any carrying-capacity reading of this run is void
  ~~ demography: 8/16 in band  !! AGE STRUCTURE OUT OF BAND -> every marker above demography in the ladder is PROVISIONAL  worst: m_5_15=0.0445(4.45x), frac_motherless=0.0312(1.56x), surv_to_45=0.207(0.48x), surv_to_15=0.399(0.60x)
[ 5050/15000] pop=   612 bd=   8 bigbd=3(med148) strat=0.0% giniC=0.45 dyn:eff=13.3 top=0.167 nlin=27 lpb=10.38/dom=0.286 mRSg=0.501 set=10(mx124,prim1.35) con=453.0 inst=4 ldT=0.375 | asc=0.013 gumsa=0.375 tenure=5.2y levy=1108283.9 resent(mean/max)=0.0/0.0 revs=45 | 4.1m eta8m
  !! SPATIAL: PACKED AND SPARSE AT ONCE (local 0.153 > 0.091 > regional 0.0040 /km2) on 2.6% of the land -- the population is NOT food-limited, it is failing to disperse; any carrying-capacity reading of this run is void
  ~~ demography: 7/16 in band  !! AGE STRUCTURE OUT OF BAND -> every marker above demography in the ladder is PROVISIONAL  worst: m_5_15=0.0445(4.45x), frac_motherless=0.0331(1.65x), frac_fatherless=0.0773(1.55x), surv_to_45=0.207(0.48x)
[ 5075/15000] pop=   611 bd=  10 bigbd=4(med125.5) strat=0.0% giniC=0.457 dyn:eff=12.8 top=0.177 nlin=27 lpb=9.5/dom=0.295 mRSg=0.507 set=11(mx128,prim1.49) con=458.0 inst=3 ldT=0.0 | asc=0.023 gumsa=0.3 tenure=5.2y levy=462201.7 resent(mean/max)=0.0/0.0 revs=45 | 4.1m eta8m
  !! SPATIAL: PACKED AND SPARSE AT ONCE (local 0.135 > 0.091 > regional 0.0038 /km2) on 2.8% of the land -- the population is NOT food-limited, it is failing to disperse; any carrying-capacity reading of this run is void
  ~~ demography: 9/16 in band  worst: m_5_15=0.0447(4.47x), frac_motherless=0.0311(1.55x), surv_to_45=0.207(0.48x), band_med_adults=15(0.53x)
[ 5100/15000] pop=   580 bd=  11 bigbd=3(med143) strat=0.0% giniC=0.455 dyn:eff=12.6 top=0.191 nlin=28 lpb=9.91/dom=0.322 mRSg=0.515 set=11(mx109,prim1.38) con=431.0 inst=4 ldT=0.0 | asc=0.026 gumsa=0.364 tenure=5.2y levy=1429430.2 resent(mean/max)=0.0/0.0 revs=45 | 4.1m eta8m
  !! SPATIAL: PACKED AND SPARSE AT ONCE (local 0.128 > 0.091 > regional 0.0038 /km2) on 3.0% of the land -- the population is NOT food-limited, it is failing to disperse; any carrying-capacity reading of this run is void
  ~~ demography: 8/16 in band  worst: m_5_15=0.0446(4.46x), frac_motherless=0.0427(2.14x), frac_fatherless=0.0793(1.59x), surv_to_45=0.207(0.48x)
[ 5125/15000] pop=   590 bd=  11 bigbd=3(med145) strat=0.0% giniC=0.455 dyn:eff=12.7 top=0.188 nlin=28 lpb=9.82/dom=0.313 mRSg=0.531 set=11(mx99,prim1.22) con=434.0 inst=1 ldT=0.091 | asc=0.0 gumsa=0.0 tenure=5.3y levy=1101741.6 resent(mean/max)=0.0/0.0 revs=46 | 4.1m eta8m
  !! SPATIAL: PACKED AND SPARSE AT ONCE (local 0.149 > 0.091 > regional 0.0039 /km2) on 2.6% of the land -- the population is NOT food-limited, it is failing to disperse; any carrying-capacity reading of this run is void
  ~~ demography: 9/16 in band  worst: m_5_15=0.0445(4.45x), frac_fatherless=0.0798(1.60x), band_med_adults=13(0.46x), surv_to_45=0.208(0.48x)
[ 5150/15000] pop=   595 bd=  11 bigbd=3(med145) strat=0.0% giniC=0.454 dyn:eff=12.6 top=0.187 nlin=27 lpb=9.45/dom=0.32 mRSg=0.55 set=11(mx98,prim1.01) con=239.0 inst=2 ldT=0.273 | asc=0.0 gumsa=0.0 tenure=5.3y levy=440222.5 resent(mean/max)=0.0/0.0 revs=46 | 4.1m eta8m
  !! SPATIAL: PACKED AND SPARSE AT ONCE (local 0.147 > 0.091 > regional 0.0039 /km2) on 2.7% of the land -- the population is NOT food-limited, it is failing to disperse; any carrying-capacity reading of this run is void
  ~~ demography: 10/16 in band  worst: m_5_15=0.0444(4.44x), band_med_adults=12(0.43x), surv_to_45=0.208(0.48x), surv_to_15=0.399(0.60x)
[ 5175/15000] pop=   603 bd=  11 bigbd=3(med152) strat=0.0% giniC=0.451 dyn:eff=13.0 top=0.171 nlin=27 lpb=8.55/dom=0.33 mRSg=0.564 set=10(mx98,prim1.09) con=440.0 inst=4 ldT=0.091 | asc=0.0 gumsa=0.0 tenure=5.3y levy=238798.5 resent(mean/max)=0.0/0.0 revs=46 | 4.1m eta8m
  !! SPATIAL: PACKED AND SPARSE AT ONCE (local 0.172 > 0.091 > regional 0.0039 /km2) on 2.3% of the land; band commands 292 km2, inside its own 314 km2 catchment (Vita-Finzi & Higgs) -- the population is NOT food-limited, it is failing to disperse; any carrying-capacity reading of this run is void
  ~~ demography: 8/16 in band  worst: m_5_15=0.0443(4.43x), frac_motherless=0.0064(0.32x), frac_fatherless=0.0191(0.38x), band_med_adults=13.5(0.48x)
[ 5200/15000] pop=   603 bd=  12 bigbd=3(med153) strat=0.0% giniC=0.45 dyn:eff=12.6 top=0.177 nlin=27 lpb=8.67/dom=0.338 mRSg=0.564 set=11(mx105,prim1.27) con=342.0 inst=1 ldT=0.2 | asc=0.0 gumsa=0.0 tenure=5.3y levy=539256.2 resent(mean/max)=0.0/0.0 revs=46 | 4.2m eta8m
  !! SPATIAL: PACKED AND SPARSE AT ONCE (local 0.172 > 0.091 > regional 0.0039 /km2) on 2.3% of the land; band commands 292 km2, inside its own 314 km2 catchment (Vita-Finzi & Higgs) -- the population is NOT food-limited, it is failing to disperse; any carrying-capacity reading of this run is void
  ~~ demography: 10/16 in band  worst: m_5_15=0.0443(4.43x), band_med_adults=13.5(0.48x), surv_to_45=0.209(0.49x), surv_to_15=0.399(0.60x)
[ 5225/15000] pop=   602 bd=  12 bigbd=3(med140) strat=0.0% giniC=0.44 dyn:eff=12.3 top=0.188 nlin=27 lpb=8.5/dom=0.35 mRSg=0.576 set=10(mx100,prim1.15) con=312.5 inst=2 ldT=0.083 | asc=0.0 gumsa=0.0 tenure=5.3y levy=692665.1 resent(mean/max)=0.0/0.0 revs=46 | 4.2m eta8m
  !! SPATIAL: PACKED AND SPARSE AT ONCE (local 0.140 > 0.091 > regional 0.0039 /km2) on 2.8% of the land -- the population is NOT food-limited, it is failing to disperse; any carrying-capacity reading of this run is void
  ~~ demography: 9/16 in band  worst: m_5_15=0.0443(4.43x), frac_fatherless=0.0791(1.58x), surv_to_45=0.209(0.49x), band_med_adults=14.5(0.51x)
[ 5250/15000] pop=   603 bd=  12 bigbd=3(med128) strat=0.0% giniC=0.428 dyn:eff=12.1 top=0.194 nlin=27 lpb=8.42/dom=0.354 mRSg=0.58 set=10(mx91,prim1.01) con=205.0 inst=5 ldT=0.25 | asc=0.015 gumsa=0.167 tenure=5.3y levy=1024437.5 resent(mean/max)=0.0/0.0 revs=46 | 4.2m eta8m
  !! SPATIAL: PACKED AND SPARSE AT ONCE (local 0.155 > 0.091 > regional 0.0039 /km2) on 2.5% of the land -- the population is NOT food-limited, it is failing to disperse; any carrying-capacity reading of this run is void
  ~~ demography: 9/16 in band  worst: m_5_15=0.0442(4.42x), frac_motherless=0.0072(0.36x), surv_to_45=0.209(0.49x), band_med_adults=14(0.50x)
[ 5275/15000] pop=   603 bd=  11 bigbd=3(med124) strat=0.0% giniC=0.421 dyn:eff=13.5 top=0.167 nlin=28 lpb=9.0/dom=0.317 mRSg=0.571 set=9(mx113,prim1.26) con=204.0 inst=4 ldT=0.091 | asc=0.017 gumsa=0.182 tenure=5.3y levy=756401.5 resent(mean/max)=0.0/0.0 revs=46 | 4.2m eta8m
  !! SPATIAL: PACKED AND SPARSE AT ONCE (local 0.143 > 0.091 > regional 0.0040 /km2) on 2.8% of the land -- the population is NOT food-limited, it is failing to disperse; any carrying-capacity reading of this run is void
  ~~ demography: 9/16 in band  worst: m_5_15=0.0441(4.41x), frac_motherless=0(0.00x), surv_to_45=0.209(0.49x), band_med_adults=16(0.57x)
[ 5300/15000] pop=   616 bd=  11 bigbd=3(med124) strat=0.0% giniC=0.413 dyn:eff=13.6 top=0.162 nlin=28 lpb=8.55/dom=0.321 mRSg=0.58 set=9(mx104,prim1.11) con=214.0 inst=6 ldT=0.545 | asc=0.018 gumsa=0.182 tenure=5.3y levy=2379089.4 resent(mean/max)=0.0/0.0 revs=46 | 4.2m eta8m
  !! SPATIAL: PACKED AND SPARSE AT ONCE (local 0.173 > 0.091 > regional 0.0040 /km2) on 2.3% of the land; band commands 300 km2, inside its own 314 km2 catchment (Vita-Finzi & Higgs) -- the population is NOT food-limited, it is failing to disperse; any carrying-capacity reading of this run is void
  ~~ demography: 10/16 in band  worst: m_5_15=0.044(4.40x), surv_to_45=0.21(0.49x), band_med_adults=14.5(0.51x), surv_to_15=0.4(0.61x)
[ 5325/15000] pop=   623 bd=  12 bigbd=3(med128) strat=0.0% giniC=0.416 dyn:eff=14.2 top=0.162 nlin=29 lpb=9.08/dom=0.28 mRSg=0.572 set=10(mx108,prim1.09) con=210.0 inst=4 ldT=0.5 | asc=0.018 gumsa=0.167 tenure=5.3y levy=1741275.6 resent(mean/max)=0.0/0.0 revs=46 | 4.2m eta8m
  !! SPATIAL: PACKED AND SPARSE AT ONCE (local 0.166 > 0.091 > regional 0.0042 /km2) on 2.5% of the land -- the population is NOT food-limited, it is failing to disperse; any carrying-capacity reading of this run is void
  ~~ demography: 10/16 in band  worst: m_5_15=0.0439(4.39x), band_med_adults=13.5(0.48x), surv_to_45=0.211(0.49x), surv_to_15=0.401(0.61x)
[ 5350/15000] pop=   646 bd=  12 bigbd=3(med133) strat=0.0% giniC=0.424 dyn:eff=14.0 top=0.163 nlin=29 lpb=9.17/dom=0.3 mRSg=0.568 set=10(mx99,prim1.04) con=219.0 inst=5 ldT=0.0 | asc=0.017 gumsa=0.167 tenure=5.3y levy=1012636.5 resent(mean/max)=0.0/0.0 revs=46 | 4.3m eta8m
  !! SPATIAL: PACKED AND SPARSE AT ONCE (local 0.153 > 0.091 > regional 0.0043 /km2) on 2.8% of the land -- the population is NOT food-limited, it is failing to disperse; any carrying-capacity reading of this run is void
  ~~ demography: 10/16 in band  worst: m_5_15=0.0439(4.39x), band_med_adults=12.5(0.44x), surv_to_45=0.211(0.49x), surv_to_15=0.401(0.61x)
[ 5375/15000] pop=   657 bd=  12 bigbd=3(med130) strat=0.0% giniC=0.429 dyn:eff=14.0 top=0.158 nlin=29 lpb=9.5/dom=0.309 mRSg=0.564 set=10(mx97,prim1.04) con=250.0 inst=3 ldT=0.417 | asc=0.017 gumsa=0.167 tenure=5.3y levy=2186282.1 resent(mean/max)=0.0/0.0 revs=46 | 4.3m eta8m
  !! SPATIAL: PACKED AND SPARSE AT ONCE (local 0.167 > 0.091 > regional 0.0044 /km2) on 2.7% of the land -- the population is NOT food-limited, it is failing to disperse; any carrying-capacity reading of this run is void
  ~~ demography: 11/16 in band  worst: m_5_15=0.0439(4.39x), band_med_adults=12.5(0.44x), surv_to_45=0.212(0.49x), surv_to_15=0.402(0.61x)
[ 5400/15000] pop=   683 bd=  12 bigbd=3(med124) strat=0.0% giniC=0.422 dyn:eff=13.8 top=0.155 nlin=29 lpb=9.33/dom=0.313 mRSg=0.553 set=10(mx106,prim1.04) con=277.0 inst=7 ldT=0.167 | asc=0.018 gumsa=0.083 tenure=5.4y levy=961417.8 resent(mean/max)=0.0/0.0 revs=46 | 4.3m eta8m
  !! SPATIAL: PACKED AND SPARSE AT ONCE (local 0.147 > 0.091 > regional 0.0045 /km2) on 3.0% of the land -- the population is NOT food-limited, it is failing to disperse; any carrying-capacity reading of this run is void
  ~~ demography: 10/16 in band  worst: m_5_15=0.0438(4.38x), frac_motherless=0.0054(0.27x), band_med_adults=11.5(0.41x), surv_to_45=0.213(0.50x)
[ 5425/15000] pop=   691 bd=  12 bigbd=3(med134) strat=0.0% giniC=0.417 dyn:eff=14.2 top=0.148 nlin=29 lpb=9.25/dom=0.331 mRSg=0.555 set=10(mx110,prim1.13) con=252.0 inst=1 ldT=0.417 | asc=0.016 gumsa=0.083 tenure=5.4y levy=893927.0 resent(mean/max)=0.0/0.0 revs=46 | 4.3m eta8m
  !! SPATIAL: PACKED AND SPARSE AT ONCE (local 0.173 > 0.091 > regional 0.0047 /km2) on 2.7% of the land -- the population is NOT food-limited, it is failing to disperse; any carrying-capacity reading of this run is void
  ~~ demography: 10/16 in band  worst: m_5_15=0.0436(4.36x), frac_motherless=0.005(0.25x), band_med_adults=11(0.39x), surv_to_45=0.214(0.50x)
[ 5450/15000] pop=   726 bd=  12 bigbd=3(med137) strat=0.0% giniC=0.422 dyn:eff=14.3 top=0.147 nlin=28 lpb=9.33/dom=0.337 mRSg=0.56 set=10(mx116,prim1.08) con=141.0 inst=5 ldT=0.25 | asc=0.017 gumsa=0.083 tenure=5.4y levy=607854.8 resent(mean/max)=0.0/0.0 revs=46 | 4.4m eta8m
  !! SPATIAL: PACKED AND SPARSE AT ONCE (local 0.191 > 0.091 > regional 0.0047 /km2) on 2.5% of the land -- the population is NOT food-limited, it is failing to disperse; any carrying-capacity reading of this run is void
  ~~ demography: 10/16 in band  worst: m_5_15=0.0436(4.36x), frac_motherless=0.0052(0.26x), band_med_adults=12(0.43x), surv_to_45=0.214(0.50x)
[ 5475/15000] pop=   725 bd=  11 bigbd=3(med143) strat=0.0% giniC=0.428 dyn:eff=14.4 top=0.139 nlin=28 lpb=9.91/dom=0.333 mRSg=0.566 set=8(mx121,prim1.06) con=305.0 inst=0 ldT=0.273 | asc=0.018 gumsa=0.091 tenure=5.4y levy=1156814.2 resent(mean/max)=0.0/0.0 revs=46 | 4.4m eta8m
  !! SPATIAL: PACKED AND SPARSE AT ONCE (local 0.150 > 0.091 > regional 0.0049 /km2) on 3.2% of the land -- the population is NOT food-limited, it is failing to disperse; any carrying-capacity reading of this run is void
  ~~ demography: 10/16 in band  worst: m_5_15=0.0436(4.36x), frac_motherless=0(0.00x), band_med_adults=13(0.46x), surv_to_45=0.215(0.50x)
[ 5500/15000] pop=   752 bd=  11 bigbd=3(med160) strat=0.0% giniC=0.437 dyn:eff=14.0 top=0.145 nlin=28 lpb=9.55/dom=0.338 mRSg=0.554 set=10(mx117,prim1.08) con=429.0 inst=7 ldT=0.182 | asc=0.041 gumsa=0.545 tenure=5.4y levy=1022871.0 resent(mean/max)=0.0/0.0 revs=46 | 4.4m eta8m
  !! SPATIAL: PACKED AND SPARSE AT ONCE (local 0.158 > 0.091 > regional 0.0049 /km2) on 3.1% of the land -- the population is NOT food-limited, it is failing to disperse; any carrying-capacity reading of this run is void
  ~~ demography: 10/16 in band  worst: m_5_15=0.0435(4.35x), frac_motherless=0(0.00x), band_med_adults=13(0.46x), surv_to_45=0.215(0.50x)
[ 5525/15000] pop=   759 bd=  11 bigbd=3(med161) strat=0.0% giniC=0.427 dyn:eff=14.2 top=0.144 nlin=27 lpb=9.64/dom=0.343 mRSg=0.541 set=10(mx117,prim1.15) con=280.0 inst=5 ldT=0.0 | asc=0.04 gumsa=0.455 tenure=5.4y levy=2005882.1 resent(mean/max)=0.0/0.0 revs=46 | 4.4m eta8m
  !! SPATIAL: PACKED AND SPARSE AT ONCE (local 0.166 > 0.091 > regional 0.0047 /km2) on 2.8% of the land -- the population is NOT food-limited, it is failing to disperse; any carrying-capacity reading of this run is void
  ~~ demography: 11/16 in band  worst: m_5_15=0.0436(4.36x), band_med_adults=14(0.50x), surv_to_45=0.215(0.50x), surv_to_15=0.403(0.61x)
[ 5550/15000] pop=   732 bd=  12 bigbd=3(med137) strat=0.0% giniC=0.416 dyn:eff=13.2 top=0.154 nlin=27 lpb=10.17/dom=0.312 mRSg=0.545 set=12(mx108,prim1.09) con=278.5 inst=2 ldT=0.556 | asc=0.033 gumsa=0.417 tenure=5.4y levy=2450524.9 resent(mean/max)=0.0/0.0 revs=46 | 4.5m eta8m
  !! SPATIAL: PACKED AND SPARSE AT ONCE (local 0.118 > 0.091 > regional 0.0043 /km2) on 3.6% of the land -- the population is NOT food-limited, it is failing to disperse; any carrying-capacity reading of this run is void
  ~~ demography: 10/16 in band  worst: m_5_15=0.044(4.40x), frac_motherless=0.038(1.90x), band_med_adults=12(0.43x), surv_to_45=0.212(0.49x)
[ 5575/15000] pop=   663 bd=  12 bigbd=3(med131) strat=0.0% giniC=0.423 dyn:eff=13.2 top=0.158 nlin=27 lpb=9.67/dom=0.319 mRSg=0.541 set=11(mx95,prim1.1) con=406.0 inst=4 ldT=0.455 | asc=0.048 gumsa=0.417 tenure=5.4y levy=968434.9 resent(mean/max)=0.0/0.0 revs=46 | 4.5m eta8m
  !! SPATIAL: PACKED AND SPARSE AT ONCE (local 0.132 > 0.091 > regional 0.0044 /km2) on 3.4% of the land -- the population is NOT food-limited, it is failing to disperse; any carrying-capacity reading of this run is void
  ~~ demography: 11/16 in band  worst: m_5_15=0.0438(4.38x), band_med_adults=12.5(0.44x), surv_to_45=0.213(0.50x), surv_to_15=0.401(0.61x)
[ 5600/15000] pop=   684 bd=  12 bigbd=3(med138) strat=0.0% giniC=0.428 dyn:eff=12.9 top=0.165 nlin=27 lpb=9.17/dom=0.346 mRSg=0.541 set=11(mx86,prim1.06) con=299.5 inst=4 ldT=0.25 | asc=0.048 gumsa=0.333 tenure=5.4y levy=2131576.9 resent(mean/max)=0.0/0.0 revs=46 | 4.5m eta8m
  !! SPATIAL: PACKED AND SPARSE AT ONCE (local 0.155 > 0.091 > regional 0.0045 /km2) on 2.9% of the land -- the population is NOT food-limited, it is failing to disperse; any carrying-capacity reading of this run is void
  ~~ demography: 9/16 in band  worst: m_5_15=0.0437(4.37x), frac_motherless=0.0057(0.29x), frac_fatherless=0.0857(1.71x), surv_to_45=0.213(0.50x)
[ 5625/15000] pop=   697 bd=  12 bigbd=4(med132.0) strat=0.0% giniC=0.428 dyn:eff=13.2 top=0.159 nlin=27 lpb=9.58/dom=0.348 mRSg=0.546 set=12(mx103,prim1.1) con=360.5 inst=7 ldT=0.364 | asc=0.017 gumsa=0.417 tenure=5.4y levy=1180153.3 resent(mean/max)=0.0/0.0 revs=47 | 4.5m eta8m
  !! SPATIAL: PACKED AND SPARSE AT ONCE (local 0.150 > 0.091 > regional 0.0043 /km2) on 2.8% of the land -- the population is NOT food-limited, it is failing to disperse; any carrying-capacity reading of this run is void
  ~~ demography: 10/16 in band  worst: m_5_15=0.0439(4.39x), frac_motherless=0.006(0.30x), band_med_adults=13(0.46x), surv_to_45=0.212(0.49x)
[ 5650/15000] pop=   661 bd=  11 bigbd=3(med145) strat=0.0% giniC=0.438 dyn:eff=13.8 top=0.165 nlin=27 lpb=9.55/dom=0.358 mRSg=0.553 set=10(mx109,prim1.18) con=303.0 inst=4 ldT=0.3 | asc=0.021 gumsa=0.455 tenure=5.4y levy=506202.5 resent(mean/max)=0.0/0.0 revs=47 | 4.5m eta8m
  !! SPATIAL: PACKED AND SPARSE AT ONCE (local 0.148 > 0.091 > regional 0.0043 /km2) on 2.9% of the land -- the population is NOT food-limited, it is failing to disperse; any carrying-capacity reading of this run is void
  ~~ demography: 9/16 in band  worst: m_5_15=0.0438(4.38x), frac_motherless=0(0.00x), frac_fatherless=0.0867(1.73x), surv_to_45=0.212(0.49x)
[ 5675/15000] pop=   666 bd=  10 bigbd=3(med151) strat=0.0% giniC=0.43 dyn:eff=13.7 top=0.168 nlin=27 lpb=9.6/dom=0.36 mRSg=0.565 set=11(mx120,prim1.22) con=385.0 inst=5 ldT=0.3 | asc=0.027 gumsa=0.5 tenure=5.4y levy=743410.2 resent(mean/max)=0.0/0.0 revs=47 | 4.6m eta7m
  !! SPATIAL: PACKED AND SPARSE AT ONCE (local 0.146 > 0.091 > regional 0.0042 /km2) on 2.9% of the land -- the population is NOT food-limited, it is failing to disperse; any carrying-capacity reading of this run is void
  ~~ demography: 10/16 in band  worst: m_5_15=0.0438(4.38x), frac_motherless=0(0.00x), band_med_adults=13(0.46x), surv_to_45=0.212(0.49x)
[ 5700/15000] pop=   656 bd=  11 bigbd=3(med140) strat=0.0% giniC=0.437 dyn:eff=14.0 top=0.166 nlin=27 lpb=9.73/dom=0.317 mRSg=0.558 set=12(mx110,prim1.02) con=382.0 inst=5 ldT=0.4 | asc=0.015 gumsa=0.273 tenure=5.4y levy=1495784.5 resent(mean/max)=0.0/0.0 revs=47 | 4.6m eta7m
  !! SPATIAL: PACKED AND SPARSE AT ONCE (local 0.130 > 0.091 > regional 0.0042 /km2) on 3.2% of the land -- the population is NOT food-limited, it is failing to disperse; any carrying-capacity reading of this run is void
  ~~ demography: 10/16 in band  worst: m_5_15=0.0438(4.38x), frac_motherless=0(0.00x), surv_to_45=0.212(0.49x), band_med_adults=14(0.50x)
[ 5725/15000] pop=   650 bd=   9 bigbd=3(med158) strat=0.0% giniC=0.425 dyn:eff=13.7 top=0.165 nlin=27 lpb=10.67/dom=0.256 mRSg=0.551 set=11(mx98,prim1.08) con=317.0 inst=4 ldT=0.333 | asc=0.018 gumsa=0.556 tenure=5.4y levy=1070580.4 resent(mean/max)=0.0/0.0 revs=47 | 4.6m eta7m
  !! SPATIAL: PACKED AND SPARSE AT ONCE (local 0.119 > 0.091 > regional 0.0042 /km2) on 3.6% of the land -- the population is NOT food-limited, it is failing to disperse; any carrying-capacity reading of this run is void
  ~~ demography: 10/16 in band  worst: m_5_15=0.0438(4.38x), frac_motherless=0(0.00x), surv_to_45=0.212(0.49x), band_med_adults=14(0.50x)
[ 5750/15000] pop=   652 bd=   9 bigbd=3(med162) strat=0.0% giniC=0.416 dyn:eff=14.1 top=0.169 nlin=28 lpb=10.78/dom=0.251 mRSg=0.57 set=11(mx87,prim1.01) con=374.0 inst=3 ldT=0.333 | asc=0.023 gumsa=0.556 tenure=5.4y levy=796778.6 resent(mean/max)=0.0/0.0 revs=47 | 4.6m eta7m
  !! SPATIAL: PACKED AND SPARSE AT ONCE (local 0.143 > 0.091 > regional 0.0043 /km2) on 3.0% of the land -- the population is NOT food-limited, it is failing to disperse; any carrying-capacity reading of this run is void
  ~~ demography: 10/16 in band  worst: m_5_15=0.0437(4.37x), frac_motherless=0(0.00x), surv_to_45=0.213(0.50x), band_med_adults=15(0.53x)
[ 5775/15000] pop=   670 bd=   9 bigbd=3(med169) strat=0.0% giniC=0.417 dyn:eff=13.5 top=0.178 nlin=27 lpb=10.89/dom=0.264 mRSg=0.561 set=11(mx106,prim1.14) con=520.0 inst=3 ldT=0.222 | asc=0.022 gumsa=0.444 tenure=5.4y levy=918345.7 resent(mean/max)=0.0/0.0 revs=47 | 4.6m eta7m
  !! SPATIAL: PACKED AND SPARSE AT ONCE (local 0.126 > 0.091 > regional 0.0044 /km2) on 3.5% of the land -- the population is NOT food-limited, it is failing to disperse; any carrying-capacity reading of this run is void
  ~~ demography: 9/16 in band  worst: m_5_15=0.0437(4.37x), frac_motherless=0.0052(0.26x), frac_fatherless=0.0838(1.68x), surv_to_45=0.213(0.50x)
[ 5800/15000] pop=   678 bd=  11 bigbd=3(med150) strat=0.0% giniC=0.42 dyn:eff=13.3 top=0.181 nlin=27 lpb=10.18/dom=0.277 mRSg=0.541 set=12(mx90,prim1.17) con=544.0 inst=4 ldT=0.222 | asc=0.021 gumsa=0.455 tenure=5.4y levy=894818.3 resent(mean/max)=0.0/0.0 revs=47 | 4.7m eta7m
  !! SPATIAL: PACKED AND SPARSE AT ONCE (local 0.141 > 0.091 > regional 0.0045 /km2) on 3.2% of the land -- the population is NOT food-limited, it is failing to disperse; any carrying-capacity reading of this run is void
  ~~ demography: 9/16 in band  !! AGE STRUCTURE OUT OF BAND -> every marker above demography in the ladder is PROVISIONAL  worst: m_5_15=0.0437(4.37x), frac_fatherless=0.078(1.56x), band_med_adults=13(0.46x), surv_to_45=0.213(0.50x)
[ 5825/15000] pop=   690 bd=  11 bigbd=3(med165) strat=0.0% giniC=0.421 dyn:eff=13.2 top=0.178 nlin=27 lpb=9.73/dom=0.263 mRSg=0.53 set=10(mx116,prim1.21) con=551.0 inst=4 ldT=0.091 | asc=0.026 gumsa=0.455 tenure=5.4y levy=453064.0 resent(mean/max)=0.0/0.0 revs=47 | 4.7m eta7m
  !! SPATIAL: PACKED AND SPARSE AT ONCE (local 0.116 > 0.091 > regional 0.0044 /km2) on 3.8% of the land -- the population is NOT food-limited, it is failing to disperse; any carrying-capacity reading of this run is void
  ~~ demography: 10/16 in band  worst: m_5_15=0.0437(4.37x), frac_fatherless=0.103(2.05x), surv_to_45=0.213(0.50x), band_med_adults=15(0.53x)
[ 5850/15000] pop=   674 bd=  10 bigbd=3(med172) strat=0.0% giniC=0.43 dyn:eff=13.5 top=0.172 nlin=28 lpb=10.1/dom=0.263 mRSg=0.534 set=8(mx116,prim1.2) con=413.0 inst=3 ldT=0.4 | asc=0.033 gumsa=0.6 tenure=5.4y levy=971394.2 resent(mean/max)=0.0/0.0 revs=47 | 4.7m eta7m
  !! SPATIAL: PACKED AND SPARSE AT ONCE (local 0.135 > 0.091 > regional 0.0044 /km2) on 3.2% of the land -- the population is NOT food-limited, it is failing to disperse; any carrying-capacity reading of this run is void
  ~~ demography: 11/16 in band  worst: m_5_15=0.0437(4.37x), surv_to_45=0.213(0.50x), band_med_adults=15.5(0.55x), surv_to_15=0.401(0.61x)
[ 5875/15000] pop=   673 bd=  10 bigbd=4(med143.0) strat=0.0% giniC=0.436 dyn:eff=13.1 top=0.183 nlin=28 lpb=10.6/dom=0.25 mRSg=0.533 set=11(mx91,prim1.2) con=464.5 inst=3 ldT=0.222 | asc=0.025 gumsa=0.5 tenure=5.4y levy=652205.5 resent(mean/max)=0.0/0.0 revs=47 | 4.7m eta7m
  !! SPATIAL: PACKED AND SPARSE AT ONCE (local 0.117 > 0.091 > regional 0.0043 /km2) on 3.7% of the land -- the population is NOT food-limited, it is failing to disperse; any carrying-capacity reading of this run is void
  ~~ demography: 11/16 in band  worst: m_5_15=0.0438(4.38x), surv_to_45=0.213(0.50x), band_med_adults=16.5(0.59x), surv_to_15=0.401(0.61x)
[ 5900/15000] pop=   665 bd=  10 bigbd=3(med158) strat=0.0% giniC=0.437 dyn:eff=14.4 top=0.161 nlin=28 lpb=10.5/dom=0.251 mRSg=0.511 set=10(mx112,prim1.19) con=532.0 inst=5 ldT=0.222 | asc=0.024 gumsa=0.4 tenure=5.4y levy=8283604.4 resent(mean/max)=0.0/0.0 revs=47 | 4.8m eta7m
  !! SPATIAL: PACKED AND SPARSE AT ONCE (local 0.114 > 0.091 > regional 0.0043 /km2) on 3.8% of the land -- the population is NOT food-limited, it is failing to disperse; any carrying-capacity reading of this run is void
  ~~ demography: 10/16 in band  worst: m_5_15=0.0438(4.38x), frac_motherless=0.0424(2.12x), surv_to_45=0.213(0.50x), band_med_adults=15(0.53x)
[ 5925/15000] pop=   662 bd=   9 bigbd=3(med170) strat=0.0% giniC=0.424 dyn:eff=14.4 top=0.157 nlin=28 lpb=11.11/dom=0.27 mRSg=0.511 set=10(mx86,prim1.04) con=521.0 inst=4 ldT=0.222 | asc=0.023 gumsa=0.556 tenure=5.4y levy=2149402.4 resent(mean/max)=0.0/0.0 revs=47 | 4.8m eta7m
  !! SPATIAL: PACKED AND SPARSE AT ONCE (local 0.128 > 0.091 > regional 0.0040 /km2) on 3.1% of the land -- the population is NOT food-limited, it is failing to disperse; any carrying-capacity reading of this run is void
  ~~ demography: 10/16 in band  worst: m_5_15=0.0438(4.38x), frac_fatherless=0.0861(1.72x), surv_to_45=0.212(0.49x), band_med_adults=16.5(0.59x)
[ 5950/15000] pop=   614 bd=  10 bigbd=3(med126) strat=0.0% giniC=0.428 dyn:eff=13.8 top=0.169 nlin=28 lpb=11.0/dom=0.263 mRSg=0.537 set=10(mx84,prim1.14) con=491.0 inst=7 ldT=0.75 | asc=0.024 gumsa=0.6 tenure=5.4y levy=2130889.4 resent(mean/max)=0.0/0.0 revs=47 | 4.8m eta7m
  !! SPATIAL: PACKED AND SPARSE AT ONCE (local 0.132 > 0.091 > regional 0.0042 /km2) on 3.2% of the land -- the population is NOT food-limited, it is failing to disperse; any carrying-capacity reading of this run is void
  ~~ demography: 10/16 in band  worst: m_5_15=0.0437(4.37x), frac_motherless=0.0057(0.29x), surv_to_45=0.212(0.49x), band_med_adults=15.5(0.55x)
[ 5975/15000] pop=   648 bd=  10 bigbd=3(med134) strat=0.0% giniC=0.428 dyn:eff=14.8 top=0.156 nlin=29 lpb=11.3/dom=0.268 mRSg=0.523 set=11(mx109,prim1.25) con=499.0 inst=4 ldT=0.3 | asc=0.019 gumsa=0.5 tenure=5.4y levy=1145946.0 resent(mean/max)=0.0/0.0 revs=47 | 4.8m eta7m
  !! SPATIAL: PACKED AND SPARSE AT ONCE (local 0.160 > 0.091 > regional 0.0042 /km2) on 2.7% of the land -- the population is NOT food-limited, it is failing to disperse; any carrying-capacity reading of this run is void
  ~~ demography: 10/16 in band  worst: m_5_15=0.0436(4.36x), frac_motherless=0(0.00x), surv_to_45=0.213(0.50x), band_med_adults=15.5(0.55x)
[ 6000/15000] pop=   656 bd=  10 bigbd=3(med134) strat=0.0% giniC=0.416 dyn:eff=14.5 top=0.157 nlin=29 lpb=11.2/dom=0.27 mRSg=0.545 set=10(mx91,prim1.05) con=532.0 inst=3 ldT=0.3 | asc=0.021 gumsa=0.6 tenure=5.4y levy=908329.8 resent(mean/max)=0.0/0.0 revs=47 | 4.9m eta7m
  !! SPATIAL: PACKED AND SPARSE AT ONCE (local 0.155 > 0.091 > regional 0.0042 /km2) on 2.7% of the land -- the population is NOT food-limited, it is failing to disperse; any carrying-capacity reading of this run is void
  ~~ demography: 11/16 in band  worst: m_5_15=0.0436(4.36x), band_med_adults=13.5(0.48x), surv_to_45=0.213(0.50x), surv_to_15=0.401(0.61x)
[ 6025/15000] pop=   653 bd=  10 bigbd=3(med139) strat=0.0% giniC=0.414 dyn:eff=14.3 top=0.162 nlin=29 lpb=11.0/dom=0.29 mRSg=0.537 set=10(mx98,prim1.18) con=531.0 inst=8 ldT=0.4 | asc=0.021 gumsa=0.6 tenure=5.5y levy=959409.7 resent(mean/max)=0.0/0.0 revs=47 | 4.9m eta7m
  !! SPATIAL: PACKED AND SPARSE AT ONCE (local 0.146 > 0.091 > regional 0.0043 /km2) on 2.9% of the land -- the population is NOT food-limited, it is failing to disperse; any carrying-capacity reading of this run is void
  ~~ demography: 11/16 in band  worst: m_5_15=0.0436(4.36x), band_med_adults=13(0.46x), surv_to_45=0.213(0.50x), surv_to_15=0.401(0.61x)
[ 6050/15000] pop=   659 bd=  11 bigbd=3(med126) strat=0.0% giniC=0.425 dyn:eff=13.8 top=0.173 nlin=29 lpb=10.64/dom=0.294 mRSg=0.52 set=11(mx108,prim1.14) con=526.5 inst=3 ldT=0.3 | asc=0.017 gumsa=0.727 tenure=5.4y levy=1665726.2 resent(mean/max)=0.0/0.0 revs=47 | 4.9m eta7m
  !! SPATIAL: PACKED AND SPARSE AT ONCE (local 0.161 > 0.091 > regional 0.0045 /km2) on 2.8% of the land -- the population is NOT food-limited, it is failing to disperse; any carrying-capacity reading of this run is void
  ~~ demography: 9/16 in band  !! AGE STRUCTURE OUT OF BAND -> every marker above demography in the ladder is PROVISIONAL  worst: m_5_15=0.0434(4.34x), frac_motherless=0(0.00x), band_med_adults=14(0.50x), surv_to_45=0.214(0.50x)
[ 6075/15000] pop=   694 bd=  11 bigbd=3(med135) strat=0.0% giniC=0.426 dyn:eff=13.6 top=0.177 nlin=29 lpb=10.18/dom=0.291 mRSg=0.523 set=10(mx97,prim1.07) con=555.0 inst=12 ldT=0.273 | asc=0.014 gumsa=0.636 tenure=5.4y levy=640866.3 resent(mean/max)=0.0/0.0 revs=47 | 4.9m eta7m
  !! SPATIAL: PACKED AND SPARSE AT ONCE (local 0.141 > 0.091 > regional 0.0045 /km2) on 3.2% of the land -- the population is NOT food-limited, it is failing to disperse; any carrying-capacity reading of this run is void
  ~~ demography: 9/16 in band  !! AGE STRUCTURE OUT OF BAND -> every marker above demography in the ladder is PROVISIONAL  worst: m_5_15=0.0435(4.35x), frac_motherless=0.0048(0.24x), band_med_adults=12(0.43x), surv_to_45=0.214(0.50x)
[ 6100/15000] pop=   690 bd=  11 bigbd=3(med138) strat=0.0% giniC=0.433 dyn:eff=13.5 top=0.178 nlin=29 lpb=10.64/dom=0.285 mRSg=0.523 set=10(mx114,prim1.12) con=556.0 inst=6 ldT=0.364 | asc=0.016 gumsa=0.455 tenure=5.5y levy=2164845.2 resent(mean/max)=0.0/0.0 revs=47 | 5.0m eta7m
  !! SPATIAL: PACKED AND SPARSE AT ONCE (local 0.155 > 0.091 > regional 0.0046 /km2) on 3.0% of the land -- the population is NOT food-limited, it is failing to disperse; any carrying-capacity reading of this run is void
  ~~ demography: 9/16 in band  !! AGE STRUCTURE OUT OF BAND -> every marker above demography in the ladder is PROVISIONAL  worst: m_5_15=0.0433(4.33x), frac_motherless=0(0.00x), band_med_adults=14(0.50x), surv_to_45=0.214(0.50x)
[ 6125/15000] pop=   712 bd=  11 bigbd=3(med144) strat=0.0% giniC=0.437 dyn:eff=14.0 top=0.173 nlin=29 lpb=10.45/dom=0.276 mRSg=0.525 set=11(mx111,prim1.19) con=553.0 inst=6 ldT=0.182 | asc=0.018 gumsa=0.455 tenure=5.5y levy=1273165.2 resent(mean/max)=0.0/0.0 revs=47 | 5.0m eta7m
  !! SPATIAL: PACKED AND SPARSE AT ONCE (local 0.162 > 0.091 > regional 0.0046 /km2) on 2.8% of the land -- the population is NOT food-limited, it is failing to disperse; any carrying-capacity reading of this run is void
  ~~ demography: 10/16 in band  !! AGE STRUCTURE OUT OF BAND -> every marker above demography in the ladder is PROVISIONAL  worst: m_5_15=0.0433(4.33x), surv_to_45=0.215(0.50x), band_med_adults=15.5(0.55x), surv_to_15=0.403(0.61x)
[ 6150/15000] pop=   711 bd=  10 bigbd=3(med142) strat=0.0% giniC=0.443 dyn:eff=14.3 top=0.166 nlin=29 lpb=10.9/dom=0.259 mRSg=0.53 set=11(mx106,prim1.1) con=554.0 inst=4 ldT=0.4 | asc=0.053 gumsa=0.5 tenure=5.4y levy=674585.7 resent(mean/max)=0.0/0.0 revs=47 | 5.0m eta7m
  !! SPATIAL: PACKED AND SPARSE AT ONCE (local 0.167 > 0.091 > regional 0.0044 /km2) on 2.7% of the land -- the population is NOT food-limited, it is failing to disperse; any carrying-capacity reading of this run is void
  ~~ demography: 11/16 in band  worst: m_5_15=0.0434(4.34x), band_med_adults=14(0.50x), surv_to_45=0.214(0.50x), surv_to_15=0.402(0.61x)
[ 6175/15000] pop=   686 bd=  11 bigbd=3(med142) strat=0.0% giniC=0.432 dyn:eff=15.1 top=0.16 nlin=31 lpb=11.0/dom=0.255 mRSg=0.535 set=11(mx112,prim1.01) con=531.0 inst=1 ldT=0.2 | asc=0.041 gumsa=0.545 tenure=5.5y levy=839561.5 resent(mean/max)=0.0/0.0 revs=47 | 5.0m eta7m
  !! SPATIAL: PACKED AND SPARSE AT ONCE (local 0.139 > 0.091 > regional 0.0046 /km2) on 3.3% of the land -- the population is NOT food-limited, it is failing to disperse; any carrying-capacity reading of this run is void
  ~~ demography: 10/16 in band  worst: m_5_15=0.0433(4.33x), frac_motherless=0.0335(1.68x), band_med_adults=13(0.46x), surv_to_45=0.215(0.50x)
[ 6200/15000] pop=   710 bd=  11 bigbd=3(med139) strat=0.0% giniC=0.422 dyn:eff=14.9 top=0.161 nlin=30 lpb=10.73/dom=0.262 mRSg=0.528 set=11(mx113,prim1.23) con=532.0 inst=5 ldT=0.091 | asc=0.041 gumsa=0.545 tenure=5.5y levy=729964.5 resent(mean/max)=0.0/0.0 revs=47 | 5.1m eta7m
  !! SPATIAL: PACKED AND SPARSE AT ONCE (local 0.141 > 0.091 > regional 0.0046 /km2) on 3.2% of the land -- the population is NOT food-limited, it is failing to disperse; any carrying-capacity reading of this run is void
  ~~ demography: 11/16 in band  worst: m_5_15=0.0432(4.32x), band_med_adults=14(0.50x), surv_to_45=0.215(0.50x), surv_to_15=0.402(0.61x)
[ 6225/15000] pop=   706 bd=  11 bigbd=3(med135) strat=0.0% giniC=0.42 dyn:eff=15.4 top=0.156 nlin=30 lpb=10.36/dom=0.292 mRSg=0.558 set=11(mx98,prim1.04) con=390.0 inst=4 ldT=0.5 | asc=0.044 gumsa=0.727 tenure=5.5y levy=556142.4 resent(mean/max)=0.0/0.0 revs=47 | 5.1m eta7m
  !! SPATIAL: PACKED AND SPARSE AT ONCE (local 0.156 > 0.091 > regional 0.0048 /km2) on 3.0% of the land -- the population is NOT food-limited, it is failing to disperse; any carrying-capacity reading of this run is void
  ~~ demography: 11/16 in band  worst: m_5_15=0.0432(4.32x), band_med_adults=13(0.46x), surv_to_45=0.215(0.50x), surv_to_15=0.402(0.61x)
[ 6250/15000] pop=   735 bd=  12 bigbd=3(med149) strat=0.0% giniC=0.425 dyn:eff=15.8 top=0.146 nlin=30 lpb=10.42/dom=0.281 mRSg=0.538 set=12(mx120,prim1.13) con=466.0 inst=3 ldT=0.4 | asc=0.052 gumsa=0.583 tenure=5.5y levy=706044.4 resent(mean/max)=0.0/0.0 revs=47 | 5.1m eta7m
  !! SPATIAL: PACKED AND SPARSE AT ONCE (local 0.150 > 0.091 > regional 0.0048 /km2) on 3.2% of the land -- the population is NOT food-limited, it is failing to disperse; any carrying-capacity reading of this run is void
  ~~ demography: 11/16 in band  worst: m_5_15=0.0432(4.32x), band_med_adults=12(0.43x), surv_to_45=0.215(0.50x), surv_to_15=0.402(0.61x)
[ 6275/15000] pop=   735 bd=  11 bigbd=3(med154) strat=0.0% giniC=0.424 dyn:eff=15.7 top=0.143 nlin=30 lpb=10.09/dom=0.277 mRSg=0.545 set=11(mx102,prim1.04) con=442.5 inst=2 ldT=0.273 | asc=0.044 gumsa=0.727 tenure=5.5y levy=1503030.9 resent(mean/max)=0.0/0.0 revs=47 | 5.2m eta7m
  !! SPATIAL: PACKED AND SPARSE AT ONCE (local 0.145 > 0.091 > regional 0.0044 /km2) on 3.0% of the land -- the population is NOT food-limited, it is failing to disperse; any carrying-capacity reading of this run is void
  ~~ demography: 9/16 in band  worst: m_5_15=0.0434(4.34x), frac_motherless=0.0489(2.44x), frac_fatherless=0.12(2.39x), band_med_adults=12(0.43x)
[ 6300/15000] pop=   683 bd=  12 bigbd=3(med152) strat=0.0% giniC=0.443 dyn:eff=15.9 top=0.138 nlin=29 lpb=9.83/dom=0.285 mRSg=0.538 set=11(mx106,prim1.08) con=423.0 inst=8 ldT=0.182 | asc=0.061 gumsa=0.583 tenure=5.4y levy=489186.9 resent(mean/max)=0.0/0.0 revs=47 | 5.2m eta7m
  !! SPATIAL: PACKED AND SPARSE AT ONCE (local 0.161 > 0.091 > regional 0.0045 /km2) on 2.8% of the land -- the population is NOT food-limited, it is failing to disperse; any carrying-capacity reading of this run is void
  ~~ demography: 9/16 in band  worst: m_5_15=0.0433(4.33x), frac_motherless=0.0428(2.14x), frac_fatherless=0.102(2.03x), band_med_adults=14(0.50x)
[ 6325/15000] pop=   692 bd=  11 bigbd=3(med146) strat=0.0% giniC=0.442 dyn:eff=15.2 top=0.139 nlin=29 lpb=10.36/dom=0.278 mRSg=0.542 set=11(mx118,prim1.12) con=348.0 inst=4 ldT=0.273 | asc=0.077 gumsa=0.636 tenure=5.4y levy=480441.1 resent(mean/max)=0.0/0.0 revs=47 | 5.2m eta7m
  !! SPATIAL: PACKED AND SPARSE AT ONCE (local 0.152 > 0.091 > regional 0.0044 /km2) on 2.9% of the land -- the population is NOT food-limited, it is failing to disperse; any carrying-capacity reading of this run is void
  ~~ demography: 10/16 in band  worst: m_5_15=0.0434(4.34x), frac_fatherless=0.0828(1.66x), surv_to_45=0.214(0.50x), band_med_adults=15(0.53x)
[ 6350/15000] pop=   682 bd=   9 bigbd=3(med134) strat=0.0% giniC=0.44 dyn:eff=15.0 top=0.142 nlin=29 lpb=11.78/dom=0.236 mRSg=0.534 set=11(mx105,prim1.04) con=407.0 inst=4 ldT=0.111 | asc=0.069 gumsa=0.667 tenure=5.5y levy=629608.1 resent(mean/max)=0.0/0.0 revs=47 | 5.2m eta7m
  !! SPATIAL: PACKED AND SPARSE AT ONCE (local 0.140 > 0.091 > regional 0.0045 /km2) on 3.2% of the land -- the population is NOT food-limited, it is failing to disperse; any carrying-capacity reading of this run is void
  ~~ demography: 10/16 in band  worst: m_5_15=0.0434(4.34x), frac_fatherless=0.0914(1.83x), surv_to_45=0.214(0.50x), band_med_adults=16(0.57x)
[ 6375/15000] pop=   699 bd=   9 bigbd=3(med147) strat=0.0% giniC=0.439 dyn:eff=14.9 top=0.144 nlin=29 lpb=11.44/dom=0.257 mRSg=0.527 set=11(mx105,prim1.0) con=547.0 inst=3 ldT=0.0 | asc=0.093 gumsa=0.778 tenure=5.5y levy=2421716.3 resent(mean/max)=0.0/0.0 revs=47 | 5.3m eta7m
  !! SPATIAL: PACKED AND SPARSE AT ONCE (local 0.152 > 0.091 > regional 0.0046 /km2) on 3.0% of the land -- the population is NOT food-limited, it is failing to disperse; any carrying-capacity reading of this run is void
  ~~ demography: 9/16 in band  worst: m_5_15=0.0433(4.33x), frac_fatherless=0.0974(1.95x), frac_motherless=0.0051(0.26x), surv_to_45=0.214(0.50x)
[ 6400/15000] pop=   713 bd=   8 bigbd=3(med145) strat=0.0% giniC=0.44 dyn:eff=14.6 top=0.146 nlin=29 lpb=12.12/dom=0.269 mRSg=0.53 set=11(mx96,prim1.16) con=555.0 inst=6 ldT=0.25 | asc=0.095 gumsa=0.875 tenure=5.5y levy=2597229.7 resent(mean/max)=0.0/0.0 revs=47 | 5.3m eta7m
  !! SPATIAL: PACKED AND SPARSE AT ONCE (local 0.142 > 0.091 > regional 0.0047 /km2) on 3.3% of the land -- the population is NOT food-limited, it is failing to disperse; any carrying-capacity reading of this run is void
  ~~ demography: 10/16 in band  worst: m_5_15=0.0433(4.33x), frac_motherless=0(0.00x), surv_to_45=0.214(0.50x), surv_to_15=0.401(0.61x)
[ 6425/15000] pop=   725 bd=   8 bigbd=3(med138) strat=0.0% giniC=0.434 dyn:eff=14.4 top=0.148 nlin=29 lpb=11.38/dom=0.325 mRSg=0.536 set=10(mx136,prim1.4) con=563.5 inst=3 ldT=0.0 | asc=0.086 gumsa=0.625 tenure=5.5y levy=1429261.7 resent(mean/max)=0.0/0.0 revs=48 | 5.3m eta7m
  !! SPATIAL: PACKED AND SPARSE AT ONCE (local 0.139 > 0.091 > regional 0.0045 /km2) on 3.2% of the land -- the population is NOT food-limited, it is failing to disperse; any carrying-capacity reading of this run is void
  ~~ demography: 11/16 in band  worst: m_5_15=0.0434(4.34x), band_med_adults=13.5(0.48x), surv_to_45=0.214(0.50x), surv_to_15=0.401(0.61x)
[ 6450/15000] pop=   694 bd=  10 bigbd=3(med148) strat=0.0% giniC=0.442 dyn:eff=15.3 top=0.143 nlin=30 lpb=11.3/dom=0.318 mRSg=0.536 set=13(mx106,prim1.31) con=544.0 inst=0 ldT=0.286 | asc=0.037 gumsa=0.5 tenure=5.5y levy=542950.9 resent(mean/max)=0.0/0.0 revs=48 | 5.4m eta7m
  !! SPATIAL: PACKED AND SPARSE AT ONCE (local 0.150 > 0.091 > regional 0.0044 /km2) on 2.9% of the land -- the population is NOT food-limited, it is failing to disperse; any carrying-capacity reading of this run is void
  ~~ demography: 11/16 in band  worst: m_5_15=0.0435(4.35x), band_med_adults=12(0.43x), surv_to_45=0.213(0.50x), surv_to_15=0.4(0.61x)
[ 6475/15000] pop=   673 bd=  10 bigbd=3(med144) strat=0.0% giniC=0.448 dyn:eff=14.6 top=0.15 nlin=30 lpb=10.3/dom=0.326 mRSg=0.537 set=12(mx106,prim1.01) con=559.0 inst=6 ldT=0.1 | asc=0.039 gumsa=0.6 tenure=5.5y levy=1415863.2 resent(mean/max)=0.0/0.0 revs=48 | 5.4m eta7m
  !! SPATIAL: PACKED AND SPARSE AT ONCE (local 0.161 > 0.091 > regional 0.0045 /km2) on 2.8% of the land -- the population is NOT food-limited, it is failing to disperse; any carrying-capacity reading of this run is void
  ~~ demography: 10/16 in band  worst: m_5_15=0.0434(4.34x), band_med_adults=11.5(0.41x), frac_motherless=0.0308(1.54x), surv_to_45=0.213(0.50x)
[ 6500/15000] pop=   692 bd=  10 bigbd=3(med151) strat=0.0% giniC=0.45 dyn:eff=13.9 top=0.158 nlin=30 lpb=10.5/dom=0.337 mRSg=0.533 set=11(mx123,prim1.09) con=537.0 inst=4 ldT=0.2 | asc=0.042 gumsa=0.6 tenure=5.5y levy=930934.9 resent(mean/max)=0.0/0.0 revs=48 | 5.4m eta7m
  !! SPATIAL: PACKED AND SPARSE AT ONCE (local 0.151 > 0.091 > regional 0.0043 /km2) on 2.8% of the land -- the population is NOT food-limited, it is failing to disperse; any carrying-capacity reading of this run is void
  ~~ demography: 10/16 in band  worst: m_5_15=0.0436(4.36x), band_med_adults=10.5(0.37x), frac_fatherless=0.0774(1.55x), surv_to_45=0.213(0.50x)
[ 6525/15000] pop=   663 bd=  10 bigbd=3(med161) strat=0.0% giniC=0.463 dyn:eff=14.3 top=0.155 nlin=30 lpb=9.7/dom=0.361 mRSg=0.537 set=11(mx128,prim1.47) con=516.0 inst=3 ldT=0.3 | asc=0.053 gumsa=0.6 tenure=5.5y levy=491769.7 resent(mean/max)=0.0/0.0 revs=48 | 5.5m eta7m
  !! SPATIAL: PACKED AND SPARSE AT ONCE (local 0.146 > 0.091 > regional 0.0044 /km2) on 3.0% of the land -- the population is NOT food-limited, it is failing to disperse; any carrying-capacity reading of this run is void
  ~~ demography: 9/16 in band  worst: m_5_15=0.0436(4.36x), frac_fatherless=0.0971(1.94x), surv_to_45=0.213(0.50x), band_med_adults=14(0.50x)
[ 6550/15000] pop=   673 bd=   9 bigbd=3(med152) strat=0.0% giniC=0.454 dyn:eff=15.5 top=0.147 nlin=31 lpb=10.89/dom=0.309 mRSg=0.53 set=12(mx116,prim1.01) con=506.0 inst=2 ldT=0.111 | asc=0.059 gumsa=0.778 tenure=5.5y levy=1268717.6 resent(mean/max)=0.0/0.0 revs=48 | 5.5m eta7m
  !! SPATIAL: PACKED AND SPARSE AT ONCE (local 0.160 > 0.091 > regional 0.0045 /km2) on 2.8% of the land -- the population is NOT food-limited, it is failing to disperse; any carrying-capacity reading of this run is void
  ~~ demography: 9/16 in band  worst: m_5_15=0.0435(4.35x), frac_motherless=0.0054(0.27x), frac_fatherless=0.0811(1.62x), band_med_adults=12(0.43x)
[ 6575/15000] pop=   688 bd=   9 bigbd=3(med152) strat=0.0% giniC=0.45 dyn:eff=15.3 top=0.147 nlin=30 lpb=10.44/dom=0.326 mRSg=0.535 set=11(mx112,prim1.29) con=530.0 inst=4 ldT=0.0 | asc=0.055 gumsa=0.889 tenure=5.5y levy=1466627.3 resent(mean/max)=0.0/0.0 revs=48 | 5.5m eta7m
  !! SPATIAL: PACKED AND SPARSE AT ONCE (local 0.137 > 0.091 > regional 0.0043 /km2) on 3.2% of the land -- the population is NOT food-limited, it is failing to disperse; any carrying-capacity reading of this run is void
  ~~ demography: 8/16 in band  worst: m_5_15=0.0436(4.36x), frac_motherless=0(0.00x), frac_fatherless=0.0809(1.62x), surv_to_45=0.213(0.50x)
[ 6600/15000] pop=   670 bd=   8 bigbd=3(med126) strat=0.0% giniC=0.43 dyn:eff=15.1 top=0.145 nlin=29 lpb=11.0/dom=0.307 mRSg=0.55 set=12(mx90,prim1.05) con=543.0 inst=3 ldT=0.0 | asc=0.058 gumsa=0.875 tenure=5.5y levy=927185.4 resent(mean/max)=0.0/0.0 revs=48 | 5.5m eta7m
  !! SPATIAL: PACKED AND SPARSE AT ONCE (local 0.149 > 0.091 > regional 0.0044 /km2) on 2.9% of the land -- the population is NOT food-limited, it is failing to disperse; any carrying-capacity reading of this run is void
  ~~ demography: 9/16 in band  worst: m_5_15=0.0436(4.36x), band_med_adults=60(2.13x), frac_motherless=0(0.00x), surv_to_45=0.213(0.50x)
[ 6625/15000] pop=   672 bd=   6 bigbd=3(med133) strat=0.0% giniC=0.424 dyn:eff=15.1 top=0.144 nlin=29 lpb=12.67/dom=0.336 mRSg=0.554 set=12(mx107,prim1.11) con=548.0 inst=9 ldT=0.5 | asc=0.06 gumsa=0.833 tenure=5.6y levy=806923.6 resent(mean/max)=0.0/0.0 revs=48 | 5.6m eta7m
  !! SPATIAL: PACKED AND SPARSE AT ONCE (local 0.135 > 0.091 > regional 0.0043 /km2) on 3.2% of the land -- the population is NOT food-limited, it is failing to disperse; any carrying-capacity reading of this run is void
  ~~ demography: 9/16 in band  worst: m_5_15=0.0437(4.37x), band_med_adults=58(2.06x), frac_motherless=0(0.00x), surv_to_45=0.213(0.50x)
[ 6650/15000] pop=   663 bd=   6 bigbd=3(med132) strat=0.0% giniC=0.429 dyn:eff=15.1 top=0.149 nlin=29 lpb=12.5/dom=0.325 mRSg=0.541 set=10(mx104,prim1.21) con=535.0 inst=2 ldT=0.167 | asc=0.089 gumsa=0.833 tenure=5.6y levy=1253143.5 resent(mean/max)=0.0/0.0 revs=48 | 5.6m eta7m
  !! SPATIAL: PACKED AND SPARSE AT ONCE (local 0.139 > 0.091 > regional 0.0042 /km2) on 3.0% of the land -- the population is NOT food-limited, it is failing to disperse; any carrying-capacity reading of this run is void
  ~~ demography: 11/16 in band  worst: m_5_15=0.0438(4.38x), band_med_adults=57.5(2.04x), surv_to_45=0.213(0.50x), surv_to_15=0.397(0.60x)
[ 6675/15000] pop=   651 bd=   6 bigbd=3(med127) strat=0.0% giniC=0.424 dyn:eff=15.1 top=0.151 nlin=29 lpb=12.17/dom=0.315 mRSg=0.544 set=11(mx110,prim1.22) con=532.0 inst=1 ldT=0.333 | asc=0.095 gumsa=0.833 tenure=5.6y levy=1940893.0 resent(mean/max)=0.0/0.0 revs=48 | 5.6m eta7m
  !! SPATIAL: PACKED AND SPARSE AT ONCE (local 0.156 > 0.091 > regional 0.0037 /km2) on 2.4% of the land -- the population is NOT food-limited, it is failing to disperse; any carrying-capacity reading of this run is void
  ~~ demography: 9/16 in band  worst: m_5_15=0.0441(4.41x), frac_fatherless=0.0886(1.77x), frac_motherless=0.0063(0.32x), surv_to_45=0.211(0.49x)
[ 6700/15000] pop=   577 bd=   8 bigbd=3(med121) strat=0.0% giniC=0.439 dyn:eff=15.5 top=0.14 nlin=28 lpb=10.5/dom=0.285 mRSg=0.54 set=11(mx101,prim1.09) con=456.0 inst=2 ldT=0.5 | asc=0.09 gumsa=0.875 tenure=5.6y levy=883285.0 resent(mean/max)=0.0/0.0 revs=48 | 5.6m eta7m
  ~~ demography: 10/16 in band  worst: m_5_15=0.044(4.40x), frac_motherless=0.0061(0.30x), surv_to_45=0.211(0.49x), band_med_adults=16(0.57x)
[ 6725/15000] pop=   601 bd=   8 bigbd=3(med132) strat=0.0% giniC=0.454 dyn:eff=15.2 top=0.145 nlin=28 lpb=10.75/dom=0.285 mRSg=0.533 set=10(mx96,prim1.05) con=471.0 inst=1 ldT=0.0 | asc=0.093 gumsa=0.875 tenure=5.6y levy=3604737.9 resent(mean/max)=0.0/0.0 revs=48 | 5.7m eta7m
  !! SPATIAL: PACKED AND SPARSE AT ONCE (local 0.141 > 0.091 > regional 0.0038 /km2) on 2.7% of the land -- the population is NOT food-limited, it is failing to disperse; any carrying-capacity reading of this run is void
  ~~ demography: 10/16 in band  !! AGE STRUCTURE OUT OF BAND -> every marker above demography in the ladder is PROVISIONAL  worst: m_5_15=0.044(4.40x), surv_to_45=0.211(0.49x), band_med_adults=15(0.53x), surv_to_15=0.396(0.60x)
[ 6750/15000] pop=   592 bd=   7 bigbd=3(med131) strat=0.0% giniC=0.462 dyn:eff=14.8 top=0.149 nlin=28 lpb=12.29/dom=0.256 mRSg=0.529 set=11(mx106,prim1.14) con=477.0 inst=1 ldT=0.4 | asc=0.09 gumsa=0.714 tenure=5.5y levy=1212881.7 resent(mean/max)=0.0/0.0 revs=48 | 5.7m eta7m
  !! SPATIAL: PACKED AND SPARSE AT ONCE (local 0.154 > 0.091 > regional 0.0040 /km2) on 2.6% of the land -- the population is NOT food-limited, it is failing to disperse; any carrying-capacity reading of this run is void
  ~~ demography: 8/16 in band  !! AGE STRUCTURE OUT OF BAND -> every marker above demography in the ladder is PROVISIONAL  worst: m_5_15=0.0439(4.39x), frac_motherless=0.0056(0.28x), frac_fatherless=0.0847(1.69x), surv_to_45=0.212(0.49x)
[ 6775/15000] pop=   616 bd=   6 bigbd=3(med139) strat=0.0% giniC=0.46 dyn:eff=14.9 top=0.144 nlin=28 lpb=12.33/dom=0.274 mRSg=0.524 set=11(mx109,prim1.1) con=475.0 inst=2 ldT=0.333 | asc=0.086 gumsa=0.833 tenure=5.5y levy=1329662.2 resent(mean/max)=0.0/0.0 revs=48 | 5.7m eta7m
  !! SPATIAL: PACKED AND SPARSE AT ONCE (local 0.175 > 0.091 > regional 0.0041 /km2) on 2.3% of the land -- the population is NOT food-limited, it is failing to disperse; any carrying-capacity reading of this run is void
  ~~ demography: 10/16 in band  !! AGE STRUCTURE OUT OF BAND -> every marker above demography in the ladder is PROVISIONAL  worst: m_5_15=0.0438(4.38x), surv_to_45=0.212(0.49x), band_med_adults=39.5(1.40x), surv_to_15=0.397(0.60x)
[ 6800/15000] pop=   631 bd=   6 bigbd=3(med140) strat=0.0% giniC=0.458 dyn:eff=14.9 top=0.141 nlin=28 lpb=11.5/dom=0.279 mRSg=0.541 set=11(mx105,prim1.05) con=491.0 inst=1 ldT=0.333 | asc=0.086 gumsa=1.0 tenure=5.5y levy=670163.7 resent(mean/max)=0.0/0.0 revs=48 | 5.7m eta7m
  !! SPATIAL: PACKED AND SPARSE AT ONCE (local 0.181 > 0.091 > regional 0.0042 /km2) on 2.3% of the land -- the population is NOT food-limited, it is failing to disperse; any carrying-capacity reading of this run is void
  ~~ demography: 8/16 in band  !! AGE STRUCTURE OUT OF BAND -> every marker above demography in the ladder is PROVISIONAL  worst: m_5_15=0.0438(4.38x), frac_fatherless=0.0928(1.86x), frac_motherless=0.0309(1.54x), band_med_adults=43.5(1.54x)
[ 6825/15000] pop=   652 bd=   6 bigbd=3(med143) strat=0.0% giniC=0.456 dyn:eff=14.8 top=0.132 nlin=27 lpb=11.5/dom=0.277 mRSg=0.548 set=11(mx115,prim1.47) con=503.0 inst=1 ldT=0.167 | asc=0.078 gumsa=1.0 tenure=5.5y levy=515912.6 resent(mean/max)=0.0/0.0 revs=48 | 5.8m eta7m
  !! SPATIAL: PACKED AND SPARSE AT ONCE (local 0.143 > 0.091 > regional 0.0044 /km2) on 3.0% of the land -- the population is NOT food-limited, it is failing to disperse; any carrying-capacity reading of this run is void
  ~~ demography: 9/16 in band  !! AGE STRUCTURE OUT OF BAND -> every marker above demography in the ladder is PROVISIONAL  worst: m_5_15=0.0437(4.37x), frac_fatherless=0.132(2.64x), band_med_adults=42.5(1.51x), surv_to_45=0.213(0.50x)
[ 6850/15000] pop=   674 bd=   6 bigbd=3(med147) strat=0.0% giniC=0.453 dyn:eff=14.9 top=0.134 nlin=27 lpb=11.33/dom=0.268 mRSg=0.552 set=12(mx131,prim1.13) con=526.0 inst=3 ldT=0.333 | asc=0.031 gumsa=0.333 tenure=5.6y levy=1016661.6 resent(mean/max)=0.0/0.0 revs=49 | 5.8m eta7m
  !! SPATIAL: PACKED AND SPARSE AT ONCE (local 0.162 > 0.091 > regional 0.0042 /km2) on 2.6% of the land -- the population is NOT food-limited, it is failing to disperse; any carrying-capacity reading of this run is void
  ~~ demography: 8/16 in band  !! AGE STRUCTURE OUT OF BAND -> every marker above demography in the ladder is PROVISIONAL  worst: m_5_15=0.0437(4.37x), frac_fatherless=0.0979(1.96x), frac_motherless=0.0361(1.80x), surv_to_45=0.212(0.49x)
[ 6875/15000] pop=   649 bd=   6 bigbd=3(med140) strat=0.0% giniC=0.46 dyn:eff=15.6 top=0.131 nlin=28 lpb=10.67/dom=0.285 mRSg=0.56 set=12(mx104,prim1.01) con=520.0 inst=1 ldT=0.0 | asc=0.037 gumsa=0.667 tenure=5.6y levy=1113618.6 resent(mean/max)=0.0/0.0 revs=49 | 5.8m eta7m
  !! SPATIAL: PACKED AND SPARSE AT ONCE (local 0.158 > 0.091 > regional 0.0039 /km2) on 2.5% of the land -- the population is NOT food-limited, it is failing to disperse; any carrying-capacity reading of this run is void
  ~~ demography: 11/16 in band  !! AGE STRUCTURE OUT OF BAND -> every marker above demography in the ladder is PROVISIONAL  worst: m_5_15=0.044(4.40x), surv_to_45=0.211(0.49x), surv_to_15=0.397(0.60x), realised_ibi_med=31(0.90x)
[ 6900/15000] pop=   599 bd=   6 bigbd=3(med144) strat=0.0% giniC=0.459 dyn:eff=15.2 top=0.122 nlin=27 lpb=10.5/dom=0.278 mRSg=0.574 set=12(mx103,prim1.04) con=466.0 inst=2 ldT=0.5 | asc=0.037 gumsa=0.5 tenure=5.6y levy=357606.4 resent(mean/max)=0.0/0.0 revs=49 | 5.8m eta7m
  !! SPATIAL: PACKED AND SPARSE AT ONCE (local 0.143 > 0.091 > regional 0.0037 /km2) on 2.6% of the land -- the population is NOT food-limited, it is failing to disperse; any carrying-capacity reading of this run is void
  ~~ demography: 10/16 in band  !! AGE STRUCTURE OUT OF BAND -> every marker above demography in the ladder is PROVISIONAL  worst: m_5_15=0.0441(4.41x), band_med_adults=103(3.65x), surv_to_45=0.211(0.49x), surv_to_15=0.396(0.60x)
[ 6925/15000] pop=   573 bd=   3 bigbd=3(med158) strat=0.0% giniC=0.463 dyn:eff=15.0 top=0.117 nlin=27 lpb=16.0/dom=0.224 mRSg=0.563 set=9(mx126,prim1.29) con=433.0 inst=1 ldT=0.333 | asc=0.033 gumsa=1.0 tenure=5.6y levy=2754161.4 resent(mean/max)=0.0/0.0 revs=49 | 5.8m eta7m
  !! SPATIAL: PACKED AND SPARSE AT ONCE (local 0.165 > 0.091 > regional 0.0038 /km2) on 2.3% of the land -- the population is NOT food-limited, it is failing to disperse; any carrying-capacity reading of this run is void
  ~~ demography: 10/16 in band  worst: m_5_15=0.044(4.40x), band_med_adults=100(3.55x), frac_fatherless=0.018(0.36x), surv_to_45=0.211(0.49x)
[ 6950/15000] pop=   593 bd=   3 bigbd=3(med162) strat=0.0% giniC=0.47 dyn:eff=14.9 top=0.116 nlin=27 lpb=16.0/dom=0.231 mRSg=0.568 set=8(mx110,prim1.06) con=450.0 inst=2 ldT=0.333 | asc=0.04 gumsa=1.0 tenure=5.6y levy=634219.5 resent(mean/max)=0.0/0.0 revs=49 | 5.9m eta7m
  !! SPATIAL: PACKED AND SPARSE AT ONCE (local 0.154 > 0.091 > regional 0.0039 /km2) on 2.5% of the land -- the population is NOT food-limited, it is failing to disperse; any carrying-capacity reading of this run is void
  ~~ demography: 11/16 in band  worst: m_5_15=0.0439(4.39x), band_med_adults=101(3.58x), surv_to_45=0.212(0.49x), surv_to_15=0.397(0.60x)
[ 6975/15000] pop=   602 bd=   3 bigbd=3(med152) strat=0.0% giniC=0.459 dyn:eff=14.9 top=0.116 nlin=26 lpb=15.67/dom=0.214 mRSg=0.568 set=9(mx100,prim1.06) con=463.0 inst=3 ldT=0.0 | asc=0.042 gumsa=1.0 tenure=5.6y levy=412404.4 resent(mean/max)=0.0/0.0 revs=49 | 5.9m eta7m
  !! SPATIAL: PACKED AND SPARSE AT ONCE (local 0.164 > 0.091 > regional 0.0039 /km2) on 2.4% of the land -- the population is NOT food-limited, it is failing to disperse; any carrying-capacity reading of this run is void
  ~~ demography: 10/16 in band  worst: m_5_15=0.0438(4.38x), band_med_adults=105(3.72x), frac_motherless=0.0309(1.54x), surv_to_45=0.212(0.49x)
[ 7000/15000] pop=   606 bd=   3 bigbd=3(med156) strat=0.0% giniC=0.459 dyn:eff=14.6 top=0.124 nlin=26 lpb=16.0/dom=0.214 mRSg=0.565 set=9(mx104,prim1.09) con=471.0 inst=1 ldT=0.0 | asc=0.036 gumsa=0.667 tenure=5.6y levy=337839.1 resent(mean/max)=0.0/0.0 revs=49 | 5.9m eta7m
  !! SPATIAL: PACKED AND SPARSE AT ONCE (local 0.146 > 0.091 > regional 0.0041 /km2) on 2.8% of the land -- the population is NOT food-limited, it is failing to disperse; any carrying-capacity reading of this run is void
  ~~ demography: 11/16 in band  worst: m_5_15=0.0438(4.38x), band_med_adults=110(3.90x), surv_to_45=0.212(0.49x), surv_to_15=0.398(0.60x)
[ 7025/15000] pop=   629 bd=   3 bigbd=3(med160) strat=0.0% giniC=0.461 dyn:eff=14.3 top=0.127 nlin=26 lpb=17.33/dom=0.211 mRSg=0.549 set=10(mx122,prim1.33) con=488.0 inst=1 ldT=1.0 | asc=0.038 gumsa=1.0 tenure=5.6y levy=458490.6 resent(mean/max)=0.0/0.0 revs=49 | 5.9m eta7m
  !! SPATIAL: PACKED AND SPARSE AT ONCE (local 0.167 > 0.091 > regional 0.0041 /km2) on 2.5% of the land -- the population is NOT food-limited, it is failing to disperse; any carrying-capacity reading of this run is void
  ~~ demography: 11/16 in band  worst: m_5_15=0.0439(4.39x), band_med_adults=106(3.76x), surv_to_45=0.212(0.49x), surv_to_15=0.397(0.60x)
[ 7050/15000] pop=   635 bd=   3 bigbd=3(med155) strat=0.0% giniC=0.462 dyn:eff=13.9 top=0.135 nlin=26 lpb=17.0/dom=0.209 mRSg=0.554 set=9(mx114,prim1.14) con=497.0 inst=3 ldT=0.667 | asc=0.033 gumsa=0.667 tenure=5.6y levy=723898.5 resent(mean/max)=0.0/0.0 revs=49 | 5.9m eta7m
  !! SPATIAL: PACKED AND SPARSE AT ONCE (local 0.153 > 0.091 > regional 0.0042 /km2) on 2.7% of the land -- the population is NOT food-limited, it is failing to disperse; any carrying-capacity reading of this run is void
  ~~ demography: 11/16 in band  worst: m_5_15=0.0438(4.38x), band_med_adults=63(2.23x), surv_to_45=0.213(0.50x), surv_to_15=0.398(0.60x)
[ 7075/15000] pop=   641 bd=   5 bigbd=3(med153) strat=0.0% giniC=0.463 dyn:eff=14.2 top=0.136 nlin=26 lpb=12.8/dom=0.277 mRSg=0.562 set=10(mx107,prim1.04) con=493.0 inst=3 ldT=0.333 | asc=0.037 gumsa=0.8 tenure=5.6y levy=816974.6 resent(mean/max)=0.0/0.0 revs=49 | 6.0m eta7m
  !! SPATIAL: PACKED AND SPARSE AT ONCE (local 0.163 > 0.091 > regional 0.0042 /km2) on 2.6% of the land -- the population is NOT food-limited, it is failing to disperse; any carrying-capacity reading of this run is void
  ~~ demography: 9/16 in band  worst: m_5_15=0.0438(4.38x), band_med_adults=70(2.48x), frac_motherless=0.0058(0.29x), frac_fatherless=0.0234(0.47x)
[ 7100/15000] pop=   650 bd=   5 bigbd=3(med149) strat=0.0% giniC=0.457 dyn:eff=13.8 top=0.137 nlin=26 lpb=13.0/dom=0.267 mRSg=0.575 set=11(mx106,prim1.02) con=489.0 inst=2 ldT=0.0 | asc=0.032 gumsa=1.0 tenure=5.6y levy=821921.8 resent(mean/max)=0.0/0.0 revs=49 | 6.0m eta7m
  !! SPATIAL: PACKED AND SPARSE AT ONCE (local 0.145 > 0.091 > regional 0.0043 /km2) on 3.0% of the land -- the population is NOT food-limited, it is failing to disperse; any carrying-capacity reading of this run is void
  ~~ demography: 11/16 in band  worst: m_5_15=0.0437(4.37x), band_med_adults=65(2.30x), surv_to_45=0.213(0.50x), surv_to_15=0.398(0.60x)
[ 7125/15000] pop=   667 bd=   5 bigbd=3(med156) strat=0.0% giniC=0.458 dyn:eff=14.1 top=0.133 nlin=26 lpb=13.4/dom=0.276 mRSg=0.551 set=11(mx119,prim1.37) con=502.0 inst=2 ldT=0.6 | asc=0.046 gumsa=0.8 tenure=5.6y levy=1332151.9 resent(mean/max)=0.0/0.0 revs=49 | 6.0m eta7m
  !! SPATIAL: PACKED AND SPARSE AT ONCE (local 0.145 > 0.091 > regional 0.0044 /km2) on 3.0% of the land -- the population is NOT food-limited, it is failing to disperse; any carrying-capacity reading of this run is void
  ~~ demography: 10/16 in band  worst: m_5_15=0.0437(4.37x), band_med_adults=70(2.48x), frac_motherless=0.0428(2.14x), surv_to_45=0.214(0.50x)
[ 7150/15000] pop=   681 bd=   5 bigbd=3(med156) strat=0.0% giniC=0.459 dyn:eff=13.8 top=0.138 nlin=26 lpb=13.4/dom=0.285 mRSg=0.554 set=10(mx120,prim1.26) con=521.0 inst=4 ldT=0.2 | asc=0.038 gumsa=0.6 tenure=5.6y levy=1044196.3 resent(mean/max)=0.0/0.0 revs=49 | 6.0m eta7m
  !! SPATIAL: PACKED AND SPARSE AT ONCE (local 0.142 > 0.091 > regional 0.0044 /km2) on 3.1% of the land -- the population is NOT food-limited, it is failing to disperse; any carrying-capacity reading of this run is void
  ~~ demography: 9/16 in band  !! AGE STRUCTURE OUT OF BAND -> every marker above demography in the ladder is PROVISIONAL  worst: m_5_15=0.0436(4.36x), band_med_adults=70(2.48x), frac_motherless=0.0419(2.09x), surv_to_45=0.214(0.50x)
[ 7175/15000] pop=   683 bd=   5 bigbd=3(med144) strat=0.0% giniC=0.452 dyn:eff=13.8 top=0.139 nlin=26 lpb=12.8/dom=0.308 mRSg=0.561 set=10(mx114,prim1.11) con=495.5 inst=1 ldT=0.0 | asc=0.035 gumsa=0.8 tenure=5.6y levy=1594825.1 resent(mean/max)=0.0/0.0 revs=49 | 6.0m eta7m
  !! SPATIAL: PACKED AND SPARSE AT ONCE (local 0.152 > 0.091 > regional 0.0044 /km2) on 2.9% of the land -- the population is NOT food-limited, it is failing to disperse; any carrying-capacity reading of this run is void
  ~~ demography: 8/16 in band  !! AGE STRUCTURE OUT OF BAND -> every marker above demography in the ladder is PROVISIONAL  worst: m_5_15=0.0436(4.36x), frac_motherless=0.0518(2.59x), frac_fatherless=0.0777(1.55x), surv_to_45=0.214(0.50x)
[ 7200/15000] pop=   682 bd=   6 bigbd=3(med144) strat=0.0% giniC=0.451 dyn:eff=13.9 top=0.136 nlin=24 lpb=11.33/dom=0.312 mRSg=0.552 set=11(mx113,prim1.24) con=442.0 inst=1 ldT=0.6 | asc=0.04 gumsa=0.5 tenure=5.6y levy=3161142.8 resent(mean/max)=0.0/0.0 revs=49 | 6.1m eta7m
  !! SPATIAL: PACKED AND SPARSE AT ONCE (local 0.153 > 0.091 > regional 0.0044 /km2) on 2.8% of the land -- the population is NOT food-limited, it is failing to disperse; any carrying-capacity reading of this run is void
  ~~ demography: 10/16 in band  worst: m_5_15=0.0436(4.36x), surv_to_45=0.214(0.50x), frac_fatherless=0.0751(1.50x), band_med_adults=41(1.45x)
[ 7225/15000] pop=   674 bd=   6 bigbd=3(med141) strat=0.0% giniC=0.455 dyn:eff=13.9 top=0.147 nlin=24 lpb=11.17/dom=0.304 mRSg=0.553 set=10(mx102,prim1.02) con=542.0 inst=1 ldT=0.0 | asc=0.039 gumsa=0.5 tenure=5.6y levy=897679.7 resent(mean/max)=0.0/0.0 revs=49 | 6.1m eta7m
  !! SPATIAL: PACKED AND SPARSE AT ONCE (local 0.155 > 0.091 > regional 0.0044 /km2) on 2.8% of the land -- the population is NOT food-limited, it is failing to disperse; any carrying-capacity reading of this run is void
  ~~ demography: 11/16 in band  worst: m_5_15=0.0436(4.36x), surv_to_45=0.214(0.50x), band_med_adults=39.5(1.40x), surv_to_15=0.399(0.60x)
[ 7250/15000] pop=   680 bd=   6 bigbd=3(med132) strat=0.0% giniC=0.447 dyn:eff=13.2 top=0.159 nlin=24 lpb=11.0/dom=0.303 mRSg=0.541 set=10(mx100,prim1.01) con=561.0 inst=1 ldT=0.0 | asc=0.012 gumsa=0.167 tenure=5.6y levy=512339.4 resent(mean/max)=0.0/0.0 revs=50 | 6.1m eta7m
  !! SPATIAL: PACKED AND SPARSE AT ONCE (local 0.139 > 0.091 > regional 0.0045 /km2) on 3.2% of the land -- the population is NOT food-limited, it is failing to disperse; any carrying-capacity reading of this run is void
  ~~ demography: 11/16 in band  worst: m_5_15=0.0436(4.36x), band_med_adults=69(2.45x), surv_to_45=0.215(0.50x), surv_to_15=0.4(0.61x)
[ 7275/15000] pop=   694 bd=   5 bigbd=3(med126) strat=0.0% giniC=0.442 dyn:eff=12.8 top=0.164 nlin=24 lpb=12.6/dom=0.294 mRSg=0.536 set=11(mx81,prim1.05) con=563.0 inst=1 ldT=0.2 | asc=0.01 gumsa=0.2 tenure=5.6y levy=1139986.0 resent(mean/max)=0.0/0.0 revs=50 | 6.1m eta7m
  !! SPATIAL: PACKED AND SPARSE AT ONCE (local 0.144 > 0.091 > regional 0.0046 /km2) on 3.2% of the land -- the population is NOT food-limited, it is failing to disperse; any carrying-capacity reading of this run is void
  ~~ demography: 10/16 in band  worst: m_5_15=0.0435(4.35x), band_med_adults=70(2.48x), frac_motherless=0.0051(0.26x), surv_to_45=0.215(0.50x)
[ 7300/15000] pop=   706 bd=   5 bigbd=3(med132) strat=0.0% giniC=0.434 dyn:eff=13.0 top=0.17 nlin=25 lpb=13.0/dom=0.335 mRSg=0.527 set=11(mx98,prim1.02) con=439.0 inst=4 ldT=0.0 | asc=0.011 gumsa=0.2 tenure=5.6y levy=620341.4 resent(mean/max)=0.0/0.0 revs=50 | 6.2m eta6m
  !! SPATIAL: PACKED AND SPARSE AT ONCE (local 0.121 > 0.091 > regional 0.0043 /km2) on 3.6% of the land -- the population is NOT food-limited, it is failing to disperse; any carrying-capacity reading of this run is void
  ~~ demography: 10/16 in band  worst: m_5_15=0.0437(4.37x), frac_motherless=0(0.00x), surv_to_45=0.213(0.50x), band_med_adults=40(1.42x)
[ 7325/15000] pop=   667 bd=   6 bigbd=3(med134) strat=0.0% giniC=0.436 dyn:eff=12.8 top=0.166 nlin=24 lpb=11.0/dom=0.334 mRSg=0.521 set=12(mx107,prim1.62) con=540.0 inst=6 ldT=0.2 | asc=0.012 gumsa=0.167 tenure=5.6y levy=1245265.2 resent(mean/max)=0.0/0.0 revs=50 | 6.2m eta6m
  !! SPATIAL: PACKED AND SPARSE AT ONCE (local 0.162 > 0.091 > regional 0.0043 /km2) on 2.7% of the land -- the population is NOT food-limited, it is failing to disperse; any carrying-capacity reading of this run is void
  ~~ demography: 9/16 in band  worst: m_5_15=0.0437(4.37x), band_med_adults=50(1.77x), frac_motherless=0.005(0.25x), frac_fatherless=0.0854(1.71x)
[ 7350/15000] pop=   665 bd=   5 bigbd=3(med136) strat=0.0% giniC=0.441 dyn:eff=13.6 top=0.147 nlin=25 lpb=12.0/dom=0.288 mRSg=0.517 set=11(mx110,prim1.17) con=543.0 inst=2 ldT=0.2 | asc=0.015 gumsa=0.2 tenure=5.6y levy=1577239.8 resent(mean/max)=0.0/0.0 revs=50 | 6.2m eta6m
  !! SPATIAL: PACKED AND SPARSE AT ONCE (local 0.157 > 0.091 > regional 0.0045 /km2) on 2.8% of the land -- the population is NOT food-limited, it is failing to disperse; any carrying-capacity reading of this run is void
  ~~ demography: 10/16 in band  worst: m_5_15=0.0436(4.36x), frac_motherless=0.0046(0.23x), band_med_adults=49(1.74x), surv_to_45=0.214(0.50x)
[ 7375/15000] pop=   689 bd=   5 bigbd=3(med137) strat=0.0% giniC=0.438 dyn:eff=13.7 top=0.148 nlin=25 lpb=12.0/dom=0.283 mRSg=0.514 set=10(mx104,prim1.02) con=556.0 inst=2 ldT=0.0 | asc=0.017 gumsa=0.2 tenure=5.6y levy=1138492.9 resent(mean/max)=0.0/0.0 revs=50 | 6.2m eta6m
  !! SPATIAL: PACKED AND SPARSE AT ONCE (local 0.174 > 0.091 > regional 0.0044 /km2) on 2.5% of the land -- the population is NOT food-limited, it is failing to disperse; any carrying-capacity reading of this run is void
  ~~ demography: 10/16 in band  worst: m_5_15=0.0436(4.36x), band_med_adults=74.5(2.64x), frac_fatherless=0.0969(1.94x), surv_to_45=0.214(0.50x)
[ 7400/15000] pop=   680 bd=   4 bigbd=3(med147) strat=0.0% giniC=0.437 dyn:eff=13.9 top=0.143 nlin=25 lpb=14.75/dom=0.258 mRSg=0.517 set=11(mx130,prim1.19) con=564.5 inst=3 ldT=0.0 | asc=0.056 gumsa=1.0 tenure=5.6y levy=430180.1 resent(mean/max)=0.0/0.0 revs=50 | 6.3m eta6m
  !! SPATIAL: PACKED AND SPARSE AT ONCE (local 0.168 > 0.091 > regional 0.0044 /km2) on 2.7% of the land -- the population is NOT food-limited, it is failing to disperse; any carrying-capacity reading of this run is void
  ~~ demography: 11/16 in band  worst: m_5_15=0.0436(4.36x), band_med_adults=75.5(2.68x), surv_to_45=0.214(0.50x), surv_to_15=0.399(0.60x)
[ 7425/15000] pop=   687 bd=   4 bigbd=3(med145) strat=0.0% giniC=0.427 dyn:eff=14.0 top=0.148 nlin=25 lpb=13.75/dom=0.263 mRSg=0.518 set=11(mx105,prim1.09) con=548.0 inst=3 ldT=0.25 | asc=0.06 gumsa=0.75 tenure=5.6y levy=548656.2 resent(mean/max)=0.0/0.0 revs=50 | 6.3m eta6m
  !! SPATIAL: PACKED AND SPARSE AT ONCE (local 0.163 > 0.091 > regional 0.0046 /km2) on 2.8% of the land -- the population is NOT food-limited, it is failing to disperse; any carrying-capacity reading of this run is void
  ~~ demography: 10/16 in band  worst: m_5_15=0.0436(4.36x), band_med_adults=81.5(2.89x), frac_motherless=0.0055(0.27x), surv_to_45=0.214(0.50x)
[ 7450/15000] pop=   703 bd=   4 bigbd=3(med156) strat=0.0% giniC=0.432 dyn:eff=14.0 top=0.149 nlin=25 lpb=14.25/dom=0.259 mRSg=0.525 set=11(mx99,prim1.16) con=567.0 inst=2 ldT=0.0 | asc=0.061 gumsa=0.75 tenure=5.6y levy=1685824.8 resent(mean/max)=0.0/0.0 revs=50 | 6.3m eta6m
  !! SPATIAL: PACKED AND SPARSE AT ONCE (local 0.165 > 0.091 > regional 0.0046 /km2) on 2.8% of the land -- the population is NOT food-limited, it is failing to disperse; any carrying-capacity reading of this run is void
  ~~ demography: 9/16 in band  worst: m_5_15=0.0435(4.35x), frac_motherless=0.0053(0.27x), frac_fatherless=0.0794(1.59x), surv_to_45=0.214(0.50x)
[ 7475/15000] pop=   710 bd=   6 bigbd=3(med154) strat=0.0% giniC=0.425 dyn:eff=13.7 top=0.152 nlin=25 lpb=12.0/dom=0.269 mRSg=0.532 set=11(mx105,prim1.06) con=587.0 inst=2 ldT=0.5 | asc=0.049 gumsa=0.667 tenure=5.6y levy=1844677.9 resent(mean/max)=0.0/0.0 revs=50 | 6.3m eta6m
  !! SPATIAL: PACKED AND SPARSE AT ONCE (local 0.161 > 0.091 > regional 0.0045 /km2) on 2.8% of the land -- the population is NOT food-limited, it is failing to disperse; any carrying-capacity reading of this run is void
  ~~ demography: 10/16 in band  worst: m_5_15=0.0436(4.36x), frac_fatherless=0.0889(1.78x), band_med_adults=43.5(1.54x), surv_to_45=0.214(0.50x)
[ 7500/15000] pop=   694 bd=   6 bigbd=3(med160) strat=0.0% giniC=0.429 dyn:eff=14.1 top=0.143 nlin=26 lpb=13.17/dom=0.267 mRSg=0.533 set=11(mx95,prim1.0) con=559.0 inst=3 ldT=0.167 | asc=0.037 gumsa=0.667 tenure=5.6y levy=1211904.4 resent(mean/max)=0.0/0.0 revs=50 | 6.4m eta6m
  !! SPATIAL: PACKED AND SPARSE AT ONCE (local 0.159 > 0.091 > regional 0.0044 /km2) on 2.8% of the land -- the population is NOT food-limited, it is failing to disperse; any carrying-capacity reading of this run is void
  ~~ demography: 10/16 in band  worst: m_5_15=0.0437(4.37x), band_med_adults=74(2.62x), frac_fatherless=0.0851(1.70x), surv_to_45=0.214(0.50x)
[ 7525/15000] pop=   684 bd=   5 bigbd=3(med162) strat=0.0% giniC=0.43 dyn:eff=14.2 top=0.137 nlin=26 lpb=12.8/dom=0.315 mRSg=0.545 set=9(mx124,prim1.03) con=545.0 inst=3 ldT=0.2 | asc=0.048 gumsa=0.4 tenure=5.6y levy=1297748.4 resent(mean/max)=0.0/0.0 revs=50 | 6.4m eta6m
  !! SPATIAL: PACKED AND SPARSE AT ONCE (local 0.152 > 0.091 > regional 0.0043 /km2) on 2.8% of the land -- the population is NOT food-limited, it is failing to disperse; any carrying-capacity reading of this run is void
  ~~ demography: 10/16 in band  worst: m_5_15=0.0438(4.38x), band_med_adults=92.5(3.28x), frac_fatherless=0.0843(1.69x), surv_to_45=0.213(0.50x)
[ 7550/15000] pop=   670 bd=   4 bigbd=3(med153) strat=0.0% giniC=0.429 dyn:eff=14.6 top=0.134 nlin=26 lpb=14.5/dom=0.253 mRSg=0.538 set=10(mx109,prim1.01) con=552.0 inst=2 ldT=0.75 | asc=0.045 gumsa=0.5 tenure=5.6y levy=1538640.4 resent(mean/max)=0.0/0.0 revs=51 | 6.4m eta6m
  !! SPATIAL: PACKED AND SPARSE AT ONCE (local 0.167 > 0.091 > regional 0.0042 /km2) on 2.5% of the land -- the population is NOT food-limited, it is failing to disperse; any carrying-capacity reading of this run is void
  ~~ demography: 10/16 in band  worst: m_5_15=0.0439(4.39x), band_med_adults=96.5(3.42x), frac_motherless=0(0.00x), surv_to_45=0.213(0.50x)
[ 7575/15000] pop=   653 bd=   4 bigbd=3(med149) strat=0.0% giniC=0.429 dyn:eff=14.2 top=0.145 nlin=26 lpb=14.75/dom=0.257 mRSg=0.555 set=10(mx100,prim1.01) con=524.0 inst=2 ldT=0.0 | asc=0.058 gumsa=0.5 tenure=5.6y levy=569049.2 resent(mean/max)=0.0/0.0 revs=51 | 6.4m eta6m
  !! SPATIAL: PACKED AND SPARSE AT ONCE (local 0.146 > 0.091 > regional 0.0042 /km2) on 2.9% of the land -- the population is NOT food-limited, it is failing to disperse; any carrying-capacity reading of this run is void
  ~~ demography: 9/16 in band  worst: m_5_15=0.0439(4.39x), band_med_adults=69(2.45x), frac_fatherless=0.0934(1.87x), frac_motherless=0.033(1.65x)
[ 7600/15000] pop=   656 bd=   5 bigbd=3(med144) strat=0.0% giniC=0.426 dyn:eff=15.0 top=0.13 nlin=26 lpb=13.6/dom=0.235 mRSg=0.535 set=11(mx99,prim1.05) con=524.0 inst=2 ldT=0.25 | asc=0.037 gumsa=0.6 tenure=5.6y levy=762727.1 resent(mean/max)=0.0/0.0 revs=51 | 6.4m eta6m
  !! SPATIAL: PACKED AND SPARSE AT ONCE (local 0.144 > 0.091 > regional 0.0043 /km2) on 3.0% of the land -- the population is NOT food-limited, it is failing to disperse; any carrying-capacity reading of this run is void
  ~~ demography: 9/16 in band  worst: m_5_15=0.0439(4.39x), band_med_adults=70(2.48x), frac_fatherless=0.099(1.98x), frac_motherless=0.0347(1.74x)
[ 7625/15000] pop=   664 bd=   5 bigbd=3(med135) strat=0.0% giniC=0.415 dyn:eff=14.6 top=0.13 nlin=26 lpb=13.6/dom=0.249 mRSg=0.545 set=10(mx104,prim1.09) con=547.0 inst=1 ldT=0.4 | asc=0.039 gumsa=0.8 tenure=5.6y levy=1416289.8 resent(mean/max)=0.0/0.0 revs=51 | 6.5m eta6m
  !! SPATIAL: PACKED AND SPARSE AT ONCE (local 0.133 > 0.091 > regional 0.0045 /km2) on 3.4% of the land -- the population is NOT food-limited, it is failing to disperse; any carrying-capacity reading of this run is void
  ~~ demography: 10/16 in band  worst: m_5_15=0.0438(4.38x), band_med_adults=69(2.45x), frac_fatherless=0.0991(1.98x), surv_to_45=0.214(0.50x)
[ 7650/15000] pop=   694 bd=   5 bigbd=3(med141) strat=0.0% giniC=0.416 dyn:eff=14.8 top=0.131 nlin=26 lpb=13.4/dom=0.264 mRSg=0.539 set=10(mx111,prim1.19) con=564.0 inst=5 ldT=0.0 | asc=0.045 gumsa=0.8 tenure=5.6y levy=617789.6 resent(mean/max)=0.0/0.0 revs=51 | 6.5m eta6m
  !! SPATIAL: PACKED AND SPARSE AT ONCE (local 0.146 > 0.091 > regional 0.0046 /km2) on 3.2% of the land -- the population is NOT food-limited, it is failing to disperse; any carrying-capacity reading of this run is void
  ~~ demography: 10/16 in band  worst: m_5_15=0.0438(4.38x), band_med_adults=66(2.34x), frac_motherless=0.0048(0.24x), surv_to_45=0.214(0.50x)
[ 7675/15000] pop=   713 bd=   5 bigbd=3(med155) strat=0.0% giniC=0.43 dyn:eff=14.7 top=0.132 nlin=26 lpb=13.6/dom=0.228 mRSg=0.541 set=11(mx100,prim1.15) con=567.0 inst=0 ldT=0.6 | asc=0.046 gumsa=1.0 tenure=5.6y levy=2370846.8 resent(mean/max)=0.0/0.0 revs=51 | 6.5m eta6m
  !! SPATIAL: PACKED AND SPARSE AT ONCE (local 0.155 > 0.091 > regional 0.0047 /km2) on 3.0% of the land -- the population is NOT food-limited, it is failing to disperse; any carrying-capacity reading of this run is void
  ~~ demography: 8/16 in band  !! AGE STRUCTURE OUT OF BAND -> every marker above demography in the ladder is PROVISIONAL  worst: m_5_15=0.0437(4.37x), band_med_adults=73(2.59x), frac_fatherless=0.0874(1.75x), frac_motherless=0.0097(0.48x)
[ 7700/15000] pop=   730 bd=   5 bigbd=3(med155) strat=0.0% giniC=0.432 dyn:eff=14.7 top=0.129 nlin=26 lpb=13.2/dom=0.245 mRSg=0.543 set=11(mx115,prim1.12) con=585.0 inst=3 ldT=0.2 | asc=0.04 gumsa=1.0 tenure=5.6y levy=1832111.2 resent(mean/max)=0.0/0.0 revs=51 | 6.6m eta6m
  !! SPATIAL: PACKED AND SPARSE AT ONCE (local 0.148 > 0.091 > regional 0.0046 /km2) on 3.1% of the land -- the population is NOT food-limited, it is failing to disperse; any carrying-capacity reading of this run is void
  ~~ demography: 10/16 in band  worst: m_5_15=0.0438(4.38x), band_med_adults=81(2.87x), frac_fatherless=0.0934(1.87x), surv_to_45=0.215(0.50x)
[ 7725/15000] pop=   710 bd=   5 bigbd=3(med159) strat=0.0% giniC=0.428 dyn:eff=14.3 top=0.137 nlin=26 lpb=12.4/dom=0.282 mRSg=0.554 set=11(mx112,prim1.07) con=564.0 inst=1 ldT=0.0 | asc=0.046 gumsa=0.8 tenure=5.6y levy=582873.2 resent(mean/max)=0.0/0.0 revs=51 | 6.6m eta6m
  !! SPATIAL: PACKED AND SPARSE AT ONCE (local 0.154 > 0.091 > regional 0.0046 /km2) on 3.0% of the land -- the population is NOT food-limited, it is failing to disperse; any carrying-capacity reading of this run is void
  ~~ demography: 9/16 in band  worst: m_5_15=0.0438(4.38x), band_med_adults=84(2.98x), frac_fatherless=0.0955(1.91x), frac_motherless=0.0056(0.28x)
[ 7750/15000] pop=   707 bd=   5 bigbd=3(med142) strat=0.0% giniC=0.419 dyn:eff=13.9 top=0.143 nlin=25 lpb=12.4/dom=0.287 mRSg=0.554 set=10(mx116,prim1.03) con=569.0 inst=2 ldT=0.0 | asc=0.042 gumsa=0.8 tenure=5.6y levy=5487776.8 resent(mean/max)=0.0/0.0 revs=51 | 6.6m eta6m
  !! SPATIAL: PACKED AND SPARSE AT ONCE (local 0.145 > 0.091 > regional 0.0048 /km2) on 3.3% of the land -- the population is NOT food-limited, it is failing to disperse; any carrying-capacity reading of this run is void
  ~~ demography: 9/16 in band  worst: m_5_15=0.0438(4.38x), band_med_adults=82(2.91x), frac_fatherless=0.106(2.12x), frac_motherless=0.0048(0.24x)
[ 7775/15000] pop=   739 bd=   5 bigbd=3(med152) strat=0.0% giniC=0.421 dyn:eff=16.9 top=0.114 nlin=27 lpb=13.2/dom=0.29 mRSg=0.556 set=11(mx108,prim1.04) con=425.0 inst=4 ldT=0.4 | asc=0.009 gumsa=0.4 tenure=5.6y levy=594338.7 resent(mean/max)=0.0/0.0 revs=51 | 6.6m eta6m
  !! SPATIAL: PACKED AND SPARSE AT ONCE (local 0.153 > 0.091 > regional 0.0048 /km2) on 3.1% of the land -- the population is NOT food-limited, it is failing to disperse; any carrying-capacity reading of this run is void
  ~~ demography: 10/16 in band  worst: m_5_15=0.0439(4.39x), band_med_adults=82(2.91x), frac_fatherless=0.107(2.13x), surv_to_45=0.215(0.50x)
[ 7800/15000] pop=   734 bd=   5 bigbd=3(med150) strat=0.0% giniC=0.431 dyn:eff=16.9 top=0.112 nlin=27 lpb=12.8/dom=0.292 mRSg=0.565 set=10(mx116,prim1.16) con=433.0 inst=0 ldT=0.2 | asc=0.01 gumsa=0.4 tenure=5.6y levy=808199.1 resent(mean/max)=0.0/0.0 revs=51 | 6.7m eta6m
  !! SPATIAL: PACKED AND SPARSE AT ONCE (local 0.152 > 0.091 > regional 0.0049 /km2) on 3.2% of the land -- the population is NOT food-limited, it is failing to disperse; any carrying-capacity reading of this run is void
  ~~ demography: 11/16 in band  worst: m_5_15=0.0438(4.38x), band_med_adults=85(3.01x), surv_to_45=0.215(0.50x), surv_to_15=0.398(0.60x)
[ 7825/15000] pop=   758 bd=   5 bigbd=3(med149) strat=0.0% giniC=0.429 dyn:eff=16.5 top=0.119 nlin=27 lpb=12.4/dom=0.3 mRSg=0.55 set=11(mx112,prim1.1) con=461.0 inst=4 ldT=0.2 | asc=0.011 gumsa=0.4 tenure=5.6y levy=1077025.0 resent(mean/max)=0.0/0.0 revs=51 | 6.7m eta6m
  !! SPATIAL: PACKED AND SPARSE AT ONCE (local 0.122 > 0.091 > regional 0.0046 /km2) on 3.8% of the land -- the population is NOT food-limited, it is failing to disperse; any carrying-capacity reading of this run is void
  ~~ demography: 10/16 in band  worst: m_5_15=0.044(4.40x), band_med_adults=80(2.84x), frac_motherless=0.0335(1.68x), surv_to_45=0.214(0.50x)
[ 7850/15000] pop=   707 bd=   5 bigbd=3(med126) strat=0.0% giniC=0.422 dyn:eff=16.3 top=0.116 nlin=27 lpb=13.0/dom=0.319 mRSg=0.553 set=12(mx90,prim1.05) con=408.5 inst=1 ldT=0.0 | asc=0.02 gumsa=0.8 tenure=5.7y levy=616223.0 resent(mean/max)=0.0/0.0 revs=51 | 6.7m eta6m
  !! SPATIAL: PACKED AND SPARSE AT ONCE (local 0.137 > 0.091 > regional 0.0046 /km2) on 3.4% of the land -- the population is NOT food-limited, it is failing to disperse; any carrying-capacity reading of this run is void
  ~~ demography: 10/16 in band  worst: m_5_15=0.044(4.40x), band_med_adults=89(3.16x), frac_motherless=0.0359(1.79x), surv_to_45=0.214(0.50x)
[ 7875/15000] pop=   710 bd=   4 bigbd=3(med140) strat=0.0% giniC=0.43 dyn:eff=16.7 top=0.104 nlin=27 lpb=15.25/dom=0.267 mRSg=0.558 set=11(mx98,prim1.02) con=323.5 inst=1 ldT=0.25 | asc=0.027 gumsa=1.0 tenure=5.7y levy=561009.0 resent(mean/max)=0.0/0.0 revs=51 | 6.8m eta6m
  !! SPATIAL: PACKED AND SPARSE AT ONCE (local 0.152 > 0.091 > regional 0.0047 /km2) on 3.1% of the land -- the population is NOT food-limited, it is failing to disperse; any carrying-capacity reading of this run is void
  ~~ demography: 10/16 in band  worst: m_5_15=0.0439(4.39x), band_med_adults=89(3.16x), frac_motherless=0.0404(2.02x), surv_to_45=0.215(0.50x)
[ 7900/15000] pop=   732 bd=   4 bigbd=3(med153) strat=0.0% giniC=0.444 dyn:eff=16.9 top=0.097 nlin=27 lpb=15.0/dom=0.282 mRSg=0.559 set=11(mx111,prim1.07) con=386.0 inst=1 ldT=0.25 | asc=0.031 gumsa=0.75 tenure=5.7y levy=1381750.5 resent(mean/max)=0.0/0.0 revs=51 | 6.8m eta6m
  !! SPATIAL: PACKED AND SPARSE AT ONCE (local 0.148 > 0.091 > regional 0.0049 /km2) on 3.3% of the land -- the population is NOT food-limited, it is failing to disperse; any carrying-capacity reading of this run is void
  ~~ demography: 11/16 in band  worst: m_5_15=0.0439(4.39x), band_med_adults=89.5(3.17x), surv_to_45=0.215(0.50x), surv_to_15=0.397(0.60x)
[ 7925/15000] pop=   755 bd=   4 bigbd=3(med156) strat=0.0% giniC=0.444 dyn:eff=16.6 top=0.102 nlin=27 lpb=14.75/dom=0.261 mRSg=0.554 set=11(mx103,prim1.0) con=248.0 inst=4 ldT=0.25 | asc=0.029 gumsa=0.75 tenure=5.7y levy=946278.0 resent(mean/max)=0.0/0.0 revs=51 | 6.8m eta6m
  !! SPATIAL: PACKED AND SPARSE AT ONCE (local 0.160 > 0.091 > regional 0.0051 /km2) on 3.2% of the land -- the population is NOT food-limited, it is failing to disperse; any carrying-capacity reading of this run is void
  ~~ demography: 10/16 in band  worst: m_5_15=0.0438(4.38x), band_med_adults=90(3.19x), frac_motherless=0.0086(0.43x), surv_to_45=0.216(0.50x)
[ 7950/15000] pop=   783 bd=   4 bigbd=3(med160) strat=0.0% giniC=0.447 dyn:eff=16.6 top=0.107 nlin=28 lpb=15.0/dom=0.264 mRSg=0.562 set=11(mx110,prim1.02) con=334.0 inst=2 ldT=0.5 | asc=0.031 gumsa=0.75 tenure=5.7y levy=2279644.1 resent(mean/max)=0.0/0.0 revs=51 | 6.9m eta6m
  !! SPATIAL: PACKED AND SPARSE AT ONCE (local 0.132 > 0.091 > regional 0.0048 /km2) on 3.6% of the land -- the population is NOT food-limited, it is failing to disperse; any carrying-capacity reading of this run is void
  ~~ demography: 10/16 in band  worst: m_5_15=0.0439(4.39x), frac_motherless=0.0366(1.83x), band_med_adults=46.5(1.65x), surv_to_45=0.215(0.50x)
[ 7975/15000] pop=   740 bd=   6 bigbd=3(med156) strat=0.0% giniC=0.441 dyn:eff=16.7 top=0.104 nlin=28 lpb=13.0/dom=0.26 mRSg=0.555 set=12(mx110,prim1.01) con=300.0 inst=3 ldT=0.25 | asc=0.03 gumsa=0.5 tenure=5.7y levy=1117623.7 resent(mean/max)=0.0/0.0 revs=51 | 6.9m eta6m
  !! SPATIAL: PACKED AND SPARSE AT ONCE (local 0.171 > 0.091 > regional 0.0049 /km2) on 2.8% of the land -- the population is NOT food-limited, it is failing to disperse; any carrying-capacity reading of this run is void
  ~~ demography: 11/16 in band  worst: m_5_15=0.044(4.40x), band_med_adults=71(2.52x), surv_to_45=0.216(0.50x), surv_to_15=0.397(0.60x)
[ 8000/15000] pop=   751 bd=   5 bigbd=3(med163) strat=0.0% giniC=0.447 dyn:eff=16.5 top=0.111 nlin=28 lpb=14.8/dom=0.279 mRSg=0.562 set=10(mx122,prim1.09) con=272.0 inst=1 ldT=0.6 | asc=0.031 gumsa=0.6 tenure=5.7y levy=1432788.6 resent(mean/max)=0.0/0.0 revs=51 | 6.9m eta6m
  !! SPATIAL: PACKED AND SPARSE AT ONCE (local 0.141 > 0.091 > regional 0.0049 /km2) on 3.4% of the land -- the population is NOT food-limited, it is failing to disperse; any carrying-capacity reading of this run is void
  ~~ demography: 10/16 in band  worst: m_5_15=0.044(4.40x), band_med_adults=57(2.02x), frac_motherless=0.0052(0.26x), surv_to_45=0.215(0.50x)
[ 8025/15000] pop=   749 bd=   5 bigbd=3(med160) strat=0.0% giniC=0.442 dyn:eff=18.0 top=0.108 nlin=30 lpb=15.0/dom=0.282 mRSg=0.566 set=11(mx129,prim1.26) con=231.5 inst=2 ldT=0.25 | asc=0.037 gumsa=0.8 tenure=5.6y levy=2051473.2 resent(mean/max)=0.0/0.0 revs=51 | 7.0m eta6m
  !! SPATIAL: PACKED AND SPARSE AT ONCE (local 0.158 > 0.091 > regional 0.0050 /km2) on 3.2% of the land -- the population is NOT food-limited, it is failing to disperse; any carrying-capacity reading of this run is void
  ~~ demography: 10/16 in band  worst: m_5_15=0.044(4.40x), band_med_adults=63(2.23x), frac_motherless=0(0.00x), surv_to_45=0.216(0.50x)
[ 8050/15000] pop=   775 bd=   5 bigbd=3(med166) strat=0.0% giniC=0.448 dyn:eff=17.9 top=0.106 nlin=30 lpb=15.6/dom=0.245 mRSg=0.554 set=11(mx118,prim1.04) con=155.0 inst=3 ldT=0.4 | asc=0.03 gumsa=0.8 tenure=5.6y levy=742052.4 resent(mean/max)=0.0/0.0 revs=51 | 7.0m eta6m
  !! SPATIAL: PACKED AND SPARSE AT ONCE (local 0.140 > 0.091 > regional 0.0051 /km2) on 3.6% of the land -- the population is NOT food-limited, it is failing to disperse; any carrying-capacity reading of this run is void
  ~~ demography: 9/16 in band  !! AGE STRUCTURE OUT OF BAND -> every marker above demography in the ladder is PROVISIONAL  worst: m_5_15=0.0439(4.39x), band_med_adults=62(2.20x), frac_motherless=0.0045(0.22x), surv_to_45=0.216(0.50x)
[ 8075/15000] pop=   783 bd=   5 bigbd=3(med166) strat=0.0% giniC=0.454 dyn:eff=17.6 top=0.111 nlin=30 lpb=15.8/dom=0.238 mRSg=0.552 set=11(mx101,prim1.0) con=281.0 inst=1 ldT=0.4 | asc=0.036 gumsa=0.8 tenure=5.6y levy=2904597.6 resent(mean/max)=0.0/0.0 revs=51 | 7.0m eta6m
  !! SPATIAL: PACKED AND SPARSE AT ONCE (local 0.138 > 0.091 > regional 0.0049 /km2) on 3.6% of the land -- the population is NOT food-limited, it is failing to disperse; any carrying-capacity reading of this run is void
  ~~ demography: 11/16 in band  worst: m_5_15=0.044(4.40x), surv_to_45=0.216(0.50x), surv_to_15=0.397(0.60x), band_med_adults=17(0.60x)
[ 8100/15000] pop=   758 bd=   7 bigbd=3(med157) strat=0.0% giniC=0.452 dyn:eff=17.3 top=0.112 nlin=30 lpb=12.71/dom=0.274 mRSg=0.562 set=12(mx103,prim1.18) con=255.0 inst=1 ldT=0.4 | asc=0.033 gumsa=1.0 tenure=5.6y levy=2997143.8 resent(mean/max)=0.0/0.0 revs=51 | 7.0m eta6m
  !! SPATIAL: PACKED AND SPARSE AT ONCE (local 0.167 > 0.091 > regional 0.0047 /km2) on 2.8% of the land -- the population is NOT food-limited, it is failing to disperse; any carrying-capacity reading of this run is void
  ~~ demography: 10/16 in band  worst: m_5_15=0.0441(4.41x), frac_fatherless=0.109(2.18x), band_med_adults=12(0.43x), surv_to_45=0.215(0.50x)
[ 8125/15000] pop=   720 bd=   9 bigbd=3(med157) strat=0.0% giniC=0.467 dyn:eff=16.4 top=0.115 nlin=30 lpb=11.33/dom=0.283 mRSg=0.567 set=10(mx118,prim1.1) con=259.0 inst=1 ldT=0.286 | asc=0.033 gumsa=0.778 tenure=5.6y levy=713853.8 resent(mean/max)=0.0/0.0 revs=51 | 7.1m eta6m
  !! SPATIAL: PACKED AND SPARSE AT ONCE (local 0.162 > 0.091 > regional 0.0047 /km2) on 2.9% of the land -- the population is NOT food-limited, it is failing to disperse; any carrying-capacity reading of this run is void
  ~~ demography: 9/16 in band  worst: m_5_15=0.0442(4.42x), frac_fatherless=0.09(1.80x), frac_motherless=0.005(0.25x), band_med_adults=12(0.43x)
[ 8150/15000] pop=   729 bd=   9 bigbd=3(med157) strat=0.0% giniC=0.47 dyn:eff=16.4 top=0.117 nlin=29 lpb=11.11/dom=0.296 mRSg=0.562 set=10(mx120,prim1.03) con=281.0 inst=4 ldT=0.444 | asc=0.034 gumsa=0.778 tenure=5.6y levy=977872.9 resent(mean/max)=0.0/0.0 revs=51 | 7.1m eta6m
  !! SPATIAL: PACKED AND SPARSE AT ONCE (local 0.136 > 0.091 > regional 0.0047 /km2) on 3.4% of the land -- the population is NOT food-limited, it is failing to disperse; any carrying-capacity reading of this run is void
  ~~ demography: 10/16 in band  worst: m_5_15=0.0442(4.42x), frac_fatherless=0.0928(1.86x), band_med_adults=13(0.46x), surv_to_45=0.215(0.50x)
[ 8175/15000] pop=   721 bd=   9 bigbd=3(med135) strat=0.0% giniC=0.465 dyn:eff=15.6 top=0.126 nlin=29 lpb=11.0/dom=0.296 mRSg=0.561 set=11(mx96,prim1.1) con=230.0 inst=0 ldT=0.0 | asc=0.037 gumsa=0.667 tenure=5.6y levy=1071122.1 resent(mean/max)=0.0/0.0 revs=51 | 7.1m eta6m
  !! SPATIAL: PACKED AND SPARSE AT ONCE (local 0.151 > 0.091 > regional 0.0045 /km2) on 3.0% of the land -- the population is NOT food-limited, it is failing to disperse; any carrying-capacity reading of this run is void
  ~~ demography: 10/16 in band  worst: m_5_15=0.0443(4.43x), frac_fatherless=0.109(2.18x), surv_to_45=0.214(0.50x), surv_to_15=0.395(0.60x)
[ 8200/15000] pop=   695 bd=   9 bigbd=3(med141) strat=0.0% giniC=0.466 dyn:eff=15.9 top=0.132 nlin=29 lpb=11.33/dom=0.27 mRSg=0.557 set=11(mx104,prim1.33) con=277.0 inst=2 ldT=0.375 | asc=0.03 gumsa=0.667 tenure=5.6y levy=1079255.1 resent(mean/max)=0.0/0.0 revs=51 | 7.2m eta6m
  !! SPATIAL: PACKED AND SPARSE AT ONCE (local 0.145 > 0.091 > regional 0.0045 /km2) on 3.1% of the land -- the population is NOT food-limited, it is failing to disperse; any carrying-capacity reading of this run is void
  ~~ demography: 9/16 in band  worst: m_5_15=0.0443(4.43x), frac_fatherless=0.145(2.90x), frac_motherless=0.0311(1.55x), surv_to_45=0.214(0.50x)
[ 8225/15000] pop=   697 bd=   8 bigbd=3(med141) strat=0.0% giniC=0.474 dyn:eff=17.6 top=0.109 nlin=30 lpb=12.12/dom=0.237 mRSg=0.55 set=12(mx110,prim1.1) con=400.0 inst=2 ldT=0.25 | asc=0.023 gumsa=0.625 tenure=5.6y levy=955998.8 resent(mean/max)=0.0/0.0 revs=51 | 7.2m eta6m
  !! SPATIAL: PACKED AND SPARSE AT ONCE (local 0.140 > 0.091 > regional 0.0046 /km2) on 3.3% of the land -- the population is NOT food-limited, it is failing to disperse; any carrying-capacity reading of this run is void
  ~~ demography: 10/16 in band  worst: m_5_15=0.0443(4.43x), frac_fatherless=0.0966(1.93x), surv_to_45=0.215(0.50x), surv_to_15=0.395(0.60x)
[ 8250/15000] pop=   714 bd=   8 bigbd=3(med128) strat=0.0% giniC=0.466 dyn:eff=17.1 top=0.116 nlin=30 lpb=11.75/dom=0.226 mRSg=0.554 set=12(mx108,prim1.2) con=416.0 inst=0 ldT=0.25 | asc=0.027 gumsa=0.75 tenure=5.6y levy=696781.1 resent(mean/max)=0.0/0.0 revs=51 | 7.2m eta6m
  !! SPATIAL: PACKED AND SPARSE AT ONCE (local 0.155 > 0.091 > regional 0.0047 /km2) on 3.0% of the land -- the population is NOT food-limited, it is failing to disperse; any carrying-capacity reading of this run is void
  ~~ demography: 9/16 in band  worst: m_5_15=0.0443(4.43x), frac_fatherless=0.0878(1.76x), frac_motherless=0.0049(0.24x), surv_to_45=0.215(0.50x)
[ 8275/15000] pop=   727 bd=   8 bigbd=3(med119) strat=0.0% giniC=0.458 dyn:eff=17.5 top=0.12 nlin=30 lpb=12.25/dom=0.213 mRSg=0.559 set=12(mx93,prim1.0) con=447.0 inst=2 ldT=0.375 | asc=0.021 gumsa=0.5 tenure=5.7y levy=831887.5 resent(mean/max)=0.0/0.0 revs=51 | 7.2m eta6m
  !! SPATIAL: PACKED AND SPARSE AT ONCE (local 0.143 > 0.091 > regional 0.0045 /km2) on 3.2% of the land -- the population is NOT food-limited, it is failing to disperse; any carrying-capacity reading of this run is void
  ~~ demography: 9/16 in band  worst: m_5_15=0.0445(4.45x), frac_motherless=0.0055(0.27x), frac_fatherless=0.0765(1.53x), surv_to_45=0.214(0.50x)
[ 8300/15000] pop=   700 bd=   7 bigbd=3(med127) strat=0.0% giniC=0.473 dyn:eff=17.5 top=0.116 nlin=30 lpb=13.14/dom=0.23 mRSg=0.553 set=12(mx74,prim1.01) con=384.0 inst=2 ldT=0.0 | asc=0.016 gumsa=0.714 tenure=5.7y levy=473782.0 resent(mean/max)=0.0/0.0 revs=51 | 7.2m eta6m
  !! SPATIAL: PACKED AND SPARSE AT ONCE (local 0.154 > 0.091 > regional 0.0046 /km2) on 3.0% of the land -- the population is NOT food-limited, it is failing to disperse; any carrying-capacity reading of this run is void
  ~~ demography: 9/16 in band  worst: m_5_15=0.0444(4.44x), frac_fatherless=0.0957(1.91x), frac_motherless=0.0053(0.27x), band_med_adults=14(0.50x)
[ 8325/15000] pop=   707 bd=   7 bigbd=3(med134) strat=0.0% giniC=0.475 dyn:eff=17.0 top=0.119 nlin=30 lpb=12.29/dom=0.258 mRSg=0.559 set=12(mx104,prim1.11) con=499.0 inst=1 ldT=0.429 | asc=0.021 gumsa=0.571 tenure=5.7y levy=676456.9 resent(mean/max)=0.0/0.0 revs=51 | 7.3m eta6m
  !! SPATIAL: PACKED AND SPARSE AT ONCE (local 0.145 > 0.091 > regional 0.0047 /km2) on 3.2% of the land -- the population is NOT food-limited, it is failing to disperse; any carrying-capacity reading of this run is void
  ~~ demography: 9/16 in band  worst: m_5_15=0.0443(4.43x), frac_fatherless=0.104(2.08x), frac_motherless=0.0052(0.26x), surv_to_45=0.215(0.50x)
[ 8350/15000] pop=   725 bd=   7 bigbd=3(med135) strat=0.0% giniC=0.467 dyn:eff=16.8 top=0.12 nlin=30 lpb=11.86/dom=0.263 mRSg=0.556 set=11(mx96,prim1.04) con=530.0 inst=5 ldT=0.0 | asc=0.04 gumsa=0.714 tenure=5.7y levy=804591.5 resent(mean/max)=0.0/0.0 revs=51 | 7.3m eta6m
  !! SPATIAL: PACKED AND SPARSE AT ONCE (local 0.177 > 0.091 > regional 0.0049 /km2) on 2.8% of the land -- the population is NOT food-limited, it is failing to disperse; any carrying-capacity reading of this run is void
  ~~ demography: 9/16 in band  !! AGE STRUCTURE OUT OF BAND -> every marker above demography in the ladder is PROVISIONAL  worst: m_5_15=0.0443(4.43x), frac_motherless=0.0048(0.24x), surv_to_45=0.215(0.50x), surv_to_15=0.395(0.60x)
[ 8375/15000] pop=   762 bd=   7 bigbd=3(med130) strat=0.0% giniC=0.469 dyn:eff=16.3 top=0.122 nlin=30 lpb=12.0/dom=0.253 mRSg=0.537 set=11(mx109,prim1.09) con=611.5 inst=2 ldT=0.143 | asc=0.038 gumsa=0.714 tenure=5.7y levy=4814438.1 resent(mean/max)=0.0/0.0 revs=51 | 7.3m eta6m
  !! SPATIAL: PACKED AND SPARSE AT ONCE (local 0.165 > 0.091 > regional 0.0050 /km2) on 3.0% of the land -- the population is NOT food-limited, it is failing to disperse; any carrying-capacity reading of this run is void
  ~~ demography: 9/16 in band  !! AGE STRUCTURE OUT OF BAND -> every marker above demography in the ladder is PROVISIONAL  worst: m_5_15=0.0443(4.43x), frac_motherless=0(0.00x), surv_to_45=0.216(0.50x), surv_to_15=0.396(0.60x)
[ 8400/15000] pop=   777 bd=   6 bigbd=3(med134) strat=0.0% giniC=0.477 dyn:eff=16.0 top=0.126 nlin=30 lpb=13.33/dom=0.232 mRSg=0.545 set=12(mx104,prim1.04) con=640.0 inst=4 ldT=0.333 | asc=0.04 gumsa=0.667 tenure=5.7y levy=846107.7 resent(mean/max)=0.0/0.0 revs=51 | 7.4m eta6m
  !! SPATIAL: PACKED AND SPARSE AT ONCE (local 0.171 > 0.091 > regional 0.0050 /km2) on 2.9% of the land -- the population is NOT food-limited, it is failing to disperse; any carrying-capacity reading of this run is void
  ~~ demography: 9/16 in band  worst: m_5_15=0.0443(4.43x), frac_motherless=0.0049(0.24x), frac_fatherless=0.0243(0.49x), surv_to_45=0.216(0.50x)
[ 8425/15000] pop=   770 bd=   6 bigbd=3(med131) strat=0.0% giniC=0.468 dyn:eff=17.3 top=0.113 nlin=32 lpb=13.83/dom=0.232 mRSg=0.536 set=12(mx114,prim1.19) con=640.0 inst=4 ldT=0.0 | asc=0.022 gumsa=0.667 tenure=5.7y levy=834044.9 resent(mean/max)=0.0/0.0 revs=51 | 7.4m eta6m
  !! SPATIAL: PACKED AND SPARSE AT ONCE (local 0.157 > 0.091 > regional 0.0050 /km2) on 3.2% of the land -- the population is NOT food-limited, it is failing to disperse; any carrying-capacity reading of this run is void
  ~~ demography: 10/16 in band  worst: m_5_15=0.0444(4.44x), frac_motherless=0.005(0.25x), surv_to_45=0.216(0.50x), surv_to_15=0.395(0.60x)
[ 8450/15000] pop=   767 bd=   6 bigbd=3(med122) strat=0.0% giniC=0.461 dyn:eff=16.6 top=0.12 nlin=32 lpb=13.5/dom=0.236 mRSg=0.536 set=12(mx107,prim1.05) con=644.0 inst=1 ldT=0.333 | asc=0.023 gumsa=0.667 tenure=5.7y levy=514554.5 resent(mean/max)=0.0/0.0 revs=51 | 7.4m eta6m
  !! SPATIAL: PACKED AND SPARSE AT ONCE (local 0.170 > 0.091 > regional 0.0050 /km2) on 2.9% of the land -- the population is NOT food-limited, it is failing to disperse; any carrying-capacity reading of this run is void
  ~~ demography: 11/16 in band  worst: m_5_15=0.0444(4.44x), surv_to_45=0.216(0.50x), surv_to_15=0.395(0.60x), band_med_adults=37.5(1.33x)
[ 8475/15000] pop=   766 bd=   6 bigbd=3(med128) strat=0.0% giniC=0.466 dyn:eff=16.4 top=0.12 nlin=31 lpb=12.67/dom=0.228 mRSg=0.538 set=12(mx109,prim1.02) con=636.0 inst=1 ldT=0.167 | asc=0.017 gumsa=0.5 tenure=5.7y levy=967610.4 resent(mean/max)=0.0/0.0 revs=51 | 7.4m eta6m
  !! SPATIAL: PACKED AND SPARSE AT ONCE (local 0.166 > 0.091 > regional 0.0051 /km2) on 3.0% of the land -- the population is NOT food-limited, it is failing to disperse; any carrying-capacity reading of this run is void
  ~~ demography: 9/16 in band  !! AGE STRUCTURE OUT OF BAND -> every marker above demography in the ladder is PROVISIONAL  worst: m_5_15=0.0443(4.43x), frac_fatherless=0.123(2.47x), band_med_adults=43(1.52x), surv_to_45=0.216(0.50x)
[ 8500/15000] pop=   780 bd=   6 bigbd=3(med127) strat=0.0% giniC=0.466 dyn:eff=16.3 top=0.114 nlin=31 lpb=12.67/dom=0.266 mRSg=0.553 set=12(mx104,prim1.03) con=653.0 inst=1 ldT=0.167 | asc=0.018 gumsa=0.667 tenure=5.7y levy=1049453.2 resent(mean/max)=0.0/0.0 revs=51 | 7.5m eta6m
  !! SPATIAL: PACKED AND SPARSE AT ONCE (local 0.142 > 0.091 > regional 0.0052 /km2) on 3.6% of the land -- the population is NOT food-limited, it is failing to disperse; any carrying-capacity reading of this run is void
  ~~ demography: 8/16 in band  !! AGE STRUCTURE OUT OF BAND -> every marker above demography in the ladder is PROVISIONAL  worst: m_5_15=0.0442(4.42x), frac_fatherless=0.172(3.43x), frac_motherless=0.0084(0.42x), band_med_adults=43.5(1.54x)
[ 8525/15000] pop=   798 bd=   6 bigbd=3(med126) strat=0.0% giniC=0.467 dyn:eff=16.3 top=0.115 nlin=31 lpb=12.17/dom=0.284 mRSg=0.543 set=12(mx106,prim1.2) con=660.0 inst=0 ldT=0.5 | asc=0.02 gumsa=0.667 tenure=5.7y levy=1472752.6 resent(mean/max)=0.0/0.0 revs=51 | 7.5m eta6m
  !! SPATIAL: PACKED AND SPARSE AT ONCE (local 0.168 > 0.091 > regional 0.0053 /km2) on 3.2% of the land -- the population is NOT food-limited, it is failing to disperse; any carrying-capacity reading of this run is void
  ~~ demography: 8/16 in band  !! AGE STRUCTURE OUT OF BAND -> every marker above demography in the ladder is PROVISIONAL  worst: m_5_15=0.0443(4.43x), frac_fatherless=0.129(2.58x), frac_motherless=0.0039(0.19x), band_med_adults=45(1.60x)
[ 8550/15000] pop=   823 bd=   6 bigbd=3(med126) strat=0.0% giniC=0.465 dyn:eff=16.3 top=0.118 nlin=31 lpb=11.67/dom=0.301 mRSg=0.516 set=12(mx116,prim1.17) con=700.0 inst=3 ldT=0.333 | asc=0.019 gumsa=0.5 tenure=5.7y levy=1056048.4 resent(mean/max)=0.0/0.0 revs=51 | 7.5m eta6m
  !! SPATIAL: PACKED AND SPARSE AT ONCE (local 0.155 > 0.091 > regional 0.0053 /km2) on 3.4% of the land -- the population is NOT food-limited, it is failing to disperse; any carrying-capacity reading of this run is void
  ~~ demography: 10/16 in band  !! AGE STRUCTURE OUT OF BAND -> every marker above demography in the ladder is PROVISIONAL  worst: m_5_15=0.0443(4.43x), frac_fatherless=0.109(2.19x), surv_to_45=0.217(0.50x), surv_to_15=0.396(0.60x)
[ 8575/15000] pop=   824 bd=   7 bigbd=4(med111.0) strat=0.0% giniC=0.464 dyn:eff=16.4 top=0.112 nlin=31 lpb=12.0/dom=0.294 mRSg=0.527 set=13(mx99,prim1.04) con=670.0 inst=0 ldT=0.167 | asc=0.013 gumsa=0.429 tenure=5.7y levy=3359567.1 resent(mean/max)=0.0/0.0 revs=51 | 7.5m eta6m
  !! SPATIAL: PACKED AND SPARSE AT ONCE (local 0.139 > 0.091 > regional 0.0052 /km2) on 3.8% of the land -- the population is NOT food-limited, it is failing to disperse; any carrying-capacity reading of this run is void
  ~~ demography: 8/16 in band  !! AGE STRUCTURE OUT OF BAND -> every marker above demography in the ladder is PROVISIONAL  worst: m_5_15=0.0442(4.42x), frac_motherless=0.0556(2.78x), frac_fatherless=0.125(2.50x), band_med_adults=10(0.35x)
[ 8600/15000] pop=   809 bd=   9 bigbd=3(med119) strat=0.0% giniC=0.463 dyn:eff=16.5 top=0.112 nlin=31 lpb=10.56/dom=0.305 mRSg=0.538 set=14(mx97,prim1.04) con=693.0 inst=4 ldT=0.429 | asc=0.016 gumsa=0.444 tenure=5.7y levy=649726.6 resent(mean/max)=0.0/0.0 revs=51 | 7.6m eta6m
  !! SPATIAL: PACKED AND SPARSE AT ONCE (local 0.143 > 0.091 > regional 0.0053 /km2) on 3.7% of the land -- the population is NOT food-limited, it is failing to disperse; any carrying-capacity reading of this run is void
  ~~ demography: 8/16 in band  !! AGE STRUCTURE OUT OF BAND -> every marker above demography in the ladder is PROVISIONAL  worst: m_5_15=0.0442(4.42x), frac_fatherless=0.107(2.14x), frac_motherless=0.0326(1.63x), band_med_adults=11.5(0.41x)
[ 8625/15000] pop=   813 bd=   8 bigbd=3(med118) strat=0.0% giniC=0.457 dyn:eff=16.4 top=0.112 nlin=31 lpb=10.62/dom=0.288 mRSg=0.536 set=13(mx99,prim1.11) con=684.0 inst=2 ldT=0.5 | asc=0.017 gumsa=0.5 tenure=5.7y levy=1586634.2 resent(mean/max)=0.0/0.0 revs=51 | 7.6m eta6m
  !! SPATIAL: PACKED AND SPARSE AT ONCE (local 0.132 > 0.091 > regional 0.0051 /km2) on 3.9% of the land -- the population is NOT food-limited, it is failing to disperse; any carrying-capacity reading of this run is void
  ~~ demography: 10/16 in band  worst: m_5_15=0.0443(4.43x), frac_fatherless=0.106(2.11x), surv_to_45=0.217(0.50x), band_med_adults=16(0.57x)
[ 8650/15000] pop=   793 bd=   7 bigbd=3(med122) strat=0.0% giniC=0.468 dyn:eff=16.3 top=0.12 nlin=31 lpb=11.86/dom=0.244 mRSg=0.536 set=12(mx112,prim1.1) con=687.0 inst=4 ldT=0.0 | asc=0.016 gumsa=0.571 tenure=5.7y levy=2013887.5 resent(mean/max)=0.0/0.0 revs=51 | 7.6m eta6m
  !! SPATIAL: PACKED AND SPARSE AT ONCE (local 0.133 > 0.091 > regional 0.0052 /km2) on 4.0% of the land -- the population is NOT food-limited, it is failing to disperse; any carrying-capacity reading of this run is void
  ~~ demography: 11/16 in band  worst: m_5_15=0.0443(4.43x), surv_to_45=0.217(0.50x), surv_to_15=0.396(0.60x), band_med_adults=17(0.60x)
[ 8675/15000] pop=   810 bd=   7 bigbd=3(med133) strat=0.0% giniC=0.472 dyn:eff=16.2 top=0.123 nlin=31 lpb=12.0/dom=0.244 mRSg=0.541 set=13(mx106,prim1.12) con=666.0 inst=2 ldT=0.143 | asc=0.036 gumsa=0.714 tenure=5.7y levy=943705.3 resent(mean/max)=0.0/0.0 revs=51 | 7.7m eta6m
  !! SPATIAL: PACKED AND SPARSE AT ONCE (local 0.145 > 0.091 > regional 0.0052 /km2) on 3.6% of the land -- the population is NOT food-limited, it is failing to disperse; any carrying-capacity reading of this run is void
  ~~ demography: 11/16 in band  worst: m_5_15=0.0443(4.43x), surv_to_45=0.216(0.50x), surv_to_15=0.395(0.60x), band_med_adults=19(0.67x)
[ 8700/15000] pop=   799 bd=   7 bigbd=3(med134) strat=0.0% giniC=0.475 dyn:eff=16.5 top=0.106 nlin=30 lpb=12.0/dom=0.242 mRSg=0.538 set=14(mx114,prim1.21) con=663.0 inst=4 ldT=0.333 | asc=0.028 gumsa=0.571 tenure=5.7y levy=919002.8 resent(mean/max)=0.0/0.0 revs=51 | 7.7m eta6m
  !! SPATIAL: PACKED AND SPARSE AT ONCE (local 0.165 > 0.091 > regional 0.0053 /km2) on 3.2% of the land -- the population is NOT food-limited, it is failing to disperse; any carrying-capacity reading of this run is void
  ~~ demography: 11/16 in band  worst: m_5_15=0.0443(4.43x), band_med_adults=14(0.50x), surv_to_45=0.217(0.50x), surv_to_15=0.396(0.60x)
[ 8725/15000] pop=   825 bd=   7 bigbd=3(med139) strat=0.0% giniC=0.474 dyn:eff=16.5 top=0.103 nlin=30 lpb=12.14/dom=0.233 mRSg=0.542 set=14(mx116,prim1.03) con=679.0 inst=6 ldT=0.143 | asc=0.01 gumsa=0.143 tenure=5.7y levy=1121564.0 resent(mean/max)=0.0/0.0 revs=52 | 7.7m eta6m
  !! SPATIAL: PACKED AND SPARSE AT ONCE (local 0.156 > 0.091 > regional 0.0055 /km2) on 3.5% of the land -- the population is NOT food-limited, it is failing to disperse; any carrying-capacity reading of this run is void
  ~~ demography: 9/16 in band  !! AGE STRUCTURE OUT OF BAND -> every marker above demography in the ladder is PROVISIONAL  worst: m_5_15=0.0442(4.42x), frac_motherless=0.0303(1.51x), surv_to_45=0.217(0.50x), band_med_adults=15(0.53x)
[ 8750/15000] pop=   843 bd=   7 bigbd=3(med131) strat=0.0% giniC=0.469 dyn:eff=17.4 top=0.102 nlin=31 lpb=11.86/dom=0.242 mRSg=0.524 set=14(mx131,prim1.12) con=710.0 inst=3 ldT=0.143 | asc=0.008 gumsa=0.143 tenure=5.7y levy=802692.7 resent(mean/max)=0.0/0.0 revs=52 | 7.7m eta6m
  !! SPATIAL: PACKED AND SPARSE AT ONCE (local 0.145 > 0.091 > regional 0.0057 /km2) on 4.0% of the land -- the population is NOT food-limited, it is failing to disperse; any carrying-capacity reading of this run is void
  ~~ demography: 10/16 in band  !! AGE STRUCTURE OUT OF BAND -> every marker above demography in the ladder is PROVISIONAL  worst: m_5_15=0.0442(4.42x), band_med_adults=50.5(1.79x), surv_to_45=0.217(0.50x), surv_to_15=0.397(0.60x)
[ 8775/15000] pop=   884 bd=   6 bigbd=3(med142) strat=0.0% giniC=0.47 dyn:eff=17.5 top=0.1 nlin=30 lpb=12.67/dom=0.236 mRSg=0.52 set=14(mx107,prim1.04) con=739.0 inst=4 ldT=0.167 | asc=0.007 gumsa=0.167 tenure=5.7y levy=807228.0 resent(mean/max)=0.0/0.0 revs=52 | 7.8m eta6m
  !! SPATIAL: PACKED AND SPARSE AT ONCE (local 0.155 > 0.091 > regional 0.0057 /km2) on 3.7% of the land -- the population is NOT food-limited, it is failing to disperse; any carrying-capacity reading of this run is void
  ~~ demography: 9/16 in band  !! AGE STRUCTURE OUT OF BAND -> every marker above demography in the ladder is PROVISIONAL  worst: m_5_15=0.0442(4.42x), frac_fatherless=0.106(2.13x), band_med_adults=13(0.46x), surv_to_45=0.218(0.51x)
[ 8800/15000] pop=   883 bd=   7 bigbd=3(med137) strat=0.0% giniC=0.467 dyn:eff=17.1 top=0.104 nlin=30 lpb=11.57/dom=0.204 mRSg=0.512 set=14(mx103,prim1.16) con=667.5 inst=3 ldT=0.2 | asc=0.007 gumsa=0.286 tenure=5.7y levy=1795709.8 resent(mean/max)=0.0/0.0 revs=52 | 7.8m eta5m
  !! SPATIAL: PACKED AND SPARSE AT ONCE (local 0.165 > 0.091 > regional 0.0059 /km2) on 3.6% of the land -- the population is NOT food-limited, it is failing to disperse; any carrying-capacity reading of this run is void
  ~~ demography: 9/16 in band  !! AGE STRUCTURE OUT OF BAND -> every marker above demography in the ladder is PROVISIONAL  worst: m_5_15=0.0441(4.41x), frac_fatherless=0.0852(1.70x), surv_to_45=0.218(0.51x), band_med_adults=15(0.53x)
[ 8825/15000] pop=   910 bd=   7 bigbd=3(med142) strat=0.0% giniC=0.463 dyn:eff=16.8 top=0.105 nlin=30 lpb=12.0/dom=0.216 mRSg=0.512 set=15(mx121,prim1.2) con=755.0 inst=3 ldT=0.5 | asc=0.007 gumsa=0.286 tenure=5.7y levy=2469288.6 resent(mean/max)=0.0/0.0 revs=52 | 7.8m eta5m
  !! SPATIAL: PACKED AND SPARSE AT ONCE (local 0.158 > 0.091 > regional 0.0058 /km2) on 3.7% of the land -- the population is NOT food-limited, it is failing to disperse; any carrying-capacity reading of this run is void
  ~~ demography: 9/16 in band  !! AGE STRUCTURE OUT OF BAND -> every marker above demography in the ladder is PROVISIONAL  worst: m_5_15=0.0441(4.41x), frac_fatherless=0.108(2.16x), surv_to_45=0.218(0.51x), band_med_adults=16(0.57x)
[ 8850/15000] pop=   898 bd=   7 bigbd=3(med133) strat=0.0% giniC=0.46 dyn:eff=16.7 top=0.109 nlin=31 lpb=13.14/dom=0.218 mRSg=0.534 set=15(mx117,prim1.15) con=745.0 inst=2 ldT=0.429 | asc=0.009 gumsa=0.286 tenure=5.7y levy=1543625.5 resent(mean/max)=0.0/0.0 revs=52 | 7.9m eta5m
  !! SPATIAL: PACKED AND SPARSE AT ONCE (local 0.161 > 0.091 > regional 0.0059 /km2) on 3.7% of the land -- the population is NOT food-limited, it is failing to disperse; any carrying-capacity reading of this run is void
  ~~ demography: 9/16 in band  !! AGE STRUCTURE OUT OF BAND -> every marker above demography in the ladder is PROVISIONAL  worst: m_5_15=0.0439(4.39x), frac_fatherless=0.0992(1.98x), band_med_adults=14(0.50x), surv_to_45=0.219(0.51x)
[ 8875/15000] pop=   917 bd=   7 bigbd=3(med133) strat=0.0% giniC=0.461 dyn:eff=16.6 top=0.11 nlin=31 lpb=12.43/dom=0.212 mRSg=0.562 set=15(mx121,prim1.11) con=714.0 inst=1 ldT=0.0 | asc=0.029 gumsa=0.286 tenure=5.7y levy=1686932.8 resent(mean/max)=0.0/0.0 revs=52 | 7.9m eta5m
  !! SPATIAL: PACKED AND SPARSE AT ONCE (local 0.148 > 0.091 > regional 0.0055 /km2) on 3.7% of the land -- the population is NOT food-limited, it is failing to disperse; any carrying-capacity reading of this run is void
  ~~ demography: 9/16 in band  worst: m_5_15=0.0441(4.41x), frac_motherless=0.0386(1.93x), frac_fatherless=0.0773(1.55x), band_med_adults=13(0.46x)
[ 8900/15000] pop=   845 bd=   7 bigbd=3(med124) strat=0.0% giniC=0.468 dyn:eff=16.7 top=0.107 nlin=30 lpb=12.0/dom=0.219 mRSg=0.565 set=14(mx119,prim1.14) con=693.0 inst=1 ldT=0.286 | asc=0.031 gumsa=0.286 tenure=5.7y levy=3075321.7 resent(mean/max)=0.0/0.0 revs=52 | 7.9m eta5m
  !! SPATIAL: PACKED AND SPARSE AT ONCE (local 0.158 > 0.091 > regional 0.0055 /km2) on 3.5% of the land -- the population is NOT food-limited, it is failing to disperse; any carrying-capacity reading of this run is void
  ~~ demography: 10/16 in band  worst: m_5_15=0.0442(4.42x), band_med_adults=10(0.35x), frac_fatherless=0.0769(1.54x), surv_to_45=0.218(0.51x)
[ 8925/15000] pop=   852 bd=   7 bigbd=3(med132) strat=0.0% giniC=0.464 dyn:eff=16.9 top=0.113 nlin=31 lpb=11.86/dom=0.227 mRSg=0.581 set=14(mx103,prim1.12) con=615.0 inst=2 ldT=0.143 | asc=0.056 gumsa=0.429 tenure=5.7y levy=1357634.5 resent(mean/max)=0.0/0.0 revs=52 | 8.0m eta5m
  !! SPATIAL: PACKED AND SPARSE AT ONCE (local 0.168 > 0.091 > regional 0.0057 /km2) on 3.4% of the land -- the population is NOT food-limited, it is failing to disperse; any carrying-capacity reading of this run is void
  ~~ demography: 11/16 in band  worst: m_5_15=0.0441(4.41x), band_med_adults=52.5(1.86x), surv_to_45=0.218(0.51x), surv_to_15=0.397(0.60x)
[ 8950/15000] pop=   873 bd=   6 bigbd=3(med135) strat=0.0% giniC=0.467 dyn:eff=17.2 top=0.115 nlin=31 lpb=13.17/dom=0.231 mRSg=0.58 set=12(mx100,prim1.06) con=543.0 inst=1 ldT=0.167 | asc=0.068 gumsa=0.5 tenure=5.7y levy=1563796.2 resent(mean/max)=0.0/0.0 revs=52 | 8.0m eta5m
  !! SPATIAL: PACKED AND SPARSE AT ONCE (local 0.199 > 0.091 > regional 0.0057 /km2) on 2.8% of the land -- the population is NOT food-limited, it is failing to disperse; any carrying-capacity reading of this run is void
  ~~ demography: 11/16 in band  worst: m_5_15=0.0442(4.42x), surv_to_45=0.218(0.51x), surv_to_15=0.397(0.60x), band_med_adults=17(0.60x)
[ 8975/15000] pop=   875 bd=   7 bigbd=3(med138) strat=0.0% giniC=0.475 dyn:eff=17.2 top=0.12 nlin=31 lpb=13.0/dom=0.223 mRSg=0.58 set=14(mx103,prim1.13) con=533.0 inst=1 ldT=0.6 | asc=0.05 gumsa=0.571 tenure=5.7y levy=572349.9 resent(mean/max)=0.0/0.0 revs=53 | 8.0m eta5m
  !! SPATIAL: PACKED AND SPARSE AT ONCE (local 0.150 > 0.091 > regional 0.0057 /km2) on 3.8% of the land -- the population is NOT food-limited, it is failing to disperse; any carrying-capacity reading of this run is void
  ~~ demography: 11/16 in band  worst: m_5_15=0.0442(4.42x), surv_to_45=0.218(0.51x), surv_to_15=0.397(0.60x), band_med_adults=17(0.60x)
[ 9000/15000] pop=   887 bd=   7 bigbd=3(med144) strat=0.0% giniC=0.473 dyn:eff=17.8 top=0.114 nlin=30 lpb=13.14/dom=0.216 mRSg=0.564 set=14(mx103,prim1.04) con=699.0 inst=0 ldT=0.286 | asc=0.048 gumsa=0.571 tenure=5.7y levy=782609.0 resent(mean/max)=0.0/0.0 revs=53 | 8.1m eta5m
  !! SPATIAL: PACKED AND SPARSE AT ONCE (local 0.182 > 0.091 > regional 0.0059 /km2) on 3.2% of the land -- the population is NOT food-limited, it is failing to disperse; any carrying-capacity reading of this run is void
  ~~ demography: 11/16 in band  worst: m_5_15=0.0441(4.41x), band_med_adults=49(1.74x), surv_to_45=0.218(0.51x), surv_to_15=0.398(0.60x)
[ 9025/15000] pop=   909 bd=   6 bigbd=3(med152) strat=0.0% giniC=0.471 dyn:eff=18.5 top=0.11 nlin=31 lpb=14.33/dom=0.201 mRSg=0.56 set=13(mx121,prim1.44) con=703.0 inst=0 ldT=0.167 | asc=0.07 gumsa=0.667 tenure=5.7y levy=2930471.0 resent(mean/max)=0.0/0.0 revs=53 | 8.1m eta5m
  !! SPATIAL: PACKED AND SPARSE AT ONCE (local 0.170 > 0.091 > regional 0.0059 /km2) on 3.5% of the land -- the population is NOT food-limited, it is failing to disperse; any carrying-capacity reading of this run is void
  ~~ demography: 10/16 in band  worst: m_5_15=0.0442(4.42x), frac_motherless=0(0.00x), band_med_adults=49(1.74x), surv_to_45=0.218(0.51x)
[ 9050/15000] pop=   917 bd=   6 bigbd=3(med157) strat=0.0% giniC=0.468 dyn:eff=18.6 top=0.108 nlin=31 lpb=13.67/dom=0.196 mRSg=0.552 set=14(mx115,prim1.14) con=751.0 inst=1 ldT=0.333 | asc=0.076 gumsa=0.667 tenure=5.7y levy=1554435.9 resent(mean/max)=0.0/0.0 revs=53 | 8.1m eta5m
  !! SPATIAL: PACKED AND SPARSE AT ONCE (local 0.184 > 0.091 > regional 0.0060 /km2) on 3.2% of the land -- the population is NOT food-limited, it is failing to disperse; any carrying-capacity reading of this run is void
  ~~ demography: 11/16 in band  worst: m_5_15=0.0442(4.42x), band_med_adults=50(1.77x), surv_to_45=0.218(0.51x), surv_to_15=0.397(0.60x)
[ 9075/15000] pop=   920 bd=   6 bigbd=3(med154) strat=0.0% giniC=0.462 dyn:eff=18.6 top=0.104 nlin=31 lpb=13.17/dom=0.207 mRSg=0.547 set=13(mx120,prim1.15) con=754.0 inst=4 ldT=0.0 | asc=0.076 gumsa=0.667 tenure=5.7y levy=602206.7 resent(mean/max)=0.0/0.0 revs=53 | 8.2m eta5m
  !! SPATIAL: PACKED AND SPARSE AT ONCE (local 0.167 > 0.091 > regional 0.0059 /km2) on 3.5% of the land -- the population is NOT food-limited, it is failing to disperse; any carrying-capacity reading of this run is void
  ~~ demography: 11/16 in band  worst: m_5_15=0.0441(4.41x), band_med_adults=49(1.74x), surv_to_45=0.218(0.51x), surv_to_15=0.397(0.60x)
[ 9100/15000] pop=   904 bd=   6 bigbd=3(med149) strat=0.0% giniC=0.462 dyn:eff=18.3 top=0.107 nlin=31 lpb=12.67/dom=0.209 mRSg=0.573 set=13(mx130,prim1.12) con=645.0 inst=5 ldT=0.333 | asc=0.107 gumsa=1.0 tenure=5.7y levy=1146525.8 resent(mean/max)=0.0/0.0 revs=53 | 8.2m eta5m
  !! SPATIAL: PACKED AND SPARSE AT ONCE (local 0.125 > 0.091 > regional 0.0054 /km2) on 4.3% of the land -- the population is NOT food-limited, it is failing to disperse; any carrying-capacity reading of this run is void
  ~~ demography: 10/16 in band  worst: m_5_15=0.0443(4.43x), frac_motherless=0.0357(1.79x), surv_to_45=0.217(0.50x), band_med_adults=14.5(0.51x)
[ 9125/15000] pop=   837 bd=   8 bigbd=3(med132) strat=0.0% giniC=0.468 dyn:eff=18.6 top=0.103 nlin=31 lpb=12.0/dom=0.239 mRSg=0.591 set=14(mx120,prim1.2) con=729.0 inst=1 ldT=0.333 | asc=0.099 gumsa=0.75 tenure=5.7y levy=815169.5 resent(mean/max)=0.0/0.0 revs=54 | 8.2m eta5m
  !! SPATIAL: PACKED AND SPARSE AT ONCE (local 0.127 > 0.091 > regional 0.0053 /km2) on 4.1% of the land -- the population is NOT food-limited, it is failing to disperse; any carrying-capacity reading of this run is void
  ~~ demography: 11/16 in band  worst: m_5_15=0.0444(4.44x), band_med_adults=50(1.77x), surv_to_45=0.217(0.50x), surv_to_15=0.396(0.60x)
[ 9150/15000] pop=   815 bd=   6 bigbd=3(med122) strat=0.0% giniC=0.458 dyn:eff=18.1 top=0.109 nlin=31 lpb=13.83/dom=0.204 mRSg=0.593 set=14(mx98,prim1.04) con=549.5 inst=5 ldT=0.167 | asc=0.067 gumsa=0.333 tenure=5.7y levy=755615.5 resent(mean/max)=0.0/0.0 revs=55 | 8.2m eta5m
  !! SPATIAL: PACKED AND SPARSE AT ONCE (local 0.139 > 0.091 > regional 0.0055 /km2) on 4.0% of the land -- the population is NOT food-limited, it is failing to disperse; any carrying-capacity reading of this run is void
  ~~ demography: 11/16 in band  worst: m_5_15=0.0443(4.43x), band_med_adults=44.5(1.58x), surv_to_45=0.217(0.50x), surv_to_15=0.396(0.60x)
[ 9175/15000] pop=   845 bd=   6 bigbd=3(med117) strat=0.0% giniC=0.449 dyn:eff=18.2 top=0.102 nlin=31 lpb=13.83/dom=0.197 mRSg=0.593 set=14(mx90,prim1.22) con=654.5 inst=0 ldT=0.333 | asc=0.057 gumsa=0.333 tenure=5.7y levy=1090508.0 resent(mean/max)=0.0/0.0 revs=55 | 8.3m eta5m
  !! SPATIAL: PACKED AND SPARSE AT ONCE (local 0.137 > 0.091 > regional 0.0054 /km2) on 4.0% of the land -- the population is NOT food-limited, it is failing to disperse; any carrying-capacity reading of this run is void
  ~~ demography: 11/16 in band  worst: m_5_15=0.0443(4.43x), surv_to_45=0.217(0.50x), band_med_adults=39.5(1.40x), surv_to_15=0.396(0.60x)
[ 9200/15000] pop=   838 bd=   6 bigbd=3(med113) strat=0.0% giniC=0.443 dyn:eff=18.1 top=0.11 nlin=31 lpb=13.83/dom=0.21 mRSg=0.596 set=13(mx100,prim1.3) con=511.0 inst=3 ldT=0.0 | asc=0.062 gumsa=0.667 tenure=5.7y levy=1178815.7 resent(mean/max)=0.0/0.0 revs=56 | 8.3m eta5m
  !! SPATIAL: PACKED AND SPARSE AT ONCE (local 0.166 > 0.091 > regional 0.0054 /km2) on 3.2% of the land -- the population is NOT food-limited, it is failing to disperse; any carrying-capacity reading of this run is void
  ~~ demography: 10/16 in band  worst: m_5_15=0.0443(4.43x), frac_motherless=0.0335(1.68x), surv_to_45=0.217(0.50x), band_med_adults=41.5(1.47x)
[ 9225/15000] pop=   831 bd=   6 bigbd=3(med116) strat=0.0% giniC=0.438 dyn:eff=18.8 top=0.097 nlin=31 lpb=13.83/dom=0.232 mRSg=0.586 set=13(mx96,prim1.03) con=529.0 inst=1 ldT=0.5 | asc=0.078 gumsa=0.667 tenure=5.7y levy=744624.7 resent(mean/max)=0.0/0.0 revs=56 | 8.3m eta5m
  !! SPATIAL: PACKED AND SPARSE AT ONCE (local 0.142 > 0.091 > regional 0.0052 /km2) on 3.6% of the land -- the population is NOT food-limited, it is failing to disperse; any carrying-capacity reading of this run is void
  ~~ demography: 10/16 in band  worst: m_5_15=0.0444(4.44x), band_med_adults=61(2.16x), frac_fatherless=0.0856(1.71x), surv_to_45=0.217(0.50x)
[ 9250/15000] pop=   797 bd=   5 bigbd=3(med120) strat=0.0% giniC=0.442 dyn:eff=18.9 top=0.094 nlin=31 lpb=15.6/dom=0.184 mRSg=0.579 set=12(mx102,prim1.11) con=470.0 inst=3 ldT=0.4 | asc=0.083 gumsa=0.8 tenure=5.7y levy=877393.4 resent(mean/max)=0.0/0.0 revs=57 | 8.4m eta5m
  !! SPATIAL: PACKED AND SPARSE AT ONCE (local 0.171 > 0.091 > regional 0.0053 /km2) on 3.1% of the land -- the population is NOT food-limited, it is failing to disperse; any carrying-capacity reading of this run is void
  ~~ demography: 9/16 in band  worst: m_5_15=0.0443(4.43x), band_med_adults=59(2.09x), frac_fatherless=0.0766(1.53x), frac_motherless=0.0096(0.48x)
[ 9275/15000] pop=   823 bd=   5 bigbd=3(med122) strat=0.0% giniC=0.434 dyn:eff=18.9 top=0.095 nlin=31 lpb=16.2/dom=0.179 mRSg=0.567 set=11(mx111,prim1.04) con=573.0 inst=3 ldT=0.0 | asc=0.075 gumsa=0.8 tenure=5.7y levy=803264.8 resent(mean/max)=0.0/0.0 revs=57 | 8.4m eta5m
  !! SPATIAL: PACKED AND SPARSE AT ONCE (local 0.133 > 0.091 > regional 0.0055 /km2) on 4.1% of the land -- the population is NOT food-limited, it is failing to disperse; any carrying-capacity reading of this run is void
  ~~ demography: 9/16 in band  worst: m_5_15=0.0443(4.43x), frac_motherless=0(0.00x), frac_fatherless=0.0897(1.79x), band_med_adults=42.5(1.51x)
[ 9300/15000] pop=   851 bd=   6 bigbd=4(med108.0) strat=0.0% giniC=0.427 dyn:eff=18.8 top=0.099 nlin=31 lpb=15.67/dom=0.192 mRSg=0.571 set=14(mx95,prim1.01) con=486.0 inst=5 ldT=0.6 | asc=0.071 gumsa=0.833 tenure=5.7y levy=1750754.4 resent(mean/max)=0.0/0.0 revs=57 | 8.4m eta5m
  !! SPATIAL: PACKED AND SPARSE AT ONCE (local 0.160 > 0.091 > regional 0.0056 /km2) on 3.5% of the land -- the population is NOT food-limited, it is failing to disperse; any carrying-capacity reading of this run is void
  ~~ demography: 9/16 in band  worst: m_5_15=0.0442(4.42x), frac_motherless=0.0042(0.21x), frac_fatherless=0.0879(1.76x), band_med_adults=47(1.67x)
[ 9325/15000] pop=   864 bd=   6 bigbd=3(med136) strat=0.0% giniC=0.424 dyn:eff=18.6 top=0.103 nlin=31 lpb=15.33/dom=0.197 mRSg=0.571 set=13(mx111,prim1.16) con=502.0 inst=3 ldT=0.2 | asc=0.057 gumsa=0.5 tenure=5.7y levy=1525480.6 resent(mean/max)=0.0/0.0 revs=58 | 8.5m eta5m
  !! SPATIAL: PACKED AND SPARSE AT ONCE (local 0.158 > 0.091 > regional 0.0053 /km2) on 3.4% of the land -- the population is NOT food-limited, it is failing to disperse; any carrying-capacity reading of this run is void
  ~~ demography: 9/16 in band  worst: m_5_15=0.0442(4.42x), frac_fatherless=0.1(2.00x), frac_motherless=0.0048(0.24x), surv_to_45=0.218(0.51x)
[ 9350/15000] pop=   822 bd=   9 bigbd=3(med116) strat=0.0% giniC=0.415 dyn:eff=17.9 top=0.108 nlin=31 lpb=12.22/dom=0.257 mRSg=0.583 set=14(mx107,prim1.29) con=430.5 inst=2 ldT=0.2 | asc=0.056 gumsa=0.333 tenure=5.7y levy=1403094.9 resent(mean/max)=0.0/0.0 revs=58 | 8.5m eta5m
  !! SPATIAL: PACKED AND SPARSE AT ONCE (local 0.143 > 0.091 > regional 0.0052 /km2) on 3.6% of the land -- the population is NOT food-limited, it is failing to disperse; any carrying-capacity reading of this run is void
  ~~ demography: 9/16 in band  worst: m_5_15=0.0443(4.43x), frac_fatherless=0.101(2.01x), frac_motherless=0.0053(0.27x), band_med_adults=14(0.50x)
[ 9375/15000] pop=   803 bd=   9 bigbd=3(med122) strat=0.0% giniC=0.42 dyn:eff=18.2 top=0.103 nlin=31 lpb=12.22/dom=0.236 mRSg=0.586 set=14(mx103,prim1.04) con=396.0 inst=2 ldT=0.375 | asc=0.044 gumsa=0.333 tenure=5.7y levy=639361.8 resent(mean/max)=0.0/0.0 revs=59 | 8.5m eta5m
  !! SPATIAL: PACKED AND SPARSE AT ONCE (local 0.157 > 0.091 > regional 0.0052 /km2) on 3.3% of the land -- the population is NOT food-limited, it is failing to disperse; any carrying-capacity reading of this run is void
  ~~ demography: 9/16 in band  worst: m_5_15=0.0443(4.43x), frac_fatherless=0.118(2.35x), frac_motherless=0.0053(0.27x), surv_to_45=0.218(0.51x)
[ 9400/15000] pop=   803 bd=   8 bigbd=3(med124) strat=0.0% giniC=0.426 dyn:eff=17.7 top=0.106 nlin=31 lpb=12.75/dom=0.215 mRSg=0.574 set=14(mx120,prim1.07) con=439.0 inst=2 ldT=0.25 | asc=0.037 gumsa=0.25 tenure=5.7y levy=552139.4 resent(mean/max)=0.0/0.0 revs=59 | 8.6m eta5m
  !! SPATIAL: PACKED AND SPARSE AT ONCE (local 0.141 > 0.091 > regional 0.0053 /km2) on 3.8% of the land -- the population is NOT food-limited, it is failing to disperse; any carrying-capacity reading of this run is void
  ~~ demography: 10/16 in band  worst: m_5_15=0.0442(4.42x), frac_motherless=0.0098(0.49x), surv_to_45=0.218(0.51x), band_med_adults=16.5(0.59x)
[ 9425/15000] pop=   820 bd=   8 bigbd=3(med128) strat=0.0% giniC=0.423 dyn:eff=19.2 top=0.095 nlin=32 lpb=12.5/dom=0.23 mRSg=0.568 set=14(mx97,prim1.01) con=487.0 inst=1 ldT=0.375 | asc=0.027 gumsa=0.125 tenure=5.7y levy=1325693.4 resent(mean/max)=0.0/0.0 revs=59 | 8.6m eta5m
  !! SPATIAL: PACKED AND SPARSE AT ONCE (local 0.151 > 0.091 > regional 0.0052 /km2) on 3.4% of the land -- the population is NOT food-limited, it is failing to disperse; any carrying-capacity reading of this run is void
  ~~ demography: 10/16 in band  worst: m_5_15=0.0443(4.43x), frac_motherless=0(0.00x), surv_to_45=0.218(0.51x), surv_to_15=0.396(0.60x)
[ 9450/15000] pop=   799 bd=   8 bigbd=3(med125) strat=0.0% giniC=0.427 dyn:eff=19.1 top=0.095 nlin=32 lpb=12.75/dom=0.23 mRSg=0.576 set=13(mx109,prim1.09) con=445.0 inst=2 ldT=0.25 | asc=0.026 gumsa=0.25 tenure=5.7y levy=771962.7 resent(mean/max)=0.0/0.0 revs=59 | 8.6m eta5m
  !! SPATIAL: PACKED AND SPARSE AT ONCE (local 0.138 > 0.091 > regional 0.0050 /km2) on 3.6% of the land -- the population is NOT food-limited, it is failing to disperse; any carrying-capacity reading of this run is void
  ~~ demography: 10/16 in band  worst: m_5_15=0.0443(4.43x), frac_motherless=0(0.00x), surv_to_45=0.217(0.50x), surv_to_15=0.395(0.60x)
[ 9475/15000] pop=   771 bd=   8 bigbd=3(med130) strat=0.0% giniC=0.426 dyn:eff=19.0 top=0.104 nlin=33 lpb=12.38/dom=0.256 mRSg=0.578 set=12(mx126,prim1.26) con=501.0 inst=3 ldT=0.25 | asc=0.029 gumsa=0.125 tenure=5.7y levy=793521.8 resent(mean/max)=0.0/0.0 revs=59 | 8.6m eta5m
  !! SPATIAL: PACKED AND SPARSE AT ONCE (local 0.151 > 0.091 > regional 0.0047 /km2) on 3.1% of the land -- the population is NOT food-limited, it is failing to disperse; any carrying-capacity reading of this run is void
  ~~ demography: 11/16 in band  worst: m_5_15=0.0444(4.44x), frac_fatherless=0.0233(0.47x), surv_to_45=0.216(0.50x), surv_to_15=0.395(0.60x)
[ 9500/15000] pop=   724 bd=   7 bigbd=4(med114.0) strat=0.0% giniC=0.438 dyn:eff=19.5 top=0.099 nlin=33 lpb=14.43/dom=0.189 mRSg=0.562 set=13(mx109,prim1.27) con=519.5 inst=2 ldT=0.333 | asc=0.033 gumsa=0.143 tenure=5.7y levy=1683105.5 resent(mean/max)=0.0/0.0 revs=59 | 8.7m eta5m
  !! SPATIAL: PACKED AND SPARSE AT ONCE (local 0.141 > 0.091 > regional 0.0047 /km2) on 3.4% of the land -- the population is NOT food-limited, it is failing to disperse; any carrying-capacity reading of this run is void
  ~~ demography: 11/16 in band  worst: m_5_15=0.0443(4.43x), frac_fatherless=0.0884(1.77x), surv_to_45=0.217(0.50x), surv_to_15=0.395(0.60x)
[ 9525/15000] pop=   732 bd=   7 bigbd=4(med111.5) strat=0.0% giniC=0.428 dyn:eff=19.5 top=0.098 nlin=32 lpb=14.43/dom=0.191 mRSg=0.581 set=13(mx93,prim1.06) con=536.5 inst=3 ldT=0.286 | asc=0.034 gumsa=0.143 tenure=5.7y levy=416664.2 resent(mean/max)=0.0/0.0 revs=59 | 8.7m eta5m
  !! SPATIAL: PACKED AND SPARSE AT ONCE (local 0.142 > 0.091 > regional 0.0047 /km2) on 3.3% of the land -- the population is NOT food-limited, it is failing to disperse; any carrying-capacity reading of this run is void
  ~~ demography: 11/16 in band  worst: m_5_15=0.0444(4.44x), frac_fatherless=0.101(2.01x), surv_to_45=0.217(0.50x), surv_to_15=0.395(0.60x)
[ 9550/15000] pop=   725 bd=   7 bigbd=3(med140) strat=0.0% giniC=0.428 dyn:eff=20.2 top=0.098 nlin=32 lpb=14.43/dom=0.185 mRSg=0.576 set=13(mx104,prim1.17) con=445.0 inst=3 ldT=0.429 | asc=0.033 gumsa=0.143 tenure=5.7y levy=834618.8 resent(mean/max)=0.0/0.0 revs=59 | 8.7m eta5m
  !! SPATIAL: PACKED AND SPARSE AT ONCE (local 0.136 > 0.091 > regional 0.0046 /km2) on 3.4% of the land -- the population is NOT food-limited, it is failing to disperse; any carrying-capacity reading of this run is void
  ~~ demography: 11/16 in band  worst: m_5_15=0.0445(4.45x), frac_fatherless=0.102(2.04x), surv_to_45=0.216(0.50x), surv_to_15=0.394(0.60x)
[ 9575/15000] pop=   709 bd=   7 bigbd=3(med140) strat=0.0% giniC=0.428 dyn:eff=20.0 top=0.1 nlin=32 lpb=14.29/dom=0.2 mRSg=0.579 set=13(mx110,prim1.06) con=470.5 inst=1 ldT=0.0 | asc=0.034 gumsa=0.143 tenure=5.7y levy=1522714.8 resent(mean/max)=0.0/0.0 revs=59 | 8.8m eta5m
  !! SPATIAL: PACKED AND SPARSE AT ONCE (local 0.148 > 0.091 > regional 0.0047 /km2) on 3.2% of the land -- the population is NOT food-limited, it is failing to disperse; any carrying-capacity reading of this run is void
  ~~ demography: 11/16 in band  worst: m_5_15=0.0445(4.45x), frac_fatherless=0.0795(1.59x), surv_to_45=0.216(0.50x), surv_to_15=0.394(0.60x)
[ 9600/15000] pop=   726 bd=   7 bigbd=3(med138) strat=0.0% giniC=0.423 dyn:eff=19.8 top=0.098 nlin=33 lpb=13.43/dom=0.212 mRSg=0.577 set=13(mx111,prim1.18) con=568.0 inst=2 ldT=0.0 | asc=0.022 gumsa=0.143 tenure=5.7y levy=1359916.6 resent(mean/max)=0.0/0.0 revs=59 | 8.8m eta5m
  !! SPATIAL: PACKED AND SPARSE AT ONCE (local 0.161 > 0.091 > regional 0.0047 /km2) on 2.9% of the land -- the population is NOT food-limited, it is failing to disperse; any carrying-capacity reading of this run is void
  ~~ demography: 11/16 in band  worst: m_5_15=0.0445(4.45x), frac_motherless=0.0054(0.27x), surv_to_45=0.217(0.50x), surv_to_15=0.394(0.60x)
[ 9625/15000] pop=   726 bd=   7 bigbd=3(med137) strat=0.0% giniC=0.423 dyn:eff=18.7 top=0.112 nlin=33 lpb=13.43/dom=0.236 mRSg=0.565 set=13(mx125,prim1.25) con=475.0 inst=1 ldT=0.429 | asc=0.026 gumsa=0.143 tenure=5.7y levy=820184.2 resent(mean/max)=0.0/0.0 revs=59 | 8.8m eta5m
  !! SPATIAL: PACKED AND SPARSE AT ONCE (local 0.160 > 0.091 > regional 0.0048 /km2) on 3.0% of the land -- the population is NOT food-limited, it is failing to disperse; any carrying-capacity reading of this run is void
  ~~ demography: 11/16 in band  worst: m_5_15=0.0444(4.44x), surv_to_45=0.217(0.50x), surv_to_15=0.395(0.60x), band_med_adults=17(0.60x)
[ 9650/15000] pop=   738 bd=   8 bigbd=3(med136) strat=0.0% giniC=0.42 dyn:eff=18.5 top=0.107 nlin=33 lpb=13.12/dom=0.217 mRSg=0.56 set=13(mx113,prim1.04) con=353.0 inst=1 ldT=0.333 | asc=0.027 gumsa=0.125 tenure=5.7y levy=568276.6 resent(mean/max)=0.0/0.0 revs=59 | 8.8m eta5m
  !! SPATIAL: PACKED AND SPARSE AT ONCE (local 0.166 > 0.091 > regional 0.0047 /km2) on 2.8% of the land -- the population is NOT food-limited, it is failing to disperse; any carrying-capacity reading of this run is void
  ~~ demography: 10/16 in band  worst: m_5_15=0.0444(4.44x), frac_motherless=0.0055(0.27x), surv_to_45=0.217(0.50x), surv_to_15=0.395(0.60x)
[ 9675/15000] pop=   730 bd=   8 bigbd=3(med136) strat=0.0% giniC=0.411 dyn:eff=18.3 top=0.111 nlin=33 lpb=12.12/dom=0.272 mRSg=0.552 set=13(mx117,prim1.21) con=417.0 inst=1 ldT=0.333 | asc=0.022 gumsa=0.125 tenure=5.7y levy=496587.1 resent(mean/max)=0.0/0.0 revs=59 | 8.9m eta5m
  !! SPATIAL: PACKED AND SPARSE AT ONCE (local 0.155 > 0.091 > regional 0.0046 /km2) on 3.0% of the land -- the population is NOT food-limited, it is failing to disperse; any carrying-capacity reading of this run is void
  ~~ demography: 10/16 in band  worst: m_5_15=0.0444(4.44x), frac_motherless=0.0375(1.88x), surv_to_45=0.217(0.50x), surv_to_15=0.395(0.60x)
[ 9700/15000] pop=   713 bd=   7 bigbd=3(med135) strat=0.0% giniC=0.414 dyn:eff=17.7 top=0.115 nlin=33 lpb=13.29/dom=0.233 mRSg=0.566 set=13(mx96,prim1.05) con=456.0 inst=0 ldT=0.143 | asc=0.046 gumsa=0.429 tenure=5.7y levy=1569709.0 resent(mean/max)=0.0/0.0 revs=59 | 8.9m eta5m
  !! SPATIAL: PACKED AND SPARSE AT ONCE (local 0.137 > 0.091 > regional 0.0047 /km2) on 3.4% of the land -- the population is NOT food-limited, it is failing to disperse; any carrying-capacity reading of this run is void
  ~~ demography: 9/16 in band  worst: m_5_15=0.0444(4.44x), frac_fatherless=0.0854(1.71x), frac_motherless=0.0305(1.52x), surv_to_45=0.217(0.50x)
[ 9725/15000] pop=   727 bd=   6 bigbd=3(med132) strat=0.0% giniC=0.406 dyn:eff=17.7 top=0.116 nlin=33 lpb=15.17/dom=0.21 mRSg=0.568 set=13(mx90,prim1.08) con=372.0 inst=2 ldT=0.5 | asc=0.039 gumsa=0.667 tenure=5.7y levy=858036.9 resent(mean/max)=0.0/0.0 revs=59 | 8.9m eta5m
  !! SPATIAL: PACKED AND SPARSE AT ONCE (local 0.161 > 0.091 > regional 0.0048 /km2) on 3.0% of the land -- the population is NOT food-limited, it is failing to disperse; any carrying-capacity reading of this run is void
  ~~ demography: 10/16 in band  worst: m_5_15=0.0443(4.43x), frac_fatherless=0.0947(1.89x), surv_to_45=0.218(0.51x), band_med_adults=40(1.42x)
[ 9750/15000] pop=   740 bd=   6 bigbd=3(med130) strat=0.0% giniC=0.401 dyn:eff=17.6 top=0.119 nlin=33 lpb=15.5/dom=0.214 mRSg=0.582 set=13(mx107,prim1.1) con=311.5 inst=3 ldT=0.167 | asc=0.042 gumsa=0.667 tenure=5.7y levy=1515043.4 resent(mean/max)=0.0/0.0 revs=59 | 8.9m eta5m
  !! SPATIAL: PACKED AND SPARSE AT ONCE (local 0.154 > 0.091 > regional 0.0049 /km2) on 3.2% of the land -- the population is NOT food-limited, it is failing to disperse; any carrying-capacity reading of this run is void
  ~~ demography: 10/16 in band  worst: m_5_15=0.0443(4.43x), frac_motherless=0.0056(0.28x), surv_to_45=0.218(0.51x), band_med_adults=42(1.49x)
[ 9775/15000] pop=   756 bd=   6 bigbd=3(med140) strat=0.0% giniC=0.404 dyn:eff=17.9 top=0.114 nlin=33 lpb=15.17/dom=0.216 mRSg=0.589 set=11(mx106,prim1.09) con=188.0 inst=2 ldT=0.0 | asc=0.04 gumsa=0.667 tenure=5.7y levy=905807.0 resent(mean/max)=0.0/0.0 revs=59 | 9.0m eta5m
  !! SPATIAL: PACKED AND SPARSE AT ONCE (local 0.138 > 0.091 > regional 0.0050 /km2) on 3.6% of the land -- the population is NOT food-limited, it is failing to disperse; any carrying-capacity reading of this run is void
  ~~ demography: 10/16 in band  worst: m_5_15=0.0442(4.42x), band_med_adults=46.5(1.65x), frac_fatherless=0.0761(1.52x), surv_to_45=0.219(0.51x)
[ 9800/15000] pop=   775 bd=   6 bigbd=3(med143) strat=0.0% giniC=0.406 dyn:eff=17.4 top=0.121 nlin=33 lpb=14.67/dom=0.193 mRSg=0.578 set=13(mx100,prim1.09) con=348.0 inst=2 ldT=0.167 | asc=0.035 gumsa=0.5 tenure=5.7y levy=1137634.5 resent(mean/max)=0.0/0.0 revs=59 | 9.0m eta5m
  !! SPATIAL: PACKED AND SPARSE AT ONCE (local 0.156 > 0.091 > regional 0.0050 /km2) on 3.2% of the land -- the population is NOT food-limited, it is failing to disperse; any carrying-capacity reading of this run is void
  ~~ demography: 10/16 in band  worst: m_5_15=0.0442(4.42x), band_med_adults=47(1.67x), frac_motherless=0.0099(0.50x), surv_to_45=0.219(0.51x)
[ 9825/15000] pop=   779 bd=   6 bigbd=3(med129) strat=0.0% giniC=0.398 dyn:eff=16.9 top=0.134 nlin=33 lpb=14.17/dom=0.215 mRSg=0.579 set=13(mx98,prim1.01) con=269.0 inst=3 ldT=0.0 | asc=0.056 gumsa=0.5 tenure=5.7y levy=1734992.5 resent(mean/max)=0.0/0.0 revs=59 | 9.0m eta5m
  !! SPATIAL: PACKED AND SPARSE AT ONCE (local 0.151 > 0.091 > regional 0.0049 /km2) on 3.2% of the land -- the population is NOT food-limited, it is failing to disperse; any carrying-capacity reading of this run is void
  ~~ demography: 10/16 in band  worst: m_5_15=0.0442(4.42x), frac_fatherless=0.0969(1.94x), band_med_adults=46.5(1.65x), surv_to_45=0.219(0.51x)
[ 9850/15000] pop=   754 bd=   6 bigbd=3(med124) strat=0.0% giniC=0.397 dyn:eff=16.8 top=0.133 nlin=33 lpb=14.67/dom=0.215 mRSg=0.576 set=14(mx106,prim1.05) con=290.0 inst=2 ldT=0.6 | asc=0.06 gumsa=0.5 tenure=5.7y levy=502495.4 resent(mean/max)=0.0/0.0 revs=59 | 9.1m eta5m
  !! SPATIAL: PACKED AND SPARSE AT ONCE (local 0.177 > 0.091 > regional 0.0049 /km2) on 2.8% of the land -- the population is NOT food-limited, it is failing to disperse; any carrying-capacity reading of this run is void
  ~~ demography: 11/16 in band  worst: m_5_15=0.0442(4.42x), band_med_adults=51(1.81x), surv_to_45=0.219(0.51x), surv_to_15=0.396(0.60x)
[ 9875/15000] pop=   760 bd=   6 bigbd=3(med126) strat=0.0% giniC=0.399 dyn:eff=16.6 top=0.133 nlin=33 lpb=14.5/dom=0.218 mRSg=0.576 set=14(mx109,prim1.11) con=243.0 inst=2 ldT=0.0 | asc=0.064 gumsa=0.333 tenure=5.7y levy=463498.5 resent(mean/max)=0.0/0.0 revs=59 | 9.1m eta5m
  !! SPATIAL: PACKED AND SPARSE AT ONCE (local 0.138 > 0.091 > regional 0.0049 /km2) on 3.6% of the land -- the population is NOT food-limited, it is failing to disperse; any carrying-capacity reading of this run is void
  ~~ demography: 10/16 in band  worst: m_5_15=0.0442(4.42x), band_med_adults=50.5(1.79x), frac_fatherless=0.0769(1.54x), surv_to_45=0.219(0.51x)
[ 9900/15000] pop=   761 bd=   6 bigbd=3(med123) strat=0.0% giniC=0.4 dyn:eff=16.1 top=0.137 nlin=33 lpb=14.33/dom=0.205 mRSg=0.589 set=13(mx104,prim1.11) con=345.5 inst=4 ldT=0.0 | asc=0.067 gumsa=0.333 tenure=5.7y levy=571148.8 resent(mean/max)=0.0/0.0 revs=59 | 9.1m eta5m
  !! SPATIAL: PACKED AND SPARSE AT ONCE (local 0.142 > 0.091 > regional 0.0048 /km2) on 3.4% of the land -- the population is NOT food-limited, it is failing to disperse; any carrying-capacity reading of this run is void
  ~~ demography: 11/16 in band  worst: m_5_15=0.0442(4.42x), frac_fatherless=0.0862(1.72x), surv_to_45=0.219(0.51x), surv_to_15=0.396(0.60x)
[ 9925/15000] pop=   739 bd=   7 bigbd=4(med103.5) strat=0.0% giniC=0.404 dyn:eff=15.6 top=0.152 nlin=33 lpb=13.43/dom=0.202 mRSg=0.603 set=12(mx110,prim1.22) con=371.0 inst=4 ldT=0.167 | asc=0.058 gumsa=0.286 tenure=5.7y levy=1418437.8 resent(mean/max)=0.0/0.0 revs=59 | 9.1m eta5m
  !! SPATIAL: PACKED AND SPARSE AT ONCE (local 0.148 > 0.091 > regional 0.0044 /km2) on 3.0% of the land -- the population is NOT food-limited, it is failing to disperse; any carrying-capacity reading of this run is void
  ~~ demography: 9/16 in band  worst: m_5_15=0.0444(4.44x), frac_fatherless=0.0877(1.75x), frac_motherless=0.0058(0.29x), surv_to_45=0.218(0.51x)
[ 9950/15000] pop=   683 bd=   6 bigbd=3(med119) strat=0.0% giniC=0.425 dyn:eff=16.2 top=0.141 nlin=33 lpb=13.83/dom=0.2 mRSg=0.588 set=12(mx94,prim1.12) con=315.0 inst=3 ldT=0.167 | asc=0.066 gumsa=0.5 tenure=5.7y levy=622671.0 resent(mean/max)=0.0/0.0 revs=59 | 9.2m eta5m
  !! SPATIAL: PACKED AND SPARSE AT ONCE (local 0.145 > 0.091 > regional 0.0045 /km2) on 3.1% of the land -- the population is NOT food-limited, it is failing to disperse; any carrying-capacity reading of this run is void
  ~~ demography: 10/16 in band  worst: m_5_15=0.0443(4.43x), frac_motherless=0.0056(0.28x), surv_to_45=0.219(0.51x), surv_to_15=0.396(0.60x)
[ 9975/15000] pop=   696 bd=   6 bigbd=3(med115) strat=0.0% giniC=0.415 dyn:eff=15.6 top=0.149 nlin=33 lpb=13.17/dom=0.208 mRSg=0.595 set=12(mx99,prim1.14) con=204.0 inst=3 ldT=0.0 | asc=0.065 gumsa=0.667 tenure=5.7y levy=1099341.7 resent(mean/max)=0.0/0.0 revs=59 | 9.2m eta5m
  !! SPATIAL: PACKED AND SPARSE AT ONCE (local 0.169 > 0.091 > regional 0.0047 /km2) on 2.8% of the land -- the population is NOT food-limited, it is failing to disperse; any carrying-capacity reading of this run is void
  ~~ demography: 10/16 in band  worst: m_5_15=0.0443(4.43x), frac_motherless=0(0.00x), surv_to_45=0.219(0.51x), surv_to_15=0.396(0.60x)
[10000/15000] pop=   727 bd=   6 bigbd=3(med119) strat=0.0% giniC=0.415 dyn:eff=15.6 top=0.15 nlin=33 lpb=13.5/dom=0.205 mRSg=0.58 set=12(mx100,prim1.02) con=479.0 inst=1 ldT=0.0 | asc=0.062 gumsa=0.667 tenure=5.7y levy=507405.7 resent(mean/max)=0.0/0.0 revs=59 | 9.2m eta5m
  !! SPATIAL: PACKED AND SPARSE AT ONCE (local 0.150 > 0.091 > regional 0.0048 /km2) on 3.2% of the land -- the population is NOT food-limited, it is failing to disperse; any carrying-capacity reading of this run is void
  ~~ demography: 11/16 in band  worst: m_5_15=0.0442(4.42x), surv_to_45=0.219(0.51x), surv_to_15=0.396(0.60x), band_med_adults=38.5(1.37x)
[10025/15000] pop=   735 bd=   6 bigbd=3(med125) strat=0.0% giniC=0.413 dyn:eff=15.0 top=0.158 nlin=33 lpb=13.67/dom=0.204 mRSg=0.567 set=12(mx106,prim1.04) con=458.0 inst=0 ldT=0.0 | asc=0.048 gumsa=0.5 tenure=5.7y levy=1564626.5 resent(mean/max)=0.0/0.0 revs=60 | 9.2m eta5m
  !! SPATIAL: PACKED AND SPARSE AT ONCE (local 0.163 > 0.091 > regional 0.0048 /km2) on 2.9% of the land -- the population is NOT food-limited, it is failing to disperse; any carrying-capacity reading of this run is void
  ~~ demography: 10/16 in band  worst: m_5_15=0.0443(4.43x), frac_motherless=0.0055(0.27x), surv_to_45=0.219(0.51x), surv_to_15=0.396(0.60x)
[10050/15000] pop=   734 bd=   6 bigbd=3(med120) strat=0.0% giniC=0.406 dyn:eff=14.5 top=0.161 nlin=33 lpb=12.83/dom=0.234 mRSg=0.567 set=11(mx90,prim1.05) con=403.0 inst=2 ldT=0.167 | asc=0.048 gumsa=0.5 tenure=5.7y levy=2249050.6 resent(mean/max)=0.0/0.0 revs=60 | 9.3m eta5m
  !! SPATIAL: PACKED AND SPARSE AT ONCE (local 0.130 > 0.091 > regional 0.0046 /km2) on 3.5% of the land -- the population is NOT food-limited, it is failing to disperse; any carrying-capacity reading of this run is void
  ~~ demography: 10/16 in band  worst: m_5_15=0.0444(4.44x), frac_fatherless=0.124(2.47x), surv_to_45=0.219(0.51x), band_med_adults=16(0.57x)
[10075/15000] pop=   704 bd=   7 bigbd=3(med117) strat=0.0% giniC=0.412 dyn:eff=14.8 top=0.153 nlin=33 lpb=12.14/dom=0.255 mRSg=0.571 set=12(mx106,prim1.13) con=364.0 inst=3 ldT=0.5 | asc=0.06 gumsa=0.429 tenure=5.8y levy=953728.0 resent(mean/max)=0.0/0.0 revs=60 | 9.3m eta5m
  !! SPATIAL: PACKED AND SPARSE AT ONCE (local 0.138 > 0.091 > regional 0.0046 /km2) on 3.3% of the land -- the population is NOT food-limited, it is failing to disperse; any carrying-capacity reading of this run is void
  ~~ demography: 10/16 in band  worst: m_5_15=0.0443(4.43x), frac_fatherless=0.14(2.81x), band_med_adults=14(0.50x), surv_to_45=0.219(0.51x)
[10100/15000] pop=   705 bd=   7 bigbd=3(med116) strat=0.0% giniC=0.419 dyn:eff=14.3 top=0.165 nlin=33 lpb=12.0/dom=0.271 mRSg=0.57 set=10(mx99,prim1.09) con=266.0 inst=2 ldT=0.571 | asc=0.058 gumsa=0.286 tenure=5.8y levy=1396584.7 resent(mean/max)=0.0/0.0 revs=60 | 9.3m eta5m
  !! SPATIAL: PACKED AND SPARSE AT ONCE (local 0.155 > 0.091 > regional 0.0046 /km2) on 3.0% of the land -- the population is NOT food-limited, it is failing to disperse; any carrying-capacity reading of this run is void
  ~~ demography: 9/16 in band  worst: m_5_15=0.0443(4.43x), frac_fatherless=0.113(2.26x), frac_motherless=0(0.00x), band_med_adults=13(0.46x)
[10125/15000] pop=   711 bd=   7 bigbd=3(med115) strat=0.0% giniC=0.421 dyn:eff=14.1 top=0.166 nlin=32 lpb=11.43/dom=0.284 mRSg=0.57 set=12(mx106,prim1.04) con=312.0 inst=2 ldT=0.143 | asc=0.063 gumsa=0.429 tenure=5.8y levy=989734.0 resent(mean/max)=0.0/0.0 revs=60 | 9.3m eta4m
  !! SPATIAL: PACKED AND SPARSE AT ONCE (local 0.165 > 0.091 > regional 0.0046 /km2) on 2.8% of the land -- the population is NOT food-limited, it is failing to disperse; any carrying-capacity reading of this run is void
  ~~ demography: 9/16 in band  worst: m_5_15=0.0443(4.43x), frac_motherless=0.0056(0.28x), frac_fatherless=0.0843(1.69x), band_med_adults=13(0.46x)
[10150/15000] pop=   708 bd=   7 bigbd=3(med122) strat=0.0% giniC=0.435 dyn:eff=13.9 top=0.175 nlin=30 lpb=11.14/dom=0.299 mRSg=0.568 set=11(mx113,prim1.12) con=304.0 inst=2 ldT=0.286 | asc=0.061 gumsa=0.429 tenure=5.8y levy=703111.6 resent(mean/max)=0.0/0.0 revs=60 | 9.4m eta4m
  !! SPATIAL: PACKED AND SPARSE AT ONCE (local 0.148 > 0.091 > regional 0.0048 /km2) on 3.2% of the land -- the population is NOT food-limited, it is failing to disperse; any carrying-capacity reading of this run is void
  ~~ demography: 10/16 in band  worst: m_5_15=0.0443(4.43x), frac_motherless=0(0.00x), surv_to_45=0.22(0.51x), band_med_adults=15(0.53x)
[10175/15000] pop=   740 bd=   7 bigbd=3(med129) strat=0.0% giniC=0.441 dyn:eff=14.4 top=0.168 nlin=31 lpb=11.57/dom=0.291 mRSg=0.552 set=12(mx92,prim1.03) con=322.0 inst=1 ldT=0.286 | asc=0.061 gumsa=0.429 tenure=5.8y levy=1293031.3 resent(mean/max)=0.0/0.0 revs=60 | 9.4m eta4m
  !! SPATIAL: PACKED AND SPARSE AT ONCE (local 0.140 > 0.091 > regional 0.0048 /km2) on 3.4% of the land -- the population is NOT food-limited, it is failing to disperse; any carrying-capacity reading of this run is void
  ~~ demography: 10/16 in band  !! AGE STRUCTURE OUT OF BAND -> every marker above demography in the ladder is PROVISIONAL  worst: m_5_15=0.0443(4.43x), surv_to_45=0.22(0.51x), surv_to_15=0.396(0.60x), band_med_adults=38(1.35x)
[10200/15000] pop=   743 bd=   6 bigbd=3(med126) strat=0.0% giniC=0.445 dyn:eff=14.4 top=0.168 nlin=31 lpb=12.83/dom=0.269 mRSg=0.556 set=11(mx101,prim1.04) con=198.0 inst=1 ldT=0.167 | asc=0.063 gumsa=0.667 tenure=5.8y levy=1102152.1 resent(mean/max)=0.0/0.0 revs=60 | 9.4m eta4m
  !! SPATIAL: PACKED AND SPARSE AT ONCE (local 0.163 > 0.091 > regional 0.0048 /km2) on 2.9% of the land -- the population is NOT food-limited, it is failing to disperse; any carrying-capacity reading of this run is void
  ~~ demography: 10/16 in band  !! AGE STRUCTURE OUT OF BAND -> every marker above demography in the ladder is PROVISIONAL  worst: m_5_15=0.0443(4.43x), surv_to_45=0.22(0.51x), surv_to_15=0.396(0.60x), band_med_adults=20(0.71x)
[10225/15000] pop=   735 bd=   7 bigbd=3(med127) strat=0.0% giniC=0.453 dyn:eff=14.7 top=0.167 nlin=31 lpb=11.57/dom=0.284 mRSg=0.57 set=11(mx97,prim1.04) con=295.0 inst=3 ldT=0.8 | asc=0.053 gumsa=0.571 tenure=5.8y levy=1064250.8 resent(mean/max)=0.0/0.0 revs=60 | 9.4m eta4m
  !! SPATIAL: PACKED AND SPARSE AT ONCE (local 0.149 > 0.091 > regional 0.0047 /km2) on 3.2% of the land -- the population is NOT food-limited, it is failing to disperse; any carrying-capacity reading of this run is void
  ~~ demography: 10/16 in band  !! AGE STRUCTURE OUT OF BAND -> every marker above demography in the ladder is PROVISIONAL  worst: m_5_15=0.0443(4.43x), surv_to_45=0.219(0.51x), surv_to_15=0.396(0.60x), band_med_adults=36.5(1.29x)
[10250/15000] pop=   732 bd=   6 bigbd=3(med117) strat=0.0% giniC=0.451 dyn:eff=14.0 top=0.178 nlin=31 lpb=13.17/dom=0.26 mRSg=0.56 set=11(mx104,prim1.03) con=440.0 inst=1 ldT=0.0 | asc=0.057 gumsa=0.833 tenure=5.8y levy=2456622.4 resent(mean/max)=0.0/0.0 revs=60 | 9.5m eta4m
  !! SPATIAL: PACKED AND SPARSE AT ONCE (local 0.150 > 0.091 > regional 0.0049 /km2) on 3.2% of the land -- the population is NOT food-limited, it is failing to disperse; any carrying-capacity reading of this run is void
  ~~ demography: 11/16 in band  !! AGE STRUCTURE OUT OF BAND -> every marker above demography in the ladder is PROVISIONAL  worst: m_5_15=0.0443(4.43x), surv_to_45=0.22(0.51x), surv_to_15=0.396(0.60x), realised_ibi_med=31(0.90x)
[10275/15000] pop=   752 bd=   6 bigbd=3(med118) strat=0.0% giniC=0.453 dyn:eff=13.8 top=0.18 nlin=31 lpb=12.83/dom=0.267 mRSg=0.554 set=12(mx110,prim1.11) con=403.5 inst=1 ldT=0.167 | asc=0.057 gumsa=0.833 tenure=5.8y levy=619679.0 resent(mean/max)=0.0/0.0 revs=60 | 9.5m eta4m
  !! SPATIAL: PACKED AND SPARSE AT ONCE (local 0.149 > 0.091 > regional 0.0047 /km2) on 3.2% of the land -- the population is NOT food-limited, it is failing to disperse; any carrying-capacity reading of this run is void
  ~~ demography: 10/16 in band  !! AGE STRUCTURE OUT OF BAND -> every marker above demography in the ladder is PROVISIONAL  worst: m_5_15=0.0443(4.43x), frac_fatherless=0.0995(1.99x), surv_to_45=0.22(0.51x), surv_to_15=0.397(0.60x)
[10300/15000] pop=   732 bd=   6 bigbd=3(med116) strat=0.0% giniC=0.439 dyn:eff=14.0 top=0.173 nlin=30 lpb=12.17/dom=0.288 mRSg=0.569 set=12(mx114,prim1.16) con=265.0 inst=2 ldT=0.167 | asc=0.04 gumsa=0.5 tenure=5.8y levy=454503.7 resent(mean/max)=0.0/0.0 revs=61 | 9.5m eta4m
  !! SPATIAL: PACKED AND SPARSE AT ONCE (local 0.155 > 0.091 > regional 0.0046 /km2) on 3.0% of the land -- the population is NOT food-limited, it is failing to disperse; any carrying-capacity reading of this run is void
  ~~ demography: 11/16 in band  worst: m_5_15=0.0443(4.43x), frac_fatherless=0.0874(1.75x), surv_to_45=0.22(0.51x), surv_to_15=0.396(0.60x)
[10325/15000] pop=   715 bd=   6 bigbd=3(med97) strat=0.0% giniC=0.44 dyn:eff=14.0 top=0.165 nlin=30 lpb=11.83/dom=0.306 mRSg=0.582 set=11(mx101,prim1.13) con=319.0 inst=2 ldT=0.5 | asc=0.035 gumsa=0.333 tenure=5.8y levy=1034435.4 resent(mean/max)=0.0/0.0 revs=61 | 9.6m eta4m
  !! SPATIAL: PACKED AND SPARSE AT ONCE (local 0.149 > 0.091 > regional 0.0046 /km2) on 3.1% of the land -- the population is NOT food-limited, it is failing to disperse; any carrying-capacity reading of this run is void
  ~~ demography: 10/16 in band  worst: m_5_15=0.0443(4.43x), frac_fatherless=0.0994(1.99x), surv_to_45=0.22(0.51x), surv_to_15=0.396(0.60x)
[10350/15000] pop=   717 bd=   7 bigbd=3(med97) strat=0.0% giniC=0.437 dyn:eff=14.2 top=0.165 nlin=30 lpb=11.29/dom=0.279 mRSg=0.589 set=13(mx91,prim1.01) con=196.0 inst=1 ldT=0.5 | asc=0.031 gumsa=0.286 tenure=5.8y levy=633893.3 resent(mean/max)=0.0/0.0 revs=62 | 9.6m eta4m
  !! SPATIAL: PACKED AND SPARSE AT ONCE (local 0.144 > 0.091 > regional 0.0048 /km2) on 3.3% of the land -- the population is NOT food-limited, it is failing to disperse; any carrying-capacity reading of this run is void
  ~~ demography: 10/16 in band  worst: m_5_15=0.0442(4.42x), frac_fatherless=0.106(2.12x), surv_to_45=0.22(0.51x), surv_to_15=0.397(0.60x)
[10375/15000] pop=   735 bd=   7 bigbd=3(med101) strat=0.0% giniC=0.443 dyn:eff=14.1 top=0.167 nlin=30 lpb=11.0/dom=0.284 mRSg=0.592 set=13(mx102,prim1.2) con=237.0 inst=3 ldT=0.571 | asc=0.029 gumsa=0.286 tenure=5.8y levy=1308238.7 resent(mean/max)=0.0/0.0 revs=62 | 9.6m eta4m
  !! SPATIAL: PACKED AND SPARSE AT ONCE (local 0.164 > 0.091 > regional 0.0048 /km2) on 2.9% of the land -- the population is NOT food-limited, it is failing to disperse; any carrying-capacity reading of this run is void
  ~~ demography: 10/16 in band  worst: m_5_15=0.0441(4.41x), frac_fatherless=0.118(2.36x), surv_to_45=0.22(0.51x), band_med_adults=15(0.53x)
[10400/15000] pop=   739 bd=   7 bigbd=3(med100) strat=0.0% giniC=0.439 dyn:eff=13.7 top=0.175 nlin=30 lpb=10.71/dom=0.319 mRSg=0.594 set=13(mx110,prim1.09) con=396.5 inst=3 ldT=0.143 | asc=0.034 gumsa=0.143 tenure=5.8y levy=1126988.2 resent(mean/max)=0.0/0.0 revs=62 | 9.6m eta4m
  !! SPATIAL: PACKED AND SPARSE AT ONCE (local 0.176 > 0.091 > regional 0.0049 /km2) on 2.8% of the land -- the population is NOT food-limited, it is failing to disperse; any carrying-capacity reading of this run is void
  ~~ demography: 9/16 in band  worst: m_5_15=0.0441(4.41x), frac_fatherless=0.0976(1.95x), frac_motherless=0.0049(0.24x), surv_to_45=0.221(0.51x)
[10425/15000] pop=   756 bd=   7 bigbd=3(med102) strat=0.0% giniC=0.437 dyn:eff=14.3 top=0.168 nlin=31 lpb=11.14/dom=0.323 mRSg=0.604 set=13(mx103,prim1.05) con=278.0 inst=3 ldT=0.143 | asc=0.028 gumsa=0.143 tenure=5.8y levy=863338.1 resent(mean/max)=0.0/0.0 revs=62 | 9.6m eta4m
  !! SPATIAL: PACKED AND SPARSE AT ONCE (local 0.154 > 0.091 > regional 0.0051 /km2) on 3.3% of the land -- the population is NOT food-limited, it is failing to disperse; any carrying-capacity reading of this run is void
  ~~ demography: 10/16 in band  worst: m_5_15=0.044(4.40x), frac_motherless=0.032(1.60x), surv_to_45=0.221(0.51x), surv_to_15=0.398(0.60x)
[10450/15000] pop=   786 bd=   6 bigbd=3(med106) strat=0.0% giniC=0.444 dyn:eff=14.4 top=0.165 nlin=31 lpb=12.67/dom=0.291 mRSg=0.594 set=13(mx112,prim1.19) con=450.5 inst=1 ldT=0.167 | asc=0.059 gumsa=0.667 tenure=5.8y levy=7568324.6 resent(mean/max)=0.0/0.0 revs=62 | 9.7m eta4m
  !! SPATIAL: PACKED AND SPARSE AT ONCE (local 0.149 > 0.091 > regional 0.0048 /km2) on 3.2% of the land -- the population is NOT food-limited, it is failing to disperse; any carrying-capacity reading of this run is void
  ~~ demography: 10/16 in band  worst: m_5_15=0.044(4.40x), band_med_adults=60(2.13x), frac_fatherless=0.103(2.07x), surv_to_45=0.22(0.51x)
[10475/15000] pop=   743 bd=   5 bigbd=3(med115) strat=0.0% giniC=0.453 dyn:eff=14.8 top=0.162 nlin=31 lpb=14.4/dom=0.239 mRSg=0.587 set=12(mx100,prim1.03) con=467.0 inst=2 ldT=0.2 | asc=0.061 gumsa=0.6 tenure=5.8y levy=694886.7 resent(mean/max)=0.0/0.0 revs=63 | 9.7m eta4m
  !! SPATIAL: PACKED AND SPARSE AT ONCE (local 0.157 > 0.091 > regional 0.0048 /km2) on 3.0% of the land -- the population is NOT food-limited, it is failing to disperse; any carrying-capacity reading of this run is void
  ~~ demography: 9/16 in band  worst: m_5_15=0.0441(4.41x), band_med_adults=54(1.91x), frac_fatherless=0.0933(1.87x), frac_motherless=0.0363(1.81x)
[10500/15000] pop=   736 bd=   5 bigbd=3(med109) strat=0.0% giniC=0.455 dyn:eff=15.3 top=0.156 nlin=31 lpb=14.4/dom=0.222 mRSg=0.582 set=11(mx121,prim1.09) con=417.0 inst=0 ldT=0.2 | asc=0.068 gumsa=0.6 tenure=5.8y levy=837536.6 resent(mean/max)=0.0/0.0 revs=63 | 9.7m eta4m
  !! SPATIAL: PACKED AND SPARSE AT ONCE (local 0.143 > 0.091 > regional 0.0046 /km2) on 3.2% of the land -- the population is NOT food-limited, it is failing to disperse; any carrying-capacity reading of this run is void
  ~~ demography: 11/16 in band  worst: m_5_15=0.0442(4.42x), surv_to_45=0.22(0.51x), surv_to_15=0.397(0.60x), band_med_adults=36(1.28x)
[10525/15000] pop=   703 bd=   6 bigbd=3(med106) strat=0.0% giniC=0.461 dyn:eff=15.7 top=0.154 nlin=31 lpb=13.0/dom=0.207 mRSg=0.585 set=11(mx99,prim1.06) con=359.0 inst=3 ldT=0.0 | asc=0.065 gumsa=0.5 tenure=5.8y levy=1795699.0 resent(mean/max)=0.0/0.0 revs=63 | 9.7m eta4m
  !! SPATIAL: PACKED AND SPARSE AT ONCE (local 0.168 > 0.091 > regional 0.0046 /km2) on 2.7% of the land -- the population is NOT food-limited, it is failing to disperse; any carrying-capacity reading of this run is void
  ~~ demography: 10/16 in band  worst: m_5_15=0.0442(4.42x), frac_fatherless=0.0823(1.65x), surv_to_45=0.22(0.51x), surv_to_15=0.397(0.60x)
[10550/15000] pop=   707 bd=   8 bigbd=3(med106) strat=0.0% giniC=0.457 dyn:eff=15.5 top=0.153 nlin=30 lpb=10.38/dom=0.292 mRSg=0.588 set=13(mx117,prim1.15) con=424.0 inst=5 ldT=0.5 | asc=0.076 gumsa=0.25 tenure=5.8y levy=1555311.1 resent(mean/max)=0.0/0.0 revs=63 | 9.8m eta4m
  !! SPATIAL: PACKED AND SPARSE AT ONCE (local 0.156 > 0.091 > regional 0.0046 /km2) on 3.0% of the land -- the population is NOT food-limited, it is failing to disperse; any carrying-capacity reading of this run is void
  ~~ demography: 10/16 in band  worst: m_5_15=0.0441(4.41x), frac_fatherless=0.096(1.92x), surv_to_45=0.22(0.51x), band_med_adults=15(0.53x)
[10575/15000] pop=   716 bd=   8 bigbd=3(med104) strat=0.0% giniC=0.459 dyn:eff=15.3 top=0.152 nlin=30 lpb=11.5/dom=0.242 mRSg=0.595 set=12(mx121,prim1.44) con=229.0 inst=3 ldT=0.143 | asc=0.08 gumsa=0.25 tenure=5.8y levy=799911.4 resent(mean/max)=0.0/0.0 revs=63 | 9.8m eta4m
  !! SPATIAL: PACKED AND SPARSE AT ONCE (local 0.146 > 0.091 > regional 0.0048 /km2) on 3.3% of the land -- the population is NOT food-limited, it is failing to disperse; any carrying-capacity reading of this run is void
  ~~ demography: 10/16 in band  worst: m_5_15=0.0441(4.41x), frac_motherless=0.0051(0.26x), surv_to_45=0.22(0.51x), surv_to_15=0.397(0.60x)
[10600/15000] pop=   744 bd=   8 bigbd=4(med88.0) strat=0.0% giniC=0.455 dyn:eff=15.4 top=0.148 nlin=30 lpb=12.38/dom=0.207 mRSg=0.599 set=13(mx104,prim1.13) con=352.0 inst=4 ldT=0.143 | asc=0.065 gumsa=0.25 tenure=5.8y levy=481536.0 resent(mean/max)=0.0/0.0 revs=63 | 9.8m eta4m
  !! SPATIAL: PACKED AND SPARSE AT ONCE (local 0.185 > 0.091 > regional 0.0044 /km2) on 2.4% of the land -- the population is NOT food-limited, it is failing to disperse; any carrying-capacity reading of this run is void
  ~~ demography: 10/16 in band  worst: m_5_15=0.0442(4.42x), frac_motherless=0.0054(0.27x), frac_fatherless=0.0761(1.52x), surv_to_45=0.219(0.51x)
[10625/15000] pop=   686 bd=   6 bigbd=3(med108) strat=0.0% giniC=0.467 dyn:eff=15.3 top=0.152 nlin=30 lpb=12.33/dom=0.237 mRSg=0.589 set=11(mx116,prim1.22) con=335.0 inst=1 ldT=0.667 | asc=0.079 gumsa=0.5 tenure=5.8y levy=509157.9 resent(mean/max)=0.0/0.0 revs=63 | 9.9m eta4m
  !! SPATIAL: PACKED AND SPARSE AT ONCE (local 0.157 > 0.091 > regional 0.0044 /km2) on 2.8% of the land -- the population is NOT food-limited, it is failing to disperse; any carrying-capacity reading of this run is void
  ~~ demography: 11/16 in band  worst: m_5_15=0.0442(4.42x), frac_motherless=0.0063(0.32x), surv_to_45=0.22(0.51x), surv_to_15=0.397(0.60x)
[10650/15000] pop=   675 bd=   6 bigbd=3(med104) strat=0.0% giniC=0.471 dyn:eff=15.2 top=0.15 nlin=30 lpb=12.0/dom=0.25 mRSg=0.597 set=12(mx90,prim1.01) con=465.0 inst=1 ldT=0.0 | asc=0.077 gumsa=0.333 tenure=5.8y levy=453322.2 resent(mean/max)=0.0/0.0 revs=63 | 9.9m eta4m
  !! SPATIAL: PACKED AND SPARSE AT ONCE (local 0.172 > 0.091 > regional 0.0043 /km2) on 2.5% of the land -- the population is NOT food-limited, it is failing to disperse; any carrying-capacity reading of this run is void
  ~~ demography: 12/16 in band  worst: m_5_15=0.0441(4.41x), surv_to_45=0.22(0.51x), surv_to_15=0.397(0.60x), realised_ibi_med=31(0.90x)
[10675/15000] pop=   669 bd=   6 bigbd=3(med98) strat=0.0% giniC=0.466 dyn:eff=15.4 top=0.145 nlin=29 lpb=11.33/dom=0.245 mRSg=0.591 set=12(mx100,prim1.1) con=359.0 inst=2 ldT=0.333 | asc=0.081 gumsa=0.333 tenure=5.8y levy=1040092.6 resent(mean/max)=0.0/0.0 revs=63 | 9.9m eta4m
  !! SPATIAL: PACKED AND SPARSE AT ONCE (local 0.153 > 0.091 > regional 0.0044 /km2) on 2.8% of the land -- the population is NOT food-limited, it is failing to disperse; any carrying-capacity reading of this run is void
  ~~ demography: 11/16 in band  worst: m_5_15=0.0441(4.41x), band_med_adults=44(1.56x), surv_to_45=0.22(0.51x), surv_to_15=0.397(0.60x)
[10700/15000] pop=   675 bd=   5 bigbd=3(med101) strat=0.0% giniC=0.467 dyn:eff=15.2 top=0.151 nlin=29 lpb=13.6/dom=0.209 mRSg=0.579 set=11(mx99,prim1.09) con=202.0 inst=0 ldT=0.0 | asc=0.089 gumsa=0.4 tenure=5.8y levy=817442.3 resent(mean/max)=0.0/0.0 revs=63 | 9.9m eta4m
  !! SPATIAL: PACKED AND SPARSE AT ONCE (local 0.164 > 0.091 > regional 0.0045 /km2) on 2.7% of the land -- the population is NOT food-limited, it is failing to disperse; any carrying-capacity reading of this run is void
  ~~ demography: 10/16 in band  worst: m_5_15=0.0441(4.41x), frac_motherless=0.0061(0.30x), band_med_adults=46(1.63x), surv_to_45=0.22(0.51x)
[10725/15000] pop=   688 bd=   5 bigbd=3(med106) strat=0.0% giniC=0.468 dyn:eff=14.9 top=0.153 nlin=29 lpb=13.4/dom=0.227 mRSg=0.575 set=12(mx111,prim1.13) con=449.0 inst=0 ldT=0.0 | asc=0.099 gumsa=0.4 tenure=5.8y levy=317121.2 resent(mean/max)=0.0/0.0 revs=63 | 9.9m eta4m
  !! SPATIAL: PACKED AND SPARSE AT ONCE (local 0.180 > 0.091 > regional 0.0045 /km2) on 2.5% of the land -- the population is NOT food-limited, it is failing to disperse; any carrying-capacity reading of this run is void
  ~~ demography: 10/16 in band  worst: m_5_15=0.0441(4.41x), frac_motherless=0(0.00x), band_med_adults=50(1.77x), surv_to_45=0.22(0.51x)
[10750/15000] pop=   701 bd=   5 bigbd=3(med109) strat=0.0% giniC=0.461 dyn:eff=15.3 top=0.148 nlin=29 lpb=13.0/dom=0.222 mRSg=0.582 set=11(mx105,prim1.07) con=457.5 inst=2 ldT=0.0 | asc=0.086 gumsa=0.4 tenure=5.8y levy=524299.6 resent(mean/max)=0.0/0.0 revs=63 | 10.0m eta4m
  !! SPATIAL: PACKED AND SPARSE AT ONCE (local 0.156 > 0.091 > regional 0.0046 /km2) on 3.0% of the land -- the population is NOT food-limited, it is failing to disperse; any carrying-capacity reading of this run is void
  ~~ demography: 10/16 in band  worst: m_5_15=0.0441(4.41x), band_med_adults=53(1.88x), frac_motherless=0.0055(0.27x), surv_to_45=0.22(0.51x)
[10775/15000] pop=   717 bd=   5 bigbd=3(med107) strat=0.0% giniC=0.455 dyn:eff=15.8 top=0.144 nlin=29 lpb=13.0/dom=0.214 mRSg=0.594 set=12(mx104,prim1.24) con=478.0 inst=2 ldT=0.6 | asc=0.074 gumsa=0.4 tenure=5.8y levy=938909.5 resent(mean/max)=0.0/0.0 revs=63 | 10.0m eta4m
  !! SPATIAL: PACKED AND SPARSE AT ONCE (local 0.139 > 0.091 > regional 0.0048 /km2) on 3.4% of the land -- the population is NOT food-limited, it is failing to disperse; any carrying-capacity reading of this run is void
  ~~ demography: 11/16 in band  worst: m_5_15=0.044(4.40x), band_med_adults=49(1.74x), surv_to_45=0.221(0.51x), surv_to_15=0.397(0.60x)
[10800/15000] pop=   737 bd=   5 bigbd=3(med105) strat=0.0% giniC=0.452 dyn:eff=15.7 top=0.142 nlin=29 lpb=13.0/dom=0.234 mRSg=0.584 set=12(mx108,prim1.23) con=507.0 inst=2 ldT=0.2 | asc=0.075 gumsa=0.8 tenure=5.8y levy=1058040.2 resent(mean/max)=0.0/0.0 revs=63 | 10.0m eta4m
  !! SPATIAL: PACKED AND SPARSE AT ONCE (local 0.152 > 0.091 > regional 0.0048 /km2) on 3.2% of the land -- the population is NOT food-limited, it is failing to disperse; any carrying-capacity reading of this run is void
  ~~ demography: 11/16 in band  worst: m_5_15=0.044(4.40x), band_med_adults=69.5(2.46x), surv_to_45=0.221(0.51x), surv_to_15=0.397(0.60x)
[10825/15000] pop=   744 bd=   4 bigbd=3(med105) strat=0.0% giniC=0.455 dyn:eff=15.5 top=0.144 nlin=29 lpb=14.75/dom=0.236 mRSg=0.587 set=11(mx117,prim1.22) con=491.0 inst=1 ldT=0.0 | asc=0.074 gumsa=0.75 tenure=5.8y levy=1067422.7 resent(mean/max)=0.0/0.0 revs=63 | 10.0m eta4m
  !! SPATIAL: PACKED AND SPARSE AT ONCE (local 0.150 > 0.091 > regional 0.0048 /km2) on 3.2% of the land -- the population is NOT food-limited, it is failing to disperse; any carrying-capacity reading of this run is void
  ~~ demography: 9/16 in band  worst: m_5_15=0.044(4.40x), band_med_adults=66(2.34x), frac_fatherless=0.11(2.20x), frac_motherless=0.035(1.75x)
[10850/15000] pop=   748 bd=   4 bigbd=3(med101) strat=0.0% giniC=0.457 dyn:eff=15.8 top=0.139 nlin=30 lpb=14.5/dom=0.231 mRSg=0.591 set=11(mx116,prim1.29) con=527.0 inst=1 ldT=0.25 | asc=0.066 gumsa=0.75 tenure=5.8y levy=1518975.3 resent(mean/max)=0.0/0.0 revs=63 | 10.1m eta4m
  !! SPATIAL: PACKED AND SPARSE AT ONCE (local 0.168 > 0.091 > regional 0.0049 /km2) on 2.9% of the land -- the population is NOT food-limited, it is failing to disperse; any carrying-capacity reading of this run is void
  ~~ demography: 9/16 in band  worst: m_5_15=0.044(4.40x), band_med_adults=68(2.41x), frac_fatherless=0.118(2.36x), frac_motherless=0.0425(2.12x)
[10875/15000] pop=   754 bd=   4 bigbd=3(med103) strat=0.0% giniC=0.454 dyn:eff=15.7 top=0.138 nlin=30 lpb=14.5/dom=0.222 mRSg=0.584 set=12(mx104,prim1.06) con=400.0 inst=1 ldT=0.0 | asc=0.064 gumsa=0.75 tenure=5.8y levy=659889.2 resent(mean/max)=0.0/0.0 revs=63 | 10.1m eta4m
  !! SPATIAL: PACKED AND SPARSE AT ONCE (local 0.158 > 0.091 > regional 0.0047 /km2) on 3.0% of the land -- the population is NOT food-limited, it is failing to disperse; any carrying-capacity reading of this run is void
  ~~ demography: 10/16 in band  worst: m_5_15=0.044(4.40x), frac_fatherless=0.118(2.36x), surv_to_45=0.221(0.51x), surv_to_15=0.398(0.60x)
[10900/15000] pop=   729 bd=   6 bigbd=4(med88.0) strat=0.0% giniC=0.46 dyn:eff=15.9 top=0.14 nlin=30 lpb=13.83/dom=0.22 mRSg=0.58 set=13(mx104,prim1.21) con=402.0 inst=3 ldT=0.5 | asc=0.07 gumsa=0.5 tenure=5.8y levy=760930.6 resent(mean/max)=0.0/0.0 revs=63 | 10.1m eta4m
  !! SPATIAL: PACKED AND SPARSE AT ONCE (local 0.152 > 0.091 > regional 0.0046 /km2) on 3.0% of the land -- the population is NOT food-limited, it is failing to disperse; any carrying-capacity reading of this run is void
  ~~ demography: 9/16 in band  worst: m_5_15=0.044(4.40x), frac_fatherless=0.102(2.04x), band_med_adults=11(0.39x), frac_motherless=0.0306(1.53x)
[10925/15000] pop=   714 bd=   7 bigbd=3(med113) strat=0.0% giniC=0.454 dyn:eff=16.0 top=0.143 nlin=30 lpb=12.57/dom=0.232 mRSg=0.596 set=11(mx98,prim1.1) con=531.0 inst=2 ldT=0.0 | asc=0.066 gumsa=0.429 tenure=5.8y levy=877743.1 resent(mean/max)=0.0/0.0 revs=63 | 10.1m eta4m
  !! SPATIAL: PACKED AND SPARSE AT ONCE (local 0.124 > 0.091 > regional 0.0047 /km2) on 3.8% of the land -- the population is NOT food-limited, it is failing to disperse; any carrying-capacity reading of this run is void
  ~~ demography: 9/16 in band  !! AGE STRUCTURE OUT OF BAND -> every marker above demography in the ladder is PROVISIONAL  worst: m_5_15=0.0439(4.39x), frac_motherless=0.0447(2.23x), band_med_adults=10(0.35x), surv_to_45=0.221(0.51x)
[10950/15000] pop=   719 bd=   7 bigbd=3(med113) strat=0.0% giniC=0.452 dyn:eff=15.8 top=0.146 nlin=29 lpb=12.57/dom=0.222 mRSg=0.614 set=12(mx98,prim1.11) con=260.5 inst=4 ldT=0.286 | asc=0.057 gumsa=0.429 tenure=5.8y levy=1399582.9 resent(mean/max)=0.0/0.0 revs=63 | 10.2m eta4m
  !! SPATIAL: PACKED AND SPARSE AT ONCE (local 0.147 > 0.091 > regional 0.0047 /km2) on 3.2% of the land -- the population is NOT food-limited, it is failing to disperse; any carrying-capacity reading of this run is void
  ~~ demography: 10/16 in band  worst: m_5_15=0.0439(4.39x), frac_motherless=0.0398(1.99x), surv_to_45=0.221(0.51x), surv_to_15=0.398(0.60x)
[10975/15000] pop=   718 bd=   6 bigbd=3(med110) strat=0.0% giniC=0.455 dyn:eff=15.4 top=0.149 nlin=29 lpb=13.17/dom=0.212 mRSg=0.634 set=12(mx103,prim1.1) con=286.0 inst=0 ldT=0.5 | asc=0.038 gumsa=0.333 tenure=5.8y levy=882898.1 resent(mean/max)=0.0/0.0 revs=64 | 10.2m eta4m
  !! SPATIAL: PACKED AND SPARSE AT ONCE (local 0.151 > 0.091 > regional 0.0048 /km2) on 3.2% of the land -- the population is NOT food-limited, it is failing to disperse; any carrying-capacity reading of this run is void
  ~~ demography: 10/16 in band  worst: m_5_15=0.0439(4.39x), frac_motherless=0.0442(2.21x), surv_to_45=0.221(0.51x), band_med_adults=39.5(1.40x)
[11000/15000] pop=   738 bd=   6 bigbd=3(med113) strat=0.0% giniC=0.456 dyn:eff=15.6 top=0.15 nlin=30 lpb=13.83/dom=0.198 mRSg=0.631 set=12(mx99,prim1.01) con=239.0 inst=1 ldT=0.333 | asc=0.049 gumsa=0.333 tenure=5.8y levy=1048119.7 resent(mean/max)=0.0/0.0 revs=65 | 10.2m eta4m
  !! SPATIAL: PACKED AND SPARSE AT ONCE (local 0.143 > 0.091 > regional 0.0047 /km2) on 3.3% of the land -- the population is NOT food-limited, it is failing to disperse; any carrying-capacity reading of this run is void
  ~~ demography: 11/16 in band  worst: m_5_15=0.0439(4.39x), band_med_adults=43.5(1.54x), surv_to_45=0.221(0.51x), surv_to_15=0.398(0.60x)
[11025/15000] pop=   730 bd=   6 bigbd=3(med111) strat=0.0% giniC=0.452 dyn:eff=15.9 top=0.144 nlin=30 lpb=12.83/dom=0.191 mRSg=0.649 set=10(mx100,prim1.01) con=194.0 inst=1 ldT=0.333 | asc=0.041 gumsa=0.5 tenure=5.8y levy=263938.1 resent(mean/max)=0.0/0.0 revs=65 | 10.2m eta4m
  !! SPATIAL: PACKED AND SPARSE AT ONCE (local 0.135 > 0.091 > regional 0.0048 /km2) on 3.6% of the land -- the population is NOT food-limited, it is failing to disperse; any carrying-capacity reading of this run is void
  ~~ demography: 11/16 in band  worst: m_5_15=0.0438(4.38x), band_med_adults=74(2.62x), surv_to_45=0.222(0.52x), surv_to_15=0.398(0.60x)
[11050/15000] pop=   740 bd=   5 bigbd=3(med112) strat=0.0% giniC=0.449 dyn:eff=16.2 top=0.139 nlin=30 lpb=14.4/dom=0.184 mRSg=0.642 set=11(mx99,prim1.05) con=202.0 inst=3 ldT=0.2 | asc=0.036 gumsa=0.4 tenure=5.8y levy=2506183.3 resent(mean/max)=0.0/0.0 revs=65 | 10.3m eta4m
  !! SPATIAL: PACKED AND SPARSE AT ONCE (local 0.138 > 0.091 > regional 0.0045 /km2) on 3.2% of the land -- the population is NOT food-limited, it is failing to disperse; any carrying-capacity reading of this run is void
  ~~ demography: 11/16 in band  worst: m_5_15=0.0439(4.39x), surv_to_45=0.221(0.51x), band_med_adults=41(1.45x), surv_to_15=0.398(0.60x)
[11075/15000] pop=   690 bd=   6 bigbd=3(med106) strat=0.0% giniC=0.458 dyn:eff=15.8 top=0.148 nlin=29 lpb=12.5/dom=0.256 mRSg=0.65 set=11(mx94,prim1.01) con=179.0 inst=1 ldT=0.2 | asc=0.055 gumsa=0.667 tenure=5.8y levy=1213526.1 resent(mean/max)=0.0/0.0 revs=65 | 10.3m eta4m
  !! SPATIAL: PACKED AND SPARSE AT ONCE (local 0.151 > 0.091 > regional 0.0046 /km2) on 3.0% of the land -- the population is NOT food-limited, it is failing to disperse; any carrying-capacity reading of this run is void
  ~~ demography: 11/16 in band  worst: m_5_15=0.0438(4.38x), band_med_adults=42(1.49x), surv_to_45=0.221(0.51x), surv_to_15=0.398(0.60x)
[11100/15000] pop=   709 bd=   6 bigbd=3(med110) strat=0.0% giniC=0.457 dyn:eff=15.9 top=0.144 nlin=29 lpb=12.67/dom=0.265 mRSg=0.639 set=10(mx104,prim1.03) con=164.0 inst=2 ldT=0.167 | asc=0.058 gumsa=0.5 tenure=5.8y levy=2015332.5 resent(mean/max)=0.0/0.0 revs=65 | 10.3m eta4m
  !! SPATIAL: PACKED AND SPARSE AT ONCE (local 0.143 > 0.091 > regional 0.0046 /km2) on 3.2% of the land -- the population is NOT food-limited, it is failing to disperse; any carrying-capacity reading of this run is void
  ~~ demography: 10/16 in band  worst: m_5_15=0.0438(4.38x), frac_motherless=0.0395(1.98x), band_med_adults=11.5(0.41x), surv_to_45=0.222(0.52x)
[11125/15000] pop=   716 bd=   8 bigbd=3(med110) strat=0.0% giniC=0.455 dyn:eff=15.9 top=0.14 nlin=29 lpb=11.38/dom=0.236 mRSg=0.613 set=12(mx99,prim1.02) con=203.5 inst=1 ldT=0.5 | asc=0.053 gumsa=0.375 tenure=5.8y levy=1559725.1 resent(mean/max)=0.0/0.0 revs=65 | 10.4m eta4m
  !! SPATIAL: PACKED AND SPARSE AT ONCE (local 0.142 > 0.091 > regional 0.0047 /km2) on 3.3% of the land -- the population is NOT food-limited, it is failing to disperse; any carrying-capacity reading of this run is void
  ~~ demography: 11/16 in band  worst: m_5_15=0.0437(4.37x), band_med_adults=11(0.39x), surv_to_45=0.222(0.52x), surv_to_15=0.399(0.60x)
[11150/15000] pop=   726 bd=   8 bigbd=3(med111) strat=0.0% giniC=0.454 dyn:eff=15.7 top=0.135 nlin=29 lpb=11.0/dom=0.254 mRSg=0.596 set=12(mx112,prim1.06) con=219.0 inst=1 ldT=0.375 | asc=0.037 gumsa=0.375 tenure=5.8y levy=1512753.8 resent(mean/max)=0.0/0.0 revs=66 | 10.4m eta4m
  !! SPATIAL: PACKED AND SPARSE AT ONCE (local 0.159 > 0.091 > regional 0.0047 /km2) on 3.0% of the land -- the population is NOT food-limited, it is failing to disperse; any carrying-capacity reading of this run is void
  ~~ demography: 11/16 in band  worst: m_5_15=0.0437(4.37x), band_med_adults=12.5(0.44x), surv_to_45=0.222(0.52x), surv_to_15=0.399(0.60x)
[11175/15000] pop=   733 bd=   8 bigbd=3(med121) strat=0.0% giniC=0.453 dyn:eff=15.4 top=0.146 nlin=29 lpb=10.88/dom=0.25 mRSg=0.586 set=11(mx91,prim1.05) con=263.0 inst=2 ldT=0.125 | asc=0.046 gumsa=0.375 tenure=5.8y levy=2485839.6 resent(mean/max)=0.0/0.0 revs=66 | 10.4m eta4m
  !! SPATIAL: PACKED AND SPARSE AT ONCE (local 0.169 > 0.091 > regional 0.0047 /km2) on 2.8% of the land -- the population is NOT food-limited, it is failing to disperse; any carrying-capacity reading of this run is void
  ~~ demography: 11/16 in band  worst: m_5_15=0.0437(4.37x), band_med_adults=12.5(0.44x), surv_to_45=0.222(0.52x), surv_to_15=0.399(0.60x)
[11200/15000] pop=   725 bd=  10 bigbd=3(med108) strat=0.0% giniC=0.451 dyn:eff=15.4 top=0.149 nlin=30 lpb=10.7/dom=0.248 mRSg=0.585 set=11(mx93,prim1.15) con=229.0 inst=4 ldT=0.167 | asc=0.034 gumsa=0.3 tenure=5.8y levy=1160306.4 resent(mean/max)=0.0/0.0 revs=66 | 10.4m eta4m
  !! SPATIAL: PACKED AND SPARSE AT ONCE (local 0.127 > 0.091 > regional 0.0045 /km2) on 3.6% of the land -- the population is NOT food-limited, it is failing to disperse; any carrying-capacity reading of this run is void
  ~~ demography: 11/16 in band  worst: m_5_15=0.0437(4.37x), band_med_adults=13(0.46x), surv_to_45=0.222(0.52x), surv_to_15=0.399(0.60x)
[11225/15000] pop=   698 bd=   9 bigbd=3(med111) strat=0.0% giniC=0.455 dyn:eff=15.2 top=0.149 nlin=29 lpb=10.89/dom=0.256 mRSg=0.587 set=11(mx109,prim1.18) con=301.0 inst=2 ldT=0.222 | asc=0.033 gumsa=0.222 tenure=5.8y levy=468171.1 resent(mean/max)=0.0/0.0 revs=67 | 10.5m eta4m
  !! SPATIAL: PACKED AND SPARSE AT ONCE (local 0.150 > 0.091 > regional 0.0045 /km2) on 3.0% of the land -- the population is NOT food-limited, it is failing to disperse; any carrying-capacity reading of this run is void
  ~~ demography: 11/16 in band  worst: m_5_15=0.0437(4.37x), surv_to_45=0.222(0.52x), band_med_adults=16.5(0.59x), surv_to_15=0.399(0.60x)
[11250/15000] pop=   688 bd=   8 bigbd=3(med104) strat=0.0% giniC=0.444 dyn:eff=16.0 top=0.142 nlin=28 lpb=12.0/dom=0.233 mRSg=0.581 set=11(mx91,prim1.0) con=290.0 inst=2 ldT=0.75 | asc=0.035 gumsa=0.5 tenure=5.8y levy=1004967.7 resent(mean/max)=0.0/0.0 revs=67 | 10.5m eta3m
  !! SPATIAL: PACKED AND SPARSE AT ONCE (local 0.140 > 0.091 > regional 0.0045 /km2) on 3.2% of the land -- the population is NOT food-limited, it is failing to disperse; any carrying-capacity reading of this run is void
  ~~ demography: 10/16 in band  worst: m_5_15=0.0436(4.36x), frac_motherless=0.0059(0.29x), surv_to_45=0.222(0.52x), band_med_adults=15(0.53x)
[11275/15000] pop=   698 bd=   9 bigbd=3(med109) strat=0.0% giniC=0.449 dyn:eff=16.0 top=0.142 nlin=27 lpb=12.0/dom=0.244 mRSg=0.594 set=12(mx94,prim1.03) con=228.5 inst=4 ldT=0.143 | asc=0.037 gumsa=0.444 tenure=5.8y levy=533791.2 resent(mean/max)=0.0/0.0 revs=67 | 10.5m eta3m
  !! SPATIAL: PACKED AND SPARSE AT ONCE (local 0.133 > 0.091 > regional 0.0045 /km2) on 3.4% of the land -- the population is NOT food-limited, it is failing to disperse; any carrying-capacity reading of this run is void
  ~~ demography: 10/16 in band  worst: m_5_15=0.0437(4.37x), frac_fatherless=0.024(0.48x), band_med_adults=14(0.50x), surv_to_45=0.222(0.52x)
[11300/15000] pop=   691 bd=   9 bigbd=3(med107) strat=0.0% giniC=0.442 dyn:eff=15.5 top=0.139 nlin=27 lpb=11.67/dom=0.269 mRSg=0.593 set=11(mx110,prim1.28) con=195.0 inst=4 ldT=0.444 | asc=0.039 gumsa=0.333 tenure=5.8y levy=994000.1 resent(mean/max)=0.0/0.0 revs=67 | 10.6m eta3m
  !! SPATIAL: PACKED AND SPARSE AT ONCE (local 0.140 > 0.091 > regional 0.0041 /km2) on 2.9% of the land -- the population is NOT food-limited, it is failing to disperse; any carrying-capacity reading of this run is void
  ~~ demography: 9/16 in band  worst: m_5_15=0.0438(4.38x), frac_fatherless=0.101(2.01x), frac_motherless=0.036(1.80x), band_med_adults=12(0.43x)
[11325/15000] pop=   631 bd=  10 bigbd=3(med102) strat=0.0% giniC=0.464 dyn:eff=15.0 top=0.151 nlin=27 lpb=11.3/dom=0.279 mRSg=0.617 set=11(mx96,prim1.03) con=152.0 inst=2 ldT=0.333 | asc=0.036 gumsa=0.4 tenure=5.8y levy=693801.8 resent(mean/max)=0.0/0.0 revs=67 | 10.6m eta3m
  !! SPATIAL: PACKED AND SPARSE AT ONCE (local 0.136 > 0.091 > regional 0.0041 /km2) on 3.0% of the land -- the population is NOT food-limited, it is failing to disperse; any carrying-capacity reading of this run is void
  ~~ demography: 11/16 in band  worst: m_5_15=0.0438(4.38x), band_med_adults=12(0.43x), surv_to_45=0.221(0.51x), surv_to_15=0.398(0.60x)
[11350/15000] pop=   639 bd=  10 bigbd=3(med102) strat=0.0% giniC=0.463 dyn:eff=15.0 top=0.153 nlin=27 lpb=11.3/dom=0.285 mRSg=0.619 set=11(mx120,prim1.15) con=104.0 inst=5 ldT=0.1 | asc=0.038 gumsa=0.2 tenure=5.8y levy=584415.7 resent(mean/max)=0.0/0.0 revs=67 | 10.6m eta3m
  !! SPATIAL: PACKED AND SPARSE AT ONCE (local 0.147 > 0.091 > regional 0.0044 /km2) on 3.0% of the land -- the population is NOT food-limited, it is failing to disperse; any carrying-capacity reading of this run is void
  ~~ demography: 11/16 in band  worst: m_5_15=0.0437(4.37x), band_med_adults=14(0.50x), surv_to_45=0.222(0.52x), surv_to_15=0.398(0.60x)
[11375/15000] pop=   674 bd=  10 bigbd=3(med102) strat=0.0% giniC=0.459 dyn:eff=15.2 top=0.148 nlin=27 lpb=11.0/dom=0.272 mRSg=0.604 set=11(mx115,prim1.06) con=181.0 inst=2 ldT=0.1 | asc=0.031 gumsa=0.4 tenure=5.8y levy=520875.6 resent(mean/max)=0.0/0.0 revs=68 | 10.6m eta3m
  !! SPATIAL: PACKED AND SPARSE AT ONCE (local 0.118 > 0.091 > regional 0.0040 /km2) on 3.4% of the land -- the population is NOT food-limited, it is failing to disperse; any carrying-capacity reading of this run is void
  ~~ demography: 11/16 in band  worst: m_5_15=0.0439(4.39x), band_med_adults=11(0.39x), surv_to_45=0.221(0.51x), surv_to_15=0.397(0.60x)
[11400/15000] pop=   615 bd=  10 bigbd=3(med94) strat=0.0% giniC=0.47 dyn:eff=13.8 top=0.169 nlin=27 lpb=10.5/dom=0.3 mRSg=0.597 set=11(mx108,prim1.24) con=239.0 inst=2 ldT=0.333 | asc=0.036 gumsa=0.4 tenure=5.8y levy=1890386.4 resent(mean/max)=0.0/0.0 revs=68 | 10.7m eta3m
  !! SPATIAL: PACKED AND SPARSE AT ONCE (local 0.140 > 0.091 > regional 0.0040 /km2) on 2.8% of the land -- the population is NOT food-limited, it is failing to disperse; any carrying-capacity reading of this run is void
  ~~ demography: 10/16 in band  worst: m_5_15=0.0439(4.39x), frac_motherless=0.0065(0.32x), band_med_adults=13(0.46x), surv_to_45=0.221(0.51x)
[11425/15000] pop=   618 bd=   9 bigbd=3(med89) strat=0.0% giniC=0.468 dyn:eff=13.8 top=0.162 nlin=28 lpb=11.67/dom=0.31 mRSg=0.592 set=10(mx104,prim1.35) con=172.5 inst=4 ldT=0.556 | asc=0.044 gumsa=0.444 tenure=5.8y levy=707232.0 resent(mean/max)=0.0/0.0 revs=68 | 10.7m eta3m
  !! SPATIAL: PACKED AND SPARSE AT ONCE (local 0.129 > 0.091 > regional 0.0039 /km2) on 3.0% of the land -- the population is NOT food-limited, it is failing to disperse; any carrying-capacity reading of this run is void
  ~~ demography: 10/16 in band  worst: m_5_15=0.0439(4.39x), frac_motherless=0.0066(0.33x), band_med_adults=12(0.43x), surv_to_45=0.221(0.51x)
[11450/15000] pop=   608 bd=   9 bigbd=3(med92) strat=0.0% giniC=0.469 dyn:eff=13.3 top=0.161 nlin=28 lpb=10.78/dom=0.314 mRSg=0.59 set=10(mx96,prim1.03) con=232.5 inst=5 ldT=0.111 | asc=0.044 gumsa=0.444 tenure=5.8y levy=437042.5 resent(mean/max)=0.0/0.0 revs=68 | 10.7m eta3m
  !! SPATIAL: PACKED AND SPARSE AT ONCE (local 0.139 > 0.091 > regional 0.0040 /km2) on 2.8% of the land -- the population is NOT food-limited, it is failing to disperse; any carrying-capacity reading of this run is void
  ~~ demography: 9/16 in band  worst: m_5_15=0.0439(4.39x), frac_motherless=0(0.00x), band_med_adults=11(0.39x), frac_fatherless=0.0793(1.59x)
[11475/15000] pop=   613 bd=   9 bigbd=3(med98) strat=0.0% giniC=0.461 dyn:eff=13.3 top=0.153 nlin=27 lpb=10.44/dom=0.335 mRSg=0.593 set=11(mx97,prim1.09) con=131.5 inst=3 ldT=0.111 | asc=0.044 gumsa=0.444 tenure=5.8y levy=620771.6 resent(mean/max)=0.0/0.0 revs=68 | 10.7m eta3m
  !! SPATIAL: PACKED AND SPARSE AT ONCE (local 0.151 > 0.091 > regional 0.0040 /km2) on 2.7% of the land -- the population is NOT food-limited, it is failing to disperse; any carrying-capacity reading of this run is void
  ~~ demography: 11/16 in band  worst: m_5_15=0.0438(4.38x), band_med_adults=12(0.43x), surv_to_45=0.221(0.51x), surv_to_15=0.397(0.60x)
[11500/15000] pop=   619 bd=   9 bigbd=3(med100) strat=0.0% giniC=0.475 dyn:eff=12.9 top=0.155 nlin=27 lpb=10.11/dom=0.357 mRSg=0.575 set=11(mx123,prim1.15) con=116.0 inst=3 ldT=0.333 | asc=0.048 gumsa=0.444 tenure=5.8y levy=747615.5 resent(mean/max)=0.0/0.0 revs=68 | 10.7m eta3m
  !! SPATIAL: PACKED AND SPARSE AT ONCE (local 0.160 > 0.091 > regional 0.0042 /km2) on 2.6% of the land -- the population is NOT food-limited, it is failing to disperse; any carrying-capacity reading of this run is void
  ~~ demography: 10/16 in band  worst: m_5_15=0.0438(4.38x), frac_motherless=0(0.00x), band_med_adults=12(0.43x), surv_to_45=0.222(0.52x)
[11525/15000] pop=   641 bd=   9 bigbd=3(med107) strat=0.0% giniC=0.472 dyn:eff=12.6 top=0.167 nlin=27 lpb=9.78/dom=0.39 mRSg=0.572 set=11(mx102,prim1.38) con=176.0 inst=4 ldT=0.222 | asc=0.041 gumsa=0.333 tenure=5.8y levy=462844.8 resent(mean/max)=0.0/0.0 revs=68 | 10.8m eta3m
  !! SPATIAL: PACKED AND SPARSE AT ONCE (local 0.171 > 0.091 > regional 0.0041 /km2) on 2.4% of the land -- the population is NOT food-limited, it is failing to disperse; any carrying-capacity reading of this run is void
  ~~ demography: 10/16 in band  worst: m_5_15=0.0438(4.38x), frac_motherless=0(0.00x), band_med_adults=11(0.39x), surv_to_45=0.222(0.52x)
[11550/15000] pop=   633 bd=   9 bigbd=3(med99) strat=0.0% giniC=0.472 dyn:eff=12.6 top=0.167 nlin=27 lpb=10.0/dom=0.369 mRSg=0.578 set=12(mx97,prim1.17) con=179.0 inst=3 ldT=0.25 | asc=0.028 gumsa=0.444 tenure=5.8y levy=261695.2 resent(mean/max)=0.0/0.0 revs=68 | 10.8m eta3m
  !! SPATIAL: PACKED AND SPARSE AT ONCE (local 0.138 > 0.091 > regional 0.0041 /km2) on 3.0% of the land -- the population is NOT food-limited, it is failing to disperse; any carrying-capacity reading of this run is void
  ~~ demography: 9/16 in band  !! AGE STRUCTURE OUT OF BAND -> every marker above demography in the ladder is PROVISIONAL  worst: m_5_15=0.0438(4.38x), frac_motherless=0(0.00x), band_med_adults=12(0.43x), surv_to_45=0.222(0.52x)
[11575/15000] pop=   635 bd=   9 bigbd=3(med102) strat=0.0% giniC=0.468 dyn:eff=11.9 top=0.186 nlin=27 lpb=9.67/dom=0.395 mRSg=0.577 set=10(mx100,prim1.15) con=155.0 inst=5 ldT=0.556 | asc=0.028 gumsa=0.444 tenure=5.8y levy=589799.3 resent(mean/max)=0.0/0.0 revs=68 | 10.8m eta3m
  !! SPATIAL: PACKED AND SPARSE AT ONCE (local 0.160 > 0.091 > regional 0.0041 /km2) on 2.6% of the land -- the population is NOT food-limited, it is failing to disperse; any carrying-capacity reading of this run is void
  ~~ demography: 10/16 in band  worst: m_5_15=0.0437(4.37x), frac_motherless=0(0.00x), band_med_adults=14(0.50x), surv_to_45=0.222(0.52x)
[11600/15000] pop=   640 bd=  11 bigbd=3(med103) strat=0.0% giniC=0.471 dyn:eff=11.9 top=0.195 nlin=28 lpb=10.0/dom=0.376 mRSg=0.589 set=11(mx105,prim1.3) con=233.0 inst=7 ldT=0.444 | asc=0.027 gumsa=0.364 tenure=5.8y levy=437378.0 resent(mean/max)=0.0/0.0 revs=68 | 10.8m eta3m
  !! SPATIAL: PACKED AND SPARSE AT ONCE (local 0.158 > 0.091 > regional 0.0041 /km2) on 2.6% of the land -- the population is NOT food-limited, it is failing to disperse; any carrying-capacity reading of this run is void
  ~~ demography: 11/16 in band  worst: m_5_15=0.0437(4.37x), band_med_adults=13(0.46x), surv_to_45=0.222(0.52x), surv_to_15=0.398(0.60x)
[11625/15000] pop=   631 bd=  11 bigbd=3(med97) strat=0.0% giniC=0.465 dyn:eff=13.3 top=0.171 nlin=29 lpb=10.73/dom=0.332 mRSg=0.601 set=10(mx105,prim1.09) con=137.0 inst=5 ldT=0.273 | asc=0.029 gumsa=0.364 tenure=5.8y levy=575678.0 resent(mean/max)=0.0/0.0 revs=68 | 10.9m eta3m
  !! SPATIAL: PACKED AND SPARSE AT ONCE (local 0.153 > 0.091 > regional 0.0041 /km2) on 2.7% of the land -- the population is NOT food-limited, it is failing to disperse; any carrying-capacity reading of this run is void
  ~~ demography: 10/16 in band  worst: m_5_15=0.0437(4.37x), frac_fatherless=0.0949(1.90x), surv_to_45=0.222(0.52x), band_med_adults=16(0.57x)
[11650/15000] pop=   626 bd=  11 bigbd=3(med95) strat=0.0% giniC=0.468 dyn:eff=13.0 top=0.171 nlin=29 lpb=10.64/dom=0.332 mRSg=0.599 set=11(mx99,prim1.25) con=250.0 inst=3 ldT=0.364 | asc=0.032 gumsa=0.364 tenure=5.8y levy=510902.4 resent(mean/max)=0.0/0.0 revs=68 | 10.9m eta3m
  !! SPATIAL: PACKED AND SPARSE AT ONCE (local 0.148 > 0.091 > regional 0.0040 /km2) on 2.7% of the land -- the population is NOT food-limited, it is failing to disperse; any carrying-capacity reading of this run is void
  ~~ demography: 10/16 in band  worst: m_5_15=0.0437(4.37x), frac_fatherless=0.0929(1.86x), surv_to_45=0.222(0.52x), band_med_adults=17(0.60x)
[11675/15000] pop=   621 bd=  10 bigbd=3(med104) strat=0.0% giniC=0.475 dyn:eff=12.8 top=0.177 nlin=29 lpb=11.6/dom=0.309 mRSg=0.595 set=11(mx115,prim1.08) con=272.0 inst=3 ldT=0.0 | asc=0.031 gumsa=0.3 tenure=5.8y levy=1098844.0 resent(mean/max)=0.0/0.0 revs=68 | 10.9m eta3m
  !! SPATIAL: PACKED AND SPARSE AT ONCE (local 0.130 > 0.091 > regional 0.0041 /km2) on 3.1% of the land -- the population is NOT food-limited, it is failing to disperse; any carrying-capacity reading of this run is void
  ~~ demography: 10/16 in band  worst: m_5_15=0.0437(4.37x), frac_fatherless=0.104(2.08x), band_med_adults=14.5(0.51x), surv_to_45=0.222(0.52x)
[11700/15000] pop=   626 bd=  10 bigbd=3(med121) strat=0.0% giniC=0.472 dyn:eff=12.7 top=0.174 nlin=28 lpb=11.6/dom=0.282 mRSg=0.582 set=9(mx90,prim1.1) con=392.0 inst=6 ldT=0.3 | asc=0.03 gumsa=0.3 tenure=5.8y levy=490808.3 resent(mean/max)=0.0/0.0 revs=68 | 10.9m eta3m
  !! SPATIAL: PACKED AND SPARSE AT ONCE (local 0.180 > 0.091 > regional 0.0042 /km2) on 2.3% of the land -- the population is NOT food-limited, it is failing to disperse; any carrying-capacity reading of this run is void
  ~~ demography: 10/16 in band  worst: m_5_15=0.0436(4.36x), frac_fatherless=0.105(2.11x), surv_to_45=0.223(0.52x), band_med_adults=16.5(0.59x)
[11725/15000] pop=   648 bd=  10 bigbd=3(med122) strat=0.0% giniC=0.466 dyn:eff=12.9 top=0.173 nlin=28 lpb=12.1/dom=0.278 mRSg=0.587 set=9(mx103,prim1.18) con=253.0 inst=8 ldT=0.2 | asc=0.035 gumsa=0.4 tenure=5.8y levy=564246.4 resent(mean/max)=0.0/0.0 revs=68 | 11.0m eta3m
  !! SPATIAL: PACKED AND SPARSE AT ONCE (local 0.190 > 0.091 > regional 0.0039 /km2) on 2.1% of the land; band commands 291 km2, inside its own 314 km2 catchment (Vita-Finzi & Higgs) -- the population is NOT food-limited, it is failing to disperse; any carrying-capacity reading of this run is void
  ~~ demography: 9/16 in band  worst: m_5_15=0.0437(4.37x), frac_fatherless=0.0903(1.81x), frac_motherless=0.0323(1.61x), band_med_adults=11(0.39x)
[11750/15000] pop=   609 bd=  11 bigbd=3(med110) strat=0.0% giniC=0.483 dyn:eff=12.5 top=0.179 nlin=28 lpb=11.36/dom=0.279 mRSg=0.61 set=12(mx91,prim1.05) con=281.0 inst=4 ldT=0.2 | asc=0.021 gumsa=0.273 tenure=5.8y levy=303748.8 resent(mean/max)=0.0/0.0 revs=68 | 11.0m eta3m
  !! SPATIAL: PACKED AND SPARSE AT ONCE (local 0.164 > 0.091 > regional 0.0040 /km2) on 2.5% of the land -- the population is NOT food-limited, it is failing to disperse; any carrying-capacity reading of this run is void
  ~~ demography: 11/16 in band  worst: m_5_15=0.0436(4.36x), band_med_adults=11(0.39x), surv_to_45=0.222(0.52x), surv_to_15=0.399(0.60x)
[11775/15000] pop=   625 bd=  11 bigbd=3(med110) strat=0.0% giniC=0.477 dyn:eff=12.7 top=0.181 nlin=28 lpb=10.09/dom=0.3 mRSg=0.606 set=10(mx90,prim1.06) con=115.0 inst=4 ldT=0.091 | asc=0.022 gumsa=0.273 tenure=5.8y levy=356241.9 resent(mean/max)=0.0/0.0 revs=68 | 11.0m eta3m
  !! SPATIAL: PACKED AND SPARSE AT ONCE (local 0.142 > 0.091 > regional 0.0041 /km2) on 2.9% of the land -- the population is NOT food-limited, it is failing to disperse; any carrying-capacity reading of this run is void
  ~~ demography: 9/16 in band  worst: m_5_15=0.0436(4.36x), frac_motherless=0.0059(0.29x), frac_fatherless=0.0765(1.53x), band_med_adults=13.5(0.48x)
[11800/15000] pop=   639 bd=  10 bigbd=3(med124) strat=0.0% giniC=0.487 dyn:eff=12.2 top=0.192 nlin=28 lpb=11.2/dom=0.303 mRSg=0.601 set=11(mx102,prim1.31) con=240.0 inst=4 ldT=0.5 | asc=0.02 gumsa=0.2 tenure=5.8y levy=971327.7 resent(mean/max)=0.0/0.0 revs=68 | 11.0m eta3m
  !! SPATIAL: PACKED AND SPARSE AT ONCE (local 0.151 > 0.091 > regional 0.0041 /km2) on 2.7% of the land -- the population is NOT food-limited, it is failing to disperse; any carrying-capacity reading of this run is void
  ~~ demography: 10/16 in band  worst: m_5_15=0.0436(4.36x), frac_fatherless=0.0909(1.82x), band_med_adults=14(0.50x), surv_to_45=0.223(0.52x)
[11825/15000] pop=   635 bd=   9 bigbd=3(med126) strat=0.0% giniC=0.485 dyn:eff=12.0 top=0.194 nlin=28 lpb=11.0/dom=0.339 mRSg=0.604 set=11(mx97,prim1.18) con=255.0 inst=4 ldT=0.333 | asc=0.024 gumsa=0.222 tenure=5.8y levy=1100346.0 resent(mean/max)=0.0/0.0 revs=68 | 11.1m eta3m
  !! SPATIAL: PACKED AND SPARSE AT ONCE (local 0.147 > 0.091 > regional 0.0042 /km2) on 2.8% of the land -- the population is NOT food-limited, it is failing to disperse; any carrying-capacity reading of this run is void
  ~~ demography: 9/16 in band  worst: m_5_15=0.0435(4.35x), frac_motherless=0.0523(2.61x), frac_fatherless=0.0872(1.74x), surv_to_45=0.223(0.52x)
[11850/15000] pop=   647 bd=   9 bigbd=3(med119) strat=0.0% giniC=0.486 dyn:eff=11.8 top=0.196 nlin=28 lpb=11.22/dom=0.333 mRSg=0.61 set=11(mx100,prim1.08) con=264.0 inst=7 ldT=0.286 | asc=0.019 gumsa=0.222 tenure=5.8y levy=1134537.8 resent(mean/max)=0.0/0.0 revs=68 | 11.1m eta3m
  !! SPATIAL: PACKED AND SPARSE AT ONCE (local 0.126 > 0.091 > regional 0.0037 /km2) on 3.0% of the land -- the population is NOT food-limited, it is failing to disperse; any carrying-capacity reading of this run is void
  ~~ demography: 8/16 in band  worst: m_5_15=0.0437(4.37x), frac_motherless=0.0565(2.83x), frac_fatherless=0.0806(1.61x), band_med_adults=13.5(0.48x)
[11875/15000] pop=   578 bd=   8 bigbd=3(med99) strat=0.0% giniC=0.498 dyn:eff=12.4 top=0.192 nlin=28 lpb=12.12/dom=0.308 mRSg=0.62 set=10(mx117,prim1.26) con=127.0 inst=3 ldT=0.25 | asc=0.022 gumsa=0.25 tenure=5.8y levy=606765.8 resent(mean/max)=0.0/0.0 revs=68 | 11.1m eta3m
  !! SPATIAL: PACKED AND SPARSE AT ONCE (local 0.159 > 0.091 > regional 0.0038 /km2) on 2.4% of the land -- the population is NOT food-limited, it is failing to disperse; any carrying-capacity reading of this run is void
  ~~ demography: 9/16 in band  worst: m_5_15=0.0437(4.37x), frac_motherless=0.0312(1.56x), surv_to_45=0.222(0.52x), band_med_adults=15.5(0.55x)
[11900/15000] pop=   587 bd=   8 bigbd=3(med103) strat=0.0% giniC=0.498 dyn:eff=12.7 top=0.181 nlin=28 lpb=11.75/dom=0.301 mRSg=0.627 set=9(mx115,prim1.06) con=151.0 inst=1 ldT=0.25 | asc=0.026 gumsa=0.25 tenure=5.8y levy=799515.1 resent(mean/max)=0.0/0.0 revs=68 | 11.1m eta3m
  !! SPATIAL: PACKED AND SPARSE AT ONCE (local 0.132 > 0.091 > regional 0.0039 /km2) on 2.9% of the land -- the population is NOT food-limited, it is failing to disperse; any carrying-capacity reading of this run is void
  ~~ demography: 10/16 in band  worst: m_5_15=0.0436(4.36x), frac_motherless=0.0511(2.55x), surv_to_45=0.223(0.52x), surv_to_15=0.399(0.60x)
[11925/15000] pop=   596 bd=   7 bigbd=3(med109) strat=0.0% giniC=0.489 dyn:eff=12.5 top=0.183 nlin=28 lpb=12.71/dom=0.316 mRSg=0.631 set=10(mx115,prim1.17) con=162.0 inst=5 ldT=0.143 | asc=0.027 gumsa=0.429 tenure=5.8y levy=476689.1 resent(mean/max)=0.0/0.0 revs=68 | 11.1m eta3m
  !! SPATIAL: PACKED AND SPARSE AT ONCE (local 0.125 > 0.091 > regional 0.0036 /km2) on 2.9% of the land -- the population is NOT food-limited, it is failing to disperse; any carrying-capacity reading of this run is void
  ~~ demography: 10/16 in band  worst: m_5_15=0.0437(4.37x), frac_fatherless=0.0175(0.35x), band_med_adults=42(1.49x), surv_to_45=0.222(0.52x)
[11950/15000] pop=   562 bd=   6 bigbd=3(med98) strat=0.0% giniC=0.497 dyn:eff=12.6 top=0.183 nlin=28 lpb=13.67/dom=0.299 mRSg=0.641 set=11(mx112,prim1.33) con=119.0 inst=1 ldT=0.0 | asc=0.037 gumsa=0.5 tenure=5.8y levy=1355724.2 resent(mean/max)=0.0/0.0 revs=68 | 11.2m eta3m
  !! SPATIAL: PACKED AND SPARSE AT ONCE (local 0.141 > 0.091 > regional 0.0037 /km2) on 2.6% of the land -- the population is NOT food-limited, it is failing to disperse; any carrying-capacity reading of this run is void
  ~~ demography: 10/16 in band  worst: m_5_15=0.0437(4.37x), band_med_adults=72(2.55x), frac_motherless=0(0.00x), surv_to_45=0.222(0.52x)
[11975/15000] pop=   564 bd=   5 bigbd=3(med113) strat=0.0% giniC=0.491 dyn:eff=12.5 top=0.181 nlin=28 lpb=14.6/dom=0.275 mRSg=0.646 set=9(mx107,prim1.13) con=189.0 inst=5 ldT=0.2 | asc=0.034 gumsa=0.6 tenure=5.9y levy=699742.6 resent(mean/max)=0.0/0.0 revs=68 | 11.2m eta3m
  !! SPATIAL: PACKED AND SPARSE AT ONCE (local 0.145 > 0.091 > regional 0.0038 /km2) on 2.6% of the land -- the population is NOT food-limited, it is failing to disperse; any carrying-capacity reading of this run is void
  ~~ demography: 10/16 in band  worst: m_5_15=0.0437(4.37x), frac_fatherless=0.0204(0.41x), surv_to_45=0.223(0.52x), surv_to_15=0.399(0.60x)
[12000/15000] pop=   582 bd=   7 bigbd=3(med117) strat=0.0% giniC=0.491 dyn:eff=12.6 top=0.184 nlin=28 lpb=13.14/dom=0.263 mRSg=0.628 set=11(mx112,prim1.58) con=174.0 inst=6 ldT=0.0 | asc=0.043 gumsa=0.429 tenure=5.9y levy=853949.7 resent(mean/max)=0.0/0.0 revs=68 | 11.2m eta3m
  !! SPATIAL: PACKED AND SPARSE AT ONCE (local 0.142 > 0.091 > regional 0.0034 /km2) on 2.4% of the land -- the population is NOT food-limited, it is failing to disperse; any carrying-capacity reading of this run is void
  ~~ demography: 10/16 in band  worst: m_5_15=0.0438(4.38x), band_med_adults=55(1.95x), frac_motherless=0.008(0.40x), surv_to_45=0.222(0.52x)
[12025/15000] pop=   524 bd=   5 bigbd=3(med121) strat=0.0% giniC=0.502 dyn:eff=12.6 top=0.179 nlin=28 lpb=15.0/dom=0.24 mRSg=0.633 set=9(mx99,prim1.06) con=173.0 inst=3 ldT=0.2 | asc=0.05 gumsa=0.6 tenure=5.9y levy=818478.3 resent(mean/max)=0.0/0.0 revs=68 | 11.2m eta3m
  !! SPATIAL: PACKED AND SPARSE AT ONCE (local 0.155 > 0.091 > regional 0.0033 /km2) on 2.1% of the land -- the population is NOT food-limited, it is failing to disperse; any carrying-capacity reading of this run is void
  ~~ demography: 10/16 in band  worst: m_5_15=0.0439(4.39x), band_med_adults=53(1.88x), frac_motherless=0.0082(0.41x), surv_to_45=0.222(0.52x)
[12050/15000] pop=   512 bd=   5 bigbd=3(med123) strat=0.0% giniC=0.51 dyn:eff=12.8 top=0.172 nlin=28 lpb=14.0/dom=0.227 mRSg=0.634 set=9(mx101,prim1.03) con=152.0 inst=1 ldT=0.0 | asc=0.049 gumsa=0.6 tenure=5.9y levy=281207.9 resent(mean/max)=0.0/0.0 revs=68 | 11.2m eta3m
  !! SPATIAL: PACKED AND SPARSE AT ONCE (local 0.141 > 0.091 > regional 0.0034 /km2) on 2.4% of the land -- the population is NOT food-limited, it is failing to disperse; any carrying-capacity reading of this run is void
  ~~ demography: 10/16 in band  worst: m_5_15=0.0439(4.39x), frac_motherless=0(0.00x), band_med_adults=55(1.95x), surv_to_45=0.222(0.52x)
[12075/15000] pop=   521 bd=   5 bigbd=3(med126) strat=0.0% giniC=0.517 dyn:eff=12.9 top=0.175 nlin=28 lpb=14.4/dom=0.251 mRSg=0.625 set=9(mx109,prim1.09) con=200.5 inst=1 ldT=0.2 | asc=0.04 gumsa=0.6 tenure=5.9y levy=3190084.6 resent(mean/max)=0.0/0.0 revs=68 | 11.3m eta3m
  !! SPATIAL: PACKED AND SPARSE AT ONCE (local 0.160 > 0.091 > regional 0.0033 /km2) on 2.1% of the land -- the population is NOT food-limited, it is failing to disperse; any carrying-capacity reading of this run is void
  ~~ demography: 10/16 in band  worst: m_5_15=0.0438(4.38x), band_med_adults=55(1.95x), frac_motherless=0.0086(0.43x), surv_to_45=0.222(0.52x)
[12100/15000] pop=   513 bd=   5 bigbd=3(med126) strat=0.0% giniC=0.507 dyn:eff=13.3 top=0.164 nlin=28 lpb=13.8/dom=0.254 mRSg=0.625 set=10(mx98,prim1.4) con=157.0 inst=2 ldT=0.0 | asc=0.037 gumsa=0.6 tenure=5.9y levy=484898.6 resent(mean/max)=0.0/0.0 revs=68 | 11.3m eta3m
  !! SPATIAL: PACKED AND SPARSE AT ONCE (local 0.154 > 0.091 > regional 0.0034 /km2) on 2.2% of the land -- the population is NOT food-limited, it is failing to disperse; any carrying-capacity reading of this run is void
  ~~ demography: 9/16 in band  worst: m_5_15=0.0438(4.38x), frac_motherless=0(0.00x), band_med_adults=50(1.77x), frac_fatherless=0.0847(1.69x)
[12125/15000] pop=   524 bd=   5 bigbd=3(med143) strat=0.0% giniC=0.497 dyn:eff=13.0 top=0.17 nlin=28 lpb=14.2/dom=0.252 mRSg=0.625 set=10(mx97,prim1.17) con=195.0 inst=3 ldT=0.0 | asc=0.034 gumsa=0.6 tenure=5.9y levy=1577202.3 resent(mean/max)=0.0/0.0 revs=68 | 11.3m eta3m
  !! SPATIAL: PACKED AND SPARSE AT ONCE (local 0.139 > 0.091 > regional 0.0033 /km2) on 2.4% of the land -- the population is NOT food-limited, it is failing to disperse; any carrying-capacity reading of this run is void
  ~~ demography: 10/16 in band  worst: m_5_15=0.0438(4.38x), frac_motherless=0(0.00x), band_med_adults=45(1.60x), surv_to_45=0.222(0.52x)
[12150/15000] pop=   513 bd=   5 bigbd=3(med156) strat=0.0% giniC=0.496 dyn:eff=12.6 top=0.173 nlin=26 lpb=13.6/dom=0.281 mRSg=0.633 set=9(mx101,prim1.16) con=190.5 inst=3 ldT=0.4 | asc=0.037 gumsa=0.6 tenure=5.9y levy=443812.4 resent(mean/max)=0.0/0.0 revs=68 | 11.3m eta3m
  !! SPATIAL: PACKED AND SPARSE AT ONCE (local 0.140 > 0.091 > regional 0.0032 /km2) on 2.3% of the land -- the population is NOT food-limited, it is failing to disperse; any carrying-capacity reading of this run is void
  ~~ demography: 11/16 in band  worst: m_5_15=0.0439(4.39x), frac_motherless=0(0.00x), surv_to_45=0.222(0.52x), surv_to_15=0.397(0.60x)
[12175/15000] pop=   489 bd=   6 bigbd=3(med132) strat=0.0% giniC=0.51 dyn:eff=13.4 top=0.164 nlin=26 lpb=11.83/dom=0.289 mRSg=0.623 set=9(mx99,prim1.25) con=177.0 inst=1 ldT=0.8 | asc=0.037 gumsa=0.667 tenure=5.9y levy=381434.9 resent(mean/max)=0.0/0.0 revs=68 | 11.3m eta3m
  !! SPATIAL: PACKED AND SPARSE AT ONCE (local 0.130 > 0.091 > regional 0.0032 /km2) on 2.5% of the land -- the population is NOT food-limited, it is failing to disperse; any carrying-capacity reading of this run is void
  ~~ demography: 11/16 in band  worst: m_5_15=0.0439(4.39x), frac_motherless=0(0.00x), surv_to_45=0.222(0.52x), surv_to_15=0.397(0.60x)
[12200/15000] pop=   495 bd=   6 bigbd=2(med206.0) strat=0.0% giniC=0.502 dyn:eff=13.7 top=0.16 nlin=26 lpb=11.0/dom=0.286 mRSg=0.609 set=7(mx107,prim1.3) con=282.0 inst=2 ldT=0.167 | asc=0.034 gumsa=0.667 tenure=5.9y levy=495006.7 resent(mean/max)=0.0/0.0 revs=68 | 11.4m eta3m
  !! SPATIAL: PACKED AND SPARSE AT ONCE (local 0.107 > 0.091 > regional 0.0033 /km2) on 3.0% of the land -- the population is NOT food-limited, it is failing to disperse; any carrying-capacity reading of this run is void
  ~~ demography: 10/16 in band  worst: m_5_15=0.0438(4.38x), frac_motherless=0(0.00x), frac_fatherless=0.0794(1.59x), surv_to_45=0.222(0.52x)
[12225/15000] pop=   504 bd=   6 bigbd=2(med214.0) strat=0.0% giniC=0.501 dyn:eff=15.2 top=0.135 nlin=27 lpb=11.5/dom=0.281 mRSg=0.6 set=9(mx91,prim1.12) con=220.0 inst=4 ldT=0.0 | asc=0.034 gumsa=0.667 tenure=5.9y levy=680375.0 resent(mean/max)=0.0/0.0 revs=68 | 11.4m eta3m
  !! SPATIAL: PACKED AND SPARSE AT ONCE (local 0.116 > 0.091 > regional 0.0034 /km2) on 2.9% of the land -- the population is NOT food-limited, it is failing to disperse; any carrying-capacity reading of this run is void
  ~~ demography: 10/16 in band  worst: m_5_15=0.0438(4.38x), frac_fatherless=0.11(2.19x), frac_motherless=0(0.00x), surv_to_45=0.222(0.52x)
[12250/15000] pop=   522 bd=   6 bigbd=2(med225.0) strat=0.0% giniC=0.499 dyn:eff=15.3 top=0.136 nlin=27 lpb=11.5/dom=0.28 mRSg=0.593 set=8(mx111,prim1.1) con=277.0 inst=2 ldT=0.0 | asc=0.086 gumsa=0.833 tenure=5.9y levy=213615.9 resent(mean/max)=0.0/0.0 revs=68 | 11.4m eta3m
  !! SPATIAL: PACKED AND SPARSE AT ONCE (local 0.137 > 0.091 > regional 0.0034 /km2) on 2.5% of the land -- the population is NOT food-limited, it is failing to disperse; any carrying-capacity reading of this run is void
  ~~ demography: 9/16 in band  !! AGE STRUCTURE OUT OF BAND -> every marker above demography in the ladder is PROVISIONAL  worst: m_5_15=0.0438(4.38x), frac_fatherless=0.132(2.64x), surv_to_45=0.223(0.52x), surv_to_15=0.398(0.60x)
[12275/15000] pop=   521 bd=   6 bigbd=2(med229.0) strat=0.0% giniC=0.5 dyn:eff=15.1 top=0.14 nlin=27 lpb=11.83/dom=0.284 mRSg=0.607 set=8(mx117,prim1.01) con=309.5 inst=2 ldT=0.167 | asc=0.081 gumsa=0.5 tenure=5.9y levy=890825.6 resent(mean/max)=0.0/0.0 revs=68 | 11.4m eta3m
  !! SPATIAL: PACKED AND SPARSE AT ONCE (local 0.129 > 0.091 > regional 0.0034 /km2) on 2.7% of the land -- the population is NOT food-limited, it is failing to disperse; any carrying-capacity reading of this run is void
  ~~ demography: 9/16 in band  !! AGE STRUCTURE OUT OF BAND -> every marker above demography in the ladder is PROVISIONAL  worst: m_5_15=0.0437(4.37x), frac_fatherless=0.103(2.06x), frac_motherless=0.0074(0.37x), surv_to_45=0.223(0.52x)
[12300/15000] pop=   527 bd=   5 bigbd=2(med226.0) strat=0.0% giniC=0.497 dyn:eff=15.0 top=0.14 nlin=27 lpb=14.0/dom=0.216 mRSg=0.604 set=8(mx93,prim1.02) con=294.0 inst=1 ldT=0.25 | asc=0.082 gumsa=0.4 tenure=5.9y levy=584897.4 resent(mean/max)=0.0/0.0 revs=68 | 11.4m eta3m
  !! SPATIAL: PACKED AND SPARSE AT ONCE (local 0.132 > 0.091 > regional 0.0034 /km2) on 2.6% of the land -- the population is NOT food-limited, it is failing to disperse; any carrying-capacity reading of this run is void
  ~~ demography: 9/16 in band  !! AGE STRUCTURE OUT OF BAND -> every marker above demography in the ladder is PROVISIONAL  worst: m_5_15=0.0437(4.37x), frac_fatherless=0.0909(1.82x), surv_to_45=0.223(0.52x), band_med_adults=15.5(0.55x)
[12325/15000] pop=   528 bd=   6 bigbd=2(med233.5) strat=0.0% giniC=0.499 dyn:eff=15.1 top=0.142 nlin=27 lpb=11.83/dom=0.287 mRSg=0.608 set=8(mx109,prim1.25) con=256.0 inst=0 ldT=0.0 | asc=0.131 gumsa=0.333 tenure=5.9y levy=823225.4 resent(mean/max)=0.0/0.0 revs=68 | 11.5m eta2m
  !! SPATIAL: PACKED AND SPARSE AT ONCE (local 0.134 > 0.091 > regional 0.0035 /km2) on 2.6% of the land -- the population is NOT food-limited, it is failing to disperse; any carrying-capacity reading of this run is void
  ~~ demography: 9/16 in band  !! AGE STRUCTURE OUT OF BAND -> every marker above demography in the ladder is PROVISIONAL  worst: m_5_15=0.0437(4.37x), frac_motherless=0.0075(0.38x), surv_to_45=0.223(0.52x), surv_to_15=0.399(0.60x)
[12350/15000] pop=   535 bd=   6 bigbd=3(med127) strat=0.0% giniC=0.485 dyn:eff=14.6 top=0.146 nlin=26 lpb=13.5/dom=0.215 mRSg=0.622 set=9(mx114,prim1.52) con=289.0 inst=3 ldT=0.2 | asc=0.127 gumsa=0.833 tenure=5.9y levy=596374.4 resent(mean/max)=0.0/0.0 revs=68 | 11.5m eta2m
  !! SPATIAL: PACKED AND SPARSE AT ONCE (local 0.169 > 0.091 > regional 0.0035 /km2) on 2.1% of the land -- the population is NOT food-limited, it is failing to disperse; any carrying-capacity reading of this run is void
  ~~ demography: 11/16 in band  worst: m_5_15=0.0436(4.36x), frac_fatherless=0.0222(0.44x), surv_to_45=0.223(0.52x), surv_to_15=0.399(0.60x)
[12375/15000] pop=   542 bd=   6 bigbd=2(med217.5) strat=0.0% giniC=0.481 dyn:eff=14.6 top=0.148 nlin=26 lpb=13.67/dom=0.218 mRSg=0.627 set=10(mx103,prim1.05) con=302.0 inst=5 ldT=0.167 | asc=0.122 gumsa=0.667 tenure=5.9y levy=448522.6 resent(mean/max)=0.0/0.0 revs=68 | 11.5m eta2m
  !! SPATIAL: PACKED AND SPARSE AT ONCE (local 0.130 > 0.091 > regional 0.0036 /km2) on 2.8% of the land -- the population is NOT food-limited, it is failing to disperse; any carrying-capacity reading of this run is void
  ~~ demography: 10/16 in band  !! AGE STRUCTURE OUT OF BAND -> every marker above demography in the ladder is PROVISIONAL  worst: m_5_15=0.0436(4.36x), frac_motherless=0.0345(1.73x), surv_to_45=0.224(0.52x), surv_to_15=0.399(0.60x)
[12400/15000] pop=   558 bd=   6 bigbd=3(med136) strat=0.0% giniC=0.477 dyn:eff=15.1 top=0.138 nlin=26 lpb=13.33/dom=0.221 mRSg=0.628 set=9(mx114,prim1.39) con=213.5 inst=4 ldT=0.5 | asc=0.125 gumsa=0.667 tenure=5.9y levy=453170.1 resent(mean/max)=0.0/0.0 revs=68 | 11.5m eta2m
  !! SPATIAL: PACKED AND SPARSE AT ONCE (local 0.140 > 0.091 > regional 0.0036 /km2) on 2.6% of the land -- the population is NOT food-limited, it is failing to disperse; any carrying-capacity reading of this run is void
  ~~ demography: 11/16 in band  worst: m_5_15=0.0435(4.35x), frac_fatherless=0.0851(1.70x), surv_to_45=0.224(0.52x), surv_to_15=0.399(0.60x)
[12425/15000] pop=   560 bd=   6 bigbd=2(med230.5) strat=0.0% giniC=0.468 dyn:eff=14.9 top=0.138 nlin=25 lpb=12.33/dom=0.235 mRSg=0.609 set=9(mx111,prim1.09) con=263.0 inst=2 ldT=0.333 | asc=0.13 gumsa=0.667 tenure=5.9y levy=1725484.3 resent(mean/max)=0.0/0.0 revs=68 | 11.5m eta2m
  !! SPATIAL: PACKED AND SPARSE AT ONCE (local 0.187 > 0.091 > regional 0.0038 /km2) on 2.0% of the land -- the population is NOT food-limited, it is failing to disperse; any carrying-capacity reading of this run is void
  ~~ demography: 10/16 in band  worst: m_5_15=0.0435(4.35x), frac_motherless=0(0.00x), frac_fatherless=0.0943(1.89x), surv_to_45=0.224(0.52x)
[12450/15000] pop=   581 bd=   6 bigbd=2(med240.0) strat=0.0% giniC=0.462 dyn:eff=14.7 top=0.139 nlin=25 lpb=13.0/dom=0.216 mRSg=0.592 set=10(mx128,prim1.47) con=492.5 inst=2 ldT=0.333 | asc=0.126 gumsa=0.667 tenure=5.9y levy=876564.3 resent(mean/max)=0.0/0.0 revs=68 | 11.5m eta2m
  !! SPATIAL: PACKED AND SPARSE AT ONCE (local 0.125 > 0.091 > regional 0.0036 /km2) on 2.8% of the land -- the population is NOT food-limited, it is failing to disperse; any carrying-capacity reading of this run is void
  ~~ demography: 9/16 in band  worst: m_5_15=0.0436(4.36x), frac_motherless=0(0.00x), frac_fatherless=0.0769(1.54x), surv_to_45=0.224(0.52x)
[12475/15000] pop=   552 bd=   7 bigbd=2(med222.0) strat=0.0% giniC=0.466 dyn:eff=15.3 top=0.132 nlin=25 lpb=12.14/dom=0.234 mRSg=0.579 set=10(mx112,prim1.12) con=408.0 inst=4 ldT=0.167 | asc=0.121 gumsa=0.429 tenure=5.9y levy=655044.3 resent(mean/max)=0.0/0.0 revs=68 | 11.6m eta2m
  !! SPATIAL: PACKED AND SPARSE AT ONCE (local 0.159 > 0.091 > regional 0.0035 /km2) on 2.2% of the land -- the population is NOT food-limited, it is failing to disperse; any carrying-capacity reading of this run is void
  ~~ demography: 9/16 in band  worst: m_5_15=0.0436(4.36x), frac_motherless=0(0.00x), frac_fatherless=0.0872(1.74x), surv_to_45=0.224(0.52x)
[12500/15000] pop=   542 bd=   7 bigbd=2(med216.5) strat=0.0% giniC=0.466 dyn:eff=14.8 top=0.138 nlin=25 lpb=12.14/dom=0.24 mRSg=0.585 set=10(mx106,prim1.14) con=432.0 inst=3 ldT=0.143 | asc=0.12 gumsa=0.714 tenure=5.9y levy=548904.7 resent(mean/max)=0.0/0.0 revs=68 | 11.6m eta2m
  !! SPATIAL: PACKED AND SPARSE AT ONCE (local 0.141 > 0.091 > regional 0.0033 /km2) on 2.3% of the land -- the population is NOT food-limited, it is failing to disperse; any carrying-capacity reading of this run is void
  ~~ demography: 9/16 in band  worst: m_5_15=0.0436(4.36x), frac_motherless=0(0.00x), frac_fatherless=0.0882(1.76x), band_med_adults=13.5(0.48x)
[12525/15000] pop=   509 bd=   6 bigbd=2(med211.0) strat=0.0% giniC=0.488 dyn:eff=15.1 top=0.134 nlin=25 lpb=13.5/dom=0.246 mRSg=0.569 set=10(mx97,prim1.56) con=546.5 inst=1 ldT=0.2 | asc=0.108 gumsa=0.333 tenure=5.9y levy=699998.8 resent(mean/max)=0.0/0.0 revs=68 | 11.6m eta2m
  !! SPATIAL: PACKED AND SPARSE AT ONCE (local 0.134 > 0.091 > regional 0.0034 /km2) on 2.5% of the land -- the population is NOT food-limited, it is failing to disperse; any carrying-capacity reading of this run is void
  ~~ demography: 10/16 in band  !! AGE STRUCTURE OUT OF BAND -> every marker above demography in the ladder is PROVISIONAL  worst: m_5_15=0.0436(4.36x), surv_to_45=0.223(0.52x), band_med_adults=15(0.53x), surv_to_15=0.399(0.60x)
[12550/15000] pop=   522 bd=   6 bigbd=2(med218.0) strat=0.0% giniC=0.483 dyn:eff=15.2 top=0.13 nlin=24 lpb=13.5/dom=0.22 mRSg=0.569 set=10(mx104,prim1.65) con=504.0 inst=2 ldT=0.0 | asc=0.113 gumsa=0.333 tenure=5.9y levy=260245.4 resent(mean/max)=0.0/0.0 revs=68 | 11.6m eta2m
  !! SPATIAL: PACKED AND SPARSE AT ONCE (local 0.148 > 0.091 > regional 0.0034 /km2) on 2.3% of the land -- the population is NOT food-limited, it is failing to disperse; any carrying-capacity reading of this run is void
  ~~ demography: 10/16 in band  worst: m_5_15=0.0436(4.36x), frac_motherless=0.0081(0.40x), band_med_adults=14.5(0.51x), surv_to_45=0.223(0.52x)
[12575/15000] pop=   518 bd=   6 bigbd=2(med216.0) strat=0.0% giniC=0.484 dyn:eff=15.1 top=0.131 nlin=24 lpb=13.33/dom=0.208 mRSg=0.579 set=10(mx107,prim1.1) con=507.0 inst=1 ldT=0.167 | asc=0.1 gumsa=0.333 tenure=5.9y levy=288216.9 resent(mean/max)=0.0/0.0 revs=68 | 11.6m eta2m
  !! SPATIAL: PACKED AND SPARSE AT ONCE (local 0.144 > 0.091 > regional 0.0033 /km2) on 2.3% of the land -- the population is NOT food-limited, it is failing to disperse; any carrying-capacity reading of this run is void
  ~~ demography: 10/16 in band  worst: m_5_15=0.0436(4.36x), frac_motherless=0.0082(0.41x), band_med_adults=14(0.50x), surv_to_45=0.223(0.52x)
[12600/15000] pop=   505 bd=   6 bigbd=2(med216.5) strat=0.0% giniC=0.461 dyn:eff=14.9 top=0.141 nlin=24 lpb=13.0/dom=0.239 mRSg=0.572 set=9(mx97,prim1.11) con=495.0 inst=4 ldT=0.333 | asc=0.089 gumsa=0.333 tenure=5.9y levy=1916478.6 resent(mean/max)=0.0/0.0 revs=68 | 11.7m eta2m
  !! SPATIAL: PACKED AND SPARSE AT ONCE (local 0.155 > 0.091 > regional 0.0034 /km2) on 2.2% of the land -- the population is NOT food-limited, it is failing to disperse; any carrying-capacity reading of this run is void
  ~~ demography: 9/16 in band  worst: m_5_15=0.0435(4.35x), frac_fatherless=0.0889(1.78x), frac_motherless=0.0074(0.37x), band_med_adults=13.5(0.48x)
[12625/15000] pop=   528 bd=   6 bigbd=2(med232.5) strat=0.0% giniC=0.451 dyn:eff=15.1 top=0.14 nlin=24 lpb=12.33/dom=0.272 mRSg=0.564 set=10(mx105,prim1.35) con=513.0 inst=2 ldT=0.167 | asc=0.057 gumsa=0.167 tenure=5.9y levy=1318708.1 resent(mean/max)=0.0/0.0 revs=69 | 11.7m eta2m
  !! SPATIAL: PACKED AND SPARSE AT ONCE (local 0.149 > 0.091 > regional 0.0034 /km2) on 2.3% of the land -- the population is NOT food-limited, it is failing to disperse; any carrying-capacity reading of this run is void
  ~~ demography: 11/16 in band  worst: m_5_15=0.0436(4.36x), frac_fatherless=0.116(2.33x), surv_to_45=0.223(0.52x), surv_to_15=0.399(0.60x)
[12650/15000] pop=   521 bd=   5 bigbd=3(med96) strat=0.0% giniC=0.446 dyn:eff=14.9 top=0.14 nlin=24 lpb=15.6/dom=0.212 mRSg=0.568 set=10(mx75,prim1.04) con=503.0 inst=6 ldT=0.75 | asc=0.06 gumsa=0.4 tenure=5.9y levy=248912.0 resent(mean/max)=0.0/0.0 revs=69 | 11.7m eta2m
  !! SPATIAL: PACKED AND SPARSE AT ONCE (local 0.166 > 0.091 > regional 0.0035 /km2) on 2.1% of the land -- the population is NOT food-limited, it is failing to disperse; any carrying-capacity reading of this run is void
  ~~ demography: 10/16 in band  worst: m_5_15=0.0435(4.35x), frac_motherless=0.0426(2.13x), surv_to_45=0.224(0.52x), surv_to_15=0.399(0.60x)
[12675/15000] pop=   547 bd=   7 bigbd=2(med217.5) strat=0.0% giniC=0.444 dyn:eff=14.8 top=0.141 nlin=24 lpb=13.43/dom=0.238 mRSg=0.543 set=9(mx81,prim1.01) con=445.5 inst=3 ldT=0.5 | asc=0.06 gumsa=0.286 tenure=5.9y levy=392238.6 resent(mean/max)=0.0/0.0 revs=69 | 11.7m eta2m
  !! SPATIAL: PACKED AND SPARSE AT ONCE (local 0.187 > 0.091 > regional 0.0036 /km2) on 1.9% of the land -- the population is NOT food-limited, it is failing to disperse; any carrying-capacity reading of this run is void
  ~~ demography: 10/16 in band  worst: m_5_15=0.0435(4.35x), frac_motherless=0.038(1.90x), surv_to_45=0.224(0.52x), surv_to_15=0.399(0.60x)
[12700/15000] pop=   560 bd=   7 bigbd=2(med223.5) strat=0.0% giniC=0.437 dyn:eff=14.4 top=0.141 nlin=24 lpb=13.0/dom=0.253 mRSg=0.533 set=9(mx87,prim1.13) con=542.0 inst=4 ldT=0.143 | asc=0.059 gumsa=0.286 tenure=5.9y levy=562146.4 resent(mean/max)=0.0/0.0 revs=69 | 11.7m eta2m
  !! SPATIAL: PACKED AND SPARSE AT ONCE (local 0.156 > 0.091 > regional 0.0037 /km2) on 2.4% of the land -- the population is NOT food-limited, it is failing to disperse; any carrying-capacity reading of this run is void
  ~~ demography: 10/16 in band  worst: m_5_15=0.0434(4.34x), frac_motherless=0.0305(1.52x), surv_to_45=0.224(0.52x), band_med_adults=17(0.60x)
[12725/15000] pop=   578 bd=   7 bigbd=2(med235.5) strat=0.0% giniC=0.437 dyn:eff=14.5 top=0.138 nlin=24 lpb=13.0/dom=0.218 mRSg=0.536 set=10(mx88,prim1.16) con=451.0 inst=3 ldT=0.286 | asc=0.055 gumsa=0.286 tenure=5.9y levy=701438.6 resent(mean/max)=0.0/0.0 revs=69 | 11.8m eta2m
  !! SPATIAL: PACKED AND SPARSE AT ONCE (local 0.228 > 0.091 > regional 0.0038 /km2) on 1.7% of the land -- the population is NOT food-limited, it is failing to disperse; any carrying-capacity reading of this run is void
  ~~ demography: 11/16 in band  worst: m_5_15=0.0434(4.34x), surv_to_45=0.224(0.52x), band_med_adults=15(0.53x), surv_to_15=0.4(0.61x)
[12750/15000] pop=   592 bd=   7 bigbd=2(med243.5) strat=0.0% giniC=0.438 dyn:eff=14.6 top=0.137 nlin=24 lpb=13.0/dom=0.231 mRSg=0.533 set=9(mx96,prim1.0) con=574.0 inst=5 ldT=0.0 | asc=0.052 gumsa=0.286 tenure=5.9y levy=696132.9 resent(mean/max)=0.0/0.0 revs=69 | 11.8m eta2m
  !! SPATIAL: PACKED AND SPARSE AT ONCE (local 0.173 > 0.091 > regional 0.0039 /km2) on 2.3% of the land -- the population is NOT food-limited, it is failing to disperse; any carrying-capacity reading of this run is void
  ~~ demography: 10/16 in band  worst: m_5_15=0.0433(4.33x), frac_fatherless=0.121(2.42x), band_med_adults=13(0.46x), surv_to_45=0.225(0.52x)
[12775/15000] pop=   604 bd=   7 bigbd=2(med247.0) strat=0.0% giniC=0.439 dyn:eff=14.9 top=0.134 nlin=24 lpb=12.71/dom=0.244 mRSg=0.538 set=10(mx88,prim1.0) con=486.0 inst=6 ldT=0.286 | asc=0.048 gumsa=0.286 tenure=5.9y levy=517282.6 resent(mean/max)=0.0/0.0 revs=69 | 11.8m eta2m
  !! SPATIAL: PACKED AND SPARSE AT ONCE (local 0.205 > 0.091 > regional 0.0040 /km2) on 1.9% of the land -- the population is NOT food-limited, it is failing to disperse; any carrying-capacity reading of this run is void
  ~~ demography: 9/16 in band  worst: m_5_15=0.0433(4.33x), frac_motherless=0(0.00x), frac_fatherless=0.0958(1.92x), surv_to_45=0.225(0.52x)
[12800/15000] pop=   615 bd=   7 bigbd=2(med237.0) strat=0.0% giniC=0.43 dyn:eff=14.8 top=0.133 nlin=24 lpb=14.0/dom=0.225 mRSg=0.549 set=10(mx103,prim1.1) con=597.0 inst=4 ldT=0.333 | asc=0.049 gumsa=0.286 tenure=5.9y levy=1094814.2 resent(mean/max)=0.0/0.0 revs=69 | 11.8m eta2m
  !! SPATIAL: PACKED AND SPARSE AT ONCE (local 0.174 > 0.091 > regional 0.0042 /km2) on 2.4% of the land -- the population is NOT food-limited, it is failing to disperse; any carrying-capacity reading of this run is void
  ~~ demography: 11/16 in band  worst: m_5_15=0.0432(4.32x), band_med_adults=12(0.43x), surv_to_45=0.225(0.52x), surv_to_15=0.401(0.61x)
[12825/15000] pop=   642 bd=   8 bigbd=2(med255.5) strat=0.0% giniC=0.424 dyn:eff=17.0 top=0.126 nlin=26 lpb=12.62/dom=0.258 mRSg=0.563 set=10(mx91,prim1.0) con=621.0 inst=3 ldT=0.333 | asc=0.051 gumsa=0.5 tenure=5.9y levy=3707205.7 resent(mean/max)=0.0/0.0 revs=69 | 11.8m eta2m
  !! SPATIAL: PACKED AND SPARSE AT ONCE (local 0.157 > 0.091 > regional 0.0043 /km2) on 2.7% of the land -- the population is NOT food-limited, it is failing to disperse; any carrying-capacity reading of this run is void
  ~~ demography: 11/16 in band  worst: m_5_15=0.0432(4.32x), band_med_adults=12.5(0.44x), surv_to_45=0.225(0.52x), surv_to_15=0.401(0.61x)
[12850/15000] pop=   660 bd=   8 bigbd=2(med264.5) strat=0.0% giniC=0.417 dyn:eff=17.1 top=0.121 nlin=26 lpb=12.38/dom=0.269 mRSg=0.564 set=11(mx88,prim1.04) con=424.0 inst=1 ldT=0.375 | asc=0.052 gumsa=0.625 tenure=5.9y levy=622113.0 resent(mean/max)=0.0/0.0 revs=69 | 11.9m eta2m
  !! SPATIAL: PACKED AND SPARSE AT ONCE (local 0.180 > 0.091 > regional 0.0044 /km2) on 2.5% of the land -- the population is NOT food-limited, it is failing to disperse; any carrying-capacity reading of this run is void
  ~~ demography: 11/16 in band  worst: m_5_15=0.0431(4.31x), band_med_adults=13(0.46x), surv_to_45=0.226(0.53x), surv_to_15=0.402(0.61x)
[12875/15000] pop=   683 bd=   8 bigbd=2(med274.5) strat=0.0% giniC=0.416 dyn:eff=17.0 top=0.12 nlin=26 lpb=12.88/dom=0.251 mRSg=0.579 set=10(mx98,prim1.1) con=552.0 inst=4 ldT=0.0 | asc=0.032 gumsa=0.25 tenure=5.9y levy=824485.2 resent(mean/max)=0.0/0.0 revs=71 | 11.9m eta2m
  !! SPATIAL: PACKED AND SPARSE AT ONCE (local 0.174 > 0.091 > regional 0.0045 /km2) on 2.6% of the land -- the population is NOT food-limited, it is failing to disperse; any carrying-capacity reading of this run is void
  ~~ demography: 11/16 in band  worst: m_5_15=0.043(4.30x), band_med_adults=14.5(0.51x), surv_to_45=0.226(0.53x), surv_to_15=0.402(0.61x)
[12900/15000] pop=   697 bd=   8 bigbd=2(med280.5) strat=0.0% giniC=0.42 dyn:eff=16.6 top=0.121 nlin=26 lpb=12.75/dom=0.273 mRSg=0.596 set=11(mx119,prim1.37) con=312.0 inst=3 ldT=0.125 | asc=0.03 gumsa=0.25 tenure=5.9y levy=1095607.1 resent(mean/max)=0.0/0.0 revs=71 | 11.9m eta2m
  !! SPATIAL: PACKED AND SPARSE AT ONCE (local 0.163 > 0.091 > regional 0.0046 /km2) on 2.8% of the land -- the population is NOT food-limited, it is failing to disperse; any carrying-capacity reading of this run is void
  ~~ demography: 11/16 in band  worst: m_5_15=0.043(4.30x), surv_to_45=0.226(0.53x), band_med_adults=15.5(0.55x), surv_to_15=0.402(0.61x)
[12925/15000] pop=   703 bd=   8 bigbd=2(med285.0) strat=0.0% giniC=0.416 dyn:eff=16.8 top=0.118 nlin=26 lpb=12.62/dom=0.28 mRSg=0.613 set=11(mx107,prim1.32) con=323.0 inst=3 ldT=0.375 | asc=0.03 gumsa=0.25 tenure=5.9y levy=1466659.9 resent(mean/max)=0.0/0.0 revs=71 | 11.9m eta2m
  !! SPATIAL: PACKED AND SPARSE AT ONCE (local 0.170 > 0.091 > regional 0.0045 /km2) on 2.7% of the land -- the population is NOT food-limited, it is failing to disperse; any carrying-capacity reading of this run is void
  ~~ demography: 11/16 in band  worst: m_5_15=0.043(4.30x), band_med_adults=13.5(0.48x), surv_to_45=0.226(0.53x), surv_to_15=0.402(0.61x)
[12950/15000] pop=   696 bd=   8 bigbd=2(med284.0) strat=0.0% giniC=0.408 dyn:eff=16.8 top=0.115 nlin=26 lpb=12.88/dom=0.298 mRSg=0.615 set=11(mx101,prim1.07) con=406.0 inst=5 ldT=0.125 | asc=0.036 gumsa=0.5 tenure=5.9y levy=3381707.7 resent(mean/max)=0.0/0.0 revs=71 | 12.0m eta2m
  !! SPATIAL: PACKED AND SPARSE AT ONCE (local 0.149 > 0.091 > regional 0.0042 /km2) on 2.8% of the land -- the population is NOT food-limited, it is failing to disperse; any carrying-capacity reading of this run is void
  ~~ demography: 10/16 in band  worst: m_5_15=0.0431(4.31x), frac_fatherless=0.0929(1.86x), surv_to_45=0.226(0.53x), band_med_adults=17(0.60x)
[12975/15000] pop=   655 bd=   7 bigbd=2(med260.5) strat=0.0% giniC=0.405 dyn:eff=15.7 top=0.122 nlin=25 lpb=15.29/dom=0.231 mRSg=0.636 set=12(mx92,prim1.03) con=244.0 inst=4 ldT=0.5 | asc=0.047 gumsa=0.571 tenure=5.9y levy=1423854.4 resent(mean/max)=0.0/0.0 revs=71 | 12.0m eta2m
  !! SPATIAL: PACKED AND SPARSE AT ONCE (local 0.141 > 0.091 > regional 0.0043 /km2) on 3.0% of the land -- the population is NOT food-limited, it is failing to disperse; any carrying-capacity reading of this run is void
  ~~ demography: 10/16 in band  worst: m_5_15=0.043(4.30x), frac_fatherless=0.116(2.33x), surv_to_45=0.226(0.53x), surv_to_15=0.402(0.61x)
[13000/15000] pop=   664 bd=   7 bigbd=2(med266.0) strat=0.0% giniC=0.404 dyn:eff=16.0 top=0.119 nlin=25 lpb=15.0/dom=0.245 mRSg=0.64 set=12(mx81,prim1.03) con=322.0 inst=4 ldT=0.286 | asc=0.045 gumsa=0.286 tenure=5.9y levy=3246807.9 resent(mean/max)=0.0/0.0 revs=71 | 12.0m eta2m
  !! SPATIAL: PACKED AND SPARSE AT ONCE (local 0.137 > 0.091 > regional 0.0043 /km2) on 3.1% of the land -- the population is NOT food-limited, it is failing to disperse; any carrying-capacity reading of this run is void
  ~~ demography: 10/16 in band  worst: m_5_15=0.043(4.30x), frac_motherless=0.0068(0.34x), surv_to_45=0.226(0.53x), surv_to_15=0.402(0.61x)
[13025/15000] pop=   659 bd=   7 bigbd=2(med262.5) strat=0.0% giniC=0.398 dyn:eff=16.1 top=0.12 nlin=25 lpb=14.57/dom=0.251 mRSg=0.626 set=12(mx106,prim1.29) con=377.0 inst=4 ldT=0.143 | asc=0.044 gumsa=0.286 tenure=5.9y levy=468886.9 resent(mean/max)=0.0/0.0 revs=71 | 12.1m eta2m
  !! SPATIAL: PACKED AND SPARSE AT ONCE (local 0.151 > 0.091 > regional 0.0044 /km2) on 2.9% of the land -- the population is NOT food-limited, it is failing to disperse; any carrying-capacity reading of this run is void
  ~~ demography: 10/16 in band  worst: m_5_15=0.043(4.30x), frac_motherless=0(0.00x), surv_to_45=0.226(0.53x), surv_to_15=0.402(0.61x)
[13050/15000] pop=   680 bd=   7 bigbd=3(med103) strat=0.0% giniC=0.4 dyn:eff=15.4 top=0.128 nlin=25 lpb=14.86/dom=0.276 mRSg=0.615 set=12(mx96,prim1.17) con=288.0 inst=5 ldT=0.143 | asc=0.043 gumsa=0.286 tenure=5.9y levy=1598827.6 resent(mean/max)=0.0/0.0 revs=71 | 12.1m eta2m
  !! SPATIAL: PACKED AND SPARSE AT ONCE (local 0.161 > 0.091 > regional 0.0045 /km2) on 2.8% of the land -- the population is NOT food-limited, it is failing to disperse; any carrying-capacity reading of this run is void
  ~~ demography: 11/16 in band  worst: m_5_15=0.043(4.30x), frac_motherless=0(0.00x), surv_to_45=0.227(0.53x), surv_to_15=0.402(0.61x)
[13075/15000] pop=   692 bd=   7 bigbd=3(med112) strat=0.0% giniC=0.398 dyn:eff=15.5 top=0.127 nlin=26 lpb=15.14/dom=0.291 mRSg=0.604 set=12(mx97,prim1.13) con=302.0 inst=3 ldT=0.143 | asc=0.045 gumsa=0.286 tenure=5.9y levy=633276.0 resent(mean/max)=0.0/0.0 revs=71 | 12.1m eta2m
  !! SPATIAL: PACKED AND SPARSE AT ONCE (local 0.154 > 0.091 > regional 0.0045 /km2) on 2.9% of the land -- the population is NOT food-limited, it is failing to disperse; any carrying-capacity reading of this run is void
  ~~ demography: 10/16 in band  worst: m_5_15=0.043(4.30x), frac_motherless=0(0.00x), surv_to_45=0.227(0.53x), surv_to_15=0.402(0.61x)
[13100/15000] pop=   692 bd=   7 bigbd=3(med113) strat=0.0% giniC=0.396 dyn:eff=15.1 top=0.134 nlin=26 lpb=14.29/dom=0.32 mRSg=0.591 set=12(mx112,prim1.44) con=434.0 inst=2 ldT=0.143 | asc=0.039 gumsa=0.286 tenure=5.9y levy=828567.8 resent(mean/max)=0.0/0.0 revs=71 | 12.1m eta2m
  !! SPATIAL: PACKED AND SPARSE AT ONCE (local 0.145 > 0.091 > regional 0.0044 /km2) on 3.0% of the land -- the population is NOT food-limited, it is failing to disperse; any carrying-capacity reading of this run is void
  ~~ demography: 11/16 in band  worst: m_5_15=0.0429(4.29x), surv_to_45=0.227(0.53x), surv_to_15=0.403(0.61x), band_med_adults=19(0.67x)
[13125/15000] pop=   683 bd=   7 bigbd=3(med115) strat=0.0% giniC=0.388 dyn:eff=15.1 top=0.139 nlin=26 lpb=13.71/dom=0.308 mRSg=0.594 set=12(mx123,prim1.89) con=356.0 inst=7 ldT=0.286 | asc=0.029 gumsa=0.286 tenure=5.9y levy=1069433.2 resent(mean/max)=0.0/0.0 revs=71 | 12.2m eta2m
  !! SPATIAL: PACKED AND SPARSE AT ONCE (local 0.159 > 0.091 > regional 0.0040 /km2) on 2.5% of the land -- the population is NOT food-limited, it is failing to disperse; any carrying-capacity reading of this run is void
  ~~ demography: 11/16 in band  worst: m_5_15=0.0431(4.31x), surv_to_45=0.226(0.53x), band_med_adults=16.5(0.59x), surv_to_15=0.402(0.61x)
[13150/15000] pop=   621 bd=   8 bigbd=2(med253.0) strat=0.0% giniC=0.401 dyn:eff=14.8 top=0.145 nlin=26 lpb=11.25/dom=0.348 mRSg=0.582 set=13(mx94,prim1.22) con=334.0 inst=0 ldT=0.6 | asc=0.035 gumsa=0.25 tenure=5.9y levy=932626.6 resent(mean/max)=0.0/0.0 revs=71 | 12.2m eta2m
  !! SPATIAL: PACKED AND SPARSE AT ONCE (local 0.141 > 0.091 > regional 0.0042 /km2) on 3.0% of the land -- the population is NOT food-limited, it is failing to disperse; any carrying-capacity reading of this run is void
  ~~ demography: 10/16 in band  worst: m_5_15=0.043(4.30x), frac_motherless=0.0435(2.17x), surv_to_45=0.226(0.53x), surv_to_15=0.402(0.61x)
[13175/15000] pop=   647 bd=   7 bigbd=2(med268.0) strat=0.0% giniC=0.396 dyn:eff=14.9 top=0.142 nlin=27 lpb=12.57/dom=0.325 mRSg=0.579 set=13(mx105,prim1.42) con=233.5 inst=0 ldT=0.571 | asc=0.034 gumsa=0.429 tenure=5.9y levy=848783.4 resent(mean/max)=0.0/0.0 revs=71 | 12.2m eta2m
  !! SPATIAL: PACKED AND SPARSE AT ONCE (local 0.130 > 0.091 > regional 0.0043 /km2) on 3.3% of the land -- the population is NOT food-limited, it is failing to disperse; any carrying-capacity reading of this run is void
  ~~ demography: 10/16 in band  worst: m_5_15=0.043(4.30x), frac_motherless=0.0429(2.15x), surv_to_45=0.227(0.53x), surv_to_15=0.402(0.61x)
[13200/15000] pop=   665 bd=   7 bigbd=2(med274.5) strat=0.0% giniC=0.4 dyn:eff=14.9 top=0.14 nlin=27 lpb=12.86/dom=0.307 mRSg=0.562 set=13(mx107,prim1.62) con=351.0 inst=1 ldT=0.286 | asc=0.033 gumsa=0.429 tenure=5.9y levy=640495.5 resent(mean/max)=0.0/0.0 revs=71 | 12.2m eta2m
  !! SPATIAL: PACKED AND SPARSE AT ONCE (local 0.146 > 0.091 > regional 0.0043 /km2) on 2.9% of the land -- the population is NOT food-limited, it is failing to disperse; any carrying-capacity reading of this run is void
  ~~ demography: 10/16 in band  worst: m_5_15=0.043(4.30x), frac_motherless=0.0503(2.51x), surv_to_45=0.227(0.53x), band_med_adults=17(0.60x)
[13225/15000] pop=   658 bd=   7 bigbd=2(med271.5) strat=0.0% giniC=0.396 dyn:eff=15.4 top=0.137 nlin=27 lpb=12.71/dom=0.273 mRSg=0.562 set=12(mx103,prim1.54) con=327.0 inst=1 ldT=0.143 | asc=0.038 gumsa=0.429 tenure=5.9y levy=1344147.1 resent(mean/max)=0.0/0.0 revs=71 | 12.2m eta2m
  !! SPATIAL: PACKED AND SPARSE AT ONCE (local 0.150 > 0.091 > regional 0.0043 /km2) on 2.8% of the land -- the population is NOT food-limited, it is failing to disperse; any carrying-capacity reading of this run is void
  ~~ demography: 12/16 in band  worst: m_5_15=0.043(4.30x), surv_to_45=0.227(0.53x), surv_to_15=0.402(0.61x), realised_ibi_med=30(0.87x)
[13250/15000] pop=   658 bd=   6 bigbd=2(med270.0) strat=0.0% giniC=0.397 dyn:eff=15.2 top=0.131 nlin=27 lpb=14.67/dom=0.24 mRSg=0.564 set=13(mx88,prim1.22) con=491.0 inst=3 ldT=0.0 | asc=0.035 gumsa=0.5 tenure=5.9y levy=1129792.0 resent(mean/max)=0.0/0.0 revs=71 | 12.3m eta2m
  !! SPATIAL: PACKED AND SPARSE AT ONCE (local 0.142 > 0.091 > regional 0.0042 /km2) on 3.0% of the land -- the population is NOT food-limited, it is failing to disperse; any carrying-capacity reading of this run is void
  ~~ demography: 12/16 in band  worst: m_5_15=0.043(4.30x), surv_to_45=0.227(0.53x), surv_to_15=0.402(0.61x), realised_ibi_med=30(0.87x)
[13275/15000] pop=   654 bd=   6 bigbd=2(med268.5) strat=0.0% giniC=0.395 dyn:eff=14.8 top=0.136 nlin=27 lpb=14.0/dom=0.25 mRSg=0.573 set=13(mx106,prim1.51) con=289.0 inst=6 ldT=0.0 | asc=0.023 gumsa=0.167 tenure=5.9y levy=736138.0 resent(mean/max)=0.0/0.0 revs=72 | 12.3m eta2m
  !! SPATIAL: PACKED AND SPARSE AT ONCE (local 0.153 > 0.091 > regional 0.0044 /km2) on 2.8% of the land -- the population is NOT food-limited, it is failing to disperse; any carrying-capacity reading of this run is void
  ~~ demography: 10/16 in band  worst: m_5_15=0.043(4.30x), frac_motherless=0.0059(0.29x), surv_to_45=0.227(0.53x), surv_to_15=0.402(0.61x)
[13300/15000] pop=   675 bd=   6 bigbd=2(med282.0) strat=0.0% giniC=0.397 dyn:eff=15.2 top=0.13 nlin=27 lpb=14.0/dom=0.245 mRSg=0.572 set=13(mx90,prim1.53) con=381.0 inst=0 ldT=0.5 | asc=0.021 gumsa=0.167 tenure=5.9y levy=501535.2 resent(mean/max)=0.0/0.0 revs=72 | 12.3m eta2m
  !! SPATIAL: PACKED AND SPARSE AT ONCE (local 0.160 > 0.091 > regional 0.0045 /km2) on 2.8% of the land -- the population is NOT food-limited, it is failing to disperse; any carrying-capacity reading of this run is void
  ~~ demography: 11/16 in band  worst: m_5_15=0.0429(4.29x), surv_to_45=0.227(0.53x), surv_to_15=0.403(0.61x), band_med_adults=20(0.71x)
[13325/15000] pop=   689 bd=   6 bigbd=2(med286.5) strat=0.0% giniC=0.397 dyn:eff=14.9 top=0.134 nlin=27 lpb=14.17/dom=0.247 mRSg=0.565 set=12(mx96,prim1.23) con=292.0 inst=2 ldT=0.167 | asc=0.019 gumsa=0.167 tenure=5.9y levy=1953118.2 resent(mean/max)=0.0/0.0 revs=72 | 12.3m eta2m
  !! SPATIAL: PACKED AND SPARSE AT ONCE (local 0.165 > 0.091 > regional 0.0045 /km2) on 2.7% of the land -- the population is NOT food-limited, it is failing to disperse; any carrying-capacity reading of this run is void
  ~~ demography: 11/16 in band  worst: m_5_15=0.0429(4.29x), surv_to_45=0.227(0.53x), surv_to_15=0.403(0.61x), band_med_adults=17.5(0.62x)
[13350/15000] pop=   694 bd=   6 bigbd=2(med291.5) strat=0.0% giniC=0.398 dyn:eff=14.8 top=0.127 nlin=27 lpb=13.33/dom=0.268 mRSg=0.571 set=13(mx102,prim1.55) con=480.0 inst=5 ldT=0.167 | asc=0.02 gumsa=0.167 tenure=5.9y levy=4205910.9 resent(mean/max)=0.0/0.0 revs=72 | 12.4m eta2m
  !! SPATIAL: PACKED AND SPARSE AT ONCE (local 0.146 > 0.091 > regional 0.0046 /km2) on 3.2% of the land -- the population is NOT food-limited, it is failing to disperse; any carrying-capacity reading of this run is void
  ~~ demography: 11/16 in band  worst: m_5_15=0.0429(4.29x), surv_to_45=0.228(0.53x), surv_to_15=0.403(0.61x), band_med_adults=17.5(0.62x)
[13375/15000] pop=   717 bd=   6 bigbd=2(med302.0) strat=0.0% giniC=0.4 dyn:eff=14.9 top=0.13 nlin=27 lpb=13.33/dom=0.285 mRSg=0.564 set=13(mx121,prim1.66) con=432.0 inst=2 ldT=0.0 | asc=0.02 gumsa=0.167 tenure=5.9y levy=964895.7 resent(mean/max)=0.0/0.0 revs=72 | 12.4m eta2m
  !! SPATIAL: PACKED AND SPARSE AT ONCE (local 0.152 > 0.091 > regional 0.0043 /km2) on 2.8% of the land -- the population is NOT food-limited, it is failing to disperse; any carrying-capacity reading of this run is void
  ~~ demography: 9/16 in band  worst: m_5_15=0.0429(4.29x), frac_fatherless=0.0987(1.97x), frac_motherless=0.0329(1.64x), band_med_adults=14.5(0.51x)
[13400/15000] pop=   670 bd=   8 bigbd=2(med266.0) strat=0.0% giniC=0.4 dyn:eff=14.9 top=0.133 nlin=25 lpb=11.62/dom=0.332 mRSg=0.572 set=14(mx110,prim1.69) con=330.0 inst=6 ldT=0.333 | asc=0.021 gumsa=0.25 tenure=5.9y levy=476839.3 resent(mean/max)=0.0/0.0 revs=72 | 12.4m eta1m
  !! SPATIAL: PACKED AND SPARSE AT ONCE (local 0.125 > 0.091 > regional 0.0043 /km2) on 3.4% of the land -- the population is NOT food-limited, it is failing to disperse; any carrying-capacity reading of this run is void
  ~~ demography: 10/16 in band  worst: m_5_15=0.0429(4.29x), frac_fatherless=0.0822(1.64x), band_med_adults=13(0.46x), surv_to_45=0.227(0.53x)
[13425/15000] pop=   660 bd=   8 bigbd=2(med270.5) strat=0.0% giniC=0.394 dyn:eff=15.0 top=0.132 nlin=25 lpb=11.88/dom=0.298 mRSg=0.573 set=14(mx101,prim1.35) con=408.5 inst=4 ldT=0.5 | asc=0.021 gumsa=0.25 tenure=5.9y levy=697465.1 resent(mean/max)=0.0/0.0 revs=72 | 12.4m eta1m
  !! SPATIAL: PACKED AND SPARSE AT ONCE (local 0.148 > 0.091 > regional 0.0042 /km2) on 2.8% of the land -- the population is NOT food-limited, it is failing to disperse; any carrying-capacity reading of this run is void
  ~~ demography: 10/16 in band  worst: m_5_15=0.0429(4.29x), frac_fatherless=0.11(2.21x), surv_to_45=0.227(0.53x), band_med_adults=15(0.53x)
[13450/15000] pop=   653 bd=   8 bigbd=2(med269.0) strat=0.0% giniC=0.39 dyn:eff=15.1 top=0.129 nlin=26 lpb=11.88/dom=0.29 mRSg=0.579 set=14(mx102,prim1.46) con=444.0 inst=4 ldT=0.375 | asc=0.021 gumsa=0.25 tenure=5.9y levy=4046179.4 resent(mean/max)=0.0/0.0 revs=72 | 12.5m eta1m
  !! SPATIAL: PACKED AND SPARSE AT ONCE (local 0.141 > 0.091 > regional 0.0044 /km2) on 3.1% of the land -- the population is NOT food-limited, it is failing to disperse; any carrying-capacity reading of this run is void
  ~~ demography: 9/16 in band  worst: m_5_15=0.0428(4.28x), frac_fatherless=0.0828(1.66x), frac_motherless=0.0318(1.59x), surv_to_45=0.228(0.53x)
[13475/15000] pop=   676 bd=   7 bigbd=2(med278.5) strat=0.0% giniC=0.382 dyn:eff=15.3 top=0.13 nlin=26 lpb=13.57/dom=0.262 mRSg=0.585 set=14(mx101,prim1.46) con=395.5 inst=2 ldT=0.143 | asc=0.016 gumsa=0.286 tenure=5.9y levy=901239.2 resent(mean/max)=0.0/0.0 revs=72 | 12.5m eta1m
  !! SPATIAL: PACKED AND SPARSE AT ONCE (local 0.150 > 0.091 > regional 0.0045 /km2) on 3.0% of the land -- the population is NOT food-limited, it is failing to disperse; any carrying-capacity reading of this run is void
  ~~ demography: 11/16 in band  worst: m_5_15=0.0428(4.28x), surv_to_45=0.228(0.53x), band_med_adults=16(0.57x), surv_to_15=0.403(0.61x)
[13500/15000] pop=   692 bd=   9 bigbd=3(med117) strat=0.0% giniC=0.375 dyn:eff=16.5 top=0.123 nlin=27 lpb=12.22/dom=0.245 mRSg=0.585 set=12(mx71,prim1.01) con=421.5 inst=1 ldT=0.571 | asc=0.007 gumsa=0.111 tenure=5.9y levy=771393.1 resent(mean/max)=0.0/0.0 revs=72 | 12.5m eta1m
  !! SPATIAL: PACKED AND SPARSE AT ONCE (local 0.157 > 0.091 > regional 0.0046 /km2) on 2.9% of the land -- the population is NOT food-limited, it is failing to disperse; any carrying-capacity reading of this run is void
  ~~ demography: 11/16 in band  worst: m_5_15=0.0427(4.27x), surv_to_45=0.228(0.53x), band_med_adults=16.5(0.59x), surv_to_15=0.403(0.61x)
[13525/15000] pop=   706 bd=  10 bigbd=2(med273.5) strat=0.0% giniC=0.371 dyn:eff=16.4 top=0.127 nlin=26 lpb=11.8/dom=0.247 mRSg=0.584 set=13(mx86,prim1.39) con=465.5 inst=2 ldT=0.571 | asc=0.008 gumsa=0.1 tenure=5.9y levy=831004.7 resent(mean/max)=0.0/0.0 revs=72 | 12.6m eta1m
  !! SPATIAL: PACKED AND SPARSE AT ONCE (local 0.147 > 0.091 > regional 0.0047 /km2) on 3.2% of the land -- the population is NOT food-limited, it is failing to disperse; any carrying-capacity reading of this run is void
  ~~ demography: 11/16 in band  worst: m_5_15=0.0427(4.27x), band_med_adults=15(0.53x), surv_to_45=0.229(0.53x), surv_to_15=0.404(0.61x)
[13550/15000] pop=   719 bd=   9 bigbd=2(med285.0) strat=0.0% giniC=0.375 dyn:eff=16.2 top=0.129 nlin=26 lpb=12.67/dom=0.246 mRSg=0.579 set=12(mx81,prim1.03) con=442.0 inst=4 ldT=0.0 | asc=0.0 gumsa=0.0 tenure=5.9y levy=1089603.1 resent(mean/max)=0.0/0.0 revs=73 | 12.6m eta1m
  !! SPATIAL: PACKED AND SPARSE AT ONCE (local 0.143 > 0.091 > regional 0.0045 /km2) on 3.2% of the land -- the population is NOT food-limited, it is failing to disperse; any carrying-capacity reading of this run is void
  ~~ demography: 9/16 in band  worst: m_5_15=0.0426(4.26x), frac_motherless=0.0414(2.07x), frac_fatherless=0.0828(1.66x), surv_to_45=0.228(0.53x)
[13575/15000] pop=   700 bd=  10 bigbd=3(med93) strat=0.0% giniC=0.371 dyn:eff=16.5 top=0.124 nlin=26 lpb=12.5/dom=0.219 mRSg=0.583 set=12(mx81,prim1.08) con=438.0 inst=3 ldT=0.5 | asc=0.0 gumsa=0.0 tenure=5.9y levy=559391.4 resent(mean/max)=0.0/0.0 revs=73 | 12.6m eta1m
  !! SPATIAL: PACKED AND SPARSE AT ONCE (local 0.126 > 0.091 > regional 0.0045 /km2) on 3.6% of the land -- the population is NOT food-limited, it is failing to disperse; any carrying-capacity reading of this run is void
  ~~ demography: 10/16 in band  worst: m_5_15=0.0427(4.27x), frac_fatherless=0.0882(1.76x), surv_to_45=0.228(0.53x), band_med_adults=15.5(0.55x)
[13600/15000] pop=   691 bd=  10 bigbd=3(med81) strat=0.0% giniC=0.369 dyn:eff=16.4 top=0.123 nlin=26 lpb=12.2/dom=0.265 mRSg=0.59 set=12(mx94,prim1.36) con=437.0 inst=0 ldT=0.125 | asc=0.0 gumsa=0.0 tenure=5.9y levy=5340793.1 resent(mean/max)=0.0/0.0 revs=73 | 12.6m eta1m
  !! SPATIAL: PACKED AND SPARSE AT ONCE (local 0.138 > 0.091 > regional 0.0045 /km2) on 3.3% of the land -- the population is NOT food-limited, it is failing to disperse; any carrying-capacity reading of this run is void
  ~~ demography: 11/16 in band  worst: m_5_15=0.0427(4.27x), surv_to_45=0.228(0.53x), surv_to_15=0.404(0.61x), band_med_adults=18(0.64x)
[13625/15000] pop=   702 bd=   9 bigbd=3(med91) strat=0.0% giniC=0.364 dyn:eff=16.0 top=0.127 nlin=26 lpb=13.22/dom=0.232 mRSg=0.587 set=12(mx87,prim1.21) con=448.0 inst=2 ldT=0.25 | asc=0.0 gumsa=0.0 tenure=5.9y levy=579048.5 resent(mean/max)=0.0/0.0 revs=73 | 12.7m eta1m
  !! SPATIAL: PACKED AND SPARSE AT ONCE (local 0.166 > 0.091 > regional 0.0045 /km2) on 2.7% of the land -- the population is NOT food-limited, it is failing to disperse; any carrying-capacity reading of this run is void
  ~~ demography: 10/16 in band  worst: m_5_15=0.0427(4.27x), frac_motherless=0.006(0.30x), surv_to_45=0.228(0.53x), surv_to_15=0.404(0.61x)
[13650/15000] pop=   696 bd=   9 bigbd=3(med97) strat=0.0% giniC=0.364 dyn:eff=16.3 top=0.116 nlin=26 lpb=13.11/dom=0.237 mRSg=0.587 set=12(mx114,prim1.5) con=506.0 inst=2 ldT=0.0 | asc=0.0 gumsa=0.0 tenure=5.9y levy=616550.0 resent(mean/max)=0.0/0.0 revs=73 | 12.7m eta1m
  !! SPATIAL: PACKED AND SPARSE AT ONCE (local 0.147 > 0.091 > regional 0.0045 /km2) on 3.0% of the land -- the population is NOT food-limited, it is failing to disperse; any carrying-capacity reading of this run is void
  ~~ demography: 11/16 in band  worst: m_5_15=0.0427(4.27x), frac_motherless=0.0058(0.29x), surv_to_45=0.228(0.53x), surv_to_15=0.403(0.61x)
[13675/15000] pop=   693 bd=   9 bigbd=4(med87.5) strat=0.0% giniC=0.362 dyn:eff=16.5 top=0.111 nlin=26 lpb=14.67/dom=0.187 mRSg=0.585 set=13(mx74,prim1.07) con=526.0 inst=4 ldT=0.375 | asc=0.0 gumsa=0.0 tenure=5.9y levy=2401735.3 resent(mean/max)=0.0/0.0 revs=73 | 12.7m eta1m
  !! SPATIAL: PACKED AND SPARSE AT ONCE (local 0.160 > 0.091 > regional 0.0045 /km2) on 2.8% of the land -- the population is NOT food-limited, it is failing to disperse; any carrying-capacity reading of this run is void
  ~~ demography: 10/16 in band  worst: m_5_15=0.0426(4.26x), frac_fatherless=0.0787(1.57x), band_med_adults=14.5(0.51x), surv_to_45=0.229(0.53x)
[13700/15000] pop=   689 bd=  10 bigbd=3(med108) strat=0.0% giniC=0.358 dyn:eff=16.5 top=0.109 nlin=25 lpb=13.2/dom=0.224 mRSg=0.582 set=13(mx100,prim1.28) con=430.0 inst=2 ldT=0.333 | asc=0.0 gumsa=0.0 tenure=5.9y levy=611370.4 resent(mean/max)=0.0/0.0 revs=73 | 12.8m eta1m
  !! SPATIAL: PACKED AND SPARSE AT ONCE (local 0.181 > 0.091 > regional 0.0046 /km2) on 2.5% of the land -- the population is NOT food-limited, it is failing to disperse; any carrying-capacity reading of this run is void
  ~~ demography: 11/16 in band  worst: m_5_15=0.0426(4.26x), band_med_adults=15(0.53x), surv_to_45=0.229(0.53x), surv_to_15=0.404(0.61x)
[13725/15000] pop=   704 bd=  10 bigbd=3(med110) strat=0.0% giniC=0.362 dyn:eff=16.3 top=0.112 nlin=25 lpb=12.8/dom=0.237 mRSg=0.58 set=12(mx108,prim1.37) con=485.5 inst=1 ldT=0.1 | asc=0.001 gumsa=0.1 tenure=5.9y levy=755796.3 resent(mean/max)=0.0/0.0 revs=73 | 12.8m eta1m
  !! SPATIAL: PACKED AND SPARSE AT ONCE (local 0.172 > 0.091 > regional 0.0046 /km2) on 2.7% of the land -- the population is NOT food-limited, it is failing to disperse; any carrying-capacity reading of this run is void
  ~~ demography: 10/16 in band  worst: m_5_15=0.0425(4.25x), frac_motherless=0(0.00x), surv_to_45=0.229(0.53x), surv_to_15=0.405(0.61x)
[13750/15000] pop=   707 bd=   9 bigbd=3(med117) strat=0.0% giniC=0.37 dyn:eff=17.0 top=0.113 nlin=26 lpb=13.56/dom=0.243 mRSg=0.581 set=13(mx97,prim1.35) con=350.0 inst=7 ldT=0.111 | asc=0.0 gumsa=0.0 tenure=5.9y levy=567810.0 resent(mean/max)=0.0/0.0 revs=74 | 12.8m eta1m
  !! SPATIAL: PACKED AND SPARSE AT ONCE (local 0.165 > 0.091 > regional 0.0045 /km2) on 2.7% of the land -- the population is NOT food-limited, it is failing to disperse; any carrying-capacity reading of this run is void
  ~~ demography: 11/16 in band  worst: m_5_15=0.0426(4.26x), band_med_adults=13(0.46x), surv_to_45=0.229(0.53x), surv_to_15=0.404(0.61x)
[13775/15000] pop=   692 bd=   9 bigbd=3(med119) strat=0.0% giniC=0.365 dyn:eff=17.1 top=0.113 nlin=26 lpb=13.44/dom=0.245 mRSg=0.579 set=13(mx97,prim1.35) con=440.0 inst=4 ldT=0.222 | asc=0.006 gumsa=0.111 tenure=5.9y levy=818629.4 resent(mean/max)=0.0/0.0 revs=74 | 12.8m eta1m
  !! SPATIAL: PACKED AND SPARSE AT ONCE (local 0.191 > 0.091 > regional 0.0045 /km2) on 2.3% of the land -- the population is NOT food-limited, it is failing to disperse; any carrying-capacity reading of this run is void
  ~~ demography: 10/16 in band  worst: m_5_15=0.0426(4.26x), frac_fatherless=0.0779(1.56x), surv_to_45=0.229(0.53x), band_med_adults=16(0.57x)
[13800/15000] pop=   688 bd=   8 bigbd=3(med122) strat=0.0% giniC=0.371 dyn:eff=17.2 top=0.112 nlin=26 lpb=14.5/dom=0.231 mRSg=0.606 set=13(mx108,prim1.38) con=312.0 inst=4 ldT=0.375 | asc=0.006 gumsa=0.125 tenure=5.9y levy=829798.1 resent(mean/max)=0.0/0.0 revs=74 | 12.8m eta1m
  !! SPATIAL: PACKED AND SPARSE AT ONCE (local 0.142 > 0.091 > regional 0.0044 /km2) on 3.1% of the land -- the population is NOT food-limited, it is failing to disperse; any carrying-capacity reading of this run is void
  ~~ demography: 10/16 in band  worst: m_5_15=0.0425(4.25x), frac_fatherless=0.085(1.70x), surv_to_45=0.229(0.53x), surv_to_15=0.404(0.61x)
[13825/15000] pop=   684 bd=   8 bigbd=3(med124) strat=0.0% giniC=0.375 dyn:eff=17.1 top=0.114 nlin=26 lpb=14.75/dom=0.233 mRSg=0.625 set=13(mx88,prim1.26) con=239.0 inst=3 ldT=0.25 | asc=0.007 gumsa=0.125 tenure=5.9y levy=1711793.5 resent(mean/max)=0.0/0.0 revs=74 | 12.9m eta1m
  !! SPATIAL: PACKED AND SPARSE AT ONCE (local 0.168 > 0.091 > regional 0.0045 /km2) on 2.7% of the land -- the population is NOT food-limited, it is failing to disperse; any carrying-capacity reading of this run is void
  ~~ demography: 10/16 in band  worst: m_5_15=0.0425(4.25x), frac_motherless=0.0063(0.32x), surv_to_45=0.229(0.53x), band_med_adults=16(0.57x)
[13850/15000] pop=   688 bd=   8 bigbd=3(med126) strat=0.0% giniC=0.372 dyn:eff=17.3 top=0.112 nlin=26 lpb=14.5/dom=0.25 mRSg=0.634 set=12(mx95,prim1.12) con=344.5 inst=2 ldT=0.125 | asc=0.0 gumsa=0.0 tenure=5.9y levy=1211335.5 resent(mean/max)=0.0/0.0 revs=75 | 12.9m eta1m
  !! SPATIAL: PACKED AND SPARSE AT ONCE (local 0.145 > 0.091 > regional 0.0045 /km2) on 3.1% of the land -- the population is NOT food-limited, it is failing to disperse; any carrying-capacity reading of this run is void
  ~~ demography: 10/16 in band  worst: m_5_15=0.0424(4.24x), frac_motherless=0(0.00x), surv_to_45=0.229(0.53x), surv_to_15=0.405(0.61x)
[13875/15000] pop=   696 bd=   7 bigbd=3(med122) strat=0.0% giniC=0.368 dyn:eff=17.0 top=0.114 nlin=26 lpb=15.14/dom=0.221 mRSg=0.624 set=12(mx114,prim1.58) con=428.0 inst=3 ldT=0.286 | asc=0.014 gumsa=0.286 tenure=5.9y levy=863013.9 resent(mean/max)=0.0/0.0 revs=75 | 12.9m eta1m
  !! SPATIAL: PACKED AND SPARSE AT ONCE (local 0.176 > 0.091 > regional 0.0046 /km2) on 2.6% of the land -- the population is NOT food-limited, it is failing to disperse; any carrying-capacity reading of this run is void
  ~~ demography: 11/16 in band  worst: m_5_15=0.0424(4.24x), frac_motherless=0(0.00x), surv_to_45=0.229(0.53x), surv_to_15=0.405(0.61x)
[13900/15000] pop=   705 bd=   7 bigbd=3(med126) strat=0.0% giniC=0.362 dyn:eff=18.5 top=0.084 nlin=27 lpb=15.29/dom=0.244 mRSg=0.617 set=13(mx112,prim1.45) con=371.5 inst=1 ldT=0.143 | asc=0.003 gumsa=0.143 tenure=5.9y levy=327006.7 resent(mean/max)=0.0/0.0 revs=75 | 13.0m eta1m
  !! SPATIAL: PACKED AND SPARSE AT ONCE (local 0.175 > 0.091 > regional 0.0042 /km2) on 2.4% of the land -- the population is NOT food-limited, it is failing to disperse; any carrying-capacity reading of this run is void
  ~~ demography: 10/16 in band  worst: m_5_15=0.0425(4.25x), frac_motherless=0.0065(0.32x), band_med_adults=14(0.50x), surv_to_45=0.229(0.53x)
[13925/15000] pop=   647 bd=   9 bigbd=3(med106) strat=0.0% giniC=0.362 dyn:eff=18.6 top=0.082 nlin=27 lpb=13.11/dom=0.254 mRSg=0.613 set=13(mx94,prim1.18) con=328.0 inst=3 ldT=0.286 | asc=0.0 gumsa=0.0 tenure=5.9y levy=698858.1 resent(mean/max)=0.0/0.0 revs=76 | 13.0m eta1m
  !! SPATIAL: PACKED AND SPARSE AT ONCE (local 0.105 > 0.091 > regional 0.0039 /km2) on 3.7% of the land -- the population is NOT food-limited, it is failing to disperse; any carrying-capacity reading of this run is void
  ~~ demography: 11/16 in band  worst: m_5_15=0.0425(4.25x), frac_fatherless=0.0759(1.52x), surv_to_45=0.228(0.53x), surv_to_15=0.404(0.61x)
[13950/15000] pop=   600 bd=   6 bigbd=3(med74) strat=0.0% giniC=0.369 dyn:eff=18.3 top=0.087 nlin=27 lpb=17.33/dom=0.174 mRSg=0.601 set=13(mx94,prim1.21) con=348.5 inst=5 ldT=0.6 | asc=0.0 gumsa=0.0 tenure=5.9y levy=862725.7 resent(mean/max)=0.0/0.0 revs=76 | 13.0m eta1m
  !! SPATIAL: PACKED AND SPARSE AT ONCE (local 0.156 > 0.091 > regional 0.0039 /km2) on 2.5% of the land -- the population is NOT food-limited, it is failing to disperse; any carrying-capacity reading of this run is void
  ~~ demography: 12/16 in band  worst: m_5_15=0.0425(4.25x), surv_to_45=0.228(0.53x), surv_to_15=0.404(0.61x), realised_ibi_med=30(0.87x)
[13975/15000] pop=   609 bd=   7 bigbd=3(med73) strat=0.0% giniC=0.368 dyn:eff=18.2 top=0.084 nlin=27 lpb=16.43/dom=0.185 mRSg=0.593 set=12(mx84,prim1.0) con=455.0 inst=1 ldT=0.333 | asc=0.013 gumsa=0.571 tenure=5.9y levy=1074446.1 resent(mean/max)=0.0/0.0 revs=76 | 13.0m eta1m
  !! SPATIAL: PACKED AND SPARSE AT ONCE (local 0.131 > 0.091 > regional 0.0036 /km2) on 2.7% of the land -- the population is NOT food-limited, it is failing to disperse; any carrying-capacity reading of this run is void
  ~~ demography: 10/16 in band  worst: m_5_15=0.0426(4.26x), frac_fatherless=0.0886(1.77x), surv_to_45=0.227(0.53x), surv_to_15=0.404(0.61x)
[14000/15000] pop=   552 bd=   6 bigbd=2(med226.5) strat=0.0% giniC=0.379 dyn:eff=18.5 top=0.083 nlin=27 lpb=16.83/dom=0.182 mRSg=0.59 set=11(mx84,prim1.14) con=435.0 inst=3 ldT=0.25 | asc=0.014 gumsa=0.667 tenure=5.9y levy=1902736.1 resent(mean/max)=0.0/0.0 revs=76 | 13.0m eta1m
  !! SPATIAL: PACKED AND SPARSE AT ONCE (local 0.148 > 0.091 > regional 0.0037 /km2) on 2.5% of the land -- the population is NOT food-limited, it is failing to disperse; any carrying-capacity reading of this run is void
  ~~ demography: 10/16 in band  worst: m_5_15=0.0425(4.25x), frac_fatherless=0.0988(1.98x), surv_to_45=0.228(0.53x), surv_to_15=0.404(0.61x)
[14025/15000] pop=   578 bd=   6 bigbd=2(med238.5) strat=0.0% giniC=0.375 dyn:eff=18.4 top=0.081 nlin=27 lpb=16.67/dom=0.202 mRSg=0.589 set=11(mx87,prim1.16) con=499.0 inst=3 ldT=0.333 | asc=0.016 gumsa=0.667 tenure=5.9y levy=665647.2 resent(mean/max)=0.0/0.0 revs=76 | 13.1m eta1m
  !! SPATIAL: PACKED AND SPARSE AT ONCE (local 0.136 > 0.091 > regional 0.0039 /km2) on 2.8% of the land -- the population is NOT food-limited, it is failing to disperse; any carrying-capacity reading of this run is void
  ~~ demography: 9/16 in band  !! AGE STRUCTURE OUT OF BAND -> every marker above demography in the ladder is PROVISIONAL  worst: m_5_15=0.0425(4.25x), frac_fatherless=0.106(2.12x), surv_to_45=0.228(0.53x), surv_to_15=0.405(0.61x)
[14050/15000] pop=   597 bd=   6 bigbd=2(med247.0) strat=0.0% giniC=0.381 dyn:eff=18.6 top=0.084 nlin=27 lpb=16.17/dom=0.223 mRSg=0.601 set=11(mx94,prim1.19) con=516.0 inst=2 ldT=0.333 | asc=0.0 gumsa=0.0 tenure=5.9y levy=1104809.3 resent(mean/max)=0.0/0.0 revs=77 | 13.1m eta1m
  !! SPATIAL: PACKED AND SPARSE AT ONCE (local 0.174 > 0.091 > regional 0.0039 /km2) on 2.3% of the land -- the population is NOT food-limited, it is failing to disperse; any carrying-capacity reading of this run is void
  ~~ demography: 9/16 in band  !! AGE STRUCTURE OUT OF BAND -> every marker above demography in the ladder is PROVISIONAL  worst: m_5_15=0.0425(4.25x), frac_fatherless=0.11(2.20x), surv_to_45=0.228(0.53x), surv_to_15=0.405(0.61x)
[14075/15000] pop=   608 bd=   6 bigbd=2(med251.5) strat=0.0% giniC=0.373 dyn:eff=18.8 top=0.084 nlin=27 lpb=17.0/dom=0.23 mRSg=0.616 set=11(mx128,prim1.47) con=516.5 inst=4 ldT=0.333 | asc=0.0 gumsa=0.0 tenure=5.9y levy=484669.7 resent(mean/max)=0.0/0.0 revs=77 | 13.1m eta1m
  !! SPATIAL: PACKED AND SPARSE AT ONCE (local 0.143 > 0.091 > regional 0.0039 /km2) on 2.7% of the land -- the population is NOT food-limited, it is failing to disperse; any carrying-capacity reading of this run is void
  ~~ demography: 10/16 in band  worst: m_5_15=0.0425(4.25x), frac_fatherless=0.14(2.80x), surv_to_45=0.228(0.53x), surv_to_15=0.405(0.61x)
[14100/15000] pop=   600 bd=   6 bigbd=2(med255.0) strat=0.0% giniC=0.376 dyn:eff=18.7 top=0.085 nlin=27 lpb=16.0/dom=0.223 mRSg=0.607 set=11(mx90,prim1.05) con=491.0 inst=2 ldT=0.333 | asc=0.0 gumsa=0.0 tenure=5.9y levy=1265301.9 resent(mean/max)=0.0/0.0 revs=77 | 13.1m eta1m
  !! SPATIAL: PACKED AND SPARSE AT ONCE (local 0.169 > 0.091 > regional 0.0039 /km2) on 2.3% of the land -- the population is NOT food-limited, it is failing to disperse; any carrying-capacity reading of this run is void
  ~~ demography: 10/16 in band  worst: m_5_15=0.0425(4.25x), frac_motherless=0.006(0.30x), band_med_adults=14.5(0.51x), surv_to_45=0.228(0.53x)
[14125/15000] pop=   608 bd=   8 bigbd=2(med241.0) strat=0.0% giniC=0.381 dyn:eff=18.5 top=0.087 nlin=27 lpb=14.62/dom=0.212 mRSg=0.592 set=12(mx93,prim1.08) con=602.0 inst=1 ldT=0.167 | asc=0.0 gumsa=0.0 tenure=5.9y levy=1472705.7 resent(mean/max)=0.0/0.0 revs=77 | 13.2m eta1m
  !! SPATIAL: PACKED AND SPARSE AT ONCE (local 0.134 > 0.091 > regional 0.0038 /km2) on 2.8% of the land -- the population is NOT food-limited, it is failing to disperse; any carrying-capacity reading of this run is void
  ~~ demography: 11/16 in band  worst: m_5_15=0.0425(4.25x), band_med_adults=14(0.50x), surv_to_45=0.228(0.53x), surv_to_15=0.405(0.61x)
[14150/15000] pop=   588 bd=   7 bigbd=2(med239.0) strat=0.0% giniC=0.374 dyn:eff=18.2 top=0.099 nlin=27 lpb=14.14/dom=0.201 mRSg=0.588 set=11(mx90,prim1.02) con=580.0 inst=1 ldT=0.286 | asc=0.0 gumsa=0.0 tenure=5.9y levy=6536898.9 resent(mean/max)=0.0/0.0 revs=77 | 13.2m eta1m
  !! SPATIAL: PACKED AND SPARSE AT ONCE (local 0.125 > 0.091 > regional 0.0039 /km2) on 3.1% of the land -- the population is NOT food-limited, it is failing to disperse; any carrying-capacity reading of this run is void
  ~~ demography: 11/16 in band  worst: m_5_15=0.0424(4.24x), band_med_adults=12(0.43x), surv_to_45=0.228(0.53x), surv_to_15=0.405(0.61x)
[14175/15000] pop=   602 bd=   7 bigbd=2(med249.5) strat=0.0% giniC=0.374 dyn:eff=18.0 top=0.096 nlin=26 lpb=13.43/dom=0.212 mRSg=0.592 set=11(mx99,prim1.18) con=577.0 inst=1 ldT=0.143 | asc=0.0 gumsa=0.0 tenure=5.9y levy=948167.8 resent(mean/max)=0.0/0.0 revs=77 | 13.2m eta1m
  !! SPATIAL: PACKED AND SPARSE AT ONCE (local 0.182 > 0.091 > regional 0.0040 /km2) on 2.2% of the land -- the population is NOT food-limited, it is failing to disperse; any carrying-capacity reading of this run is void
  ~~ demography: 11/16 in band  worst: m_5_15=0.0424(4.24x), band_med_adults=12(0.43x), surv_to_45=0.228(0.53x), surv_to_15=0.405(0.61x)
[14200/15000] pop=   620 bd=   8 bigbd=2(med248.0) strat=0.0% giniC=0.368 dyn:eff=17.7 top=0.095 nlin=26 lpb=12.62/dom=0.237 mRSg=0.583 set=12(mx110,prim1.12) con=619.0 inst=1 ldT=0.667 | asc=0.0 gumsa=0.0 tenure=5.9y levy=1022779.8 resent(mean/max)=0.0/0.0 revs=77 | 13.2m eta1m
  !! SPATIAL: PACKED AND SPARSE AT ONCE (local 0.155 > 0.091 > regional 0.0039 /km2) on 2.5% of the land -- the population is NOT food-limited, it is failing to disperse; any carrying-capacity reading of this run is void
  ~~ demography: 11/16 in band  worst: m_5_15=0.0424(4.24x), surv_to_45=0.228(0.53x), band_med_adults=16(0.57x), surv_to_15=0.405(0.61x)
[14225/15000] pop=   603 bd=   7 bigbd=2(med245.0) strat=0.0% giniC=0.367 dyn:eff=17.5 top=0.091 nlin=26 lpb=13.43/dom=0.21 mRSg=0.582 set=10(mx99,prim1.34) con=602.0 inst=2 ldT=0.5 | asc=0.018 gumsa=0.571 tenure=5.9y levy=1130084.0 resent(mean/max)=0.0/0.0 revs=77 | 13.2m eta1m
  !! SPATIAL: PACKED AND SPARSE AT ONCE (local 0.148 > 0.091 > regional 0.0038 /km2) on 2.6% of the land -- the population is NOT food-limited, it is failing to disperse; any carrying-capacity reading of this run is void
  ~~ demography: 9/16 in band  worst: m_5_15=0.0425(4.25x), frac_fatherless=0.0844(1.69x), frac_motherless=0.0065(0.32x), surv_to_45=0.228(0.53x)
[14250/15000] pop=   592 bd=   6 bigbd=2(med246.5) strat=0.0% giniC=0.364 dyn:eff=17.3 top=0.093 nlin=26 lpb=14.0/dom=0.205 mRSg=0.579 set=10(mx114,prim1.12) con=531.0 inst=0 ldT=0.333 | asc=0.024 gumsa=0.833 tenure=5.9y levy=1465451.7 resent(mean/max)=0.0/0.0 revs=77 | 13.3m eta1m
  !! SPATIAL: PACKED AND SPARSE AT ONCE (local 0.170 > 0.091 > regional 0.0039 /km2) on 2.3% of the land -- the population is NOT food-limited, it is failing to disperse; any carrying-capacity reading of this run is void
  ~~ demography: 9/16 in band  worst: m_5_15=0.0425(4.25x), frac_motherless=0.071(3.55x), frac_fatherless=0.0888(1.78x), surv_to_45=0.228(0.53x)
[14275/15000] pop=   595 bd=   7 bigbd=2(med243.0) strat=0.0% giniC=0.37 dyn:eff=17.4 top=0.091 nlin=26 lpb=13.0/dom=0.22 mRSg=0.584 set=12(mx102,prim1.34) con=457.0 inst=1 ldT=0.0 | asc=0.025 gumsa=0.429 tenure=5.9y levy=849180.6 resent(mean/max)=0.0/0.0 revs=77 | 13.3m eta1m
  !! SPATIAL: PACKED AND SPARSE AT ONCE (local 0.149 > 0.091 > regional 0.0040 /km2) on 2.7% of the land -- the population is NOT food-limited, it is failing to disperse; any carrying-capacity reading of this run is void
  ~~ demography: 9/16 in band  worst: m_5_15=0.0424(4.24x), frac_motherless=0.0471(2.35x), frac_fatherless=0.0824(1.65x), surv_to_45=0.228(0.53x)
[14300/15000] pop=   610 bd=   7 bigbd=2(med253.0) strat=0.0% giniC=0.366 dyn:eff=17.4 top=0.095 nlin=26 lpb=12.57/dom=0.227 mRSg=0.59 set=10(mx108,prim1.4) con=423.5 inst=1 ldT=0.429 | asc=0.025 gumsa=0.714 tenure=5.9y levy=434118.4 resent(mean/max)=0.0/0.0 revs=77 | 13.3m eta1m
  !! SPATIAL: PACKED AND SPARSE AT ONCE (local 0.139 > 0.091 > regional 0.0039 /km2) on 2.8% of the land -- the population is NOT food-limited, it is failing to disperse; any carrying-capacity reading of this run is void
  ~~ demography: 9/16 in band  worst: m_5_15=0.0424(4.24x), frac_fatherless=0.0886(1.77x), frac_motherless=0.0316(1.58x), band_med_adults=14(0.50x)
[14325/15000] pop=   599 bd=   7 bigbd=2(med253.0) strat=0.0% giniC=0.369 dyn:eff=17.3 top=0.095 nlin=26 lpb=11.86/dom=0.273 mRSg=0.59 set=11(mx103,prim1.13) con=486.5 inst=0 ldT=0.429 | asc=0.025 gumsa=0.714 tenure=5.9y levy=437401.8 resent(mean/max)=0.0/0.0 revs=77 | 13.3m eta1m
  !! SPATIAL: PACKED AND SPARSE AT ONCE (local 0.130 > 0.091 > regional 0.0040 /km2) on 3.0% of the land -- the population is NOT food-limited, it is failing to disperse; any carrying-capacity reading of this run is void
  ~~ demography: 10/16 in band  worst: m_5_15=0.0424(4.24x), frac_fatherless=0.14(2.81x), surv_to_45=0.228(0.53x), surv_to_15=0.405(0.61x)
[14350/15000] pop=   611 bd=   6 bigbd=2(med257.5) strat=0.0% giniC=0.368 dyn:eff=17.2 top=0.093 nlin=26 lpb=13.67/dom=0.223 mRSg=0.592 set=11(mx102,prim1.0) con=477.0 inst=1 ldT=0.333 | asc=0.021 gumsa=0.333 tenure=5.9y levy=834464.8 resent(mean/max)=0.0/0.0 revs=77 | 13.4m eta1m
  !! SPATIAL: PACKED AND SPARSE AT ONCE (local 0.137 > 0.091 > regional 0.0039 /km2) on 2.8% of the land -- the population is NOT food-limited, it is failing to disperse; any carrying-capacity reading of this run is void
  ~~ demography: 10/16 in band  worst: m_5_15=0.0424(4.24x), frac_fatherless=0.122(2.45x), surv_to_45=0.228(0.53x), surv_to_15=0.405(0.61x)
[14375/15000] pop=   604 bd=   6 bigbd=2(med255.5) strat=0.0% giniC=0.367 dyn:eff=17.1 top=0.093 nlin=26 lpb=13.83/dom=0.214 mRSg=0.603 set=11(mx131,prim1.16) con=445.0 inst=0 ldT=0.167 | asc=0.022 gumsa=0.5 tenure=5.9y levy=2102312.1 resent(mean/max)=0.0/0.0 revs=77 | 13.4m eta1m
  !! SPATIAL: PACKED AND SPARSE AT ONCE (local 0.133 > 0.091 > regional 0.0039 /km2) on 2.9% of the land -- the population is NOT food-limited, it is failing to disperse; any carrying-capacity reading of this run is void
  ~~ demography: 11/16 in band  worst: m_5_15=0.0424(4.24x), surv_to_45=0.228(0.53x), surv_to_15=0.405(0.61x), band_med_adults=18(0.64x)
[14400/15000] pop=   600 bd=   6 bigbd=2(med253.5) strat=0.0% giniC=0.367 dyn:eff=16.8 top=0.102 nlin=26 lpb=13.5/dom=0.248 mRSg=0.591 set=9(mx91,prim1.11) con=360.0 inst=4 ldT=0.167 | asc=0.02 gumsa=0.5 tenure=5.9y levy=619495.3 resent(mean/max)=0.0/0.0 revs=77 | 13.4m eta1m
  !! SPATIAL: PACKED AND SPARSE AT ONCE (local 0.136 > 0.091 > regional 0.0039 /km2) on 2.8% of the land -- the population is NOT food-limited, it is failing to disperse; any carrying-capacity reading of this run is void
  ~~ demography: 10/16 in band  worst: m_5_15=0.0425(4.25x), frac_fatherless=0.0211(0.42x), surv_to_45=0.228(0.53x), surv_to_15=0.405(0.61x)
[14425/15000] pop=   598 bd=   6 bigbd=2(med255.0) strat=0.0% giniC=0.367 dyn:eff=16.3 top=0.105 nlin=26 lpb=13.17/dom=0.264 mRSg=0.583 set=10(mx120,prim1.26) con=416.0 inst=0 ldT=0.667 | asc=0.015 gumsa=0.667 tenure=5.9y levy=1634116.3 resent(mean/max)=0.0/0.0 revs=77 | 13.4m eta1m
  !! SPATIAL: PACKED AND SPARSE AT ONCE (local 0.152 > 0.091 > regional 0.0039 /km2) on 2.6% of the land -- the population is NOT food-limited, it is failing to disperse; any carrying-capacity reading of this run is void
  ~~ demography: 10/16 in band  worst: m_5_15=0.0424(4.24x), frac_fatherless=0.0135(0.27x), surv_to_45=0.228(0.53x), surv_to_15=0.405(0.61x)
[14450/15000] pop=   607 bd=   6 bigbd=2(med260.0) strat=0.0% giniC=0.367 dyn:eff=16.4 top=0.104 nlin=26 lpb=13.83/dom=0.265 mRSg=0.589 set=10(mx130,prim1.26) con=430.0 inst=2 ldT=0.333 | asc=0.013 gumsa=0.5 tenure=5.9y levy=754828.6 resent(mean/max)=0.0/0.0 revs=77 | 13.4m eta1m
  !! SPATIAL: PACKED AND SPARSE AT ONCE (local 0.153 > 0.091 > regional 0.0041 /km2) on 2.7% of the land -- the population is NOT food-limited, it is failing to disperse; any carrying-capacity reading of this run is void
  ~~ demography: 9/16 in band  worst: m_5_15=0.0424(4.24x), frac_motherless=0(0.00x), frac_fatherless=0.0121(0.24x), surv_to_45=0.228(0.53x)
[14475/15000] pop=   627 bd=   6 bigbd=2(med268.0) strat=0.0% giniC=0.361 dyn:eff=16.4 top=0.102 nlin=26 lpb=13.67/dom=0.285 mRSg=0.575 set=9(mx114,prim1.28) con=444.0 inst=2 ldT=0.167 | asc=0.032 gumsa=0.667 tenure=5.9y levy=538917.9 resent(mean/max)=0.0/0.0 revs=77 | 13.5m eta0m
  !! SPATIAL: PACKED AND SPARSE AT ONCE (local 0.165 > 0.091 > regional 0.0042 /km2) on 2.5% of the land -- the population is NOT food-limited, it is failing to disperse; any carrying-capacity reading of this run is void
  ~~ demography: 9/16 in band  worst: m_5_15=0.0423(4.23x), frac_motherless=0(0.00x), frac_fatherless=0.0237(0.47x), surv_to_45=0.229(0.53x)
[14500/15000] pop=   645 bd=   6 bigbd=2(med278.5) strat=0.0% giniC=0.36 dyn:eff=16.4 top=0.104 nlin=26 lpb=13.33/dom=0.284 mRSg=0.572 set=8(mx108,prim1.24) con=272.0 inst=5 ldT=0.0 | asc=0.033 gumsa=0.667 tenure=5.9y levy=624883.4 resent(mean/max)=0.0/0.0 revs=77 | 13.5m eta0m
  !! SPATIAL: PACKED AND SPARSE AT ONCE (local 0.160 > 0.091 > regional 0.0042 /km2) on 2.6% of the land -- the population is NOT food-limited, it is failing to disperse; any carrying-capacity reading of this run is void
  ~~ demography: 10/16 in band  worst: m_5_15=0.0424(4.24x), frac_motherless=0(0.00x), band_med_adults=13(0.46x), surv_to_45=0.229(0.53x)
[14525/15000] pop=   641 bd=   8 bigbd=2(med259.5) strat=0.0% giniC=0.357 dyn:eff=16.2 top=0.101 nlin=25 lpb=12.0/dom=0.285 mRSg=0.574 set=10(mx95,prim1.06) con=364.0 inst=2 ldT=0.5 | asc=0.014 gumsa=0.375 tenure=5.9y levy=725977.1 resent(mean/max)=0.0/0.0 revs=78 | 13.5m eta0m
  !! SPATIAL: PACKED AND SPARSE AT ONCE (local 0.139 > 0.091 > regional 0.0039 /km2) on 2.8% of the land -- the population is NOT food-limited, it is failing to disperse; any carrying-capacity reading of this run is void
  ~~ demography: 9/16 in band  worst: m_5_15=0.0424(4.24x), frac_fatherless=0.0148(0.30x), band_med_adults=10(0.35x), frac_motherless=0.0074(0.37x)
[14550/15000] pop=   599 bd=   7 bigbd=2(med253.5) strat=0.0% giniC=0.365 dyn:eff=15.6 top=0.11 nlin=25 lpb=11.86/dom=0.281 mRSg=0.58 set=9(mx104,prim1.17) con=243.0 inst=3 ldT=0.0 | asc=0.015 gumsa=0.429 tenure=5.9y levy=581973.0 resent(mean/max)=0.0/0.0 revs=78 | 13.6m eta0m
  !! SPATIAL: PACKED AND SPARSE AT ONCE (local 0.144 > 0.091 > regional 0.0038 /km2) on 2.7% of the land -- the population is NOT food-limited, it is failing to disperse; any carrying-capacity reading of this run is void
  ~~ demography: 10/16 in band  worst: m_5_15=0.0424(4.24x), frac_motherless=0(0.00x), band_med_adults=13(0.46x), surv_to_45=0.228(0.53x)
[14575/15000] pop=   591 bd=   9 bigbd=2(med219.5) strat=0.0% giniC=0.369 dyn:eff=15.5 top=0.11 nlin=25 lpb=12.56/dom=0.231 mRSg=0.585 set=10(mx105,prim1.19) con=243.0 inst=3 ldT=0.5 | asc=0.0 gumsa=0.0 tenure=5.9y levy=1002584.7 resent(mean/max)=0.0/0.0 revs=79 | 13.6m eta0m
  !! SPATIAL: PACKED AND SPARSE AT ONCE (local 0.150 > 0.091 > regional 0.0039 /km2) on 2.6% of the land -- the population is NOT food-limited, it is failing to disperse; any carrying-capacity reading of this run is void
  ~~ demography: 10/16 in band  worst: m_5_15=0.0424(4.24x), frac_motherless=0.0076(0.38x), band_med_adults=11(0.39x), surv_to_45=0.229(0.53x)
[14600/15000] pop=   601 bd=   9 bigbd=2(med226.5) strat=0.0% giniC=0.374 dyn:eff=15.2 top=0.115 nlin=24 lpb=12.33/dom=0.221 mRSg=0.575 set=11(mx95,prim1.28) con=181.5 inst=4 ldT=0.333 | asc=0.0 gumsa=0.0 tenure=5.9y levy=607529.3 resent(mean/max)=0.0/0.0 revs=79 | 13.6m eta0m
  !! SPATIAL: PACKED AND SPARSE AT ONCE (local 0.147 > 0.091 > regional 0.0040 /km2) on 2.7% of the land -- the population is NOT food-limited, it is failing to disperse; any carrying-capacity reading of this run is void
  ~~ demography: 9/16 in band  worst: m_5_15=0.0424(4.24x), frac_motherless=0(0.00x), frac_fatherless=0.0142(0.28x), band_med_adults=10(0.35x)
[14625/15000] pop=   616 bd=   9 bigbd=2(med241.5) strat=0.0% giniC=0.379 dyn:eff=15.3 top=0.119 nlin=24 lpb=11.33/dom=0.237 mRSg=0.566 set=11(mx98,prim1.05) con=386.0 inst=4 ldT=0.222 | asc=0.0 gumsa=0.0 tenure=5.9y levy=840160.0 resent(mean/max)=0.0/0.0 revs=79 | 13.6m eta0m
  !! SPATIAL: PACKED AND SPARSE AT ONCE (local 0.133 > 0.091 > regional 0.0040 /km2) on 3.0% of the land -- the population is NOT food-limited, it is failing to disperse; any carrying-capacity reading of this run is void
  ~~ demography: 10/16 in band  worst: m_5_15=0.0423(4.23x), frac_motherless=0(0.00x), band_med_adults=13.5(0.48x), surv_to_45=0.229(0.53x)
[14650/15000] pop=   624 bd=   8 bigbd=2(med244.5) strat=0.0% giniC=0.385 dyn:eff=15.1 top=0.119 nlin=24 lpb=12.62/dom=0.245 mRSg=0.586 set=10(mx108,prim1.33) con=220.0 inst=6 ldT=0.5 | asc=0.0 gumsa=0.0 tenure=5.9y levy=1076195.1 resent(mean/max)=0.0/0.0 revs=79 | 13.7m eta0m
  !! SPATIAL: PACKED AND SPARSE AT ONCE (local 0.154 > 0.091 > regional 0.0042 /km2) on 2.7% of the land -- the population is NOT food-limited, it is failing to disperse; any carrying-capacity reading of this run is void
  ~~ demography: 9/16 in band  worst: m_5_15=0.0423(4.23x), frac_motherless=0(0.00x), frac_fatherless=0.0854(1.71x), band_med_adults=14(0.50x)
[14675/15000] pop=   648 bd=   8 bigbd=3(med109) strat=0.0% giniC=0.379 dyn:eff=15.3 top=0.11 nlin=24 lpb=12.62/dom=0.259 mRSg=0.568 set=11(mx119,prim1.29) con=263.0 inst=5 ldT=0.375 | asc=0.0 gumsa=0.0 tenure=5.9y levy=1160322.1 resent(mean/max)=0.0/0.0 revs=79 | 13.7m eta0m
  !! SPATIAL: PACKED AND SPARSE AT ONCE (local 0.191 > 0.091 > regional 0.0043 /km2) on 2.3% of the land -- the population is NOT food-limited, it is failing to disperse; any carrying-capacity reading of this run is void
  ~~ demography: 9/16 in band  worst: m_5_15=0.0423(4.23x), frac_motherless=0(0.00x), frac_fatherless=0.0952(1.90x), band_med_adults=13(0.46x)
[14700/15000] pop=   670 bd=   9 bigbd=2(med244.0) strat=0.0% giniC=0.373 dyn:eff=14.9 top=0.112 nlin=24 lpb=12.44/dom=0.234 mRSg=0.559 set=10(mx109,prim1.27) con=463.0 inst=4 ldT=0.571 | asc=0.0 gumsa=0.0 tenure=5.9y levy=260279.0 resent(mean/max)=0.0/0.0 revs=79 | 13.7m eta0m
  !! SPATIAL: PACKED AND SPARSE AT ONCE (local 0.159 > 0.091 > regional 0.0044 /km2) on 2.8% of the land -- the population is NOT food-limited, it is failing to disperse; any carrying-capacity reading of this run is void
  ~~ demography: 10/16 in band  worst: m_5_15=0.0423(4.23x), frac_motherless=0.0053(0.27x), surv_to_45=0.23(0.53x), band_med_adults=17(0.60x)
[14725/15000] pop=   682 bd=   9 bigbd=2(med244.0) strat=0.0% giniC=0.368 dyn:eff=15.6 top=0.117 nlin=25 lpb=12.89/dom=0.246 mRSg=0.554 set=10(mx110,prim1.29) con=444.5 inst=1 ldT=0.0 | asc=0.0 gumsa=0.0 tenure=5.9y levy=1300387.0 resent(mean/max)=0.0/0.0 revs=79 | 13.7m eta0m
  !! SPATIAL: PACKED AND SPARSE AT ONCE (local 0.165 > 0.091 > regional 0.0045 /km2) on 2.7% of the land -- the population is NOT food-limited, it is failing to disperse; any carrying-capacity reading of this run is void
  ~~ demography: 10/16 in band  worst: m_5_15=0.0422(4.22x), frac_motherless=0.0054(0.27x), surv_to_45=0.23(0.53x), band_med_adults=16(0.57x)
[14750/15000] pop=   695 bd=   9 bigbd=3(med110) strat=0.0% giniC=0.373 dyn:eff=15.5 top=0.121 nlin=25 lpb=12.33/dom=0.262 mRSg=0.568 set=11(mx119,prim1.42) con=375.0 inst=3 ldT=0.333 | asc=0.0 gumsa=0.0 tenure=5.9y levy=413818.0 resent(mean/max)=0.0/0.0 revs=79 | 13.8m eta0m
  !! SPATIAL: PACKED AND SPARSE AT ONCE (local 0.169 > 0.091 > regional 0.0045 /km2) on 2.7% of the land -- the population is NOT food-limited, it is failing to disperse; any carrying-capacity reading of this run is void
  ~~ demography: 10/16 in band  worst: m_5_15=0.0422(4.22x), frac_motherless=0.0059(0.29x), surv_to_45=0.23(0.53x), surv_to_15=0.406(0.62x)
[14775/15000] pop=   693 bd=   9 bigbd=4(med84.0) strat=0.0% giniC=0.368 dyn:eff=15.4 top=0.113 nlin=25 lpb=12.67/dom=0.28 mRSg=0.575 set=10(mx90,prim1.1) con=377.0 inst=7 ldT=0.111 | asc=0.0 gumsa=0.0 tenure=5.9y levy=1272408.9 resent(mean/max)=0.0/0.0 revs=79 | 13.8m eta0m
  !! SPATIAL: PACKED AND SPARSE AT ONCE (local 0.138 > 0.091 > regional 0.0041 /km2) on 3.0% of the land -- the population is NOT food-limited, it is failing to disperse; any carrying-capacity reading of this run is void
  ~~ demography: 10/16 in band  worst: m_5_15=0.0423(4.23x), frac_motherless=0(0.00x), surv_to_45=0.229(0.53x), band_med_adults=17(0.60x)
[14800/15000] pop=   635 bd=  10 bigbd=3(med78) strat=0.0% giniC=0.375 dyn:eff=15.2 top=0.11 nlin=24 lpb=11.7/dom=0.292 mRSg=0.574 set=11(mx109,prim1.2) con=338.5 inst=3 ldT=0.222 | asc=0.0 gumsa=0.0 tenure=5.9y levy=1535116.3 resent(mean/max)=0.0/0.0 revs=79 | 13.8m eta0m
  !! SPATIAL: PACKED AND SPARSE AT ONCE (local 0.150 > 0.091 > regional 0.0041 /km2) on 2.7% of the land -- the population is NOT food-limited, it is failing to disperse; any carrying-capacity reading of this run is void
  ~~ demography: 10/16 in band  worst: m_5_15=0.0423(4.23x), frac_motherless=0(0.00x), band_med_adults=14.5(0.51x), surv_to_45=0.23(0.53x)
[14825/15000] pop=   631 bd=  10 bigbd=3(med72) strat=0.0% giniC=0.371 dyn:eff=14.7 top=0.114 nlin=24 lpb=11.4/dom=0.307 mRSg=0.587 set=9(mx99,prim1.48) con=271.0 inst=3 ldT=0.2 | asc=0.0 gumsa=0.0 tenure=5.9y levy=1890161.3 resent(mean/max)=0.0/0.0 revs=79 | 13.8m eta0m
  !! SPATIAL: PACKED AND SPARSE AT ONCE (local 0.148 > 0.091 > regional 0.0039 /km2) on 2.7% of the land -- the population is NOT food-limited, it is failing to disperse; any carrying-capacity reading of this run is void
  ~~ demography: 10/16 in band  worst: m_5_15=0.0423(4.23x), frac_motherless=0(0.00x), surv_to_45=0.229(0.53x), band_med_adults=17(0.60x)
[14850/15000] pop=   606 bd=  10 bigbd=3(med68) strat=0.0% giniC=0.372 dyn:eff=14.7 top=0.114 nlin=23 lpb=10.9/dom=0.286 mRSg=0.585 set=9(mx101,prim1.05) con=395.0 inst=2 ldT=0.1 | asc=0.0 gumsa=0.0 tenure=5.9y levy=513925.1 resent(mean/max)=0.0/0.0 revs=79 | 13.9m eta0m
  !! SPATIAL: PACKED AND SPARSE AT ONCE (local 0.123 > 0.091 > regional 0.0040 /km2) on 3.2% of the land -- the population is NOT food-limited, it is failing to disperse; any carrying-capacity reading of this run is void
  ~~ demography: 9/16 in band  worst: m_5_15=0.0423(4.23x), frac_motherless=0.04(2.00x), frac_fatherless=0.0867(1.73x), band_med_adults=14(0.50x)
[14875/15000] pop=   616 bd=   9 bigbd=3(med77) strat=0.0% giniC=0.372 dyn:eff=14.8 top=0.114 nlin=23 lpb=11.78/dom=0.286 mRSg=0.583 set=9(mx117,prim1.11) con=366.0 inst=5 ldT=0.222 | asc=0.0 gumsa=0.0 tenure=5.9y levy=654104.6 resent(mean/max)=0.0/0.0 revs=79 | 13.9m eta0m
  !! SPATIAL: PACKED AND SPARSE AT ONCE (local 0.136 > 0.091 > regional 0.0041 /km2) on 3.0% of the land -- the population is NOT food-limited, it is failing to disperse; any carrying-capacity reading of this run is void
  ~~ demography: 9/16 in band  worst: m_5_15=0.0422(4.22x), frac_motherless=0.0625(3.12x), frac_fatherless=0.1(2.00x), band_med_adults=14(0.50x)
[14900/15000] pop=   626 bd=  10 bigbd=3(med84) strat=0.0% giniC=0.363 dyn:eff=14.5 top=0.115 nlin=23 lpb=11.0/dom=0.285 mRSg=0.577 set=11(mx98,prim1.32) con=358.0 inst=3 ldT=0.375 | asc=0.0 gumsa=0.0 tenure=5.9y levy=829140.5 resent(mean/max)=0.0/0.0 revs=79 | 13.9m eta0m
  !! SPATIAL: PACKED AND SPARSE AT ONCE (local 0.125 > 0.091 > regional 0.0041 /km2) on 3.3% of the land -- the population is NOT food-limited, it is failing to disperse; any carrying-capacity reading of this run is void
  ~~ demography: 10/16 in band  worst: m_5_15=0.0422(4.22x), frac_fatherless=0.0971(1.94x), band_med_adults=14(0.50x), surv_to_45=0.23(0.53x)
[14925/15000] pop=   639 bd=  10 bigbd=3(med88) strat=0.0% giniC=0.371 dyn:eff=14.4 top=0.122 nlin=24 lpb=11.4/dom=0.294 mRSg=0.549 set=11(mx117,prim1.05) con=476.0 inst=3 ldT=0.3 | asc=0.0 gumsa=0.0 tenure=5.9y levy=702914.9 resent(mean/max)=0.0/0.0 revs=79 | 13.9m eta0m
  !! SPATIAL: PACKED AND SPARSE AT ONCE (local 0.145 > 0.091 > regional 0.0040 /km2) on 2.8% of the land -- the population is NOT food-limited, it is failing to disperse; any carrying-capacity reading of this run is void
  ~~ demography: 9/16 in band  worst: m_5_15=0.0422(4.22x), frac_fatherless=0.0807(1.61x), frac_motherless=0.0311(1.55x), band_med_adults=14.5(0.51x)
[14950/15000] pop=   624 bd=  10 bigbd=3(med88) strat=0.0% giniC=0.357 dyn:eff=14.2 top=0.122 nlin=24 lpb=11.2/dom=0.299 mRSg=0.545 set=11(mx97,prim1.01) con=476.0 inst=6 ldT=0.0 | asc=0.0 gumsa=0.0 tenure=5.9y levy=926456.8 resent(mean/max)=0.0/0.0 revs=79 | 14.0m eta0m
  !! SPATIAL: PACKED AND SPARSE AT ONCE (local 0.154 > 0.091 > regional 0.0042 /km2) on 2.7% of the land -- the population is NOT food-limited, it is failing to disperse; any carrying-capacity reading of this run is void
  ~~ demography: 11/16 in band  worst: m_5_15=0.0422(4.22x), surv_to_45=0.23(0.53x), band_med_adults=16(0.57x), surv_to_15=0.406(0.62x)
[14975/15000] pop=   646 bd=  10 bigbd=3(med101) strat=0.0% giniC=0.35 dyn:eff=14.2 top=0.116 nlin=24 lpb=11.1/dom=0.313 mRSg=0.556 set=11(mx103,prim1.0) con=447.5 inst=5 ldT=0.3 | asc=0.0 gumsa=0.0 tenure=5.9y levy=1056850.7 resent(mean/max)=0.0/0.0 revs=79 | 14.0m eta0m
  !! SPATIAL: PACKED AND SPARSE AT ONCE (local 0.141 > 0.091 > regional 0.0039 /km2) on 2.8% of the land -- the population is NOT food-limited, it is failing to disperse; any carrying-capacity reading of this run is void
  ~~ demography: 11/16 in band  worst: m_5_15=0.0422(4.22x), band_med_adults=15(0.53x), surv_to_45=0.229(0.53x), surv_to_15=0.406(0.62x)
[15000/15000] pop=   608 bd=  13 bigbd=3(med97) strat=0.0% giniC=0.36 dyn:eff=14.1 top=0.118 nlin=24 lpb=9.62/dom=0.322 mRSg=0.553 set=12(mx85,prim1.06) con=495.0 inst=4 ldT=0.444 | asc=0.0 gumsa=0.0 tenure=5.9y levy=537983.0 resent(mean/max)=0.0/0.0 revs=79 | 14.0m eta0m
  spatial dump -> C:\Users\syatom\Projects\SiC Games\sic_games\outputs\substrate_run\campaign_spatial_scorecard99_savanna.npz  (people 608 on 43 cells, 12 sites)
DONE step=15000 in 14.0 min -> C:\Users\syatom\Projects\SiC Games\sic_games\outputs\substrate_run\campaign_trajectory_scorecard99_savanna.json ; genealogy rows=71854 -> C:\Users\syatom\Projects\SiC Games\sic_games\outputs\substrate_run\campaign_genealogy_scorecard99_savanna.csv
