campaign: C_ALLON enabled 48 mechanism(s): adaptive_connubium,alluvial_renewal,ascribed_mate_choice,biome_meat_cv,biome_meat_frac,catchment_depletion,colonizing_budding,condition,density_fertility,density_reference,dependent_load,emergent_abandonment,emergent_band_size,emergent_village_founding,energetic_refractory,eta_weighted_shares,exogamy,improved_land,intake_fertility,lineage_branching,lineage_split,lineage_tribute,local_ascription,material_inheritance,metabolic_downreg,need_weighted_shares,noble_leveling_exemption,nutrition_synergy,rank_hierarchy,relational_stratification,relative_legitimacy,relative_resentment,resentment_accumulator,resource_directed_fusion,society_regional_density,soil_depletion,standing,storable_founding,storage_seasonal_union,store_anchor,synergy_age_grade,tier2_shock,village_budding,village_density_disease,village_identity,village_resentment,wealth_obligation,worked_land_yield
campaign: C_ALLON left 17 OFF: band_provisioning,band_territory,bud_hazard,bud_requires_occupancy,bud_site_separation,exclusive_village_membership,fertility_restraint_gene,founding_delay,heritable_density_response,hunger_dispersal,leaky_assabiyah,malnutrition_fission,restraint_group_transmission,stratification_inequality_gate,sub_k_regulation,terrain_pathogen,village_catchment_spread
C:\Users\syatom\AppData\Local\Python\pythoncore-3.14-64\Lib\site-packages\mesa\mesa_logging.py:112: FutureWarning: The use of the `seed` keyword argument is deprecated, use `rng` instead. No functional changes.
  res = func(*args, **kwargs)
campaign: sha=9a83055 world=coastal-temperate founders=3000 steps=15000 habitable=1584 connubium=cut2(m*=15) defend=True improved=True budding=True(thr150) elite=True soil=True genome=True genealogy=ON flush/500
campaign: climate a_seas=0.400 ENSO(amp=0.00,per=0) regime(amp=0.00,dur=0,rec=0) caribou(amp=0.00,per=0) llanos=0.00 | on: biome_seasonality,intercept_hunting,seasonality
  ~~ demography: not scored yet (250 person-years of exposure; needs 500 before the panel means anything)
[    1/15000] pop=  2915 bd=   2 bigbd=2(med1457.5) strat=0.0% giniC=0.277 dyn:eff=2915.0 top=0.0 nlin=2915 lpb=1457.5/dom=0.001 mRSg=0.0 set=0(mx0,primNone) con=None inst=0 ldT=0.0 | asc=0.0 gumsa=0.0 tenure=0.0y levy=17910827.9 resent(mean/max)=0.0/0.0 revs=0 | 0.0m eta46m
  ~~ climate: intercept=UNREACHABLE  (configured ON but not moving the field)
  ~~ demography: 3/15 in band  worst: m_5_15=0.0452(4.52x), frac_motherless=0(0.00x), modal_adult_death=23(0.34x), surv_to_45=0.148(0.34x)
[   25/15000] pop=  2995 bd= 130 bigbd=0(med0) strat=0.0% giniC=0.273 dyn:eff=2400.3 top=0.001 nlin=2633 lpb=20.32/dom=0.095 mRSg=0.626 set=27(mx98,prim1.15) con=501.0 inst=12 ldT=1.0 | asc=0.0 gumsa=0.0 tenure=0.6y levy=10433598.3 resent(mean/max)=0.0/0.0 revs=0 | 0.1m eta57m
  ~~ demography: 8/16 in band  worst: m_5_15=0.0341(3.41x), frac_motherless=0.006(0.30x), surv_to_45=0.224(0.52x), band_med_adults=15(0.53x)
[   50/15000] pop=  2978 bd= 132 bigbd=0(med0) strat=0.0% giniC=0.277 dyn:eff=2176.8 top=0.001 nlin=2496 lpb=19.01/dom=0.112 mRSg=0.57 set=26(mx94,prim1.08) con=524.5 inst=17 ldT=0.242 | asc=0.005 gumsa=0.091 tenure=1.2y levy=7186540.9 resent(mean/max)=0.0/0.0 revs=0 | 0.2m eta57m
  !! SPATIAL: band commands 286 km2, inside its own 314 km2 catchment (Vita-Finzi & Higgs) -- the population is NOT food-limited, it is failing to disperse; any carrying-capacity reading of this run is void
  ~~ demography: 12/16 in band  worst: m_5_15=0.0291(2.91x), band_med_adults=14(0.50x), surv_to_45=0.266(0.62x), age_first_birth_yr=26.5(1.29x)
[   75/15000] pop=  3055 bd= 132 bigbd=0(med0) strat=0.0% giniC=0.283 dyn:eff=1922.4 top=0.002 nlin=2383 lpb=18.42/dom=0.131 mRSg=0.561 set=27(mx105,prim1.04) con=724.0 inst=20 ldT=0.2 | asc=0.005 gumsa=0.083 tenure=1.7y levy=8245779.4 resent(mean/max)=0.0/0.0 revs=10 | 0.3m eta59m
  !! SPATIAL: PACKED AND SPARSE AT ONCE (local 0.102 > 0.091 > regional 0.0196 /km2) on 19.3% of the land; band commands 242 km2, inside its own 314 km2 catchment (Vita-Finzi & Higgs) -- the population is NOT food-limited, it is failing to disperse; any carrying-capacity reading of this run is void
  ~~ demography: 9/16 in band  !! AGE STRUCTURE OUT OF BAND -> every marker above demography in the ladder is PROVISIONAL  worst: m_5_15=0.0272(2.72x), frac_fatherless=0.0953(1.91x), band_med_adults=14(0.50x), surv_to_45=0.3(0.70x)
[  100/15000] pop=  3110 bd= 126 bigbd=1(med56) strat=0.0% giniC=0.288 dyn:eff=1724.7 top=0.002 nlin=2287 lpb=18.63/dom=0.144 mRSg=0.558 set=28(mx119,prim1.07) con=849.0 inst=15 ldT=0.28 | asc=0.009 gumsa=0.151 tenure=2.3y levy=4794136.3 resent(mean/max)=0.0/0.0 revs=16 | 0.4m eta60m
  !! SPATIAL: PACKED AND SPARSE AT ONCE (local 0.121 > 0.091 > regional 0.0201 /km2) on 16.6% of the land; band commands 210 km2, inside its own 314 km2 catchment (Vita-Finzi & Higgs) -- the population is NOT food-limited, it is failing to disperse; any carrying-capacity reading of this run is void
  ~~ demography: 10/16 in band  !! AGE STRUCTURE OUT OF BAND -> every marker above demography in the ladder is PROVISIONAL  worst: m_5_15=0.0249(2.49x), frac_fatherless=0.0862(1.72x), band_med_adults=14(0.50x), age_first_birth_yr=25.5(1.24x)
[  125/15000] pop=  3189 bd= 125 bigbd=3(med48) strat=0.0% giniC=0.292 dyn:eff=1535.5 top=0.002 nlin=2195 lpb=18.18/dom=0.162 mRSg=0.569 set=28(mx129,prim1.1) con=786.0 inst=19 ldT=0.203 | asc=0.01 gumsa=0.112 tenure=2.8y levy=8246096.4 resent(mean/max)=0.0/0.0 revs=24 | 0.5m eta60m
  !! SPATIAL: PACKED AND SPARSE AT ONCE (local 0.127 > 0.091 > regional 0.0204 /km2) on 16.1% of the land; band commands 207 km2, inside its own 314 km2 catchment (Vita-Finzi & Higgs) -- the population is NOT food-limited, it is failing to disperse; any carrying-capacity reading of this run is void
  ~~ demography: 10/16 in band  !! AGE STRUCTURE OUT OF BAND -> every marker above demography in the ladder is PROVISIONAL  worst: m_5_15=0.0231(2.31x), frac_motherless=0.036(1.80x), band_med_adults=15(0.53x), age_first_birth_yr=25.1(1.22x)
[  150/15000] pop=  3234 bd= 123 bigbd=3(med57) strat=0.0% giniC=0.298 dyn:eff=1405.4 top=0.002 nlin=2104 lpb=17.81/dom=0.17 mRSg=0.569 set=27(mx136,prim1.07) con=705.0 inst=28 ldT=0.248 | asc=0.011 gumsa=0.138 tenure=3.4y levy=4400172.5 resent(mean/max)=0.0/0.0 revs=29 | 0.6m eta61m
  !! SPATIAL: PACKED AND SPARSE AT ONCE (local 0.144 > 0.091 > regional 0.0205 /km2) on 14.2% of the land; band commands 183 km2, inside its own 314 km2 catchment (Vita-Finzi & Higgs) -- the population is NOT food-limited, it is failing to disperse; any carrying-capacity reading of this run is void
  ~~ demography: 9/16 in band  !! AGE STRUCTURE OUT OF BAND -> every marker above demography in the ladder is PROVISIONAL  worst: m_5_15=0.0228(2.28x), frac_motherless=0.0375(1.88x), frac_fatherless=0.0867(1.73x), band_med_adults=14(0.50x)
[  175/15000] pop=  3245 bd= 123 bigbd=7(med52) strat=0.0% giniC=0.302 dyn:eff=1300.8 top=0.003 nlin=2014 lpb=17.52/dom=0.175 mRSg=0.567 set=30(mx136,prim1.1) con=1045.0 inst=25 ldT=0.286 | asc=0.007 gumsa=0.098 tenure=3.7y levy=4572532.1 resent(mean/max)=0.0/0.0 revs=35 | 0.7m eta63m
  !! SPATIAL: PACKED AND SPARSE AT ONCE (local 0.141 > 0.091 > regional 0.0206 /km2) on 14.6% of the land; band commands 193 km2, inside its own 314 km2 catchment (Vita-Finzi & Higgs) -- the population is NOT food-limited, it is failing to disperse; any carrying-capacity reading of this run is void
  ~~ demography: 9/16 in band  !! AGE STRUCTURE OUT OF BAND -> every marker above demography in the ladder is PROVISIONAL  worst: m_5_15=0.0224(2.24x), frac_fatherless=0.0925(1.85x), frac_motherless=0.0321(1.60x), band_med_adults=13(0.46x)
[  200/15000] pop=  3260 bd= 120 bigbd=14(med61.5) strat=0.0% giniC=0.308 dyn:eff=1206.9 top=0.003 nlin=1934 lpb=18.46/dom=0.195 mRSg=0.602 set=36(mx134,prim1.08) con=904.0 inst=31 ldT=0.363 | asc=0.006 gumsa=0.083 tenure=4.2y levy=8614071.0 resent(mean/max)=0.0/0.0 revs=43 | 0.9m eta63m
  !! SPATIAL: PACKED AND SPARSE AT ONCE (local 0.138 > 0.091 > regional 0.0205 /km2) on 14.9% of the land; band commands 203 km2, inside its own 314 km2 catchment (Vita-Finzi & Higgs) -- the population is NOT food-limited, it is failing to disperse; any carrying-capacity reading of this run is void
  ~~ demography: 11/16 in band  worst: m_5_15=0.0211(2.11x), frac_fatherless=0.0847(1.69x), band_med_adults=12(0.43x), age_first_birth_yr=24.1(1.17x)
[  225/15000] pop=  3248 bd= 116 bigbd=17(med72) strat=0.0% giniC=0.313 dyn:eff=1141.5 top=0.003 nlin=1861 lpb=19.28/dom=0.196 mRSg=0.604 set=36(mx122,prim1.04) con=805.0 inst=26 ldT=0.283 | asc=0.005 gumsa=0.103 tenure=4.5y levy=8088487.4 resent(mean/max)=0.0/0.0 revs=47 | 1.0m eta65m
  !! SPATIAL: PACKED AND SPARSE AT ONCE (local 0.130 > 0.091 > regional 0.0205 /km2) on 15.8% of the land; band commands 219 km2, inside its own 314 km2 catchment (Vita-Finzi & Higgs) -- the population is NOT food-limited, it is failing to disperse; any carrying-capacity reading of this run is void
  ~~ demography: 12/16 in band  worst: m_5_15=0.021(2.10x), band_med_adults=12(0.43x), age_first_birth_yr=23.7(1.16x), realised_ibi_med=32(0.93x)
[  250/15000] pop=  3253 bd= 114 bigbd=17(med74) strat=0.0% giniC=0.317 dyn:eff=1074.9 top=0.003 nlin=1800 lpb=20.35/dom=0.181 mRSg=0.623 set=37(mx125,prim1.09) con=599.0 inst=25 ldT=0.283 | asc=0.004 gumsa=0.061 tenure=4.8y levy=8373816.7 resent(mean/max)=0.0/0.0 revs=52 | 1.1m eta66m
  !! SPATIAL: PACKED AND SPARSE AT ONCE (local 0.140 > 0.091 > regional 0.0206 /km2) on 14.7% of the land; band commands 210 km2, inside its own 314 km2 catchment (Vita-Finzi & Higgs) -- the population is NOT food-limited, it is failing to disperse; any carrying-capacity reading of this run is void
  ~~ demography: 11/16 in band  worst: m_5_15=0.0205(2.05x), band_med_adults=11(0.39x), frac_fatherless=0.0758(1.52x), age_first_birth_yr=23.4(1.14x)
[  275/15000] pop=  3264 bd= 111 bigbd=18(med76.5) strat=0.0% giniC=0.32 dyn:eff=1019.9 top=0.004 nlin=1743 lpb=21.12/dom=0.181 mRSg=0.626 set=39(mx142,prim1.19) con=670.0 inst=17 ldT=0.31 | asc=0.006 gumsa=0.144 tenure=4.9y levy=7190552.3 resent(mean/max)=0.0/0.0 revs=52 | 1.3m eta68m
  !! SPATIAL: PACKED AND SPARSE AT ONCE (local 0.145 > 0.091 > regional 0.0210 /km2) on 14.5% of the land; band commands 213 km2, inside its own 314 km2 catchment (Vita-Finzi & Higgs) -- the population is NOT food-limited, it is failing to disperse; any carrying-capacity reading of this run is void
  ~~ demography: 12/16 in band  worst: m_5_15=0.0198(1.98x), band_med_adults=11(0.39x), age_first_birth_yr=23(1.12x), realised_ibi_med=32(0.93x)
[  300/15000] pop=  3329 bd= 108 bigbd=19(med82) strat=0.0% giniC=0.326 dyn:eff=949.6 top=0.004 nlin=1691 lpb=21.94/dom=0.189 mRSg=0.634 set=40(mx135,prim1.05) con=714.0 inst=18 ldT=0.309 | asc=0.006 gumsa=0.111 tenure=4.9y levy=8318712.5 resent(mean/max)=0.0/0.0 revs=60 | 1.4m eta69m
  !! SPATIAL: PACKED AND SPARSE AT ONCE (local 0.141 > 0.091 > regional 0.0213 /km2) on 15.1% of the land; band commands 225 km2, inside its own 314 km2 catchment (Vita-Finzi & Higgs) -- the population is NOT food-limited, it is failing to disperse; any carrying-capacity reading of this run is void
  ~~ demography: 11/16 in band  worst: m_5_15=0.0195(1.95x), band_med_adults=11(0.39x), frac_motherless=0.0092(0.46x), age_first_birth_yr=22.8(1.11x)
[  325/15000] pop=  3366 bd= 106 bigbd=20(med94.5) strat=0.0% giniC=0.33 dyn:eff=882.5 top=0.004 nlin=1627 lpb=21.93/dom=0.192 mRSg=0.639 set=42(mx129,prim1.07) con=688.0 inst=22 ldT=0.287 | asc=0.008 gumsa=0.113 tenure=5.0y levy=9500937.2 resent(mean/max)=0.0/0.0 revs=62 | 1.6m eta71m
  !! SPATIAL: PACKED AND SPARSE AT ONCE (local 0.148 > 0.091 > regional 0.0215 /km2) on 14.5% of the land; band commands 215 km2, inside its own 314 km2 catchment (Vita-Finzi & Higgs) -- the population is NOT food-limited, it is failing to disperse; any carrying-capacity reading of this run is void
  ~~ demography: 11/16 in band  worst: m_5_15=0.0196(1.96x), band_med_adults=11(0.39x), frac_motherless=0.0098(0.49x), age_first_birth_yr=22.6(1.10x)
[  350/15000] pop=  3406 bd= 107 bigbd=19(med99) strat=0.0% giniC=0.341 dyn:eff=818.6 top=0.004 nlin=1568 lpb=21.67/dom=0.192 mRSg=0.639 set=41(mx136,prim1.08) con=611.0 inst=21 ldT=0.244 | asc=0.005 gumsa=0.075 tenure=5.0y levy=14617437.1 resent(mean/max)=0.0/0.0 revs=67 | 1.7m eta72m
  !! SPATIAL: PACKED AND SPARSE AT ONCE (local 0.150 > 0.091 > regional 0.0215 /km2) on 14.3% of the land; band commands 232 km2, inside its own 314 km2 catchment (Vita-Finzi & Higgs) -- the population is NOT food-limited, it is failing to disperse; any carrying-capacity reading of this run is void
  ~~ demography: 11/16 in band  worst: m_5_15=0.0195(1.95x), frac_motherless=0.0056(0.28x), band_med_adults=12(0.43x), age_first_birth_yr=22.4(1.09x)
[  375/15000] pop=  3413 bd=  98 bigbd=18(med101.5) strat=0.0% giniC=0.345 dyn:eff=765.9 top=0.005 nlin=1517 lpb=23.06/dom=0.182 mRSg=0.643 set=41(mx124,prim1.05) con=668.0 inst=23 ldT=0.295 | asc=0.005 gumsa=0.112 tenure=5.0y levy=11269639.4 resent(mean/max)=0.0/0.0 revs=70 | 1.9m eta74m
  !! SPATIAL: PACKED AND SPARSE AT ONCE (local 0.147 > 0.091 > regional 0.0215 /km2) on 14.6% of the land; band commands 238 km2, inside its own 314 km2 catchment (Vita-Finzi & Higgs) -- the population is NOT food-limited, it is failing to disperse; any carrying-capacity reading of this run is void
  ~~ demography: 12/16 in band  worst: m_5_15=0.0201(2.01x), band_med_adults=13(0.46x), age_first_birth_yr=22.3(1.09x), realised_ibi_med=32(0.93x)
[  400/15000] pop=  3398 bd=  97 bigbd=19(med99) strat=0.0% giniC=0.348 dyn:eff=734.3 top=0.005 nlin=1459 lpb=22.89/dom=0.177 mRSg=0.634 set=39(mx138,prim1.06) con=710.5 inst=25 ldT=0.2 | asc=0.003 gumsa=0.093 tenure=5.2y levy=8090262.8 resent(mean/max)=0.0/0.0 revs=75 | 2.0m eta74m
  !! SPATIAL: PACKED AND SPARSE AT ONCE (local 0.147 > 0.091 > regional 0.0217 /km2) on 14.8% of the land; band commands 234 km2, inside its own 314 km2 catchment (Vita-Finzi & Higgs) -- the population is NOT food-limited, it is failing to disperse; any carrying-capacity reading of this run is void
  ~~ demography: 11/16 in band  worst: m_5_15=0.0196(1.96x), band_med_adults=13(0.46x), age_first_birth_yr=22.3(1.09x), realised_ibi_med=32(0.93x)
[  425/15000] pop=  3440 bd= 100 bigbd=17(med112) strat=0.0% giniC=0.354 dyn:eff=682.6 top=0.005 nlin=1374 lpb=22.02/dom=0.18 mRSg=0.619 set=42(mx144,prim1.09) con=642.0 inst=36 ldT=0.184 | asc=0.006 gumsa=0.08 tenure=5.2y levy=6811776.0 resent(mean/max)=0.0/0.0 revs=80 | 2.2m eta75m
  !! SPATIAL: PACKED AND SPARSE AT ONCE (local 0.144 > 0.091 > regional 0.0221 /km2) on 15.3% of the land; band commands 236 km2, inside its own 314 km2 catchment (Vita-Finzi & Higgs) -- the population is NOT food-limited, it is failing to disperse; any carrying-capacity reading of this run is void
  ~~ demography: 11/16 in band  worst: m_5_15=0.019(1.90x), band_med_adults=12(0.43x), age_first_birth_yr=22.4(1.09x), realised_ibi_med=32(0.93x)
[  450/15000] pop=  3500 bd= 103 bigbd=16(med106.5) strat=0.0% giniC=0.359 dyn:eff=639.8 top=0.006 nlin=1310 lpb=21.82/dom=0.173 mRSg=0.612 set=42(mx128,prim1.05) con=528.0 inst=28 ldT=0.28 | asc=0.005 gumsa=0.078 tenure=5.3y levy=7909926.4 resent(mean/max)=0.0/0.0 revs=83 | 2.4m eta76m
  !! SPATIAL: PACKED AND SPARSE AT ONCE (local 0.147 > 0.091 > regional 0.0221 /km2) on 15.0% of the land; band commands 233 km2, inside its own 314 km2 catchment (Vita-Finzi & Higgs) -- the population is NOT food-limited, it is failing to disperse; any carrying-capacity reading of this run is void
  ~~ demography: 11/16 in band  worst: m_5_15=0.0194(1.94x), band_med_adults=13(0.46x), age_first_birth_yr=22.3(1.09x), realised_ibi_med=32(0.93x)
[  475/15000] pop=  3508 bd= 102 bigbd=18(med100.0) strat=0.0% giniC=0.366 dyn:eff=611.8 top=0.006 nlin=1273 lpb=22.9/dom=0.167 mRSg=0.613 set=41(mx122,prim1.04) con=680.5 inst=29 ldT=0.291 | asc=0.001 gumsa=0.02 tenure=5.2y levy=6808423.4 resent(mean/max)=0.0/0.0 revs=89 | 2.5m eta77m
  !! SPATIAL: PACKED AND SPARSE AT ONCE (local 0.151 > 0.091 > regional 0.0224 /km2) on 14.8% of the land; band commands 229 km2, inside its own 314 km2 catchment (Vita-Finzi & Higgs) -- the population is NOT food-limited, it is failing to disperse; any carrying-capacity reading of this run is void
  ~~ demography: 11/16 in band  worst: m_5_15=0.0195(1.95x), band_med_adults=13(0.46x), age_first_birth_yr=22.3(1.09x), realised_ibi_med=32(0.93x)
[  500/15000] pop=  3545 bd= 102 bigbd=18(med104.0) strat=0.0% giniC=0.369 dyn:eff=590.5 top=0.007 nlin=1231 lpb=22.83/dom=0.176 mRSg=0.61 set=42(mx108,prim1.05) con=563.0 inst=37 ldT=0.23 | asc=0.003 gumsa=0.059 tenure=5.2y levy=7434376.2 resent(mean/max)=0.0/0.0 revs=91 | 2.7m eta79m
  !! SPATIAL: PACKED AND SPARSE AT ONCE (local 0.146 > 0.091 > regional 0.0228 /km2) on 15.6% of the land; band commands 242 km2, inside its own 314 km2 catchment (Vita-Finzi & Higgs) -- the population is NOT food-limited, it is failing to disperse; any carrying-capacity reading of this run is void
  ~~ demography: 11/16 in band  worst: m_5_15=0.0192(1.92x), band_med_adults=13(0.46x), age_first_birth_yr=22.3(1.09x), realised_ibi_med=32(0.93x)
[  525/15000] pop=  3604 bd= 102 bigbd=17(med104) strat=0.0% giniC=0.378 dyn:eff=556.9 top=0.007 nlin=1182 lpb=22.72/dom=0.177 mRSg=0.609 set=45(mx121,prim1.02) con=687.0 inst=33 ldT=0.303 | asc=0.003 gumsa=0.078 tenure=5.2y levy=9723274.6 resent(mean/max)=0.0/0.0 revs=94 | 2.9m eta80m
  !! SPATIAL: PACKED AND SPARSE AT ONCE (local 0.139 > 0.091 > regional 0.0229 /km2) on 16.4% of the land; band commands 243 km2, inside its own 314 km2 catchment (Vita-Finzi & Higgs) -- the population is NOT food-limited, it is failing to disperse; any carrying-capacity reading of this run is void
  ~~ demography: 11/16 in band  worst: m_5_15=0.0193(1.93x), band_med_adults=12(0.43x), age_first_birth_yr=22.2(1.08x), realised_ibi_med=32(0.93x)
[  550/15000] pop=  3626 bd= 107 bigbd=20(med104.0) strat=0.0% giniC=0.386 dyn:eff=521.8 top=0.007 nlin=1138 lpb=21.88/dom=0.18 mRSg=0.616 set=45(mx121,prim1.01) con=532.5 inst=32 ldT=0.213 | asc=0.004 gumsa=0.084 tenure=5.2y levy=10399162.0 resent(mean/max)=0.0/0.0 revs=95 | 3.1m eta80m
  !! SPATIAL: PACKED AND SPARSE AT ONCE (local 0.149 > 0.091 > regional 0.0229 /km2) on 15.3% of the land; band commands 219 km2, inside its own 314 km2 catchment (Vita-Finzi & Higgs) -- the population is NOT food-limited, it is failing to disperse; any carrying-capacity reading of this run is void
  ~~ demography: 11/16 in band  worst: m_5_15=0.0195(1.95x), band_med_adults=13(0.46x), age_first_birth_yr=22.2(1.08x), realised_ibi_med=32(0.93x)
[  575/15000] pop=  3626 bd= 111 bigbd=18(med105.5) strat=0.0% giniC=0.391 dyn:eff=493.4 top=0.007 nlin=1080 lpb=21.03/dom=0.19 mRSg=0.616 set=46(mx123,prim1.14) con=537.0 inst=50 ldT=0.25 | asc=0.002 gumsa=0.054 tenure=5.2y levy=11983346.4 resent(mean/max)=0.0/0.0 revs=99 | 3.2m eta81m
  !! SPATIAL: PACKED AND SPARSE AT ONCE (local 0.140 > 0.091 > regional 0.0232 /km2) on 16.6% of the land; band commands 248 km2, inside its own 314 km2 catchment (Vita-Finzi & Higgs) -- the population is NOT food-limited, it is failing to disperse; any carrying-capacity reading of this run is void
  ~~ demography: 11/16 in band  worst: m_5_15=0.0195(1.95x), band_med_adults=14(0.50x), age_first_birth_yr=22.1(1.08x), realised_ibi_med=32(0.93x)
[  600/15000] pop=  3678 bd= 106 bigbd=18(med106.0) strat=0.0% giniC=0.395 dyn:eff=470.2 top=0.008 nlin=1035 lpb=22.34/dom=0.178 mRSg=0.61 set=47(mx111,prim1.06) con=590.0 inst=37 ldT=0.22 | asc=0.002 gumsa=0.066 tenure=5.2y levy=13395682.3 resent(mean/max)=0.0/0.0 revs=102 | 3.4m eta82m
  !! SPATIAL: PACKED AND SPARSE AT ONCE (local 0.138 > 0.091 > regional 0.0235 /km2) on 17.0% of the land; band commands 241 km2, inside its own 314 km2 catchment (Vita-Finzi & Higgs) -- the population is NOT food-limited, it is failing to disperse; any carrying-capacity reading of this run is void
  ~~ demography: 10/16 in band  worst: m_5_15=0.0197(1.97x), band_med_adults=12.5(0.44x), frac_motherless=0.0309(1.54x), age_first_birth_yr=22(1.08x)
[  625/15000] pop=  3726 bd= 112 bigbd=20(med96.0) strat=0.0% giniC=0.402 dyn:eff=439.2 top=0.009 nlin=997 lpb=21.61/dom=0.182 mRSg=0.611 set=50(mx122,prim1.06) con=493.0 inst=44 ldT=0.304 | asc=0.002 gumsa=0.045 tenure=5.2y levy=14907241.2 resent(mean/max)=0.0/0.0 revs=104 | 3.6m eta84m
  !! SPATIAL: PACKED AND SPARSE AT ONCE (local 0.149 > 0.091 > regional 0.0239 /km2) on 16.0% of the land; band commands 242 km2, inside its own 314 km2 catchment (Vita-Finzi & Higgs) -- the population is NOT food-limited, it is failing to disperse; any carrying-capacity reading of this run is void
  ~~ demography: 11/16 in band  worst: m_5_15=0.02(2.00x), band_med_adults=14(0.50x), age_first_birth_yr=21.9(1.07x), realised_ibi_med=32(0.93x)
[  650/15000] pop=  3791 bd= 105 bigbd=22(med91.0) strat=0.0% giniC=0.409 dyn:eff=431.2 top=0.009 nlin=957 lpb=22.84/dom=0.172 mRSg=0.605 set=47(mx143,prim1.35) con=530.5 inst=43 ldT=0.326 | asc=0.002 gumsa=0.086 tenure=5.3y levy=11584102.9 resent(mean/max)=0.0/0.0 revs=105 | 3.8m eta85m
  !! SPATIAL: PACKED AND SPARSE AT ONCE (local 0.140 > 0.091 > regional 0.0242 /km2) on 17.2% of the land; band commands 233 km2, inside its own 314 km2 catchment (Vita-Finzi & Higgs) -- the population is NOT food-limited, it is failing to disperse; any carrying-capacity reading of this run is void
  ~~ demography: 11/16 in band  worst: m_5_15=0.0199(1.99x), band_med_adults=13(0.46x), realised_ibi_med=32(0.93x), age_first_birth_yr=21.9(1.07x)
[  675/15000] pop=  3826 bd= 117 bigbd=19(med100) strat=0.0% giniC=0.415 dyn:eff=422.8 top=0.009 nlin=930 lpb=21.02/dom=0.183 mRSg=0.611 set=47(mx168,prim1.56) con=497.5 inst=34 ldT=0.258 | asc=0.007 gumsa=0.137 tenure=5.2y levy=14216137.5 resent(mean/max)=0.0/0.0 revs=106 | 4.0m eta85m
  !! SPATIAL: PACKED AND SPARSE AT ONCE (local 0.145 > 0.091 > regional 0.0242 /km2) on 16.7% of the land; band commands 226 km2, inside its own 314 km2 catchment (Vita-Finzi & Higgs) -- the population is NOT food-limited, it is failing to disperse; any carrying-capacity reading of this run is void
  ~~ demography: 11/16 in band  worst: m_5_15=0.0202(2.02x), band_med_adults=13(0.46x), realised_ibi_med=32(0.93x), age_first_birth_yr=21.7(1.06x)
[  700/15000] pop=  3836 bd= 117 bigbd=21(med91) strat=0.0% giniC=0.418 dyn:eff=407.2 top=0.009 nlin=893 lpb=21.1/dom=0.18 mRSg=0.61 set=51(mx130,prim1.21) con=609.0 inst=49 ldT=0.309 | asc=0.005 gumsa=0.094 tenure=5.2y levy=9142984.0 resent(mean/max)=0.0/0.0 revs=108 | 4.2m eta86m
  !! SPATIAL: PACKED AND SPARSE AT ONCE (local 0.146 > 0.091 > regional 0.0244 /km2) on 16.7% of the land; band commands 220 km2, inside its own 314 km2 catchment (Vita-Finzi & Higgs) -- the population is NOT food-limited, it is failing to disperse; any carrying-capacity reading of this run is void
  ~~ demography: 11/16 in band  worst: m_5_15=0.0204(2.04x), band_med_adults=12(0.43x), realised_ibi_med=32(0.93x), age_first_birth_yr=21.7(1.06x)
[  725/15000] pop=  3859 bd= 120 bigbd=18(med95.0) strat=0.0% giniC=0.419 dyn:eff=391.3 top=0.009 nlin=849 lpb=20.69/dom=0.182 mRSg=0.608 set=50(mx117,prim1.17) con=603.0 inst=56 ldT=0.277 | asc=0.007 gumsa=0.158 tenure=5.2y levy=7948642.3 resent(mean/max)=0.0/0.0 revs=110 | 4.4m eta87m
  !! SPATIAL: PACKED AND SPARSE AT ONCE (local 0.139 > 0.091 > regional 0.0244 /km2) on 17.6% of the land; band commands 232 km2, inside its own 314 km2 catchment (Vita-Finzi & Higgs) -- the population is NOT food-limited, it is failing to disperse; any carrying-capacity reading of this run is void
  ~~ demography: 11/16 in band  worst: m_5_15=0.0204(2.04x), band_med_adults=13(0.46x), realised_ibi_med=32(0.93x), age_first_birth_yr=21.6(1.05x)
[  750/15000] pop=  3859 bd= 120 bigbd=20(med89.0) strat=0.0% giniC=0.425 dyn:eff=375.9 top=0.01 nlin=802 lpb=20.39/dom=0.18 mRSg=0.613 set=51(mx126,prim1.26) con=494.0 inst=37 ldT=0.24 | asc=0.004 gumsa=0.108 tenure=5.2y levy=9336525.3 resent(mean/max)=0.0/0.0 revs=113 | 4.6m eta88m
  !! SPATIAL: PACKED AND SPARSE AT ONCE (local 0.137 > 0.091 > regional 0.0243 /km2) on 17.7% of the land; band commands 219 km2, inside its own 314 km2 catchment (Vita-Finzi & Higgs) -- the population is NOT food-limited, it is failing to disperse; any carrying-capacity reading of this run is void
  ~~ demography: 11/16 in band  worst: m_5_15=0.0205(2.05x), band_med_adults=12(0.43x), realised_ibi_med=32(0.93x), age_first_birth_yr=21.6(1.05x)
[  775/15000] pop=  3845 bd= 128 bigbd=20(med92.0) strat=0.0% giniC=0.427 dyn:eff=362.8 top=0.01 nlin=769 lpb=18.83/dom=0.198 mRSg=0.611 set=52(mx115,prim1.06) con=419.0 inst=45 ldT=0.307 | asc=0.005 gumsa=0.102 tenure=5.2y levy=8731764.8 resent(mean/max)=0.0/0.0 revs=113 | 4.8m eta89m
  !! SPATIAL: PACKED AND SPARSE AT ONCE (local 0.140 > 0.091 > regional 0.0243 /km2) on 17.4% of the land; band commands 215 km2, inside its own 314 km2 catchment (Vita-Finzi & Higgs) -- the population is NOT food-limited, it is failing to disperse; any carrying-capacity reading of this run is void
  ~~ demography: 11/16 in band  worst: m_5_15=0.0208(2.08x), band_med_adults=12.5(0.44x), realised_ibi_med=32(0.93x), age_first_birth_yr=21.5(1.05x)
[  800/15000] pop=  3849 bd= 128 bigbd=18(med93.0) strat=0.0% giniC=0.43 dyn:eff=354.4 top=0.009 nlin=745 lpb=19.14/dom=0.188 mRSg=0.616 set=51(mx119,prim1.1) con=507.0 inst=40 ldT=0.286 | asc=0.005 gumsa=0.109 tenure=5.2y levy=10287107.6 resent(mean/max)=0.0/0.0 revs=115 | 5.1m eta90m
  !! SPATIAL: PACKED AND SPARSE AT ONCE (local 0.132 > 0.091 > regional 0.0240 /km2) on 18.1% of the land; band commands 233 km2, inside its own 314 km2 catchment (Vita-Finzi & Higgs) -- the population is NOT food-limited, it is failing to disperse; any carrying-capacity reading of this run is void
  ~~ demography: 11/16 in band  worst: m_5_15=0.0211(2.11x), band_med_adults=12.5(0.44x), realised_ibi_med=32(0.93x), realised_tfr=4.44(0.95x)
[  825/15000] pop=  3801 bd= 123 bigbd=17(med97) strat=0.0% giniC=0.427 dyn:eff=340.8 top=0.01 nlin=702 lpb=19.33/dom=0.184 mRSg=0.623 set=48(mx131,prim1.15) con=465.0 inst=33 ldT=0.264 | asc=0.005 gumsa=0.106 tenure=5.2y levy=10929273.7 resent(mean/max)=0.0/0.0 revs=116 | 5.3m eta91m
  !! SPATIAL: PACKED AND SPARSE AT ONCE (local 0.136 > 0.091 > regional 0.0239 /km2) on 17.6% of the land; band commands 226 km2, inside its own 314 km2 catchment (Vita-Finzi & Higgs) -- the population is NOT food-limited, it is failing to disperse; any carrying-capacity reading of this run is void
  ~~ demography: 11/16 in band  worst: m_5_15=0.0211(2.11x), band_med_adults=13(0.46x), realised_ibi_med=32(0.93x), realised_tfr=4.44(0.95x)
[  850/15000] pop=  3789 bd= 123 bigbd=19(med87) strat=0.0% giniC=0.433 dyn:eff=325.7 top=0.01 nlin=671 lpb=18.85/dom=0.194 mRSg=0.622 set=51(mx117,prim1.12) con=350.5 inst=41 ldT=0.227 | asc=0.006 gumsa=0.146 tenure=5.2y levy=10806048.8 resent(mean/max)=0.0/0.0 revs=116 | 5.5m eta92m
  !! SPATIAL: PACKED AND SPARSE AT ONCE (local 0.137 > 0.091 > regional 0.0240 /km2) on 17.6% of the land; band commands 226 km2, inside its own 314 km2 catchment (Vita-Finzi & Higgs) -- the population is NOT food-limited, it is failing to disperse; any carrying-capacity reading of this run is void
  ~~ demography: 10/16 in band  worst: m_5_15=0.0211(2.11x), frac_fatherless=0.0788(1.58x), band_med_adults=13(0.46x), realised_ibi_med=32(0.93x)
[  875/15000] pop=  3808 bd= 123 bigbd=19(med82) strat=0.0% giniC=0.439 dyn:eff=318.5 top=0.01 nlin=649 lpb=18.77/dom=0.2 mRSg=0.618 set=48(mx127,prim1.32) con=392.0 inst=43 ldT=0.26 | asc=0.003 gumsa=0.081 tenure=5.2y levy=15111814.7 resent(mean/max)=0.0/0.0 revs=120 | 5.8m eta93m
  !! SPATIAL: PACKED AND SPARSE AT ONCE (local 0.129 > 0.091 > regional 0.0239 /km2) on 18.6% of the land; band commands 250 km2, inside its own 314 km2 catchment (Vita-Finzi & Higgs) -- the population is NOT food-limited, it is failing to disperse; any carrying-capacity reading of this run is void
  ~~ demography: 10/16 in band  worst: m_5_15=0.0213(2.13x), frac_fatherless=0.0786(1.57x), band_med_adults=14(0.50x), realised_ibi_med=32(0.93x)
[  900/15000] pop=  3793 bd= 118 bigbd=20(med86.0) strat=0.0% giniC=0.442 dyn:eff=309.4 top=0.01 nlin=619 lpb=19.22/dom=0.202 mRSg=0.624 set=46(mx120,prim1.3) con=337.0 inst=49 ldT=0.294 | asc=0.004 gumsa=0.102 tenure=5.3y levy=14404402.4 resent(mean/max)=0.0/0.0 revs=122 | 6.0m eta93m
  !! SPATIAL: PACKED AND SPARSE AT ONCE (local 0.131 > 0.091 > regional 0.0236 /km2) on 18.0% of the land; band commands 274 km2, inside its own 314 km2 catchment (Vita-Finzi & Higgs) -- the population is NOT food-limited, it is failing to disperse; any carrying-capacity reading of this run is void
  ~~ demography: 10/16 in band  worst: m_5_15=0.0215(2.15x), frac_fatherless=0.0903(1.81x), band_med_adults=15(0.53x), realised_ibi_med=32(0.93x)
[  925/15000] pop=  3740 bd= 104 bigbd=19(med87) strat=0.0% giniC=0.449 dyn:eff=297.3 top=0.01 nlin=591 lpb=21.09/dom=0.18 mRSg=0.627 set=47(mx111,prim1.22) con=324.0 inst=37 ldT=0.311 | asc=0.003 gumsa=0.106 tenure=5.2y levy=13295098.3 resent(mean/max)=0.0/0.0 revs=123 | 6.1m eta93m
  !! SPATIAL: PACKED AND SPARSE AT ONCE (local 0.148 > 0.091 > regional 0.0236 /km2) on 16.0% of the land; band commands 234 km2, inside its own 314 km2 catchment (Vita-Finzi & Higgs) -- the population is NOT food-limited, it is failing to disperse; any carrying-capacity reading of this run is void
  ~~ demography: 10/16 in band  worst: m_5_15=0.0216(2.16x), frac_fatherless=0.0974(1.95x), band_med_adults=15.5(0.55x), realised_ibi_med=32(0.93x)
[  950/15000] pop=  3738 bd= 108 bigbd=18(med93.5) strat=0.0% giniC=0.452 dyn:eff=287.8 top=0.01 nlin=573 lpb=19.98/dom=0.194 mRSg=0.628 set=45(mx105,prim1.12) con=357.0 inst=41 ldT=0.323 | asc=0.002 gumsa=0.056 tenure=5.3y levy=14845796.8 resent(mean/max)=0.0/0.0 revs=126 | 6.3m eta94m
  !! SPATIAL: PACKED AND SPARSE AT ONCE (local 0.133 > 0.091 > regional 0.0237 /km2) on 17.8% of the land; band commands 254 km2, inside its own 314 km2 catchment (Vita-Finzi & Higgs) -- the population is NOT food-limited, it is failing to disperse; any carrying-capacity reading of this run is void
  ~~ demography: 9/16 in band  worst: m_5_15=0.0215(2.15x), frac_fatherless=0.0978(1.96x), frac_motherless=0.0086(0.43x), band_med_adults=15(0.53x)
[  975/15000] pop=  3755 bd= 111 bigbd=17(med100) strat=0.0% giniC=0.454 dyn:eff=279.2 top=0.011 nlin=556 lpb=19.49/dom=0.2 mRSg=0.629 set=47(mx108,prim1.17) con=333.0 inst=42 ldT=0.208 | asc=0.005 gumsa=0.117 tenure=5.3y levy=11342771.1 resent(mean/max)=0.0/0.0 revs=127 | 6.5m eta94m
  !! SPATIAL: PACKED AND SPARSE AT ONCE (local 0.137 > 0.091 > regional 0.0236 /km2) on 17.2% of the land; band commands 257 km2, inside its own 314 km2 catchment (Vita-Finzi & Higgs) -- the population is NOT food-limited, it is failing to disperse; any carrying-capacity reading of this run is void
  ~~ demography: 10/16 in band  worst: m_5_15=0.0215(2.15x), frac_fatherless=0.0904(1.81x), band_med_adults=16(0.57x), realised_ibi_med=32(0.93x)
[ 1000/15000] pop=  3737 bd= 106 bigbd=19(med89) strat=0.0% giniC=0.46 dyn:eff=272.0 top=0.012 nlin=544 lpb=20.14/dom=0.198 mRSg=0.625 set=46(mx121,prim1.25) con=381.5 inst=52 ldT=0.297 | asc=0.003 gumsa=0.085 tenure=5.2y levy=10547115.2 resent(mean/max)=0.0/0.0 revs=129 | 6.8m eta95m
  !! SPATIAL: PACKED AND SPARSE AT ONCE (local 0.138 > 0.091 > regional 0.0233 /km2) on 16.8% of the land; band commands 244 km2, inside its own 314 km2 catchment (Vita-Finzi & Higgs) -- the population is NOT food-limited, it is failing to disperse; any carrying-capacity reading of this run is void
  ~~ demography: 11/16 in band  worst: m_5_15=0.0219(2.19x), band_med_adults=14(0.50x), realised_ibi_med=32(0.93x), realised_tfr=4.47(0.95x)
[ 1025/15000] pop=  3683 bd= 109 bigbd=18(med85.5) strat=0.0% giniC=0.465 dyn:eff=265.4 top=0.011 nlin=530 lpb=19.46/dom=0.197 mRSg=0.623 set=46(mx99,prim1.0) con=356.0 inst=43 ldT=0.345 | asc=0.003 gumsa=0.073 tenure=5.2y levy=10682066.7 resent(mean/max)=0.0/0.0 revs=131 | 7.0m eta95m
  !! SPATIAL: PACKED AND SPARSE AT ONCE (local 0.135 > 0.091 > regional 0.0233 /km2) on 17.3% of the land; band commands 247 km2, inside its own 314 km2 catchment (Vita-Finzi & Higgs) -- the population is NOT food-limited, it is failing to disperse; any carrying-capacity reading of this run is void
  ~~ demography: 11/16 in band  worst: m_5_15=0.0219(2.19x), band_med_adults=14(0.50x), realised_ibi_med=32(0.93x), realised_tfr=4.49(0.96x)
[ 1050/15000] pop=  3694 bd= 111 bigbd=19(med89) strat=0.0% giniC=0.469 dyn:eff=260.1 top=0.012 nlin=517 lpb=19.04/dom=0.197 mRSg=0.623 set=48(mx107,prim1.19) con=385.0 inst=52 ldT=0.253 | asc=0.002 gumsa=0.045 tenure=5.3y levy=8208360.4 resent(mean/max)=0.0/0.0 revs=132 | 7.2m eta95m
  !! SPATIAL: PACKED AND SPARSE AT ONCE (local 0.138 > 0.091 > regional 0.0233 /km2) on 16.9% of the land; band commands 235 km2, inside its own 314 km2 catchment (Vita-Finzi & Higgs) -- the population is NOT food-limited, it is failing to disperse; any carrying-capacity reading of this run is void
  ~~ demography: 11/16 in band  worst: m_5_15=0.022(2.20x), band_med_adults=14(0.50x), realised_ibi_med=32(0.93x), realised_tfr=4.5(0.96x)
[ 1075/15000] pop=  3692 bd= 114 bigbd=20(med91.0) strat=0.0% giniC=0.472 dyn:eff=259.4 top=0.011 nlin=510 lpb=18.6/dom=0.21 mRSg=0.624 set=49(mx118,prim1.05) con=290.5 inst=42 ldT=0.306 | asc=0.003 gumsa=0.053 tenure=5.2y levy=9447399.2 resent(mean/max)=0.0/0.0 revs=133 | 7.4m eta96m
  !! SPATIAL: PACKED AND SPARSE AT ONCE (local 0.131 > 0.091 > regional 0.0235 /km2) on 17.9% of the land; band commands 249 km2, inside its own 314 km2 catchment (Vita-Finzi & Higgs) -- the population is NOT food-limited, it is failing to disperse; any carrying-capacity reading of this run is void
  ~~ demography: 10/16 in band  worst: m_5_15=0.0219(2.19x), frac_motherless=0.0095(0.47x), band_med_adults=14(0.50x), realised_ibi_med=32(0.93x)
[ 1100/15000] pop=  3717 bd= 114 bigbd=19(med87) strat=0.0% giniC=0.473 dyn:eff=254.5 top=0.011 nlin=504 lpb=18.46/dom=0.208 mRSg=0.622 set=45(mx113,prim1.09) con=326.0 inst=40 ldT=0.276 | asc=0.003 gumsa=0.044 tenure=5.2y levy=10244347.7 resent(mean/max)=0.0/0.0 revs=135 | 7.6m eta95m
  !! SPATIAL: PACKED AND SPARSE AT ONCE (local 0.139 > 0.091 > regional 0.0235 /km2) on 16.9% of the land; band commands 244 km2, inside its own 314 km2 catchment (Vita-Finzi & Higgs) -- the population is NOT food-limited, it is failing to disperse; any carrying-capacity reading of this run is void
  ~~ demography: 10/16 in band  worst: m_5_15=0.022(2.20x), frac_fatherless=0.0803(1.61x), band_med_adults=14(0.50x), realised_ibi_med=32(0.93x)
[ 1125/15000] pop=  3726 bd= 110 bigbd=19(med91) strat=0.0% giniC=0.481 dyn:eff=249.3 top=0.012 nlin=496 lpb=18.84/dom=0.216 mRSg=0.624 set=46(mx96,prim1.0) con=309.5 inst=46 ldT=0.295 | asc=0.001 gumsa=0.027 tenure=5.2y levy=8055946.2 resent(mean/max)=0.0/0.0 revs=138 | 7.7m eta95m
  !! SPATIAL: PACKED AND SPARSE AT ONCE (local 0.137 > 0.091 > regional 0.0234 /km2) on 17.0% of the land; band commands 255 km2, inside its own 314 km2 catchment (Vita-Finzi & Higgs) -- the population is NOT food-limited, it is failing to disperse; any carrying-capacity reading of this run is void
  ~~ demography: 10/16 in band  worst: m_5_15=0.0221(2.21x), frac_fatherless=0.0783(1.57x), band_med_adults=14(0.50x), realised_ibi_med=32(0.93x)
[ 1150/15000] pop=  3706 bd= 106 bigbd=19(med95) strat=0.0% giniC=0.487 dyn:eff=244.4 top=0.013 nlin=493 lpb=19.17/dom=0.215 mRSg=0.625 set=47(mx103,prim1.04) con=305.0 inst=44 ldT=0.269 | asc=0.006 gumsa=0.123 tenure=5.2y levy=9576761.3 resent(mean/max)=0.0/0.0 revs=139 | 7.9m eta96m
  !! SPATIAL: PACKED AND SPARSE AT ONCE (local 0.136 > 0.091 > regional 0.0233 /km2) on 17.2% of the land; band commands 250 km2, inside its own 314 km2 catchment (Vita-Finzi & Higgs) -- the population is NOT food-limited, it is failing to disperse; any carrying-capacity reading of this run is void
  ~~ demography: 10/16 in band  worst: m_5_15=0.0222(2.22x), frac_fatherless=0.0817(1.63x), band_med_adults=13.5(0.48x), realised_ibi_med=32(0.93x)
[ 1175/15000] pop=  3698 bd= 109 bigbd=20(med94.0) strat=0.0% giniC=0.492 dyn:eff=240.0 top=0.013 nlin=483 lpb=18.82/dom=0.232 mRSg=0.623 set=50(mx93,prim1.02) con=318.5 inst=39 ldT=0.301 | asc=0.005 gumsa=0.119 tenure=5.2y levy=14114368.2 resent(mean/max)=0.0/0.0 revs=141 | 8.1m eta96m
  !! SPATIAL: PACKED AND SPARSE AT ONCE (local 0.139 > 0.091 > regional 0.0233 /km2) on 16.8% of the land; band commands 244 km2, inside its own 314 km2 catchment (Vita-Finzi & Higgs) -- the population is NOT food-limited, it is failing to disperse; any carrying-capacity reading of this run is void
  ~~ demography: 11/16 in band  worst: m_5_15=0.0221(2.21x), band_med_adults=14(0.50x), realised_ibi_med=32(0.93x), realised_tfr=4.54(0.97x)
[ 1200/15000] pop=  3692 bd= 109 bigbd=16(med110.5) strat=0.0% giniC=0.496 dyn:eff=236.2 top=0.014 nlin=479 lpb=18.71/dom=0.213 mRSg=0.621 set=49(mx101,prim1.06) con=337.0 inst=40 ldT=0.222 | asc=0.004 gumsa=0.092 tenure=5.1y levy=10022991.4 resent(mean/max)=0.0/0.0 revs=143 | 8.3m eta96m
  !! SPATIAL: PACKED AND SPARSE AT ONCE (local 0.150 > 0.091 > regional 0.0234 /km2) on 15.6% of the land; band commands 221 km2, inside its own 314 km2 catchment (Vita-Finzi & Higgs) -- the population is NOT food-limited, it is failing to disperse; any carrying-capacity reading of this run is void
  ~~ demography: 11/16 in band  worst: m_5_15=0.0221(2.21x), band_med_adults=14(0.50x), realised_ibi_med=32(0.93x), realised_tfr=4.55(0.97x)
[ 1225/15000] pop=  3699 bd= 112 bigbd=18(med98.5) strat=0.0% giniC=0.501 dyn:eff=230.6 top=0.015 nlin=472 lpb=18.54/dom=0.208 mRSg=0.619 set=49(mx102,prim1.05) con=280.5 inst=50 ldT=0.283 | asc=0.004 gumsa=0.071 tenure=5.1y levy=9952762.1 resent(mean/max)=0.0/0.0 revs=144 | 8.5m eta96m
  !! SPATIAL: PACKED AND SPARSE AT ONCE (local 0.142 > 0.091 > regional 0.0228 /km2) on 16.0% of the land; band commands 231 km2, inside its own 314 km2 catchment (Vita-Finzi & Higgs) -- the population is NOT food-limited, it is failing to disperse; any carrying-capacity reading of this run is void
  ~~ demography: 11/16 in band  worst: m_5_15=0.0223(2.23x), band_med_adults=14(0.50x), realised_ibi_med=31(0.90x), realised_tfr=4.54(0.97x)
[ 1250/15000] pop=  3607 bd= 110 bigbd=17(med110) strat=0.0% giniC=0.509 dyn:eff=231.2 top=0.013 nlin=466 lpb=18.22/dom=0.219 mRSg=0.628 set=47(mx110,prim1.22) con=300.0 inst=37 ldT=0.301 | asc=0.002 gumsa=0.073 tenure=5.1y levy=10659116.3 resent(mean/max)=0.0/0.0 revs=146 | 8.7m eta96m
  !! SPATIAL: PACKED AND SPARSE AT ONCE (local 0.138 > 0.091 > regional 0.0230 /km2) on 16.7% of the land; band commands 242 km2, inside its own 314 km2 catchment (Vita-Finzi & Higgs) -- the population is NOT food-limited, it is failing to disperse; any carrying-capacity reading of this run is void
  ~~ demography: 10/16 in band  worst: m_5_15=0.0221(2.21x), frac_fatherless=0.0883(1.77x), band_med_adults=15(0.53x), realised_ibi_med=32(0.93x)
[ 1275/15000] pop=  3637 bd= 109 bigbd=18(med89.0) strat=0.0% giniC=0.516 dyn:eff=227.7 top=0.013 nlin=464 lpb=18.48/dom=0.212 mRSg=0.625 set=46(mx102,prim1.0) con=311.0 inst=45 ldT=0.258 | asc=0.003 gumsa=0.101 tenure=5.2y levy=16153489.3 resent(mean/max)=0.0/0.0 revs=147 | 8.9m eta96m
  !! SPATIAL: PACKED AND SPARSE AT ONCE (local 0.146 > 0.091 > regional 0.0231 /km2) on 15.8% of the land; band commands 216 km2, inside its own 314 km2 catchment (Vita-Finzi & Higgs) -- the population is NOT food-limited, it is failing to disperse; any carrying-capacity reading of this run is void
  ~~ demography: 10/16 in band  worst: m_5_15=0.0222(2.22x), frac_fatherless=0.0757(1.51x), band_med_adults=14(0.50x), realised_ibi_med=31(0.90x)
[ 1300/15000] pop=  3660 bd= 116 bigbd=18(med91.5) strat=0.0% giniC=0.521 dyn:eff=220.3 top=0.014 nlin=455 lpb=17.46/dom=0.218 mRSg=0.622 set=48(mx110,prim1.01) con=299.0 inst=45 ldT=0.265 | asc=0.004 gumsa=0.086 tenure=5.2y levy=7463256.1 resent(mean/max)=0.0/0.0 revs=149 | 9.1m eta96m
  !! SPATIAL: PACKED AND SPARSE AT ONCE (local 0.134 > 0.091 > regional 0.0230 /km2) on 17.2% of the land; band commands 233 km2, inside its own 314 km2 catchment (Vita-Finzi & Higgs) -- the population is NOT food-limited, it is failing to disperse; any carrying-capacity reading of this run is void
  ~~ demography: 10/16 in band  worst: m_5_15=0.0221(2.21x), frac_fatherless=0.0853(1.71x), band_med_adults=13(0.46x), realised_ibi_med=31(0.90x)
[ 1325/15000] pop=  3651 bd= 117 bigbd=17(med91) strat=0.0% giniC=0.527 dyn:eff=214.2 top=0.015 nlin=445 lpb=17.21/dom=0.22 mRSg=0.616 set=49(mx109,prim1.05) con=350.0 inst=41 ldT=0.235 | asc=0.002 gumsa=0.051 tenure=5.2y levy=9192265.1 resent(mean/max)=0.0/0.0 revs=149 | 9.3m eta96m
  !! SPATIAL: PACKED AND SPARSE AT ONCE (local 0.140 > 0.091 > regional 0.0231 /km2) on 16.5% of the land; band commands 229 km2, inside its own 314 km2 catchment (Vita-Finzi & Higgs) -- the population is NOT food-limited, it is failing to disperse; any carrying-capacity reading of this run is void
  ~~ demography: 10/16 in band  worst: m_5_15=0.0222(2.22x), frac_fatherless=0.0833(1.67x), band_med_adults=13(0.46x), realised_ibi_med=31(0.90x)
[ 1350/15000] pop=  3656 bd= 114 bigbd=18(med89.5) strat=0.0% giniC=0.529 dyn:eff=210.9 top=0.015 nlin=435 lpb=17.34/dom=0.22 mRSg=0.61 set=48(mx123,prim1.26) con=356.0 inst=35 ldT=0.346 | asc=0.009 gumsa=0.149 tenure=5.2y levy=8695362.9 resent(mean/max)=0.0/0.0 revs=149 | 9.5m eta96m
  !! SPATIAL: PACKED AND SPARSE AT ONCE (local 0.138 > 0.091 > regional 0.0230 /km2) on 16.7% of the land; band commands 230 km2, inside its own 314 km2 catchment (Vita-Finzi & Higgs) -- the population is NOT food-limited, it is failing to disperse; any carrying-capacity reading of this run is void
  ~~ demography: 10/16 in band  worst: m_5_15=0.0223(2.23x), frac_fatherless=0.0952(1.90x), band_med_adults=13(0.46x), realised_ibi_med=31(0.90x)
[ 1375/15000] pop=  3636 bd= 115 bigbd=19(med88) strat=0.0% giniC=0.537 dyn:eff=204.7 top=0.016 nlin=429 lpb=17.11/dom=0.234 mRSg=0.607 set=47(mx106,prim1.04) con=395.0 inst=36 ldT=0.303 | asc=0.006 gumsa=0.113 tenure=5.2y levy=8278517.6 resent(mean/max)=0.0/0.0 revs=151 | 9.7m eta96m
  !! SPATIAL: PACKED AND SPARSE AT ONCE (local 0.138 > 0.091 > regional 0.0227 /km2) on 16.4% of the land; band commands 217 km2, inside its own 314 km2 catchment (Vita-Finzi & Higgs) -- the population is NOT food-limited, it is failing to disperse; any carrying-capacity reading of this run is void
  ~~ demography: 10/16 in band  worst: m_5_15=0.0224(2.24x), frac_fatherless=0.0949(1.90x), band_med_adults=12(0.43x), realised_ibi_med=31(0.90x)
[ 1400/15000] pop=  3599 bd= 120 bigbd=19(med77) strat=0.0% giniC=0.537 dyn:eff=202.3 top=0.015 nlin=419 lpb=16.61/dom=0.221 mRSg=0.605 set=48(mx109,prim1.07) con=389.0 inst=43 ldT=0.29 | asc=0.008 gumsa=0.133 tenure=5.2y levy=8615472.4 resent(mean/max)=0.0/0.0 revs=152 | 9.9m eta96m
  !! SPATIAL: PACKED AND SPARSE AT ONCE (local 0.130 > 0.091 > regional 0.0224 /km2) on 17.2% of the land; band commands 231 km2, inside its own 314 km2 catchment (Vita-Finzi & Higgs) -- the population is NOT food-limited, it is failing to disperse; any carrying-capacity reading of this run is void
  ~~ demography: 10/16 in band  worst: m_5_15=0.0226(2.26x), frac_fatherless=0.09(1.80x), band_med_adults=12(0.43x), realised_ibi_med=31(0.90x)
[ 1425/15000] pop=  3542 bd= 118 bigbd=16(med87.0) strat=0.0% giniC=0.547 dyn:eff=202.1 top=0.014 nlin=412 lpb=16.55/dom=0.224 mRSg=0.601 set=47(mx112,prim1.17) con=359.5 inst=39 ldT=0.291 | asc=0.007 gumsa=0.136 tenure=5.2y levy=10313304.9 resent(mean/max)=0.0/0.0 revs=153 | 10.1m eta96m
  !! SPATIAL: PACKED AND SPARSE AT ONCE (local 0.146 > 0.091 > regional 0.0228 /km2) on 15.6% of the land; band commands 209 km2, inside its own 314 km2 catchment (Vita-Finzi & Higgs) -- the population is NOT food-limited, it is failing to disperse; any carrying-capacity reading of this run is void
  ~~ demography: 11/16 in band  worst: m_5_15=0.0226(2.26x), band_med_adults=12(0.43x), realised_ibi_med=31(0.90x), realised_tfr=4.56(0.97x)
[ 1450/15000] pop=  3610 bd= 118 bigbd=17(med80) strat=0.0% giniC=0.553 dyn:eff=198.7 top=0.014 nlin=409 lpb=16.42/dom=0.233 mRSg=0.596 set=46(mx112,prim1.24) con=416.0 inst=49 ldT=0.144 | asc=0.004 gumsa=0.076 tenure=5.2y levy=16134713.1 resent(mean/max)=0.0/0.0 revs=156 | 10.3m eta96m
  !! SPATIAL: PACKED AND SPARSE AT ONCE (local 0.138 > 0.091 > regional 0.0232 /km2) on 16.8% of the land; band commands 222 km2, inside its own 314 km2 catchment (Vita-Finzi & Higgs) -- the population is NOT food-limited, it is failing to disperse; any carrying-capacity reading of this run is void
  ~~ demography: 11/16 in band  worst: m_5_15=0.0225(2.25x), band_med_adults=12(0.43x), realised_ibi_med=32(0.93x), realised_tfr=4.56(0.97x)
[ 1475/15000] pop=  3673 bd= 120 bigbd=16(med87.0) strat=0.0% giniC=0.557 dyn:eff=192.7 top=0.015 nlin=404 lpb=16.44/dom=0.225 mRSg=0.593 set=49(mx121,prim1.12) con=414.0 inst=37 ldT=0.223 | asc=0.01 gumsa=0.175 tenure=5.2y levy=9164586.8 resent(mean/max)=0.0/0.0 revs=156 | 10.5m eta96m
  !! SPATIAL: PACKED AND SPARSE AT ONCE (local 0.137 > 0.091 > regional 0.0229 /km2) on 16.7% of the land; band commands 230 km2, inside its own 314 km2 catchment (Vita-Finzi & Higgs) -- the population is NOT food-limited, it is failing to disperse; any carrying-capacity reading of this run is void
  ~~ demography: 10/16 in band  worst: m_5_15=0.0226(2.26x), frac_fatherless=0.0801(1.60x), band_med_adults=12(0.43x), realised_ibi_med=32(0.93x)
[ 1500/15000] pop=  3629 bd= 115 bigbd=18(med78.0) strat=0.0% giniC=0.562 dyn:eff=190.0 top=0.016 nlin=396 lpb=16.88/dom=0.224 mRSg=0.596 set=45(mx113,prim1.06) con=527.5 inst=43 ldT=0.279 | asc=0.009 gumsa=0.174 tenure=5.2y levy=11043493.0 resent(mean/max)=0.0/0.0 revs=156 | 10.7m eta96m
  !! SPATIAL: PACKED AND SPARSE AT ONCE (local 0.152 > 0.091 > regional 0.0234 /km2) on 15.3% of the land; band commands 215 km2, inside its own 314 km2 catchment (Vita-Finzi & Higgs) -- the population is NOT food-limited, it is failing to disperse; any carrying-capacity reading of this run is void
  ~~ demography: 10/16 in band  worst: m_5_15=0.0224(2.24x), band_med_adults=13(0.46x), frac_fatherless=0.0752(1.50x), realised_ibi_med=32(0.93x)
[ 1525/15000] pop=  3704 bd= 113 bigbd=19(med77) strat=0.0% giniC=0.563 dyn:eff=186.5 top=0.017 nlin=387 lpb=16.99/dom=0.236 mRSg=0.606 set=48(mx107,prim1.11) con=344.5 inst=48 ldT=0.234 | asc=0.007 gumsa=0.15 tenure=5.2y levy=15380371.6 resent(mean/max)=0.0/0.0 revs=156 | 10.9m eta96m
  !! SPATIAL: PACKED AND SPARSE AT ONCE (local 0.154 > 0.091 > regional 0.0233 /km2) on 15.1% of the land; band commands 208 km2, inside its own 314 km2 catchment (Vita-Finzi & Higgs) -- the population is NOT food-limited, it is failing to disperse; any carrying-capacity reading of this run is void
  ~~ demography: 10/16 in band  worst: m_5_15=0.0225(2.25x), frac_fatherless=0.0884(1.77x), band_med_adults=14(0.50x), realised_ibi_med=32(0.93x)
[ 1550/15000] pop=  3688 bd= 115 bigbd=20(med74.0) strat=0.0% giniC=0.565 dyn:eff=182.5 top=0.018 nlin=382 lpb=17.1/dom=0.222 mRSg=0.605 set=49(mx126,prim1.1) con=401.0 inst=33 ldT=0.313 | asc=0.009 gumsa=0.165 tenure=5.3y levy=12329983.3 resent(mean/max)=0.0/0.0 revs=157 | 11.1m eta96m
  !! SPATIAL: PACKED AND SPARSE AT ONCE (local 0.137 > 0.091 > regional 0.0232 /km2) on 16.9% of the land; band commands 248 km2, inside its own 314 km2 catchment (Vita-Finzi & Higgs) -- the population is NOT food-limited, it is failing to disperse; any carrying-capacity reading of this run is void
  ~~ demography: 11/16 in band  worst: m_5_15=0.0227(2.27x), frac_fatherless=0.076(1.52x), band_med_adults=14(0.50x), realised_ibi_med=32(0.93x)
[ 1575/15000] pop=  3674 bd= 108 bigbd=22(med72.5) strat=0.0% giniC=0.569 dyn:eff=181.0 top=0.016 nlin=375 lpb=17.64/dom=0.218 mRSg=0.595 set=48(mx113,prim1.14) con=560.0 inst=45 ldT=0.273 | asc=0.005 gumsa=0.13 tenure=5.3y levy=12622220.3 resent(mean/max)=0.0/0.0 revs=158 | 11.3m eta96m
  !! SPATIAL: PACKED AND SPARSE AT ONCE (local 0.141 > 0.091 > regional 0.0235 /km2) on 16.7% of the land; band commands 243 km2, inside its own 314 km2 catchment (Vita-Finzi & Higgs) -- the population is NOT food-limited, it is failing to disperse; any carrying-capacity reading of this run is void
  ~~ demography: 11/16 in band  worst: m_5_15=0.0226(2.26x), frac_fatherless=0.0772(1.54x), band_med_adults=13(0.46x), realised_ibi_med=32(0.93x)
[ 1600/15000] pop=  3726 bd= 109 bigbd=19(med82) strat=0.0% giniC=0.572 dyn:eff=179.4 top=0.017 nlin=372 lpb=17.58/dom=0.216 mRSg=0.597 set=50(mx126,prim1.27) con=566.0 inst=37 ldT=0.36 | asc=0.006 gumsa=0.11 tenure=5.3y levy=9106673.2 resent(mean/max)=0.0/0.0 revs=159 | 11.4m eta96m
  !! SPATIAL: PACKED AND SPARSE AT ONCE (local 0.148 > 0.091 > regional 0.0235 /km2) on 15.9% of the land; band commands 236 km2, inside its own 314 km2 catchment (Vita-Finzi & Higgs) -- the population is NOT food-limited, it is failing to disperse; any carrying-capacity reading of this run is void
  ~~ demography: 12/16 in band  worst: m_5_15=0.0228(2.28x), band_med_adults=13(0.46x), realised_ibi_med=32(0.93x), realised_tfr=4.55(0.97x)
[ 1625/15000] pop=  3723 bd= 107 bigbd=20(med77.0) strat=0.0% giniC=0.57 dyn:eff=177.9 top=0.017 nlin=359 lpb=17.4/dom=0.225 mRSg=0.59 set=48(mx114,prim1.28) con=517.0 inst=47 ldT=0.232 | asc=0.005 gumsa=0.093 tenure=5.3y levy=7289372.2 resent(mean/max)=0.0/0.0 revs=159 | 11.6m eta96m
  !! SPATIAL: PACKED AND SPARSE AT ONCE (local 0.132 > 0.091 > regional 0.0237 /km2) on 18.0% of the land; band commands 261 km2, inside its own 314 km2 catchment (Vita-Finzi & Higgs) -- the population is NOT food-limited, it is failing to disperse; any carrying-capacity reading of this run is void
  ~~ demography: 12/16 in band  worst: m_5_15=0.0227(2.27x), band_med_adults=13(0.46x), realised_ibi_med=32(0.93x), realised_tfr=4.55(0.97x)
[ 1650/15000] pop=  3757 bd= 109 bigbd=21(med74) strat=0.0% giniC=0.571 dyn:eff=173.2 top=0.016 nlin=352 lpb=17.07/dom=0.235 mRSg=0.588 set=50(mx106,prim1.02) con=525.0 inst=40 ldT=0.304 | asc=0.005 gumsa=0.128 tenure=5.3y levy=11080416.1 resent(mean/max)=0.0/0.0 revs=160 | 11.8m eta96m
  !! SPATIAL: PACKED AND SPARSE AT ONCE (local 0.149 > 0.091 > regional 0.0238 /km2) on 15.9% of the land; band commands 227 km2, inside its own 314 km2 catchment (Vita-Finzi & Higgs) -- the population is NOT food-limited, it is failing to disperse; any carrying-capacity reading of this run is void
  ~~ demography: 11/16 in band  worst: m_5_15=0.0228(2.28x), band_med_adults=12(0.43x), frac_fatherless=0.0775(1.55x), realised_ibi_med=32(0.93x)
[ 1675/15000] pop=  3763 bd= 111 bigbd=21(med77) strat=0.0% giniC=0.575 dyn:eff=170.3 top=0.016 nlin=349 lpb=16.77/dom=0.242 mRSg=0.589 set=52(mx103,prim1.04) con=631.5 inst=50 ldT=0.333 | asc=0.005 gumsa=0.126 tenure=5.4y levy=9623330.2 resent(mean/max)=0.0/0.0 revs=160 | 12.0m eta96m
  !! SPATIAL: PACKED AND SPARSE AT ONCE (local 0.134 > 0.091 > regional 0.0238 /km2) on 17.7% of the land; band commands 258 km2, inside its own 314 km2 catchment (Vita-Finzi & Higgs) -- the population is NOT food-limited, it is failing to disperse; any carrying-capacity reading of this run is void
  ~~ demography: 12/16 in band  worst: m_5_15=0.0228(2.28x), band_med_adults=12(0.43x), realised_ibi_med=32(0.93x), realised_tfr=4.54(0.97x)
[ 1700/15000] pop=  3767 bd= 109 bigbd=21(med86) strat=0.0% giniC=0.578 dyn:eff=170.4 top=0.015 nlin=344 lpb=16.68/dom=0.252 mRSg=0.59 set=49(mx116,prim1.05) con=668.0 inst=41 ldT=0.208 | asc=0.007 gumsa=0.119 tenure=5.4y levy=10588796.4 resent(mean/max)=0.0/0.0 revs=160 | 12.2m eta96m
  !! SPATIAL: PACKED AND SPARSE AT ONCE (local 0.142 > 0.091 > regional 0.0239 /km2) on 16.8% of the land; band commands 256 km2, inside its own 314 km2 catchment (Vita-Finzi & Higgs) -- the population is NOT food-limited, it is failing to disperse; any carrying-capacity reading of this run is void
  ~~ demography: 12/16 in band  worst: m_5_15=0.0228(2.28x), band_med_adults=15(0.53x), realised_ibi_med=32(0.93x), realised_tfr=4.55(0.97x)
[ 1725/15000] pop=  3784 bd= 104 bigbd=20(med81.5) strat=0.0% giniC=0.576 dyn:eff=164.9 top=0.016 nlin=337 lpb=17.61/dom=0.236 mRSg=0.596 set=50(mx110,prim1.03) con=597.0 inst=39 ldT=0.216 | asc=0.007 gumsa=0.115 tenure=5.4y levy=9216200.4 resent(mean/max)=0.0/0.0 revs=161 | 12.4m eta96m
  !! SPATIAL: PACKED AND SPARSE AT ONCE (local 0.149 > 0.091 > regional 0.0241 /km2) on 16.2% of the land; band commands 244 km2, inside its own 314 km2 catchment (Vita-Finzi & Higgs) -- the population is NOT food-limited, it is failing to disperse; any carrying-capacity reading of this run is void
  ~~ demography: 12/16 in band  worst: m_5_15=0.0229(2.29x), band_med_adults=14(0.50x), realised_ibi_med=32(0.93x), realised_tfr=4.54(0.97x)
[ 1750/15000] pop=  3825 bd= 105 bigbd=20(med87.0) strat=0.0% giniC=0.577 dyn:eff=164.9 top=0.015 nlin=336 lpb=17.7/dom=0.237 mRSg=0.602 set=50(mx135,prim1.24) con=557.0 inst=40 ldT=0.253 | asc=0.01 gumsa=0.171 tenure=5.4y levy=13507568.0 resent(mean/max)=0.0/0.0 revs=161 | 12.6m eta96m
  !! SPATIAL: PACKED AND SPARSE AT ONCE (local 0.151 > 0.091 > regional 0.0242 /km2) on 16.0% of the land; band commands 247 km2, inside its own 314 km2 catchment (Vita-Finzi & Higgs) -- the population is NOT food-limited, it is failing to disperse; any carrying-capacity reading of this run is void
  ~~ demography: 12/16 in band  worst: m_5_15=0.0229(2.29x), band_med_adults=14(0.50x), realised_ibi_med=32(0.93x), realised_tfr=4.54(0.97x)
[ 1775/15000] pop=  3832 bd= 103 bigbd=20(med86.5) strat=0.0% giniC=0.584 dyn:eff=161.9 top=0.015 nlin=330 lpb=17.83/dom=0.227 mRSg=0.605 set=52(mx120,prim1.14) con=501.0 inst=34 ldT=0.222 | asc=0.008 gumsa=0.165 tenure=5.4y levy=13556663.6 resent(mean/max)=0.0/0.0 revs=161 | 12.9m eta96m
  !! SPATIAL: PACKED AND SPARSE AT ONCE (local 0.141 > 0.091 > regional 0.0242 /km2) on 17.1% of the land; band commands 266 km2, inside its own 314 km2 catchment (Vita-Finzi & Higgs) -- the population is NOT food-limited, it is failing to disperse; any carrying-capacity reading of this run is void
  ~~ demography: 12/16 in band  worst: m_5_15=0.023(2.30x), band_med_adults=15(0.53x), realised_ibi_med=32(0.93x), realised_tfr=4.54(0.97x)
[ 1800/15000] pop=  3826 bd= 102 bigbd=20(med87.0) strat=0.0% giniC=0.589 dyn:eff=160.6 top=0.016 nlin=329 lpb=17.88/dom=0.226 mRSg=0.609 set=50(mx130,prim1.33) con=566.0 inst=40 ldT=0.276 | asc=0.012 gumsa=0.216 tenure=5.4y levy=10186507.3 resent(mean/max)=0.0/0.0 revs=162 | 13.1m eta96m
  !! SPATIAL: PACKED AND SPARSE AT ONCE (local 0.141 > 0.091 > regional 0.0239 /km2) on 16.9% of the land; band commands 282 km2, inside its own 314 km2 catchment (Vita-Finzi & Higgs) -- the population is NOT food-limited, it is failing to disperse; any carrying-capacity reading of this run is void
  ~~ demography: 11/16 in band  worst: m_5_15=0.0233(2.33x), frac_fatherless=0.0762(1.52x), band_med_adults=15(0.53x), realised_ibi_med=32(0.93x)
[ 1825/15000] pop=  3781 bd=  95 bigbd=19(med90) strat=0.0% giniC=0.591 dyn:eff=158.9 top=0.016 nlin=328 lpb=18.64/dom=0.223 mRSg=0.612 set=50(mx103,prim1.08) con=545.0 inst=39 ldT=0.356 | asc=0.01 gumsa=0.232 tenure=5.4y levy=11359470.7 resent(mean/max)=0.0/0.0 revs=163 | 13.3m eta96m
  !! SPATIAL: PACKED AND SPARSE AT ONCE (local 0.143 > 0.091 > regional 0.0240 /km2) on 16.9% of the land; band commands 264 km2, inside its own 314 km2 catchment (Vita-Finzi & Higgs) -- the population is NOT food-limited, it is failing to disperse; any carrying-capacity reading of this run is void
  ~~ demography: 12/16 in band  worst: m_5_15=0.0233(2.33x), band_med_adults=15(0.53x), realised_ibi_med=32(0.93x), realised_tfr=4.54(0.97x)
[ 1850/15000] pop=  3805 bd= 101 bigbd=20(med80.5) strat=0.0% giniC=0.59 dyn:eff=156.4 top=0.016 nlin=326 lpb=17.95/dom=0.224 mRSg=0.616 set=48(mx102,prim1.11) con=627.5 inst=43 ldT=0.315 | asc=0.01 gumsa=0.198 tenure=5.4y levy=14078024.5 resent(mean/max)=0.0/0.0 revs=163 | 13.5m eta96m
  !! SPATIAL: PACKED AND SPARSE AT ONCE (local 0.135 > 0.091 > regional 0.0238 /km2) on 17.7% of the land; band commands 275 km2, inside its own 314 km2 catchment (Vita-Finzi & Higgs) -- the population is NOT food-limited, it is failing to disperse; any carrying-capacity reading of this run is void
  ~~ demography: 12/16 in band  worst: m_5_15=0.0234(2.34x), band_med_adults=14(0.50x), realised_ibi_med=32(0.93x), realised_tfr=4.54(0.97x)
[ 1875/15000] pop=  3773 bd= 102 bigbd=20(med87.5) strat=0.0% giniC=0.598 dyn:eff=153.3 top=0.016 nlin=318 lpb=17.88/dom=0.223 mRSg=0.617 set=50(mx103,prim1.06) con=589.0 inst=40 ldT=0.359 | asc=0.013 gumsa=0.275 tenure=5.5y levy=13579233.4 resent(mean/max)=0.0/0.0 revs=163 | 13.7m eta96m
  !! SPATIAL: PACKED AND SPARSE AT ONCE (local 0.153 > 0.091 > regional 0.0235 /km2) on 15.4% of the land; band commands 235 km2, inside its own 314 km2 catchment (Vita-Finzi & Higgs) -- the population is NOT food-limited, it is failing to disperse; any carrying-capacity reading of this run is void
  ~~ demography: 11/16 in band  worst: m_5_15=0.0237(2.37x), frac_motherless=0.0303(1.51x), band_med_adults=14(0.50x), realised_ibi_med=32(0.93x)
[ 1900/15000] pop=  3722 bd= 104 bigbd=18(med89.0) strat=0.0% giniC=0.606 dyn:eff=151.5 top=0.018 nlin=310 lpb=17.2/dom=0.227 mRSg=0.613 set=52(mx112,prim1.13) con=635.0 inst=37 ldT=0.222 | asc=0.009 gumsa=0.173 tenure=5.5y levy=9686268.0 resent(mean/max)=0.0/0.0 revs=167 | 13.9m eta96m
  !! SPATIAL: PACKED AND SPARSE AT ONCE (local 0.155 > 0.091 > regional 0.0233 /km2) on 15.0% of the land; band commands 233 km2, inside its own 314 km2 catchment (Vita-Finzi & Higgs) -- the population is NOT food-limited, it is failing to disperse; any carrying-capacity reading of this run is void
  ~~ demography: 11/16 in band  worst: m_5_15=0.0237(2.37x), frac_fatherless=0.104(2.08x), band_med_adults=13.5(0.48x), realised_ibi_med=32(0.93x)
[ 1925/15000] pop=  3690 bd= 102 bigbd=19(med84) strat=0.0% giniC=0.608 dyn:eff=147.2 top=0.019 nlin=305 lpb=17.45/dom=0.235 mRSg=0.61 set=50(mx108,prim1.1) con=536.0 inst=40 ldT=0.277 | asc=0.009 gumsa=0.186 tenure=5.5y levy=11625373.4 resent(mean/max)=0.0/0.0 revs=169 | 14.1m eta96m
  !! SPATIAL: PACKED AND SPARSE AT ONCE (local 0.130 > 0.091 > regional 0.0232 /km2) on 17.8% of the land; band commands 274 km2, inside its own 314 km2 catchment (Vita-Finzi & Higgs) -- the population is NOT food-limited, it is failing to disperse; any carrying-capacity reading of this run is void
  ~~ demography: 11/16 in band  worst: m_5_15=0.0237(2.37x), frac_fatherless=0.113(2.26x), band_med_adults=13(0.46x), realised_ibi_med=32(0.93x)
[ 1950/15000] pop=  3678 bd= 103 bigbd=20(med81.5) strat=0.0% giniC=0.613 dyn:eff=145.3 top=0.019 nlin=302 lpb=17.28/dom=0.233 mRSg=0.608 set=49(mx118,prim1.12) con=758.5 inst=42 ldT=0.296 | asc=0.008 gumsa=0.126 tenure=5.5y levy=6644243.8 resent(mean/max)=0.0/0.0 revs=171 | 14.3m eta96m
  !! SPATIAL: PACKED AND SPARSE AT ONCE (local 0.139 > 0.091 > regional 0.0225 /km2) on 16.2% of the land; band commands 253 km2, inside its own 314 km2 catchment (Vita-Finzi & Higgs) -- the population is NOT food-limited, it is failing to disperse; any carrying-capacity reading of this run is void
  ~~ demography: 11/16 in band  worst: m_5_15=0.0239(2.39x), frac_fatherless=0.0937(1.87x), band_med_adults=14(0.50x), realised_ibi_med=32(0.93x)
[ 1975/15000] pop=  3558 bd= 101 bigbd=20(med72.0) strat=0.0% giniC=0.608 dyn:eff=141.4 top=0.021 nlin=297 lpb=17.07/dom=0.24 mRSg=0.607 set=48(mx104,prim1.13) con=695.0 inst=33 ldT=0.309 | asc=0.006 gumsa=0.119 tenure=5.5y levy=10596106.7 resent(mean/max)=0.0/0.0 revs=172 | 14.5m eta96m
  !! SPATIAL: PACKED AND SPARSE AT ONCE (local 0.146 > 0.091 > regional 0.0226 /km2) on 15.5% of the land; band commands 240 km2, inside its own 314 km2 catchment (Vita-Finzi & Higgs) -- the population is NOT food-limited, it is failing to disperse; any carrying-capacity reading of this run is void
  ~~ demography: 11/16 in band  worst: m_5_15=0.0239(2.39x), frac_fatherless=0.0821(1.64x), band_med_adults=13(0.46x), realised_ibi_med=32(0.93x)
[ 2000/15000] pop=  3587 bd= 102 bigbd=19(med75) strat=0.0% giniC=0.611 dyn:eff=141.2 top=0.021 nlin=295 lpb=17.07/dom=0.231 mRSg=0.603 set=47(mx112,prim1.07) con=483.0 inst=36 ldT=0.231 | asc=0.008 gumsa=0.127 tenure=5.5y levy=14699905.7 resent(mean/max)=0.0/0.0 revs=174 | 14.7m eta95m
  !! SPATIAL: PACKED AND SPARSE AT ONCE (local 0.136 > 0.091 > regional 0.0227 /km2) on 16.6% of the land; band commands 258 km2, inside its own 314 km2 catchment (Vita-Finzi & Higgs) -- the population is NOT food-limited, it is failing to disperse; any carrying-capacity reading of this run is void
  ~~ demography: 11/16 in band  worst: m_5_15=0.0239(2.39x), frac_fatherless=0.0783(1.57x), band_med_adults=13(0.46x), realised_ibi_med=32(0.93x)
[ 2025/15000] pop=  3588 bd= 102 bigbd=19(med80) strat=0.0% giniC=0.611 dyn:eff=138.4 top=0.021 nlin=290 lpb=17.32/dom=0.235 mRSg=0.602 set=47(mx107,prim1.18) con=538.0 inst=43 ldT=0.316 | asc=0.009 gumsa=0.167 tenure=5.5y levy=11728298.6 resent(mean/max)=0.0/0.0 revs=176 | 14.8m eta95m
  !! SPATIAL: PACKED AND SPARSE AT ONCE (local 0.139 > 0.091 > regional 0.0228 /km2) on 16.4% of the land; band commands 245 km2, inside its own 314 km2 catchment (Vita-Finzi & Higgs) -- the population is NOT food-limited, it is failing to disperse; any carrying-capacity reading of this run is void
  ~~ demography: 12/16 in band  worst: m_5_15=0.0239(2.39x), band_med_adults=13(0.46x), realised_ibi_med=32(0.93x), realised_tfr=4.52(0.96x)
[ 2050/15000] pop=  3607 bd= 106 bigbd=19(med83) strat=0.0% giniC=0.611 dyn:eff=136.0 top=0.022 nlin=285 lpb=16.85/dom=0.237 mRSg=0.605 set=49(mx105,prim1.09) con=528.0 inst=42 ldT=0.351 | asc=0.007 gumsa=0.16 tenure=5.5y levy=10951977.9 resent(mean/max)=0.0/0.0 revs=178 | 15.0m eta95m
  !! SPATIAL: PACKED AND SPARSE AT ONCE (local 0.152 > 0.091 > regional 0.0230 /km2) on 15.1% of the land; band commands 237 km2, inside its own 314 km2 catchment (Vita-Finzi & Higgs) -- the population is NOT food-limited, it is failing to disperse; any carrying-capacity reading of this run is void
  ~~ demography: 12/16 in band  worst: m_5_15=0.024(2.40x), band_med_adults=13(0.46x), realised_ibi_med=32(0.93x), realised_tfr=4.53(0.97x)
[ 2075/15000] pop=  3642 bd= 101 bigbd=19(med86) strat=0.0% giniC=0.612 dyn:eff=134.2 top=0.022 nlin=285 lpb=17.6/dom=0.236 mRSg=0.605 set=50(mx132,prim1.2) con=502.0 inst=38 ldT=0.196 | asc=0.011 gumsa=0.218 tenure=5.5y levy=11750238.2 resent(mean/max)=0.0/0.0 revs=180 | 15.2m eta95m
  !! SPATIAL: PACKED AND SPARSE AT ONCE (local 0.153 > 0.091 > regional 0.0233 /km2) on 15.2% of the land; band commands 239 km2, inside its own 314 km2 catchment (Vita-Finzi & Higgs) -- the population is NOT food-limited, it is failing to disperse; any carrying-capacity reading of this run is void
  ~~ demography: 12/16 in band  worst: m_5_15=0.0239(2.39x), band_med_adults=13(0.46x), realised_ibi_med=32(0.93x), realised_tfr=4.53(0.97x)
[ 2100/15000] pop=  3690 bd= 101 bigbd=21(med85) strat=0.0% giniC=0.612 dyn:eff=132.1 top=0.024 nlin=279 lpb=17.72/dom=0.235 mRSg=0.604 set=51(mx120,prim1.18) con=486.0 inst=45 ldT=0.289 | asc=0.012 gumsa=0.218 tenure=5.5y levy=17318771.0 resent(mean/max)=0.0/0.0 revs=180 | 15.4m eta94m
  !! SPATIAL: PACKED AND SPARSE AT ONCE (local 0.156 > 0.091 > regional 0.0233 /km2) on 14.9% of the land; band commands 238 km2, inside its own 314 km2 catchment (Vita-Finzi & Higgs) -- the population is NOT food-limited, it is failing to disperse; any carrying-capacity reading of this run is void
  ~~ demography: 12/16 in band  worst: m_5_15=0.0239(2.39x), band_med_adults=13(0.46x), realised_ibi_med=32(0.93x), realised_tfr=4.54(0.97x)
[ 2125/15000] pop=  3693 bd=  99 bigbd=20(med89.5) strat=0.0% giniC=0.613 dyn:eff=130.6 top=0.024 nlin=277 lpb=17.51/dom=0.233 mRSg=0.601 set=49(mx116,prim1.02) con=530.0 inst=38 ldT=0.232 | asc=0.013 gumsa=0.283 tenure=5.5y levy=20534856.9 resent(mean/max)=0.0/0.0 revs=181 | 15.5m eta94m
  !! SPATIAL: PACKED AND SPARSE AT ONCE (local 0.151 > 0.091 > regional 0.0229 /km2) on 15.2% of the land; band commands 239 km2, inside its own 314 km2 catchment (Vita-Finzi & Higgs) -- the population is NOT food-limited, it is failing to disperse; any carrying-capacity reading of this run is void
  ~~ demography: 12/16 in band  worst: m_5_15=0.0242(2.42x), band_med_adults=12.5(0.44x), realised_ibi_med=32(0.93x), realised_tfr=4.54(0.97x)
[ 2150/15000] pop=  3634 bd= 101 bigbd=21(med86) strat=0.0% giniC=0.616 dyn:eff=128.1 top=0.024 nlin=272 lpb=17.02/dom=0.238 mRSg=0.6 set=48(mx113,prim1.2) con=407.0 inst=35 ldT=0.258 | asc=0.01 gumsa=0.238 tenure=5.5y levy=11721857.0 resent(mean/max)=0.0/0.0 revs=185 | 15.7m eta94m
  !! SPATIAL: PACKED AND SPARSE AT ONCE (local 0.154 > 0.091 > regional 0.0230 /km2) on 14.9% of the land; band commands 234 km2, inside its own 314 km2 catchment (Vita-Finzi & Higgs) -- the population is NOT food-limited, it is failing to disperse; any carrying-capacity reading of this run is void
  ~~ demography: 12/16 in band  worst: m_5_15=0.0242(2.42x), band_med_adults=13(0.46x), realised_ibi_med=32(0.93x), realised_tfr=4.54(0.97x)
[ 2175/15000] pop=  3636 bd= 101 bigbd=20(med79.5) strat=0.0% giniC=0.615 dyn:eff=124.1 top=0.025 nlin=267 lpb=17.06/dom=0.238 mRSg=0.6 set=49(mx104,prim1.2) con=420.0 inst=32 ldT=0.234 | asc=0.011 gumsa=0.257 tenure=5.6y levy=9430300.8 resent(mean/max)=0.0/0.0 revs=187 | 15.9m eta94m
  !! SPATIAL: PACKED AND SPARSE AT ONCE (local 0.142 > 0.091 > regional 0.0226 /km2) on 15.9% of the land; band commands 255 km2, inside its own 314 km2 catchment (Vita-Finzi & Higgs) -- the population is NOT food-limited, it is failing to disperse; any carrying-capacity reading of this run is void
  ~~ demography: 12/16 in band  worst: m_5_15=0.0243(2.43x), band_med_adults=13(0.46x), realised_ibi_med=32(0.93x), realised_tfr=4.54(0.97x)
[ 2200/15000] pop=  3575 bd=  99 bigbd=19(med82) strat=0.0% giniC=0.621 dyn:eff=122.8 top=0.023 nlin=263 lpb=16.86/dom=0.237 mRSg=0.604 set=47(mx102,prim1.03) con=475.0 inst=37 ldT=0.358 | asc=0.014 gumsa=0.293 tenure=5.6y levy=9232610.4 resent(mean/max)=0.0/0.0 revs=189 | 16.1m eta93m
  !! SPATIAL: PACKED AND SPARSE AT ONCE (local 0.150 > 0.091 > regional 0.0226 /km2) on 15.1% of the land; band commands 232 km2, inside its own 314 km2 catchment (Vita-Finzi & Higgs) -- the population is NOT food-limited, it is failing to disperse; any carrying-capacity reading of this run is void
  ~~ demography: 11/16 in band  worst: m_5_15=0.0244(2.44x), band_med_adults=12(0.43x), frac_fatherless=0.0759(1.52x), realised_ibi_med=32(0.93x)
[ 2225/15000] pop=  3574 bd= 103 bigbd=18(med83.5) strat=0.0% giniC=0.621 dyn:eff=121.6 top=0.023 nlin=261 lpb=16.26/dom=0.248 mRSg=0.61 set=48(mx100,prim1.05) con=400.0 inst=36 ldT=0.312 | asc=0.011 gumsa=0.223 tenure=5.6y levy=7749517.0 resent(mean/max)=0.0/0.0 revs=190 | 16.2m eta93m
  !! SPATIAL: PACKED AND SPARSE AT ONCE (local 0.136 > 0.091 > regional 0.0223 /km2) on 16.5% of the land; band commands 264 km2, inside its own 314 km2 catchment (Vita-Finzi & Higgs) -- the population is NOT food-limited, it is failing to disperse; any carrying-capacity reading of this run is void
  ~~ demography: 11/16 in band  worst: m_5_15=0.0244(2.44x), frac_fatherless=0.0824(1.65x), band_med_adults=13(0.46x), realised_ibi_med=32(0.93x)
[ 2250/15000] pop=  3540 bd=  99 bigbd=18(med82.0) strat=0.0% giniC=0.62 dyn:eff=120.5 top=0.023 nlin=257 lpb=16.62/dom=0.242 mRSg=0.626 set=47(mx120,prim1.2) con=392.0 inst=40 ldT=0.208 | asc=0.01 gumsa=0.202 tenure=5.6y levy=7569287.8 resent(mean/max)=0.0/0.0 revs=191 | 16.4m eta93m
  !! SPATIAL: PACKED AND SPARSE AT ONCE (local 0.137 > 0.091 > regional 0.0218 /km2) on 16.0% of the land; band commands 261 km2, inside its own 314 km2 catchment (Vita-Finzi & Higgs) -- the population is NOT food-limited, it is failing to disperse; any carrying-capacity reading of this run is void
  ~~ demography: 11/16 in band  worst: m_5_15=0.0246(2.46x), frac_fatherless=0.112(2.25x), band_med_adults=13(0.46x), realised_ibi_med=32(0.93x)
[ 2275/15000] pop=  3454 bd=  97 bigbd=16(med88.0) strat=0.0% giniC=0.621 dyn:eff=120.3 top=0.021 nlin=254 lpb=16.87/dom=0.246 mRSg=0.626 set=47(mx90,prim1.02) con=361.0 inst=42 ldT=0.363 | asc=0.009 gumsa=0.175 tenure=5.6y levy=8925196.6 resent(mean/max)=0.0/0.0 revs=192 | 16.5m eta92m
  !! SPATIAL: PACKED AND SPARSE AT ONCE (local 0.144 > 0.091 > regional 0.0216 /km2) on 15.0% of the land; band commands 247 km2, inside its own 314 km2 catchment (Vita-Finzi & Higgs) -- the population is NOT food-limited, it is failing to disperse; any carrying-capacity reading of this run is void
  ~~ demography: 11/16 in band  worst: m_5_15=0.0246(2.46x), frac_fatherless=0.0925(1.85x), band_med_adults=13(0.46x), realised_ibi_med=32(0.93x)
[ 2300/15000] pop=  3421 bd=  96 bigbd=17(med83) strat=0.0% giniC=0.615 dyn:eff=119.6 top=0.022 nlin=252 lpb=16.77/dom=0.239 mRSg=0.619 set=43(mx101,prim1.12) con=332.0 inst=37 ldT=0.301 | asc=0.01 gumsa=0.208 tenure=5.6y levy=10865725.4 resent(mean/max)=0.0/0.0 revs=194 | 16.7m eta92m
  !! SPATIAL: PACKED AND SPARSE AT ONCE (local 0.147 > 0.091 > regional 0.0217 /km2) on 14.8% of the land; band commands 228 km2, inside its own 314 km2 catchment (Vita-Finzi & Higgs) -- the population is NOT food-limited, it is failing to disperse; any carrying-capacity reading of this run is void
  ~~ demography: 11/16 in band  worst: m_5_15=0.0247(2.47x), frac_fatherless=0.0811(1.62x), band_med_adults=13(0.46x), realised_ibi_med=32(0.93x)
[ 2325/15000] pop=  3443 bd= 103 bigbd=20(med77.5) strat=0.0% giniC=0.611 dyn:eff=118.5 top=0.023 nlin=250 lpb=16.44/dom=0.224 mRSg=0.621 set=49(mx90,prim1.1) con=325.0 inst=34 ldT=0.323 | asc=0.009 gumsa=0.165 tenure=5.6y levy=9393557.5 resent(mean/max)=0.0/0.0 revs=194 | 16.9m eta92m
  !! SPATIAL: PACKED AND SPARSE AT ONCE (local 0.144 > 0.091 > regional 0.0216 /km2) on 15.0% of the land; band commands 237 km2, inside its own 314 km2 catchment (Vita-Finzi & Higgs) -- the population is NOT food-limited, it is failing to disperse; any carrying-capacity reading of this run is void
  ~~ demography: 12/16 in band  worst: m_5_15=0.0248(2.48x), band_med_adults=13(0.46x), realised_ibi_med=32(0.93x), realised_tfr=4.56(0.97x)
[ 2350/15000] pop=  3423 bd= 100 bigbd=19(med77) strat=0.0% giniC=0.611 dyn:eff=117.7 top=0.022 nlin=249 lpb=16.36/dom=0.235 mRSg=0.618 set=47(mx101,prim1.03) con=332.0 inst=42 ldT=0.135 | asc=0.01 gumsa=0.14 tenure=5.6y levy=13257292.7 resent(mean/max)=0.0/0.0 revs=195 | 17.0m eta92m
  !! SPATIAL: PACKED AND SPARSE AT ONCE (local 0.148 > 0.091 > regional 0.0216 /km2) on 14.6% of the land; band commands 236 km2, inside its own 314 km2 catchment (Vita-Finzi & Higgs) -- the population is NOT food-limited, it is failing to disperse; any carrying-capacity reading of this run is void
  ~~ demography: 11/16 in band  worst: m_5_15=0.0248(2.48x), frac_fatherless=0.077(1.54x), band_med_adults=13(0.46x), realised_ibi_med=32(0.93x)
[ 2375/15000] pop=  3426 bd=  98 bigbd=17(med80) strat=0.0% giniC=0.61 dyn:eff=117.2 top=0.022 nlin=248 lpb=16.71/dom=0.231 mRSg=0.61 set=49(mx107,prim1.08) con=339.5 inst=38 ldT=0.33 | asc=0.01 gumsa=0.153 tenure=5.6y levy=12758729.9 resent(mean/max)=0.0/0.0 revs=197 | 17.2m eta91m
  !! SPATIAL: PACKED AND SPARSE AT ONCE (local 0.156 > 0.091 > regional 0.0219 /km2) on 14.0% of the land; band commands 231 km2, inside its own 314 km2 catchment (Vita-Finzi & Higgs) -- the population is NOT food-limited, it is failing to disperse; any carrying-capacity reading of this run is void
  ~~ demography: 11/16 in band  worst: m_5_15=0.0248(2.48x), frac_fatherless=0.0859(1.72x), band_med_adults=13(0.46x), realised_ibi_med=32(0.93x)
[ 2400/15000] pop=  3462 bd=  96 bigbd=17(med85) strat=0.0% giniC=0.612 dyn:eff=117.3 top=0.022 nlin=246 lpb=16.64/dom=0.232 mRSg=0.606 set=46(mx116,prim1.17) con=384.0 inst=36 ldT=0.237 | asc=0.01 gumsa=0.219 tenure=5.6y levy=13075224.0 resent(mean/max)=0.0/0.0 revs=199 | 17.4m eta91m
  !! SPATIAL: PACKED AND SPARSE AT ONCE (local 0.152 > 0.091 > regional 0.0219 /km2) on 14.5% of the land; band commands 239 km2, inside its own 314 km2 catchment (Vita-Finzi & Higgs) -- the population is NOT food-limited, it is failing to disperse; any carrying-capacity reading of this run is void
  ~~ demography: 11/16 in band  worst: m_5_15=0.0249(2.49x), frac_fatherless=0.0777(1.55x), band_med_adults=13(0.46x), realised_ibi_med=32(0.93x)
[ 2425/15000] pop=  3470 bd=  96 bigbd=18(med83.0) strat=0.0% giniC=0.607 dyn:eff=114.9 top=0.021 nlin=243 lpb=16.56/dom=0.24 mRSg=0.603 set=44(mx100,prim1.0) con=356.5 inst=39 ldT=0.226 | asc=0.005 gumsa=0.073 tenure=5.6y levy=11604466.3 resent(mean/max)=0.0/0.0 revs=203 | 17.6m eta91m
  !! SPATIAL: PACKED AND SPARSE AT ONCE (local 0.159 > 0.091 > regional 0.0217 /km2) on 13.6% of the land; band commands 227 km2, inside its own 314 km2 catchment (Vita-Finzi & Higgs) -- the population is NOT food-limited, it is failing to disperse; any carrying-capacity reading of this run is void
  ~~ demography: 11/16 in band  worst: m_5_15=0.0249(2.49x), frac_fatherless=0.0803(1.61x), band_med_adults=14(0.50x), realised_ibi_med=31(0.90x)
[ 2450/15000] pop=  3439 bd=  95 bigbd=17(med75) strat=0.0% giniC=0.609 dyn:eff=115.2 top=0.02 nlin=239 lpb=16.63/dom=0.235 mRSg=0.607 set=43(mx112,prim1.29) con=419.5 inst=40 ldT=0.293 | asc=0.009 gumsa=0.147 tenure=5.6y levy=12959223.2 resent(mean/max)=0.0/0.0 revs=204 | 17.7m eta91m
  !! SPATIAL: PACKED AND SPARSE AT ONCE (local 0.149 > 0.091 > regional 0.0217 /km2) on 14.6% of the land; band commands 243 km2, inside its own 314 km2 catchment (Vita-Finzi & Higgs) -- the population is NOT food-limited, it is failing to disperse; any carrying-capacity reading of this run is void
  ~~ demography: 11/16 in band  worst: m_5_15=0.025(2.50x), band_med_adults=13(0.46x), frac_fatherless=0.0761(1.52x), realised_ibi_med=31(0.90x)
[ 2475/15000] pop=  3431 bd=  95 bigbd=17(med83) strat=0.0% giniC=0.612 dyn:eff=115.6 top=0.02 nlin=237 lpb=16.53/dom=0.235 mRSg=0.612 set=43(mx102,prim1.12) con=475.0 inst=28 ldT=0.231 | asc=0.01 gumsa=0.189 tenure=5.6y levy=9599037.3 resent(mean/max)=0.0/0.0 revs=206 | 17.9m eta90m
  !! SPATIAL: PACKED AND SPARSE AT ONCE (local 0.150 > 0.091 > regional 0.0220 /km2) on 14.6% of the land; band commands 249 km2, inside its own 314 km2 catchment (Vita-Finzi & Higgs) -- the population is NOT food-limited, it is failing to disperse; any carrying-capacity reading of this run is void
  ~~ demography: 12/16 in band  worst: m_5_15=0.0249(2.49x), band_med_adults=13(0.46x), realised_ibi_med=31(0.90x), realised_tfr=4.58(0.98x)
[ 2500/15000] pop=  3487 bd=  93 bigbd=19(med84) strat=0.0% giniC=0.613 dyn:eff=113.8 top=0.02 nlin=234 lpb=16.73/dom=0.243 mRSg=0.611 set=42(mx109,prim1.22) con=381.0 inst=27 ldT=0.183 | asc=0.009 gumsa=0.14 tenure=5.6y levy=7767181.0 resent(mean/max)=0.0/0.0 revs=208 | 18.0m eta90m
  !! SPATIAL: PACKED AND SPARSE AT ONCE (local 0.152 > 0.091 > regional 0.0221 /km2) on 14.6% of the land; band commands 248 km2, inside its own 314 km2 catchment (Vita-Finzi & Higgs) -- the population is NOT food-limited, it is failing to disperse; any carrying-capacity reading of this run is void
  ~~ demography: 11/16 in band  worst: m_5_15=0.0249(2.49x), frac_fatherless=0.0889(1.78x), band_med_adults=14(0.50x), realised_ibi_med=31(0.90x)
[ 2525/15000] pop=  3500 bd=  93 bigbd=18(med88.5) strat=0.0% giniC=0.611 dyn:eff=111.2 top=0.021 nlin=232 lpb=16.63/dom=0.242 mRSg=0.61 set=46(mx92,prim1.01) con=417.0 inst=38 ldT=0.326 | asc=0.008 gumsa=0.097 tenure=5.7y levy=9008407.5 resent(mean/max)=0.0/0.0 revs=210 | 18.2m eta90m
  !! SPATIAL: PACKED AND SPARSE AT ONCE (local 0.141 > 0.091 > regional 0.0224 /km2) on 15.8% of the land; band commands 267 km2, inside its own 314 km2 catchment (Vita-Finzi & Higgs) -- the population is NOT food-limited, it is failing to disperse; any carrying-capacity reading of this run is void
  ~~ demography: 11/16 in band  worst: m_5_15=0.0248(2.48x), frac_fatherless=0.0804(1.61x), band_med_adults=14(0.50x), realised_ibi_med=31(0.90x)
[ 2550/15000] pop=  3543 bd=  94 bigbd=18(med93.0) strat=0.0% giniC=0.609 dyn:eff=111.6 top=0.02 nlin=232 lpb=16.74/dom=0.243 mRSg=0.605 set=46(mx120,prim1.28) con=406.5 inst=27 ldT=0.256 | asc=0.003 gumsa=0.032 tenure=5.7y levy=7216570.1 resent(mean/max)=0.0/0.0 revs=212 | 18.3m eta89m
  !! SPATIAL: PACKED AND SPARSE AT ONCE (local 0.146 > 0.091 > regional 0.0221 /km2) on 15.1% of the land; band commands 260 km2, inside its own 314 km2 catchment (Vita-Finzi & Higgs) -- the population is NOT food-limited, it is failing to disperse; any carrying-capacity reading of this run is void
  ~~ demography: 11/16 in band  worst: m_5_15=0.0249(2.49x), frac_fatherless=0.081(1.62x), band_med_adults=13(0.46x), realised_ibi_med=32(0.93x)
[ 2575/15000] pop=  3500 bd=  92 bigbd=17(med100) strat=0.0% giniC=0.61 dyn:eff=110.7 top=0.022 nlin=229 lpb=16.86/dom=0.24 mRSg=0.603 set=46(mx104,prim1.02) con=407.5 inst=30 ldT=0.224 | asc=0.005 gumsa=0.065 tenure=5.7y levy=9581797.7 resent(mean/max)=0.0/0.0 revs=212 | 18.5m eta89m
  !! SPATIAL: PACKED AND SPARSE AT ONCE (local 0.148 > 0.091 > regional 0.0222 /km2) on 15.0% of the land; band commands 242 km2, inside its own 314 km2 catchment (Vita-Finzi & Higgs) -- the population is NOT food-limited, it is failing to disperse; any carrying-capacity reading of this run is void
  ~~ demography: 12/16 in band  worst: m_5_15=0.025(2.50x), band_med_adults=12(0.43x), realised_ibi_med=32(0.93x), realised_tfr=4.58(0.98x)
[ 2600/15000] pop=  3509 bd=  98 bigbd=16(med93.5) strat=0.0% giniC=0.614 dyn:eff=109.1 top=0.023 nlin=227 lpb=16.22/dom=0.242 mRSg=0.597 set=49(mx98,prim1.04) con=486.0 inst=38 ldT=0.302 | asc=0.005 gumsa=0.082 tenure=5.7y levy=7681175.1 resent(mean/max)=0.0/0.0 revs=213 | 18.6m eta89m
  !! SPATIAL: PACKED AND SPARSE AT ONCE (local 0.139 > 0.091 > regional 0.0222 /km2) on 16.0% of the land; band commands 256 km2, inside its own 314 km2 catchment (Vita-Finzi & Higgs) -- the population is NOT food-limited, it is failing to disperse; any carrying-capacity reading of this run is void
  ~~ demography: 12/16 in band  worst: m_5_15=0.025(2.50x), band_med_adults=12(0.43x), realised_ibi_med=31(0.90x), realised_tfr=4.58(0.98x)
[ 2625/15000] pop=  3513 bd=  99 bigbd=15(med96) strat=0.0% giniC=0.614 dyn:eff=107.7 top=0.022 nlin=220 lpb=15.83/dom=0.252 mRSg=0.602 set=46(mx111,prim1.14) con=518.0 inst=29 ldT=0.211 | asc=0.005 gumsa=0.061 tenure=5.7y levy=13581039.7 resent(mean/max)=0.0/0.0 revs=214 | 18.8m eta89m
  !! SPATIAL: PACKED AND SPARSE AT ONCE (local 0.146 > 0.091 > regional 0.0223 /km2) on 15.3% of the land; band commands 249 km2, inside its own 314 km2 catchment (Vita-Finzi & Higgs) -- the population is NOT food-limited, it is failing to disperse; any carrying-capacity reading of this run is void
  ~~ demography: 11/16 in band  worst: m_5_15=0.0251(2.51x), band_med_adults=13(0.46x), frac_fatherless=0.0763(1.53x), realised_ibi_med=31(0.90x)
[ 2650/15000] pop=  3537 bd=  97 bigbd=15(med96) strat=0.0% giniC=0.61 dyn:eff=106.2 top=0.021 nlin=217 lpb=15.93/dom=0.251 mRSg=0.598 set=49(mx103,prim1.03) con=630.0 inst=27 ldT=0.274 | asc=0.012 gumsa=0.175 tenure=5.7y levy=13985135.0 resent(mean/max)=0.0/0.0 revs=214 | 19.1m eta89m
  !! SPATIAL: PACKED AND SPARSE AT ONCE (local 0.149 > 0.091 > regional 0.0220 /km2) on 14.8% of the land; band commands 254 km2, inside its own 314 km2 catchment (Vita-Finzi & Higgs) -- the population is NOT food-limited, it is failing to disperse; any carrying-capacity reading of this run is void
  ~~ demography: 11/16 in band  worst: m_5_15=0.0252(2.52x), frac_fatherless=0.11(2.19x), band_med_adults=13(0.46x), realised_ibi_med=31(0.90x)
[ 2675/15000] pop=  3477 bd=  92 bigbd=15(med87) strat=0.0% giniC=0.617 dyn:eff=104.5 top=0.023 nlin=216 lpb=16.53/dom=0.242 mRSg=0.595 set=52(mx104,prim1.06) con=541.5 inst=37 ldT=0.267 | asc=0.01 gumsa=0.152 tenure=5.7y levy=9645835.8 resent(mean/max)=0.0/0.0 revs=216 | 19.3m eta89m
  !! SPATIAL: PACKED AND SPARSE AT ONCE (local 0.142 > 0.091 > regional 0.0219 /km2) on 15.4% of the land; band commands 271 km2, inside its own 314 km2 catchment (Vita-Finzi & Higgs) -- the population is NOT food-limited, it is failing to disperse; any carrying-capacity reading of this run is void
  ~~ demography: 11/16 in band  worst: m_5_15=0.0252(2.52x), frac_fatherless=0.0956(1.91x), band_med_adults=14(0.50x), realised_ibi_med=31(0.90x)
[ 2700/15000] pop=  3469 bd=  90 bigbd=15(med85) strat=0.0% giniC=0.619 dyn:eff=102.0 top=0.026 nlin=212 lpb=17.06/dom=0.232 mRSg=0.599 set=49(mx107,prim1.05) con=464.0 inst=33 ldT=0.209 | asc=0.014 gumsa=0.178 tenure=5.7y levy=11990663.9 resent(mean/max)=0.0/0.0 revs=217 | 19.5m eta89m
  !! SPATIAL: PACKED AND SPARSE AT ONCE (local 0.152 > 0.091 > regional 0.0224 /km2) on 14.8% of the land; band commands 257 km2, inside its own 314 km2 catchment (Vita-Finzi & Higgs) -- the population is NOT food-limited, it is failing to disperse; any carrying-capacity reading of this run is void
  ~~ demography: 11/16 in band  worst: m_5_15=0.025(2.50x), frac_fatherless=0.0929(1.86x), band_med_adults=13(0.46x), realised_ibi_med=32(0.93x)
[ 2725/15000] pop=  3555 bd=  91 bigbd=16(med96.0) strat=0.0% giniC=0.616 dyn:eff=100.0 top=0.026 nlin=209 lpb=16.79/dom=0.238 mRSg=0.591 set=51(mx124,prim1.14) con=480.0 inst=37 ldT=0.258 | asc=0.01 gumsa=0.154 tenure=5.7y levy=14212019.0 resent(mean/max)=0.0/0.0 revs=219 | 19.7m eta89m
  !! SPATIAL: PACKED AND SPARSE AT ONCE (local 0.147 > 0.091 > regional 0.0222 /km2) on 15.1% of the land; band commands 275 km2, inside its own 314 km2 catchment (Vita-Finzi & Higgs) -- the population is NOT food-limited, it is failing to disperse; any carrying-capacity reading of this run is void
  ~~ demography: 11/16 in band  worst: m_5_15=0.0251(2.51x), frac_fatherless=0.0814(1.63x), band_med_adults=14(0.50x), realised_ibi_med=32(0.93x)
[ 2750/15000] pop=  3510 bd=  87 bigbd=13(med114) strat=0.0% giniC=0.62 dyn:eff=98.6 top=0.028 nlin=206 lpb=16.74/dom=0.25 mRSg=0.595 set=50(mx131,prim1.19) con=477.5 inst=35 ldT=0.287 | asc=0.011 gumsa=0.161 tenure=5.8y levy=13799877.4 resent(mean/max)=0.0/0.0 revs=220 | 19.8m eta88m
  !! SPATIAL: PACKED AND SPARSE AT ONCE (local 0.143 > 0.091 > regional 0.0223 /km2) on 15.6% of the land; band commands 281 km2, inside its own 314 km2 catchment (Vita-Finzi & Higgs) -- the population is NOT food-limited, it is failing to disperse; any carrying-capacity reading of this run is void
  ~~ demography: 11/16 in band  worst: m_5_15=0.0251(2.51x), frac_fatherless=0.0807(1.61x), band_med_adults=14(0.50x), realised_ibi_med=31(0.90x)
[ 2775/15000] pop=  3537 bd=  88 bigbd=14(med111.0) strat=0.0% giniC=0.622 dyn:eff=97.2 top=0.028 nlin=204 lpb=17.09/dom=0.239 mRSg=0.599 set=48(mx113,prim1.08) con=496.5 inst=32 ldT=0.362 | asc=0.01 gumsa=0.136 tenure=5.8y levy=12318728.2 resent(mean/max)=0.0/0.0 revs=221 | 20.0m eta88m
  !! SPATIAL: PACKED AND SPARSE AT ONCE (local 0.147 > 0.091 > regional 0.0223 /km2) on 15.2% of the land; band commands 282 km2, inside its own 314 km2 catchment (Vita-Finzi & Higgs) -- the population is NOT food-limited, it is failing to disperse; any carrying-capacity reading of this run is void
  ~~ demography: 12/16 in band  worst: m_5_15=0.0252(2.52x), band_med_adults=15(0.53x), realised_ibi_med=31(0.90x), realised_tfr=4.59(0.98x)
[ 2800/15000] pop=  3533 bd=  85 bigbd=16(med109.5) strat=0.0% giniC=0.623 dyn:eff=96.8 top=0.03 nlin=204 lpb=17.39/dom=0.234 mRSg=0.598 set=50(mx109,prim1.01) con=511.0 inst=40 ldT=0.241 | asc=0.011 gumsa=0.188 tenure=5.8y levy=9178244.6 resent(mean/max)=0.0/0.0 revs=224 | 20.3m eta88m
  !! SPATIAL: PACKED AND SPARSE AT ONCE (local 0.147 > 0.091 > regional 0.0220 /km2) on 14.9% of the land; band commands 278 km2, inside its own 314 km2 catchment (Vita-Finzi & Higgs) -- the population is NOT food-limited, it is failing to disperse; any carrying-capacity reading of this run is void
  ~~ demography: 11/16 in band  worst: m_5_15=0.0253(2.53x), frac_fatherless=0.0776(1.55x), band_med_adults=14(0.50x), realised_ibi_med=31(0.90x)
[ 2825/15000] pop=  3477 bd=  85 bigbd=17(med105) strat=0.0% giniC=0.624 dyn:eff=94.9 top=0.031 nlin=201 lpb=17.07/dom=0.231 mRSg=0.599 set=49(mx117,prim1.15) con=424.0 inst=38 ldT=0.351 | asc=0.011 gumsa=0.224 tenure=5.8y levy=11813121.5 resent(mean/max)=0.0/0.0 revs=224 | 20.4m eta88m
  !! SPATIAL: PACKED AND SPARSE AT ONCE (local 0.156 > 0.091 > regional 0.0221 /km2) on 14.2% of the land; band commands 271 km2, inside its own 314 km2 catchment (Vita-Finzi & Higgs) -- the population is NOT food-limited, it is failing to disperse; any carrying-capacity reading of this run is void
  ~~ demography: 11/16 in band  worst: m_5_15=0.0252(2.52x), frac_fatherless=0.0795(1.59x), band_med_adults=14(0.50x), realised_ibi_med=31(0.90x)
[ 2850/15000] pop=  3502 bd=  83 bigbd=18(med101.5) strat=0.0% giniC=0.623 dyn:eff=94.2 top=0.031 nlin=200 lpb=17.2/dom=0.231 mRSg=0.596 set=48(mx115,prim1.42) con=367.5 inst=31 ldT=0.133 | asc=0.009 gumsa=0.217 tenure=5.8y levy=9128816.0 resent(mean/max)=0.0/0.0 revs=224 | 20.6m eta88m
  !! SPATIAL: PACKED AND SPARSE AT ONCE (local 0.147 > 0.091 > regional 0.0220 /km2) on 14.9% of the land; band commands 265 km2, inside its own 314 km2 catchment (Vita-Finzi & Higgs) -- the population is NOT food-limited, it is failing to disperse; any carrying-capacity reading of this run is void
  ~~ demography: 12/16 in band  worst: m_5_15=0.0252(2.52x), band_med_adults=13(0.46x), realised_ibi_med=31(0.90x), realised_tfr=4.59(0.98x)
[ 2875/15000] pop=  3479 bd=  89 bigbd=17(med111) strat=0.0% giniC=0.625 dyn:eff=92.0 top=0.033 nlin=197 lpb=16.65/dom=0.238 mRSg=0.6 set=49(mx113,prim1.2) con=509.0 inst=40 ldT=0.244 | asc=0.011 gumsa=0.191 tenure=5.8y levy=8034369.3 resent(mean/max)=0.0/0.0 revs=226 | 20.7m eta87m
  !! SPATIAL: PACKED AND SPARSE AT ONCE (local 0.146 > 0.091 > regional 0.0221 /km2) on 15.1% of the land; band commands 278 km2, inside its own 314 km2 catchment (Vita-Finzi & Higgs) -- the population is NOT food-limited, it is failing to disperse; any carrying-capacity reading of this run is void
  ~~ demography: 11/16 in band  worst: m_5_15=0.0252(2.52x), frac_fatherless=0.0887(1.77x), band_med_adults=13(0.46x), realised_ibi_med=31(0.90x)
[ 2900/15000] pop=  3495 bd=  86 bigbd=17(med115) strat=0.0% giniC=0.624 dyn:eff=89.5 top=0.034 nlin=196 lpb=16.97/dom=0.242 mRSg=0.605 set=48(mx137,prim1.3) con=392.0 inst=29 ldT=0.209 | asc=0.012 gumsa=0.209 tenure=5.8y levy=8329826.2 resent(mean/max)=0.0/0.0 revs=227 | 20.9m eta87m
  !! SPATIAL: PACKED AND SPARSE AT ONCE (local 0.150 > 0.091 > regional 0.0219 /km2) on 14.6% of the land; band commands 270 km2, inside its own 314 km2 catchment (Vita-Finzi & Higgs) -- the population is NOT food-limited, it is failing to disperse; any carrying-capacity reading of this run is void
  ~~ demography: 11/16 in band  worst: m_5_15=0.0253(2.53x), frac_fatherless=0.086(1.72x), band_med_adults=14(0.50x), realised_ibi_med=31(0.90x)
[ 2925/15000] pop=  3472 bd=  86 bigbd=18(med100.0) strat=0.0% giniC=0.624 dyn:eff=90.4 top=0.031 nlin=195 lpb=17.59/dom=0.229 mRSg=0.601 set=49(mx108,prim1.07) con=675.0 inst=36 ldT=0.272 | asc=0.016 gumsa=0.256 tenure=5.8y levy=11949742.7 resent(mean/max)=0.0/0.0 revs=230 | 21.1m eta87m
  !! SPATIAL: PACKED AND SPARSE AT ONCE (local 0.144 > 0.091 > regional 0.0220 /km2) on 15.3% of the land; band commands 295 km2, inside its own 314 km2 catchment (Vita-Finzi & Higgs) -- the population is NOT food-limited, it is failing to disperse; any carrying-capacity reading of this run is void
  ~~ demography: 12/16 in band  worst: m_5_15=0.0254(2.54x), band_med_adults=14.5(0.51x), realised_ibi_med=31(0.90x), realised_tfr=4.59(0.98x)
[ 2950/15000] pop=  3479 bd=  82 bigbd=17(med102) strat=0.0% giniC=0.62 dyn:eff=89.3 top=0.03 nlin=197 lpb=18.61/dom=0.225 mRSg=0.604 set=48(mx115,prim1.03) con=638.0 inst=35 ldT=0.253 | asc=0.014 gumsa=0.256 tenure=5.8y levy=10948852.0 resent(mean/max)=0.0/0.0 revs=232 | 21.3m eta87m
  !! SPATIAL: PACKED AND SPARSE AT ONCE (local 0.131 > 0.091 > regional 0.0221 /km2) on 16.9% of the land; band commands 307 km2, inside its own 314 km2 catchment (Vita-Finzi & Higgs) -- the population is NOT food-limited, it is failing to disperse; any carrying-capacity reading of this run is void
  ~~ demography: 12/16 in band  worst: m_5_15=0.0254(2.54x), band_med_adults=14(0.50x), realised_ibi_med=31(0.90x), realised_tfr=4.59(0.98x)
[ 2975/15000] pop=  3498 bd=  87 bigbd=17(med104) strat=0.0% giniC=0.619 dyn:eff=86.4 top=0.03 nlin=196 lpb=17.93/dom=0.24 mRSg=0.606 set=48(mx118,prim1.24) con=544.0 inst=32 ldT=0.291 | asc=0.013 gumsa=0.264 tenure=5.8y levy=16509422.2 resent(mean/max)=0.0/0.0 revs=233 | 21.4m eta87m
  !! SPATIAL: PACKED AND SPARSE AT ONCE (local 0.134 > 0.091 > regional 0.0215 /km2) on 16.1% of the land; band commands 290 km2, inside its own 314 km2 catchment (Vita-Finzi & Higgs) -- the population is NOT food-limited, it is failing to disperse; any carrying-capacity reading of this run is void
  ~~ demography: 11/16 in band  worst: m_5_15=0.0256(2.56x), frac_fatherless=0.0885(1.77x), band_med_adults=14(0.50x), realised_ibi_med=31(0.90x)
[ 3000/15000] pop=  3408 bd=  88 bigbd=18(med81.0) strat=0.0% giniC=0.618 dyn:eff=88.2 top=0.032 nlin=197 lpb=17.68/dom=0.22 mRSg=0.604 set=50(mx118,prim1.13) con=640.0 inst=27 ldT=0.329 | asc=0.014 gumsa=0.227 tenure=5.8y levy=13732006.1 resent(mean/max)=0.0/0.0 revs=235 | 21.6m eta86m
  !! SPATIAL: PACKED AND SPARSE AT ONCE (local 0.156 > 0.091 > regional 0.0211 /km2) on 13.6% of the land; band commands 262 km2, inside its own 314 km2 catchment (Vita-Finzi & Higgs) -- the population is NOT food-limited, it is failing to disperse; any carrying-capacity reading of this run is void
  ~~ demography: 11/16 in band  worst: m_5_15=0.0257(2.57x), frac_fatherless=0.0832(1.66x), band_med_adults=14.5(0.51x), realised_ibi_med=31(0.90x)
[ 3025/15000] pop=  3347 bd=  82 bigbd=18(med78.5) strat=0.0% giniC=0.618 dyn:eff=88.4 top=0.03 nlin=195 lpb=18.01/dom=0.223 mRSg=0.599 set=46(mx112,prim1.13) con=534.0 inst=39 ldT=0.287 | asc=0.013 gumsa=0.305 tenure=5.8y levy=8887198.0 resent(mean/max)=0.0/0.0 revs=236 | 21.8m eta86m
  !! SPATIAL: PACKED AND SPARSE AT ONCE (local 0.141 > 0.091 > regional 0.0211 /km2) on 15.0% of the land; band commands 293 km2, inside its own 314 km2 catchment (Vita-Finzi & Higgs) -- the population is NOT food-limited, it is failing to disperse; any carrying-capacity reading of this run is void
  ~~ demography: 12/16 in band  worst: m_5_15=0.0257(2.57x), band_med_adults=15(0.53x), realised_ibi_med=31(0.90x), realised_tfr=4.59(0.98x)
[ 3050/15000] pop=  3346 bd=  81 bigbd=19(med80) strat=0.0% giniC=0.615 dyn:eff=86.8 top=0.03 nlin=193 lpb=17.98/dom=0.233 mRSg=0.602 set=45(mx102,prim1.02) con=605.0 inst=38 ldT=0.203 | asc=0.012 gumsa=0.259 tenure=5.8y levy=9463735.0 resent(mean/max)=0.0/0.0 revs=240 | 21.9m eta86m
  !! SPATIAL: PACKED AND SPARSE AT ONCE (local 0.147 > 0.091 > regional 0.0216 /km2) on 14.7% of the land; band commands 284 km2, inside its own 314 km2 catchment (Vita-Finzi & Higgs) -- the population is NOT food-limited, it is failing to disperse; any carrying-capacity reading of this run is void
  ~~ demography: 12/16 in band  worst: m_5_15=0.0257(2.57x), band_med_adults=14.5(0.51x), realised_ibi_med=31(0.90x), realised_tfr=4.6(0.98x)
[ 3075/15000] pop=  3415 bd=  82 bigbd=19(med88) strat=0.0% giniC=0.616 dyn:eff=86.8 top=0.03 nlin=192 lpb=18.01/dom=0.233 mRSg=0.6 set=46(mx112,prim1.07) con=553.0 inst=32 ldT=0.291 | asc=0.011 gumsa=0.293 tenure=5.8y levy=8763174.1 resent(mean/max)=0.0/0.0 revs=242 | 22.1m eta86m
  !! SPATIAL: PACKED AND SPARSE AT ONCE (local 0.140 > 0.091 > regional 0.0217 /km2) on 15.5% of the land; band commands 292 km2, inside its own 314 km2 catchment (Vita-Finzi & Higgs) -- the population is NOT food-limited, it is failing to disperse; any carrying-capacity reading of this run is void
  ~~ demography: 12/16 in band  worst: m_5_15=0.0257(2.57x), band_med_adults=14(0.50x), realised_ibi_med=31(0.90x), realised_tfr=4.59(0.98x)
[ 3100/15000] pop=  3437 bd=  84 bigbd=19(med83) strat=0.0% giniC=0.617 dyn:eff=85.3 top=0.03 nlin=189 lpb=18.05/dom=0.226 mRSg=0.598 set=45(mx100,prim1.0) con=854.0 inst=27 ldT=0.286 | asc=0.012 gumsa=0.298 tenure=5.8y levy=6969469.3 resent(mean/max)=0.0/0.0 revs=243 | 22.3m eta85m
  !! SPATIAL: PACKED AND SPARSE AT ONCE (local 0.145 > 0.091 > regional 0.0218 /km2) on 15.0% of the land; band commands 290 km2, inside its own 314 km2 catchment (Vita-Finzi & Higgs) -- the population is NOT food-limited, it is failing to disperse; any carrying-capacity reading of this run is void
  ~~ demography: 12/16 in band  worst: m_5_15=0.0256(2.56x), band_med_adults=15(0.53x), realised_ibi_med=31(0.90x), realised_tfr=4.59(0.98x)
[ 3125/15000] pop=  3460 bd=  82 bigbd=18(med94.0) strat=0.0% giniC=0.611 dyn:eff=83.9 top=0.031 nlin=186 lpb=18.13/dom=0.227 mRSg=0.596 set=45(mx102,prim1.01) con=618.5 inst=23 ldT=0.232 | asc=0.013 gumsa=0.268 tenure=5.8y levy=9033335.1 resent(mean/max)=0.0/0.0 revs=244 | 22.4m eta85m
  !! SPATIAL: PACKED AND SPARSE AT ONCE (local 0.141 > 0.091 > regional 0.0214 /km2) on 15.2% of the land; band commands 286 km2, inside its own 314 km2 catchment (Vita-Finzi & Higgs) -- the population is NOT food-limited, it is failing to disperse; any carrying-capacity reading of this run is void
  ~~ demography: 11/16 in band  worst: m_5_15=0.0257(2.57x), frac_fatherless=0.0823(1.65x), band_med_adults=13.5(0.48x), realised_ibi_med=31(0.90x)
[ 3150/15000] pop=  3393 bd=  84 bigbd=18(med88.5) strat=0.0% giniC=0.611 dyn:eff=81.9 top=0.033 nlin=183 lpb=17.46/dom=0.233 mRSg=0.596 set=44(mx100,prim1.14) con=654.0 inst=30 ldT=0.275 | asc=0.011 gumsa=0.214 tenure=5.8y levy=8784677.5 resent(mean/max)=0.0/0.0 revs=246 | 22.6m eta85m
  !! SPATIAL: PACKED AND SPARSE AT ONCE (local 0.143 > 0.091 > regional 0.0213 /km2) on 14.8% of the land; band commands 270 km2, inside its own 314 km2 catchment (Vita-Finzi & Higgs) -- the population is NOT food-limited, it is failing to disperse; any carrying-capacity reading of this run is void
  ~~ demography: 11/16 in band  worst: m_5_15=0.0258(2.58x), frac_fatherless=0.0995(1.99x), band_med_adults=14(0.50x), realised_ibi_med=31(0.90x)
[ 3175/15000] pop=  3368 bd=  87 bigbd=18(med86.5) strat=0.0% giniC=0.612 dyn:eff=81.7 top=0.033 nlin=181 lpb=17.0/dom=0.228 mRSg=0.604 set=44(mx96,prim1.01) con=690.0 inst=29 ldT=0.333 | asc=0.007 gumsa=0.184 tenure=5.8y levy=7873460.5 resent(mean/max)=0.0/0.0 revs=250 | 22.8m eta85m
  !! SPATIAL: PACKED AND SPARSE AT ONCE (local 0.141 > 0.091 > regional 0.0216 /km2) on 15.3% of the land; band commands 279 km2, inside its own 314 km2 catchment (Vita-Finzi & Higgs) -- the population is NOT food-limited, it is failing to disperse; any carrying-capacity reading of this run is void
  ~~ demography: 11/16 in band  worst: m_5_15=0.0258(2.58x), frac_fatherless=0.0852(1.70x), band_med_adults=13(0.46x), realised_ibi_med=31(0.90x)
[ 3200/15000] pop=  3416 bd=  87 bigbd=18(med89.5) strat=0.0% giniC=0.613 dyn:eff=82.2 top=0.034 nlin=180 lpb=16.91/dom=0.232 mRSg=0.603 set=44(mx106,prim1.02) con=627.5 inst=32 ldT=0.235 | asc=0.011 gumsa=0.218 tenure=5.8y levy=8147696.2 resent(mean/max)=0.0/0.0 revs=251 | 23.0m eta85m
  !! SPATIAL: PACKED AND SPARSE AT ONCE (local 0.157 > 0.091 > regional 0.0217 /km2) on 13.9% of the land; band commands 256 km2, inside its own 314 km2 catchment (Vita-Finzi & Higgs) -- the population is NOT food-limited, it is failing to disperse; any carrying-capacity reading of this run is void
  ~~ demography: 12/16 in band  worst: m_5_15=0.0257(2.57x), band_med_adults=14(0.50x), realised_ibi_med=31(0.90x), realised_tfr=4.59(0.98x)
[ 3225/15000] pop=  3443 bd=  86 bigbd=18(med93.0) strat=0.0% giniC=0.612 dyn:eff=83.1 top=0.034 nlin=180 lpb=17.0/dom=0.238 mRSg=0.613 set=42(mx115,prim1.1) con=520.0 inst=35 ldT=0.153 | asc=0.01 gumsa=0.163 tenure=5.8y levy=10459060.1 resent(mean/max)=0.0/0.0 revs=253 | 23.2m eta85m
  !! SPATIAL: PACKED AND SPARSE AT ONCE (local 0.146 > 0.091 > regional 0.0221 /km2) on 15.2% of the land; band commands 267 km2, inside its own 314 km2 catchment (Vita-Finzi & Higgs) -- the population is NOT food-limited, it is failing to disperse; any carrying-capacity reading of this run is void
  ~~ demography: 12/16 in band  worst: m_5_15=0.0257(2.57x), band_med_adults=13.5(0.48x), realised_ibi_med=31(0.90x), realised_tfr=4.59(0.98x)
[ 3250/15000] pop=  3505 bd=  90 bigbd=18(med95.5) strat=0.0% giniC=0.613 dyn:eff=83.1 top=0.036 nlin=180 lpb=16.59/dom=0.238 mRSg=0.613 set=48(mx119,prim1.08) con=639.0 inst=49 ldT=0.271 | asc=0.008 gumsa=0.133 tenure=5.8y levy=11706192.9 resent(mean/max)=0.0/0.0 revs=255 | 23.3m eta84m
  !! SPATIAL: PACKED AND SPARSE AT ONCE (local 0.143 > 0.091 > regional 0.0221 /km2) on 15.5% of the land; band commands 288 km2, inside its own 314 km2 catchment (Vita-Finzi & Higgs) -- the population is NOT food-limited, it is failing to disperse; any carrying-capacity reading of this run is void
  ~~ demography: 10/16 in band  worst: m_5_15=0.0257(2.57x), frac_motherless=0.0073(0.36x), band_med_adults=14(0.50x), frac_fatherless=0.0751(1.50x)
[ 3275/15000] pop=  3500 bd=  85 bigbd=19(med89) strat=0.0% giniC=0.616 dyn:eff=85.0 top=0.033 nlin=177 lpb=17.18/dom=0.241 mRSg=0.615 set=47(mx115,prim1.02) con=568.0 inst=33 ldT=0.313 | asc=0.007 gumsa=0.129 tenure=5.9y levy=13079126.5 resent(mean/max)=0.0/0.0 revs=258 | 23.5m eta84m
  !! SPATIAL: PACKED AND SPARSE AT ONCE (local 0.147 > 0.091 > regional 0.0220 /km2) on 15.0% of the land; band commands 272 km2, inside its own 314 km2 catchment (Vita-Finzi & Higgs) -- the population is NOT food-limited, it is failing to disperse; any carrying-capacity reading of this run is void
  ~~ demography: 10/16 in band  worst: m_5_15=0.0257(2.57x), frac_motherless=0.0063(0.32x), band_med_adults=12(0.43x), frac_fatherless=0.0752(1.50x)
[ 3300/15000] pop=  3491 bd=  87 bigbd=18(med97.0) strat=0.0% giniC=0.613 dyn:eff=84.0 top=0.034 nlin=176 lpb=16.95/dom=0.244 mRSg=0.619 set=47(mx124,prim1.17) con=615.5 inst=32 ldT=0.253 | asc=0.007 gumsa=0.126 tenure=5.9y levy=8330988.2 resent(mean/max)=0.0/0.0 revs=261 | 23.6m eta84m
  !! SPATIAL: PACKED AND SPARSE AT ONCE (local 0.159 > 0.091 > regional 0.0220 /km2) on 13.8% of the land; band commands 255 km2, inside its own 314 km2 catchment (Vita-Finzi & Higgs) -- the population is NOT food-limited, it is failing to disperse; any carrying-capacity reading of this run is void
  ~~ demography: 11/16 in band  worst: m_5_15=0.0257(2.57x), frac_fatherless=0.0916(1.83x), band_med_adults=12(0.43x), realised_ibi_med=31(0.90x)
[ 3325/15000] pop=  3477 bd=  86 bigbd=17(med103) strat=0.0% giniC=0.614 dyn:eff=82.6 top=0.033 nlin=174 lpb=17.05/dom=0.239 mRSg=0.618 set=48(mx108,prim1.14) con=530.5 inst=40 ldT=0.177 | asc=0.007 gumsa=0.14 tenure=5.9y levy=13167937.9 resent(mean/max)=0.0/0.0 revs=261 | 23.8m eta84m
  !! SPATIAL: PACKED AND SPARSE AT ONCE (local 0.158 > 0.091 > regional 0.0218 /km2) on 13.8% of the land; band commands 260 km2, inside its own 314 km2 catchment (Vita-Finzi & Higgs) -- the population is NOT food-limited, it is failing to disperse; any carrying-capacity reading of this run is void
  ~~ demography: 11/16 in band  worst: m_5_15=0.0256(2.56x), frac_fatherless=0.0924(1.85x), band_med_adults=14(0.50x), realised_ibi_med=31(0.90x)
[ 3350/15000] pop=  3454 bd=  84 bigbd=19(med94) strat=0.0% giniC=0.618 dyn:eff=81.1 top=0.033 nlin=171 lpb=17.32/dom=0.244 mRSg=0.617 set=43(mx122,prim1.36) con=551.0 inst=43 ldT=0.278 | asc=0.007 gumsa=0.143 tenure=5.9y levy=13836516.8 resent(mean/max)=0.0/0.0 revs=261 | 24.0m eta83m
  !! SPATIAL: PACKED AND SPARSE AT ONCE (local 0.147 > 0.091 > regional 0.0214 /km2) on 14.6% of the land; band commands 278 km2, inside its own 314 km2 catchment (Vita-Finzi & Higgs) -- the population is NOT food-limited, it is failing to disperse; any carrying-capacity reading of this run is void
  ~~ demography: 11/16 in band  worst: m_5_15=0.0257(2.57x), frac_fatherless=0.0952(1.90x), band_med_adults=15(0.53x), realised_ibi_med=31(0.90x)
[ 3375/15000] pop=  3394 bd=  83 bigbd=18(med94.5) strat=0.0% giniC=0.627 dyn:eff=79.7 top=0.032 nlin=170 lpb=17.58/dom=0.237 mRSg=0.626 set=48(mx109,prim1.21) con=652.0 inst=36 ldT=0.216 | asc=0.011 gumsa=0.205 tenure=5.9y levy=9286264.5 resent(mean/max)=0.0/0.0 revs=262 | 24.1m eta83m
  !! SPATIAL: PACKED AND SPARSE AT ONCE (local 0.143 > 0.091 > regional 0.0209 /km2) on 14.6% of the land; band commands 282 km2, inside its own 314 km2 catchment (Vita-Finzi & Higgs) -- the population is NOT food-limited, it is failing to disperse; any carrying-capacity reading of this run is void
  ~~ demography: 11/16 in band  worst: m_5_15=0.0258(2.58x), frac_fatherless=0.111(2.22x), band_med_adults=14.5(0.51x), realised_ibi_med=31(0.90x)
[ 3400/15000] pop=  3313 bd=  82 bigbd=17(med92) strat=0.0% giniC=0.626 dyn:eff=80.0 top=0.031 nlin=170 lpb=17.7/dom=0.236 mRSg=0.62 set=47(mx99,prim1.08) con=560.0 inst=28 ldT=0.429 | asc=0.013 gumsa=0.244 tenure=5.9y levy=8695249.3 resent(mean/max)=0.0/0.0 revs=262 | 24.3m eta83m
  !! SPATIAL: PACKED AND SPARSE AT ONCE (local 0.143 > 0.091 > regional 0.0215 /km2) on 15.0% of the land; band commands 293 km2, inside its own 314 km2 catchment (Vita-Finzi & Higgs) -- the population is NOT food-limited, it is failing to disperse; any carrying-capacity reading of this run is void
  ~~ demography: 11/16 in band  worst: m_5_15=0.0257(2.57x), frac_fatherless=0.0924(1.85x), band_med_adults=16(0.57x), realised_ibi_med=31(0.90x)
[ 3425/15000] pop=  3399 bd=  81 bigbd=18(med95.0) strat=0.0% giniC=0.622 dyn:eff=80.0 top=0.031 nlin=170 lpb=18.4/dom=0.225 mRSg=0.617 set=46(mx99,prim1.06) con=627.0 inst=34 ldT=0.141 | asc=0.015 gumsa=0.309 tenure=5.9y levy=7310113.9 resent(mean/max)=0.0/0.0 revs=263 | 24.4m eta83m
  !! SPATIAL: PACKED AND SPARSE AT ONCE (local 0.147 > 0.091 > regional 0.0214 /km2) on 14.6% of the land; band commands 285 km2, inside its own 314 km2 catchment (Vita-Finzi & Higgs) -- the population is NOT food-limited, it is failing to disperse; any carrying-capacity reading of this run is void
  ~~ demography: 11/16 in band  worst: m_5_15=0.0258(2.58x), frac_fatherless=0.0756(1.51x), band_med_adults=16(0.57x), realised_ibi_med=31(0.90x)
[ 3450/15000] pop=  3390 bd=  81 bigbd=17(med93) strat=0.0% giniC=0.617 dyn:eff=79.6 top=0.032 nlin=170 lpb=17.75/dom=0.223 mRSg=0.615 set=47(mx102,prim1.21) con=512.5 inst=34 ldT=0.342 | asc=0.013 gumsa=0.284 tenure=5.9y levy=8859495.6 resent(mean/max)=0.0/0.0 revs=264 | 24.6m eta82m
  !! SPATIAL: PACKED AND SPARSE AT ONCE (local 0.148 > 0.091 > regional 0.0218 /km2) on 14.7% of the land; band commands 291 km2, inside its own 314 km2 catchment (Vita-Finzi & Higgs) -- the population is NOT food-limited, it is failing to disperse; any carrying-capacity reading of this run is void
  ~~ demography: 12/16 in band  worst: m_5_15=0.0257(2.57x), band_med_adults=15.5(0.55x), realised_ibi_med=31(0.90x), realised_tfr=4.59(0.98x)
[ 3475/15000] pop=  3455 bd=  80 bigbd=18(med91.0) strat=0.0% giniC=0.618 dyn:eff=80.0 top=0.032 nlin=169 lpb=17.8/dom=0.218 mRSg=0.606 set=44(mx103,prim1.03) con=574.0 inst=38 ldT=0.377 | asc=0.012 gumsa=0.2 tenure=5.9y levy=11121844.8 resent(mean/max)=0.0/0.0 revs=265 | 24.8m eta82m
  !! SPATIAL: PACKED AND SPARSE AT ONCE (local 0.143 > 0.091 > regional 0.0216 /km2) on 15.1% of the land; band commands 288 km2, inside its own 314 km2 catchment (Vita-Finzi & Higgs) -- the population is NOT food-limited, it is failing to disperse; any carrying-capacity reading of this run is void
  ~~ demography: 11/16 in band  worst: m_5_15=0.0257(2.57x), frac_fatherless=0.0762(1.52x), band_med_adults=14(0.50x), realised_ibi_med=31(0.90x)
[ 3500/15000] pop=  3427 bd=  83 bigbd=17(med89) strat=0.0% giniC=0.616 dyn:eff=78.5 top=0.034 nlin=168 lpb=17.33/dom=0.218 mRSg=0.605 set=47(mx121,prim1.19) con=575.0 inst=38 ldT=0.364 | asc=0.008 gumsa=0.145 tenure=5.9y levy=10290781.0 resent(mean/max)=0.0/0.0 revs=270 | 25.0m eta82m
  !! SPATIAL: PACKED AND SPARSE AT ONCE (local 0.135 > 0.091 > regional 0.0215 /km2) on 15.9% of the land; band commands 296 km2, inside its own 314 km2 catchment (Vita-Finzi & Higgs) -- the population is NOT food-limited, it is failing to disperse; any carrying-capacity reading of this run is void
  ~~ demography: 12/16 in band  worst: m_5_15=0.0257(2.57x), band_med_adults=13(0.46x), realised_ibi_med=31(0.90x), realised_tfr=4.59(0.98x)
[ 3525/15000] pop=  3402 bd=  85 bigbd=16(med93.5) strat=0.0% giniC=0.615 dyn:eff=75.6 top=0.035 nlin=164 lpb=16.68/dom=0.228 mRSg=0.609 set=44(mx101,prim1.22) con=665.0 inst=45 ldT=0.432 | asc=0.007 gumsa=0.118 tenure=5.9y levy=12336736.6 resent(mean/max)=0.0/0.0 revs=271 | 25.1m eta82m
  !! SPATIAL: PACKED AND SPARSE AT ONCE (local 0.141 > 0.091 > regional 0.0213 /km2) on 15.1% of the land; band commands 275 km2, inside its own 314 km2 catchment (Vita-Finzi & Higgs) -- the population is NOT food-limited, it is failing to disperse; any carrying-capacity reading of this run is void
  ~~ demography: 11/16 in band  worst: m_5_15=0.0258(2.58x), frac_fatherless=0.0788(1.58x), band_med_adults=13(0.46x), realised_ibi_med=31(0.90x)
[ 3550/15000] pop=  3378 bd=  87 bigbd=16(med95.5) strat=0.0% giniC=0.616 dyn:eff=74.8 top=0.035 nlin=164 lpb=16.31/dom=0.227 mRSg=0.613 set=46(mx107,prim1.14) con=687.5 inst=26 ldT=0.262 | asc=0.002 gumsa=0.057 tenure=5.9y levy=14322095.6 resent(mean/max)=0.0/0.0 revs=274 | 25.3m eta82m
  !! SPATIAL: PACKED AND SPARSE AT ONCE (local 0.143 > 0.091 > regional 0.0216 /km2) on 15.0% of the land; band commands 280 km2, inside its own 314 km2 catchment (Vita-Finzi & Higgs) -- the population is NOT food-limited, it is failing to disperse; any carrying-capacity reading of this run is void
  ~~ demography: 12/16 in band  worst: m_5_15=0.0257(2.57x), band_med_adults=14(0.50x), realised_ibi_med=31(0.90x), realised_tfr=4.59(0.98x)
[ 3575/15000] pop=  3415 bd=  85 bigbd=17(med93) strat=0.0% giniC=0.614 dyn:eff=73.2 top=0.036 nlin=164 lpb=16.51/dom=0.23 mRSg=0.615 set=45(mx102,prim1.12) con=670.5 inst=39 ldT=0.232 | asc=0.002 gumsa=0.059 tenure=5.9y levy=12783600.1 resent(mean/max)=0.0/0.0 revs=275 | 25.5m eta81m
  !! SPATIAL: PACKED AND SPARSE AT ONCE (local 0.141 > 0.091 > regional 0.0209 /km2) on 14.8% of the land; band commands 285 km2, inside its own 314 km2 catchment (Vita-Finzi & Higgs) -- the population is NOT food-limited, it is failing to disperse; any carrying-capacity reading of this run is void
  ~~ demography: 11/16 in band  worst: m_5_15=0.0259(2.59x), frac_fatherless=0.0875(1.75x), band_med_adults=13(0.46x), realised_ibi_med=31(0.90x)
[ 3600/15000] pop=  3304 bd=  82 bigbd=18(med93.5) strat=0.0% giniC=0.622 dyn:eff=72.6 top=0.035 nlin=161 lpb=16.43/dom=0.234 mRSg=0.614 set=44(mx98,prim1.11) con=611.0 inst=29 ldT=0.316 | asc=0.005 gumsa=0.134 tenure=5.9y levy=12987238.6 resent(mean/max)=0.0/0.0 revs=276 | 25.7m eta81m
  !! SPATIAL: PACKED AND SPARSE AT ONCE (local 0.149 > 0.091 > regional 0.0211 /km2) on 14.1% of the land; band commands 273 km2, inside its own 314 km2 catchment (Vita-Finzi & Higgs) -- the population is NOT food-limited, it is failing to disperse; any carrying-capacity reading of this run is void
  ~~ demography: 12/16 in band  worst: m_5_15=0.0259(2.59x), band_med_adults=14(0.50x), realised_ibi_med=31(0.90x), realised_tfr=4.59(0.98x)
[ 3625/15000] pop=  3344 bd=  82 bigbd=18(med94.5) strat=0.0% giniC=0.622 dyn:eff=72.2 top=0.035 nlin=159 lpb=16.67/dom=0.239 mRSg=0.612 set=44(mx105,prim1.09) con=521.5 inst=38 ldT=0.175 | asc=0.008 gumsa=0.134 tenure=5.9y levy=13489176.7 resent(mean/max)=0.0/0.0 revs=277 | 25.8m eta81m
  !! SPATIAL: PACKED AND SPARSE AT ONCE (local 0.154 > 0.091 > regional 0.0211 /km2) on 13.7% of the land; band commands 255 km2, inside its own 314 km2 catchment (Vita-Finzi & Higgs) -- the population is NOT food-limited, it is failing to disperse; any carrying-capacity reading of this run is void
  ~~ demography: 12/16 in band  worst: m_5_15=0.0259(2.59x), band_med_adults=14(0.50x), realised_ibi_med=31(0.90x), realised_tfr=4.59(0.98x)
[ 3650/15000] pop=  3335 bd=  85 bigbd=17(med95) strat=0.0% giniC=0.617 dyn:eff=70.4 top=0.036 nlin=157 lpb=16.21/dom=0.24 mRSg=0.611 set=46(mx108,prim1.05) con=449.0 inst=42 ldT=0.195 | asc=0.007 gumsa=0.188 tenure=5.9y levy=9520959.4 resent(mean/max)=0.0/0.0 revs=278 | 26.0m eta81m
  !! SPATIAL: PACKED AND SPARSE AT ONCE (local 0.145 > 0.091 > regional 0.0211 /km2) on 14.5% of the land; band commands 277 km2, inside its own 314 km2 catchment (Vita-Finzi & Higgs) -- the population is NOT food-limited, it is failing to disperse; any carrying-capacity reading of this run is void
  ~~ demography: 12/16 in band  worst: m_5_15=0.0259(2.59x), band_med_adults=14(0.50x), realised_ibi_med=31(0.90x), realised_tfr=4.59(0.98x)
[ 3675/15000] pop=  3338 bd=  83 bigbd=17(med87) strat=0.0% giniC=0.623 dyn:eff=70.5 top=0.035 nlin=156 lpb=16.2/dom=0.251 mRSg=0.611 set=48(mx111,prim1.14) con=499.0 inst=40 ldT=0.21 | asc=0.015 gumsa=0.253 tenure=5.9y levy=10656912.5 resent(mean/max)=0.0/0.0 revs=280 | 26.2m eta81m
  !! SPATIAL: PACKED AND SPARSE AT ONCE (local 0.135 > 0.091 > regional 0.0208 /km2) on 15.4% of the land; band commands 290 km2, inside its own 314 km2 catchment (Vita-Finzi & Higgs) -- the population is NOT food-limited, it is failing to disperse; any carrying-capacity reading of this run is void
  ~~ demography: 11/16 in band  worst: m_5_15=0.0259(2.59x), frac_fatherless=0.0805(1.61x), band_med_adults=14(0.50x), realised_ibi_med=31(0.90x)
[ 3700/15000] pop=  3287 bd=  84 bigbd=18(med87.5) strat=0.0% giniC=0.626 dyn:eff=71.5 top=0.036 nlin=156 lpb=16.12/dom=0.26 mRSg=0.609 set=44(mx100,prim1.11) con=526.5 inst=31 ldT=0.263 | asc=0.013 gumsa=0.25 tenure=5.9y levy=8952719.3 resent(mean/max)=0.0/0.0 revs=280 | 26.3m eta80m
  !! SPATIAL: PACKED AND SPARSE AT ONCE (local 0.136 > 0.091 > regional 0.0202 /km2) on 14.9% of the land; band commands 291 km2, inside its own 314 km2 catchment (Vita-Finzi & Higgs) -- the population is NOT food-limited, it is failing to disperse; any carrying-capacity reading of this run is void
  ~~ demography: 11/16 in band  worst: m_5_15=0.026(2.60x), frac_fatherless=0.0956(1.91x), band_med_adults=14(0.50x), realised_ibi_med=31(0.90x)
[ 3725/15000] pop=  3204 bd=  81 bigbd=18(med85.0) strat=0.0% giniC=0.628 dyn:eff=71.6 top=0.035 nlin=155 lpb=16.63/dom=0.246 mRSg=0.613 set=43(mx116,prim1.09) con=396.0 inst=33 ldT=0.316 | asc=0.009 gumsa=0.136 tenure=5.9y levy=6555284.1 resent(mean/max)=0.0/0.0 revs=282 | 26.5m eta80m
  !! SPATIAL: PACKED AND SPARSE AT ONCE (local 0.149 > 0.091 > regional 0.0205 /km2) on 13.8% of the land; band commands 276 km2, inside its own 314 km2 catchment (Vita-Finzi & Higgs) -- the population is NOT food-limited, it is failing to disperse; any carrying-capacity reading of this run is void
  ~~ demography: 12/16 in band  worst: m_5_15=0.026(2.60x), band_med_adults=15(0.53x), realised_ibi_med=31(0.90x), realised_tfr=4.59(0.98x)
[ 3750/15000] pop=  3249 bd=  79 bigbd=18(med86.5) strat=0.0% giniC=0.628 dyn:eff=70.0 top=0.036 nlin=154 lpb=17.14/dom=0.243 mRSg=0.611 set=44(mx117,prim1.21) con=564.0 inst=30 ldT=0.192 | asc=0.007 gumsa=0.152 tenure=5.9y levy=7417956.4 resent(mean/max)=0.0/0.0 revs=283 | 26.7m eta80m
  !! SPATIAL: PACKED AND SPARSE AT ONCE (local 0.149 > 0.091 > regional 0.0211 /km2) on 14.1% of the land; band commands 280 km2, inside its own 314 km2 catchment (Vita-Finzi & Higgs) -- the population is NOT food-limited, it is failing to disperse; any carrying-capacity reading of this run is void
  ~~ demography: 12/16 in band  worst: m_5_15=0.0259(2.59x), band_med_adults=15(0.53x), realised_ibi_med=31(0.90x), realised_tfr=4.59(0.98x)
[ 3775/15000] pop=  3335 bd=  80 bigbd=20(med82.5) strat=0.0% giniC=0.622 dyn:eff=69.9 top=0.035 nlin=152 lpb=17.32/dom=0.244 mRSg=0.607 set=46(mx107,prim1.05) con=560.0 inst=35 ldT=0.247 | asc=0.012 gumsa=0.25 tenure=5.9y levy=9610931.5 resent(mean/max)=0.0/0.0 revs=286 | 26.9m eta80m
  !! SPATIAL: PACKED AND SPARSE AT ONCE (local 0.146 > 0.091 > regional 0.0211 /km2) on 14.5% of the land; band commands 266 km2, inside its own 314 km2 catchment (Vita-Finzi & Higgs) -- the population is NOT food-limited, it is failing to disperse; any carrying-capacity reading of this run is void
  ~~ demography: 11/16 in band  worst: m_5_15=0.0259(2.59x), frac_motherless=0.0097(0.48x), band_med_adults=14(0.50x), realised_ibi_med=31(0.90x)
[ 3800/15000] pop=  3337 bd=  86 bigbd=18(med90.0) strat=0.0% giniC=0.62 dyn:eff=69.0 top=0.036 nlin=151 lpb=16.28/dom=0.255 mRSg=0.604 set=47(mx121,prim1.04) con=570.0 inst=29 ldT=0.325 | asc=0.008 gumsa=0.174 tenure=5.9y levy=6935175.9 resent(mean/max)=0.0/0.0 revs=287 | 27.0m eta80m
  !! SPATIAL: PACKED AND SPARSE AT ONCE (local 0.135 > 0.091 > regional 0.0211 /km2) on 15.7% of the land; band commands 280 km2, inside its own 314 km2 catchment (Vita-Finzi & Higgs) -- the population is NOT food-limited, it is failing to disperse; any carrying-capacity reading of this run is void
  ~~ demography: 12/16 in band  worst: m_5_15=0.0258(2.58x), band_med_adults=12(0.43x), realised_ibi_med=31(0.90x), realised_tfr=4.58(0.98x)
[ 3825/15000] pop=  3350 bd=  89 bigbd=17(med94) strat=0.0% giniC=0.623 dyn:eff=68.4 top=0.037 nlin=152 lpb=15.98/dom=0.247 mRSg=0.606 set=49(mx127,prim1.08) con=789.0 inst=37 ldT=0.119 | asc=0.001 gumsa=0.045 tenure=5.9y levy=10422111.6 resent(mean/max)=0.0/0.0 revs=291 | 27.2m eta79m
  !! SPATIAL: PACKED AND SPARSE AT ONCE (local 0.137 > 0.091 > regional 0.0208 /km2) on 15.2% of the land; band commands 289 km2, inside its own 314 km2 catchment (Vita-Finzi & Higgs) -- the population is NOT food-limited, it is failing to disperse; any carrying-capacity reading of this run is void
  ~~ demography: 11/16 in band  worst: m_5_15=0.0259(2.59x), frac_fatherless=0.081(1.62x), band_med_adults=13(0.46x), realised_ibi_med=31(0.90x)
[ 3850/15000] pop=  3299 bd=  83 bigbd=17(med91) strat=0.0% giniC=0.619 dyn:eff=67.1 top=0.036 nlin=151 lpb=16.45/dom=0.243 mRSg=0.61 set=42(mx108,prim1.35) con=533.0 inst=35 ldT=0.256 | asc=0.004 gumsa=0.096 tenure=6.0y levy=11392642.4 resent(mean/max)=0.0/0.0 revs=291 | 27.4m eta79m
  !! SPATIAL: PACKED AND SPARSE AT ONCE (local 0.143 > 0.091 > regional 0.0210 /km2) on 14.6% of the land; band commands 270 km2, inside its own 314 km2 catchment (Vita-Finzi & Higgs) -- the population is NOT food-limited, it is failing to disperse; any carrying-capacity reading of this run is void
  ~~ demography: 11/16 in band  worst: m_5_15=0.0258(2.58x), frac_fatherless=0.0899(1.80x), band_med_adults=14(0.50x), realised_ibi_med=31(0.90x)
[ 3875/15000] pop=  3329 bd=  86 bigbd=17(med85) strat=0.0% giniC=0.614 dyn:eff=67.7 top=0.037 nlin=153 lpb=16.65/dom=0.247 mRSg=0.616 set=47(mx116,prim1.09) con=550.0 inst=35 ldT=0.21 | asc=0.002 gumsa=0.058 tenure=5.9y levy=10082032.3 resent(mean/max)=0.0/0.0 revs=294 | 27.5m eta79m
  !! SPATIAL: PACKED AND SPARSE AT ONCE (local 0.143 > 0.091 > regional 0.0210 /km2) on 14.7% of the land; band commands 281 km2, inside its own 314 km2 catchment (Vita-Finzi & Higgs) -- the population is NOT food-limited, it is failing to disperse; any carrying-capacity reading of this run is void
  ~~ demography: 11/16 in band  worst: m_5_15=0.0259(2.59x), frac_fatherless=0.0814(1.63x), band_med_adults=14(0.50x), realised_ibi_med=31(0.90x)
[ 3900/15000] pop=  3329 bd=  83 bigbd=17(med86) strat=0.0% giniC=0.612 dyn:eff=67.3 top=0.037 nlin=152 lpb=17.2/dom=0.244 mRSg=0.619 set=46(mx113,prim1.16) con=450.0 inst=34 ldT=0.291 | asc=0.007 gumsa=0.193 tenure=5.9y levy=9594309.8 resent(mean/max)=0.0/0.0 revs=296 | 27.7m eta79m
  !! SPATIAL: PACKED AND SPARSE AT ONCE (local 0.146 > 0.091 > regional 0.0211 /km2) on 14.5% of the land; band commands 273 km2, inside its own 314 km2 catchment (Vita-Finzi & Higgs) -- the population is NOT food-limited, it is failing to disperse; any carrying-capacity reading of this run is void
  ~~ demography: 12/16 in band  worst: m_5_15=0.0259(2.59x), band_med_adults=15(0.53x), realised_ibi_med=31(0.90x), realised_tfr=4.58(0.98x)
[ 3925/15000] pop=  3343 bd=  84 bigbd=18(med79.0) strat=0.0% giniC=0.609 dyn:eff=66.6 top=0.039 nlin=151 lpb=16.51/dom=0.252 mRSg=0.621 set=45(mx119,prim1.2) con=412.0 inst=29 ldT=0.163 | asc=0.009 gumsa=0.226 tenure=6.0y levy=13827371.3 resent(mean/max)=0.0/0.0 revs=297 | 27.8m eta79m
  !! SPATIAL: PACKED AND SPARSE AT ONCE (local 0.154 > 0.091 > regional 0.0216 /km2) on 14.1% of the land; band commands 272 km2, inside its own 314 km2 catchment (Vita-Finzi & Higgs) -- the population is NOT food-limited, it is failing to disperse; any carrying-capacity reading of this run is void
  ~~ demography: 12/16 in band  worst: m_5_15=0.0258(2.58x), band_med_adults=15.5(0.55x), realised_ibi_med=31(0.90x), realised_tfr=4.58(0.98x)
[ 3950/15000] pop=  3426 bd=  82 bigbd=18(med83.0) strat=0.0% giniC=0.603 dyn:eff=64.9 top=0.039 nlin=148 lpb=16.8/dom=0.254 mRSg=0.609 set=46(mx110,prim1.2) con=407.0 inst=30 ldT=0.136 | asc=0.013 gumsa=0.268 tenure=6.0y levy=17926171.4 resent(mean/max)=0.0/0.0 revs=297 | 28.0m eta78m
  !! SPATIAL: PACKED AND SPARSE AT ONCE (local 0.148 > 0.091 > regional 0.0216 /km2) on 14.6% of the land; band commands 280 km2, inside its own 314 km2 catchment (Vita-Finzi & Higgs) -- the population is NOT food-limited, it is failing to disperse; any carrying-capacity reading of this run is void
  ~~ demography: 11/16 in band  worst: m_5_15=0.0258(2.58x), frac_motherless=0.0086(0.43x), band_med_adults=15(0.53x), realised_ibi_med=31(0.90x)
[ 3975/15000] pop=  3426 bd=  83 bigbd=19(med75) strat=0.0% giniC=0.6 dyn:eff=64.5 top=0.04 nlin=150 lpb=16.6/dom=0.253 mRSg=0.598 set=43(mx92,prim1.0) con=543.0 inst=27 ldT=0.2 | asc=0.011 gumsa=0.277 tenure=6.0y levy=10733157.8 resent(mean/max)=0.0/0.0 revs=298 | 28.2m eta78m
  !! SPATIAL: PACKED AND SPARSE AT ONCE (local 0.143 > 0.091 > regional 0.0215 /km2) on 15.0% of the land; band commands 277 km2, inside its own 314 km2 catchment (Vita-Finzi & Higgs) -- the population is NOT food-limited, it is failing to disperse; any carrying-capacity reading of this run is void
  ~~ demography: 12/16 in band  worst: m_5_15=0.0258(2.58x), band_med_adults=15(0.53x), realised_ibi_med=31(0.90x), realised_tfr=4.58(0.98x)
[ 4000/15000] pop=  3404 bd=  86 bigbd=16(med82.5) strat=0.0% giniC=0.595 dyn:eff=63.7 top=0.039 nlin=149 lpb=16.49/dom=0.244 mRSg=0.609 set=46(mx103,prim1.04) con=623.0 inst=29 ldT=0.218 | asc=0.012 gumsa=0.233 tenure=6.0y levy=7929685.6 resent(mean/max)=0.0/0.0 revs=300 | 28.4m eta78m
  !! SPATIAL: PACKED AND SPARSE AT ONCE (local 0.137 > 0.091 > regional 0.0217 /km2) on 15.8% of the land; band commands 294 km2, inside its own 314 km2 catchment (Vita-Finzi & Higgs) -- the population is NOT food-limited, it is failing to disperse; any carrying-capacity reading of this run is void
  ~~ demography: 12/16 in band  worst: m_5_15=0.0257(2.57x), band_med_adults=14(0.50x), realised_ibi_med=31(0.90x), realised_tfr=4.58(0.98x)
[ 4025/15000] pop=  3431 bd=  85 bigbd=17(med79) strat=0.0% giniC=0.595 dyn:eff=64.7 top=0.041 nlin=150 lpb=16.61/dom=0.252 mRSg=0.608 set=49(mx114,prim1.07) con=622.0 inst=35 ldT=0.289 | asc=0.014 gumsa=0.235 tenure=6.0y levy=11120888.8 resent(mean/max)=0.0/0.0 revs=301 | 28.5m eta78m
  !! SPATIAL: PACKED AND SPARSE AT ONCE (local 0.142 > 0.091 > regional 0.0218 /km2) on 15.3% of the land; band commands 279 km2, inside its own 314 km2 catchment (Vita-Finzi & Higgs) -- the population is NOT food-limited, it is failing to disperse; any carrying-capacity reading of this run is void
  ~~ demography: 12/16 in band  worst: m_5_15=0.0257(2.57x), band_med_adults=14(0.50x), realised_ibi_med=31(0.90x), realised_tfr=4.58(0.98x)
[ 4050/15000] pop=  3460 bd=  87 bigbd=17(med78) strat=0.0% giniC=0.593 dyn:eff=62.9 top=0.041 nlin=150 lpb=16.46/dom=0.245 mRSg=0.603 set=49(mx118,prim1.06) con=755.0 inst=34 ldT=0.244 | asc=0.017 gumsa=0.253 tenure=6.0y levy=7261412.3 resent(mean/max)=0.0/0.0 revs=301 | 28.7m eta78m
  !! SPATIAL: PACKED AND SPARSE AT ONCE (local 0.136 > 0.091 > regional 0.0215 /km2) on 15.8% of the land; band commands 294 km2, inside its own 314 km2 catchment (Vita-Finzi & Higgs) -- the population is NOT food-limited, it is failing to disperse; any carrying-capacity reading of this run is void
  ~~ demography: 12/16 in band  worst: m_5_15=0.0257(2.57x), band_med_adults=14(0.50x), realised_ibi_med=31(0.90x), realised_tfr=4.58(0.98x)
[ 4075/15000] pop=  3406 bd=  85 bigbd=16(med79.0) strat=0.0% giniC=0.594 dyn:eff=62.5 top=0.041 nlin=151 lpb=16.52/dom=0.249 mRSg=0.596 set=47(mx109,prim1.08) con=679.0 inst=30 ldT=0.305 | asc=0.02 gumsa=0.282 tenure=6.0y levy=6712798.7 resent(mean/max)=0.0/0.0 revs=302 | 28.9m eta78m
  !! SPATIAL: PACKED AND SPARSE AT ONCE (local 0.144 > 0.091 > regional 0.0211 /km2) on 14.6% of the land; band commands 261 km2, inside its own 314 km2 catchment (Vita-Finzi & Higgs) -- the population is NOT food-limited, it is failing to disperse; any carrying-capacity reading of this run is void
  ~~ demography: 12/16 in band  worst: m_5_15=0.0258(2.58x), band_med_adults=14(0.50x), realised_ibi_med=31(0.90x), realised_tfr=4.58(0.98x)
[ 4100/15000] pop=  3338 bd=  89 bigbd=15(med79) strat=0.0% giniC=0.593 dyn:eff=62.8 top=0.04 nlin=151 lpb=15.64/dom=0.258 mRSg=0.596 set=44(mx109,prim1.09) con=731.0 inst=36 ldT=0.274 | asc=0.012 gumsa=0.225 tenure=6.0y levy=7615854.5 resent(mean/max)=0.0/0.0 revs=303 | 29.1m eta77m
  !! SPATIAL: PACKED AND SPARSE AT ONCE (local 0.141 > 0.091 > regional 0.0211 /km2) on 15.0% of the land; band commands 255 km2, inside its own 314 km2 catchment (Vita-Finzi & Higgs) -- the population is NOT food-limited, it is failing to disperse; any carrying-capacity reading of this run is void
  ~~ demography: 11/16 in band  worst: m_5_15=0.0258(2.58x), frac_fatherless=0.082(1.64x), band_med_adults=11(0.39x), realised_ibi_med=31(0.90x)
[ 4125/15000] pop=  3344 bd=  93 bigbd=13(med106) strat=0.0% giniC=0.591 dyn:eff=62.4 top=0.042 nlin=152 lpb=15.12/dom=0.26 mRSg=0.601 set=49(mx95,prim1.0) con=702.0 inst=30 ldT=0.372 | asc=0.008 gumsa=0.14 tenure=6.0y levy=12105804.8 resent(mean/max)=0.0/0.0 revs=303 | 29.2m eta77m
  !! SPATIAL: PACKED AND SPARSE AT ONCE (local 0.146 > 0.091 > regional 0.0211 /km2) on 14.5% of the land; band commands 263 km2, inside its own 314 km2 catchment (Vita-Finzi & Higgs) -- the population is NOT food-limited, it is failing to disperse; any carrying-capacity reading of this run is void
  ~~ demography: 11/16 in band  worst: m_5_15=0.0258(2.58x), band_med_adults=12(0.43x), frac_fatherless=0.0787(1.57x), realised_ibi_med=31(0.90x)
[ 4150/15000] pop=  3346 bd=  87 bigbd=14(med101.0) strat=0.0% giniC=0.589 dyn:eff=61.2 top=0.044 nlin=151 lpb=15.75/dom=0.258 mRSg=0.602 set=48(mx128,prim1.17) con=679.0 inst=34 ldT=0.291 | asc=0.013 gumsa=0.195 tenure=6.0y levy=13395363.3 resent(mean/max)=0.0/0.0 revs=304 | 29.4m eta77m
  !! SPATIAL: PACKED AND SPARSE AT ONCE (local 0.147 > 0.091 > regional 0.0213 /km2) on 14.5% of the land; band commands 274 km2, inside its own 314 km2 catchment (Vita-Finzi & Higgs) -- the population is NOT food-limited, it is failing to disperse; any carrying-capacity reading of this run is void
  ~~ demography: 12/16 in band  worst: m_5_15=0.0258(2.58x), band_med_adults=13(0.46x), realised_ibi_med=31(0.90x), realised_tfr=4.58(0.98x)
[ 4175/15000] pop=  3379 bd=  84 bigbd=14(med105.0) strat=0.0% giniC=0.589 dyn:eff=60.3 top=0.045 nlin=152 lpb=16.12/dom=0.267 mRSg=0.609 set=47(mx103,prim1.06) con=847.5 inst=27 ldT=0.337 | asc=0.013 gumsa=0.226 tenure=6.0y levy=12245235.2 resent(mean/max)=0.0/0.0 revs=305 | 29.5m eta77m
  !! SPATIAL: PACKED AND SPARSE AT ONCE (local 0.147 > 0.091 > regional 0.0213 /km2) on 14.5% of the land; band commands 271 km2, inside its own 314 km2 catchment (Vita-Finzi & Higgs) -- the population is NOT food-limited, it is failing to disperse; any carrying-capacity reading of this run is void
  ~~ demography: 11/16 in band  worst: m_5_15=0.0258(2.58x), frac_fatherless=0.0838(1.68x), band_med_adults=13(0.46x), realised_ibi_med=31(0.90x)
[ 4200/15000] pop=  3381 bd=  85 bigbd=16(med90.0) strat=0.0% giniC=0.586 dyn:eff=61.3 top=0.048 nlin=155 lpb=16.53/dom=0.253 mRSg=0.607 set=46(mx99,prim1.01) con=699.0 inst=39 ldT=0.2 | asc=0.009 gumsa=0.165 tenure=6.0y levy=10832242.9 resent(mean/max)=0.0/0.0 revs=309 | 29.7m eta76m
  !! SPATIAL: PACKED AND SPARSE AT ONCE (local 0.152 > 0.091 > regional 0.0215 /km2) on 14.1% of the land; band commands 277 km2, inside its own 314 km2 catchment (Vita-Finzi & Higgs) -- the population is NOT food-limited, it is failing to disperse; any carrying-capacity reading of this run is void
  ~~ demography: 11/16 in band  worst: m_5_15=0.0258(2.58x), frac_fatherless=0.0789(1.58x), band_med_adults=13(0.46x), realised_ibi_med=31(0.90x)
[ 4225/15000] pop=  3403 bd=  81 bigbd=18(med80.0) strat=0.0% giniC=0.59 dyn:eff=61.2 top=0.048 nlin=153 lpb=17.05/dom=0.244 mRSg=0.608 set=45(mx107,prim1.03) con=704.0 inst=41 ldT=0.312 | asc=0.014 gumsa=0.259 tenure=6.0y levy=11559056.5 resent(mean/max)=0.0/0.0 revs=310 | 29.9m eta76m
  !! SPATIAL: PACKED AND SPARSE AT ONCE (local 0.140 > 0.091 > regional 0.0216 /km2) on 15.5% of the land; band commands 295 km2, inside its own 314 km2 catchment (Vita-Finzi & Higgs) -- the population is NOT food-limited, it is failing to disperse; any carrying-capacity reading of this run is void
  ~~ demography: 12/16 in band  worst: m_5_15=0.0258(2.58x), band_med_adults=13(0.46x), realised_ibi_med=31(0.90x), realised_tfr=4.59(0.98x)
[ 4250/15000] pop=  3424 bd=  83 bigbd=18(med78.5) strat=0.0% giniC=0.592 dyn:eff=59.6 top=0.052 nlin=153 lpb=16.49/dom=0.251 mRSg=0.604 set=46(mx113,prim1.23) con=671.0 inst=41 ldT=0.225 | asc=0.014 gumsa=0.289 tenure=6.0y levy=12218964.3 resent(mean/max)=0.0/0.0 revs=310 | 30.0m eta76m
  !! SPATIAL: PACKED AND SPARSE AT ONCE (local 0.152 > 0.091 > regional 0.0215 /km2) on 14.1% of the land; band commands 273 km2, inside its own 314 km2 catchment (Vita-Finzi & Higgs) -- the population is NOT food-limited, it is failing to disperse; any carrying-capacity reading of this run is void
  ~~ demography: 12/16 in band  worst: m_5_15=0.0259(2.59x), band_med_adults=13(0.46x), realised_ibi_med=31(0.90x), realised_tfr=4.59(0.98x)
[ 4275/15000] pop=  3401 bd=  82 bigbd=17(med81) strat=0.0% giniC=0.599 dyn:eff=58.2 top=0.054 nlin=153 lpb=16.93/dom=0.232 mRSg=0.608 set=48(mx127,prim1.23) con=852.0 inst=40 ldT=0.267 | asc=0.018 gumsa=0.268 tenure=6.0y levy=9831113.2 resent(mean/max)=0.0/0.0 revs=311 | 30.2m eta76m
  !! SPATIAL: PACKED AND SPARSE AT ONCE (local 0.150 > 0.091 > regional 0.0215 /km2) on 14.3% of the land; band commands 284 km2, inside its own 314 km2 catchment (Vita-Finzi & Higgs) -- the population is NOT food-limited, it is failing to disperse; any carrying-capacity reading of this run is void
  ~~ demography: 11/16 in band  worst: m_5_15=0.0259(2.59x), frac_fatherless=0.0809(1.62x), band_med_adults=14(0.50x), realised_ibi_med=31(0.90x)
[ 4300/15000] pop=  3412 bd=  80 bigbd=18(med82.5) strat=0.0% giniC=0.606 dyn:eff=56.9 top=0.056 nlin=151 lpb=16.94/dom=0.241 mRSg=0.61 set=45(mx119,prim1.23) con=537.0 inst=44 ldT=0.192 | asc=0.013 gumsa=0.25 tenure=6.0y levy=9178441.8 resent(mean/max)=0.0/0.0 revs=312 | 30.3m eta75m
  !! SPATIAL: PACKED AND SPARSE AT ONCE (local 0.156 > 0.091 > regional 0.0218 /km2) on 14.0% of the land; band commands 283 km2, inside its own 314 km2 catchment (Vita-Finzi & Higgs) -- the population is NOT food-limited, it is failing to disperse; any carrying-capacity reading of this run is void
  ~~ demography: 11/16 in band  worst: m_5_15=0.0259(2.59x), band_med_adults=13(0.46x), frac_fatherless=0.0762(1.52x), realised_ibi_med=31(0.90x)
[ 4325/15000] pop=  3456 bd=  78 bigbd=17(med87) strat=0.0% giniC=0.607 dyn:eff=56.8 top=0.056 nlin=149 lpb=17.08/dom=0.247 mRSg=0.608 set=47(mx130,prim1.18) con=686.0 inst=42 ldT=0.289 | asc=0.016 gumsa=0.282 tenure=6.0y levy=11656951.8 resent(mean/max)=0.0/0.0 revs=313 | 30.5m eta75m
  !! SPATIAL: PACKED AND SPARSE AT ONCE (local 0.139 > 0.091 > regional 0.0216 /km2) on 15.6% of the land -- the population is NOT food-limited, it is failing to disperse; any carrying-capacity reading of this run is void
  ~~ demography: 12/16 in band  worst: m_5_15=0.026(2.60x), band_med_adults=14.5(0.51x), realised_ibi_med=31(0.90x), realised_tfr=4.59(0.98x)
[ 4350/15000] pop=  3421 bd=  77 bigbd=16(med100.5) strat=0.0% giniC=0.61 dyn:eff=58.5 top=0.051 nlin=150 lpb=17.0/dom=0.248 mRSg=0.61 set=46(mx115,prim1.14) con=560.0 inst=39 ldT=0.284 | asc=0.015 gumsa=0.273 tenure=6.0y levy=9448614.9 resent(mean/max)=0.0/0.0 revs=315 | 30.6m eta75m
  !! SPATIAL: PACKED AND SPARSE AT ONCE (local 0.150 > 0.091 > regional 0.0213 /km2) on 14.1% of the land; band commands 295 km2, inside its own 314 km2 catchment (Vita-Finzi & Higgs) -- the population is NOT food-limited, it is failing to disperse; any carrying-capacity reading of this run is void
  ~~ demography: 11/16 in band  worst: m_5_15=0.0261(2.61x), frac_fatherless=0.0774(1.55x), band_med_adults=14(0.50x), realised_ibi_med=31(0.90x)
[ 4375/15000] pop=  3370 bd=  76 bigbd=17(med89) strat=0.0% giniC=0.607 dyn:eff=57.6 top=0.054 nlin=150 lpb=16.68/dom=0.253 mRSg=0.609 set=47(mx111,prim1.01) con=604.0 inst=36 ldT=0.419 | asc=0.014 gumsa=0.237 tenure=6.0y levy=9360318.5 resent(mean/max)=0.0/0.0 revs=316 | 30.8m eta75m
  !! SPATIAL: PACKED AND SPARSE AT ONCE (local 0.157 > 0.091 > regional 0.0213 /km2) on 13.6% of the land; band commands 287 km2, inside its own 314 km2 catchment (Vita-Finzi & Higgs) -- the population is NOT food-limited, it is failing to disperse; any carrying-capacity reading of this run is void
  ~~ demography: 11/16 in band  worst: m_5_15=0.026(2.60x), frac_fatherless=0.0811(1.62x), band_med_adults=13(0.46x), realised_ibi_med=31(0.90x)
[ 4400/15000] pop=  3380 bd=  75 bigbd=17(med98) strat=0.0% giniC=0.608 dyn:eff=57.4 top=0.055 nlin=147 lpb=16.89/dom=0.252 mRSg=0.607 set=44(mx110,prim1.07) con=576.0 inst=36 ldT=0.282 | asc=0.023 gumsa=0.347 tenure=6.0y levy=8091632.6 resent(mean/max)=0.0/0.0 revs=318 | 30.9m eta75m
  !! SPATIAL: PACKED AND SPARSE AT ONCE (local 0.165 > 0.091 > regional 0.0216 /km2) on 13.1% of the land; band commands 259 km2, inside its own 314 km2 catchment (Vita-Finzi & Higgs) -- the population is NOT food-limited, it is failing to disperse; any carrying-capacity reading of this run is void
  ~~ demography: 11/16 in band  worst: m_5_15=0.026(2.60x), frac_fatherless=0.107(2.14x), band_med_adults=13(0.46x), realised_ibi_med=31(0.90x)
[ 4425/15000] pop=  3420 bd=  80 bigbd=16(med102.5) strat=0.0% giniC=0.608 dyn:eff=57.7 top=0.054 nlin=147 lpb=16.4/dom=0.248 mRSg=0.607 set=49(mx124,prim1.16) con=695.0 inst=29 ldT=0.286 | asc=0.016 gumsa=0.25 tenure=6.0y levy=10299893.2 resent(mean/max)=0.0/0.0 revs=318 | 31.1m eta74m
  !! SPATIAL: PACKED AND SPARSE AT ONCE (local 0.141 > 0.091 > regional 0.0214 /km2) on 15.2% of the land; band commands 289 km2, inside its own 314 km2 catchment (Vita-Finzi & Higgs) -- the population is NOT food-limited, it is failing to disperse; any carrying-capacity reading of this run is void
  ~~ demography: 10/16 in band  worst: m_5_15=0.0261(2.61x), frac_fatherless=0.0898(1.80x), band_med_adults=12(0.43x), frac_motherless=0.0098(0.49x)
[ 4450/15000] pop=  3384 bd=  83 bigbd=16(med93.5) strat=0.0% giniC=0.608 dyn:eff=58.3 top=0.05 nlin=147 lpb=15.78/dom=0.259 mRSg=0.602 set=48(mx108,prim1.01) con=754.5 inst=35 ldT=0.247 | asc=0.018 gumsa=0.289 tenure=6.0y levy=9119982.7 resent(mean/max)=0.0/0.0 revs=320 | 31.3m eta74m
  !! SPATIAL: PACKED AND SPARSE AT ONCE (local 0.140 > 0.091 > regional 0.0213 /km2) on 15.2% of the land; band commands 294 km2, inside its own 314 km2 catchment (Vita-Finzi & Higgs) -- the population is NOT food-limited, it is failing to disperse; any carrying-capacity reading of this run is void
  ~~ demography: 11/16 in band  worst: m_5_15=0.0261(2.61x), frac_fatherless=0.079(1.58x), band_med_adults=12(0.43x), realised_ibi_med=31(0.90x)
[ 4475/15000] pop=  3378 bd=  82 bigbd=16(med96.0) strat=0.0% giniC=0.609 dyn:eff=58.2 top=0.05 nlin=147 lpb=15.71/dom=0.259 mRSg=0.598 set=44(mx113,prim1.01) con=634.0 inst=32 ldT=0.263 | asc=0.015 gumsa=0.268 tenure=6.0y levy=11308836.7 resent(mean/max)=0.0/0.0 revs=320 | 31.4m eta74m
  !! SPATIAL: PACKED AND SPARSE AT ONCE (local 0.145 > 0.091 > regional 0.0219 /km2) on 15.2% of the land; band commands 304 km2, inside its own 314 km2 catchment (Vita-Finzi & Higgs) -- the population is NOT food-limited, it is failing to disperse; any carrying-capacity reading of this run is void
  ~~ demography: 12/16 in band  worst: m_5_15=0.0261(2.61x), band_med_adults=13(0.46x), realised_ibi_med=31(0.90x), realised_tfr=4.6(0.98x)
[ 4500/15000] pop=  3474 bd=  79 bigbd=17(med94) strat=0.0% giniC=0.609 dyn:eff=56.9 top=0.048 nlin=146 lpb=16.23/dom=0.257 mRSg=0.594 set=45(mx119,prim1.14) con=853.0 inst=32 ldT=0.177 | asc=0.022 gumsa=0.329 tenure=6.0y levy=11812511.5 resent(mean/max)=0.0/0.0 revs=321 | 31.6m eta74m
  !! SPATIAL: PACKED AND SPARSE AT ONCE (local 0.148 > 0.091 > regional 0.0220 /km2) on 14.9% of the land; band commands 291 km2, inside its own 314 km2 catchment (Vita-Finzi & Higgs) -- the population is NOT food-limited, it is failing to disperse; any carrying-capacity reading of this run is void
  ~~ demography: 11/16 in band  worst: m_5_15=0.0261(2.61x), frac_fatherless=0.095(1.90x), band_med_adults=12.5(0.44x), realised_ibi_med=31(0.90x)
[ 4525/15000] pop=  3486 bd=  81 bigbd=17(med94) strat=0.0% giniC=0.615 dyn:eff=57.7 top=0.044 nlin=146 lpb=16.23/dom=0.275 mRSg=0.594 set=45(mx127,prim1.28) con=846.0 inst=29 ldT=0.224 | asc=0.027 gumsa=0.383 tenure=6.0y levy=12690022.7 resent(mean/max)=0.0/0.0 revs=322 | 31.7m eta73m
  !! SPATIAL: PACKED AND SPARSE AT ONCE (local 0.149 > 0.091 > regional 0.0222 /km2) on 14.9% of the land; band commands 295 km2, inside its own 314 km2 catchment (Vita-Finzi & Higgs) -- the population is NOT food-limited, it is failing to disperse; any carrying-capacity reading of this run is void
  ~~ demography: 11/16 in band  worst: m_5_15=0.0261(2.61x), frac_fatherless=0.0784(1.57x), band_med_adults=13(0.46x), realised_ibi_med=31(0.90x)
[ 4550/15000] pop=  3511 bd=  80 bigbd=16(med92.5) strat=0.0% giniC=0.618 dyn:eff=57.3 top=0.044 nlin=145 lpb=16.34/dom=0.268 mRSg=0.596 set=47(mx95,prim1.01) con=816.0 inst=32 ldT=0.263 | asc=0.03 gumsa=0.412 tenure=6.0y levy=9359765.5 resent(mean/max)=0.0/0.0 revs=322 | 31.9m eta73m
  !! SPATIAL: PACKED AND SPARSE AT ONCE (local 0.142 > 0.091 > regional 0.0221 /km2) on 15.6% of the land; band commands 309 km2, inside its own 314 km2 catchment (Vita-Finzi & Higgs) -- the population is NOT food-limited, it is failing to disperse; any carrying-capacity reading of this run is void
  ~~ demography: 12/16 in band  worst: m_5_15=0.0261(2.61x), band_med_adults=13(0.46x), realised_ibi_med=31(0.90x), realised_tfr=4.6(0.98x)
[ 4575/15000] pop=  3496 bd=  80 bigbd=16(med93.0) strat=0.0% giniC=0.619 dyn:eff=57.1 top=0.044 nlin=145 lpb=16.39/dom=0.267 mRSg=0.597 set=48(mx106,prim1.01) con=655.0 inst=30 ldT=0.208 | asc=0.018 gumsa=0.338 tenure=6.0y levy=10352392.5 resent(mean/max)=0.0/0.0 revs=326 | 32.0m eta73m
  !! SPATIAL: PACKED AND SPARSE AT ONCE (local 0.155 > 0.091 > regional 0.0222 /km2) on 14.3% of the land; band commands 284 km2, inside its own 314 km2 catchment (Vita-Finzi & Higgs) -- the population is NOT food-limited, it is failing to disperse; any carrying-capacity reading of this run is void
  ~~ demography: 12/16 in band  worst: m_5_15=0.0261(2.61x), band_med_adults=12(0.43x), realised_ibi_med=31(0.90x), realised_tfr=4.6(0.98x)
[ 4600/15000] pop=  3514 bd=  80 bigbd=16(med91.0) strat=0.0% giniC=0.62 dyn:eff=56.8 top=0.045 nlin=145 lpb=16.01/dom=0.277 mRSg=0.591 set=49(mx122,prim1.06) con=640.0 inst=30 ldT=0.329 | asc=0.021 gumsa=0.275 tenure=6.0y levy=12597443.9 resent(mean/max)=0.0/0.0 revs=327 | 32.2m eta73m
  !! SPATIAL: PACKED AND SPARSE AT ONCE (local 0.153 > 0.091 > regional 0.0224 /km2) on 14.6% of the land; band commands 290 km2, inside its own 314 km2 catchment (Vita-Finzi & Higgs) -- the population is NOT food-limited, it is failing to disperse; any carrying-capacity reading of this run is void
  ~~ demography: 12/16 in band  worst: m_5_15=0.0261(2.61x), band_med_adults=12.5(0.44x), realised_ibi_med=31(0.90x), realised_tfr=4.6(0.98x)
[ 4625/15000] pop=  3555 bd=  80 bigbd=16(med95.5) strat=0.0% giniC=0.619 dyn:eff=56.5 top=0.045 nlin=146 lpb=16.01/dom=0.281 mRSg=0.592 set=47(mx101,prim1.09) con=755.0 inst=26 ldT=0.325 | asc=0.019 gumsa=0.287 tenure=6.0y levy=7597723.7 resent(mean/max)=0.0/0.0 revs=328 | 32.3m eta72m
  !! SPATIAL: PACKED AND SPARSE AT ONCE (local 0.157 > 0.091 > regional 0.0226 /km2) on 14.3% of the land; band commands 284 km2, inside its own 314 km2 catchment (Vita-Finzi & Higgs) -- the population is NOT food-limited, it is failing to disperse; any carrying-capacity reading of this run is void
  ~~ demography: 12/16 in band  worst: m_5_15=0.0261(2.61x), band_med_adults=12(0.43x), realised_ibi_med=31(0.90x), realised_tfr=4.6(0.98x)
[ 4650/15000] pop=  3573 bd=  80 bigbd=17(med88) strat=0.0% giniC=0.625 dyn:eff=56.4 top=0.045 nlin=145 lpb=16.05/dom=0.275 mRSg=0.594 set=46(mx107,prim1.06) con=746.0 inst=31 ldT=0.195 | asc=0.022 gumsa=0.362 tenure=6.1y levy=11208219.8 resent(mean/max)=0.0/0.0 revs=328 | 32.5m eta72m
  !! SPATIAL: PACKED AND SPARSE AT ONCE (local 0.152 > 0.091 > regional 0.0221 /km2) on 14.6% of the land; band commands 300 km2, inside its own 314 km2 catchment (Vita-Finzi & Higgs) -- the population is NOT food-limited, it is failing to disperse; any carrying-capacity reading of this run is void
  ~~ demography: 12/16 in band  worst: m_5_15=0.0262(2.62x), band_med_adults=12(0.43x), realised_ibi_med=31(0.90x), realised_tfr=4.6(0.98x)
[ 4675/15000] pop=  3502 bd=  77 bigbd=17(med91) strat=0.0% giniC=0.633 dyn:eff=57.1 top=0.045 nlin=146 lpb=16.26/dom=0.276 mRSg=0.599 set=48(mx111,prim1.02) con=665.0 inst=31 ldT=0.373 | asc=0.017 gumsa=0.247 tenure=6.1y levy=6913119.8 resent(mean/max)=0.0/0.0 revs=331 | 32.6m eta72m
  !! SPATIAL: PACKED AND SPARSE AT ONCE (local 0.149 > 0.091 > regional 0.0214 /km2) on 14.3% of the land; band commands 311 km2, inside its own 314 km2 catchment (Vita-Finzi & Higgs) -- the population is NOT food-limited, it is failing to disperse; any carrying-capacity reading of this run is void
  ~~ demography: 11/16 in band  worst: m_5_15=0.0263(2.63x), frac_fatherless=0.0905(1.81x), band_med_adults=14(0.50x), realised_ibi_med=31(0.90x)
[ 4700/15000] pop=  3391 bd=  73 bigbd=16(med98.0) strat=0.0% giniC=0.638 dyn:eff=57.2 top=0.044 nlin=142 lpb=16.89/dom=0.262 mRSg=0.603 set=45(mx113,prim1.1) con=616.0 inst=28 ldT=0.348 | asc=0.02 gumsa=0.342 tenure=6.1y levy=10993378.0 resent(mean/max)=0.0/0.0 revs=331 | 32.8m eta72m
  !! SPATIAL: PACKED AND SPARSE AT ONCE (local 0.151 > 0.091 > regional 0.0216 /km2) on 14.3% of the land; band commands 303 km2, inside its own 314 km2 catchment (Vita-Finzi & Higgs) -- the population is NOT food-limited, it is failing to disperse; any carrying-capacity reading of this run is void
  ~~ demography: 11/16 in band  worst: m_5_15=0.0262(2.62x), frac_fatherless=0.0798(1.60x), band_med_adults=14(0.50x), realised_ibi_med=31(0.90x)
[ 4725/15000] pop=  3425 bd=  75 bigbd=16(med99.5) strat=0.0% giniC=0.639 dyn:eff=57.0 top=0.046 nlin=141 lpb=16.76/dom=0.252 mRSg=0.603 set=46(mx106,prim1.07) con=498.5 inst=30 ldT=0.232 | asc=0.02 gumsa=0.307 tenure=6.1y levy=12974259.3 resent(mean/max)=0.0/0.0 revs=333 | 33.0m eta72m
  !! SPATIAL: PACKED AND SPARSE AT ONCE (local 0.146 > 0.091 > regional 0.0217 /km2) on 14.9% of the land; band commands 306 km2, inside its own 314 km2 catchment (Vita-Finzi & Higgs) -- the population is NOT food-limited, it is failing to disperse; any carrying-capacity reading of this run is void
  ~~ demography: 12/16 in band  worst: m_5_15=0.0263(2.63x), band_med_adults=15(0.53x), realised_ibi_med=31(0.90x), realised_tfr=4.6(0.98x)
[ 4750/15000] pop=  3436 bd=  77 bigbd=16(med90.0) strat=0.0% giniC=0.641 dyn:eff=57.0 top=0.046 nlin=138 lpb=17.03/dom=0.242 mRSg=0.608 set=45(mx125,prim1.18) con=518.0 inst=30 ldT=0.314 | asc=0.018 gumsa=0.26 tenure=6.1y levy=18514232.5 resent(mean/max)=0.0/0.0 revs=334 | 33.2m eta72m
  !! SPATIAL: PACKED AND SPARSE AT ONCE (local 0.152 > 0.091 > regional 0.0213 /km2) on 14.0% of the land; band commands 278 km2, inside its own 314 km2 catchment (Vita-Finzi & Higgs) -- the population is NOT food-limited, it is failing to disperse; any carrying-capacity reading of this run is void
  ~~ demography: 11/16 in band  worst: m_5_15=0.0263(2.63x), frac_fatherless=0.0827(1.65x), band_med_adults=15(0.53x), realised_ibi_med=31(0.90x)
[ 4775/15000] pop=  3367 bd=  80 bigbd=17(med84) strat=0.0% giniC=0.65 dyn:eff=56.8 top=0.048 nlin=136 lpb=16.9/dom=0.228 mRSg=0.611 set=46(mx134,prim1.43) con=593.0 inst=23 ldT=0.225 | asc=0.017 gumsa=0.25 tenure=6.1y levy=8869588.2 resent(mean/max)=0.0/0.0 revs=335 | 33.3m eta71m
  !! SPATIAL: PACKED AND SPARSE AT ONCE (local 0.149 > 0.091 > regional 0.0211 /km2) on 14.2% of the land; band commands 288 km2, inside its own 314 km2 catchment (Vita-Finzi & Higgs) -- the population is NOT food-limited, it is failing to disperse; any carrying-capacity reading of this run is void
  ~~ demography: 11/16 in band  worst: m_5_15=0.0263(2.63x), frac_fatherless=0.0902(1.80x), band_med_adults=13.5(0.48x), realised_ibi_med=31(0.90x)
[ 4800/15000] pop=  3349 bd=  78 bigbd=18(med85.5) strat=0.0% giniC=0.652 dyn:eff=56.5 top=0.046 nlin=134 lpb=16.81/dom=0.242 mRSg=0.614 set=45(mx112,prim1.24) con=438.0 inst=34 ldT=0.256 | asc=0.018 gumsa=0.244 tenure=6.1y levy=11036131.8 resent(mean/max)=0.0/0.0 revs=335 | 33.5m eta71m
  !! SPATIAL: PACKED AND SPARSE AT ONCE (local 0.152 > 0.091 > regional 0.0210 /km2) on 13.8% of the land; band commands 296 km2, inside its own 314 km2 catchment (Vita-Finzi & Higgs) -- the population is NOT food-limited, it is failing to disperse; any carrying-capacity reading of this run is void
  ~~ demography: 10/16 in band  worst: m_5_15=0.0264(2.64x), frac_fatherless=0.113(2.25x), frac_motherless=0.0328(1.64x), band_med_adults=16(0.57x)
[ 4825/15000] pop=  3329 bd=  74 bigbd=18(med92.5) strat=0.0% giniC=0.652 dyn:eff=56.2 top=0.047 nlin=134 lpb=17.62/dom=0.243 mRSg=0.624 set=45(mx116,prim1.12) con=502.0 inst=35 ldT=0.356 | asc=0.02 gumsa=0.257 tenure=6.1y levy=8612537.4 resent(mean/max)=0.0/0.0 revs=335 | 33.6m eta71m
  !! SPATIAL: PACKED AND SPARSE AT ONCE (local 0.151 > 0.091 > regional 0.0213 /km2) on 14.1% of the land; band commands 301 km2, inside its own 314 km2 catchment (Vita-Finzi & Higgs) -- the population is NOT food-limited, it is failing to disperse; any carrying-capacity reading of this run is void
  ~~ demography: 11/16 in band  worst: m_5_15=0.0264(2.64x), frac_fatherless=0.0859(1.72x), band_med_adults=16(0.57x), realised_ibi_med=31(0.90x)
[ 4850/15000] pop=  3371 bd=  74 bigbd=18(med95.5) strat=0.0% giniC=0.652 dyn:eff=56.6 top=0.046 nlin=131 lpb=17.3/dom=0.254 mRSg=0.628 set=47(mx108,prim1.09) con=481.0 inst=32 ldT=0.236 | asc=0.019 gumsa=0.257 tenure=6.1y levy=9686455.0 resent(mean/max)=0.0/0.0 revs=337 | 33.8m eta71m
  !! SPATIAL: PACKED AND SPARSE AT ONCE (local 0.152 > 0.091 > regional 0.0208 /km2) on 13.6% of the land; band commands 288 km2, inside its own 314 km2 catchment (Vita-Finzi & Higgs) -- the population is NOT food-limited, it is failing to disperse; any carrying-capacity reading of this run is void
  ~~ demography: 11/16 in band  worst: m_5_15=0.0264(2.64x), frac_fatherless=0.0967(1.93x), band_med_adults=14(0.50x), realised_ibi_med=31(0.90x)
[ 4875/15000] pop=  3289 bd=  75 bigbd=17(med92) strat=0.0% giniC=0.652 dyn:eff=57.1 top=0.048 nlin=130 lpb=16.8/dom=0.261 mRSg=0.624 set=45(mx109,prim1.12) con=445.0 inst=30 ldT=0.306 | asc=0.022 gumsa=0.32 tenure=6.1y levy=8293693.2 resent(mean/max)=0.0/0.0 revs=337 | 33.9m eta70m
  !! SPATIAL: PACKED AND SPARSE AT ONCE (local 0.161 > 0.091 > regional 0.0210 /km2) on 13.1% of the land; band commands 276 km2, inside its own 314 km2 catchment (Vita-Finzi & Higgs) -- the population is NOT food-limited, it is failing to disperse; any carrying-capacity reading of this run is void
  ~~ demography: 12/16 in band  worst: m_5_15=0.0264(2.64x), band_med_adults=14(0.50x), realised_ibi_med=31(0.90x), realised_tfr=4.59(0.98x)
[ 4900/15000] pop=  3326 bd=  75 bigbd=17(med91) strat=0.0% giniC=0.651 dyn:eff=57.4 top=0.047 nlin=130 lpb=16.87/dom=0.263 mRSg=0.628 set=44(mx121,prim1.32) con=523.0 inst=28 ldT=0.192 | asc=0.025 gumsa=0.307 tenure=6.1y levy=9557944.6 resent(mean/max)=0.0/0.0 revs=338 | 34.1m eta70m
  !! SPATIAL: PACKED AND SPARSE AT ONCE (local 0.150 > 0.091 > regional 0.0211 /km2) on 14.1% of the land; band commands 297 km2, inside its own 314 km2 catchment (Vita-Finzi & Higgs) -- the population is NOT food-limited, it is failing to disperse; any carrying-capacity reading of this run is void
  ~~ demography: 12/16 in band  worst: m_5_15=0.0264(2.64x), band_med_adults=15(0.53x), realised_ibi_med=31(0.90x), realised_tfr=4.59(0.98x)
[ 4925/15000] pop=  3338 bd=  75 bigbd=17(med100) strat=0.0% giniC=0.647 dyn:eff=56.7 top=0.048 nlin=131 lpb=16.71/dom=0.261 mRSg=0.623 set=43(mx101,prim1.05) con=610.0 inst=32 ldT=0.194 | asc=0.016 gumsa=0.2 tenure=6.1y levy=10737486.7 resent(mean/max)=0.0/0.0 revs=341 | 34.2m eta70m
  !! SPATIAL: PACKED AND SPARSE AT ONCE (local 0.147 > 0.091 > regional 0.0212 /km2) on 14.4% of the land; band commands 312 km2, inside its own 314 km2 catchment (Vita-Finzi & Higgs) -- the population is NOT food-limited, it is failing to disperse; any carrying-capacity reading of this run is void
  ~~ demography: 12/16 in band  worst: m_5_15=0.0264(2.64x), band_med_adults=15(0.53x), realised_ibi_med=31(0.90x), realised_tfr=4.59(0.98x)
[ 4950/15000] pop=  3352 bd=  73 bigbd=17(med109) strat=0.0% giniC=0.642 dyn:eff=56.8 top=0.047 nlin=130 lpb=16.86/dom=0.257 mRSg=0.622 set=44(mx92,prim1.01) con=502.5 inst=35 ldT=0.239 | asc=0.014 gumsa=0.205 tenure=6.1y levy=7193613.7 resent(mean/max)=0.0/0.0 revs=344 | 34.4m eta70m
  !! SPATIAL: PACKED AND SPARSE AT ONCE (local 0.151 > 0.091 > regional 0.0206 /km2) on 13.6% of the land; band commands 279 km2, inside its own 314 km2 catchment (Vita-Finzi & Higgs) -- the population is NOT food-limited, it is failing to disperse; any carrying-capacity reading of this run is void
  ~~ demography: 11/16 in band  worst: m_5_15=0.0265(2.65x), frac_motherless=0.0327(1.64x), band_med_adults=14(0.50x), realised_ibi_med=31(0.90x)
[ 4975/15000] pop=  3256 bd=  77 bigbd=16(med102.0) strat=0.0% giniC=0.642 dyn:eff=56.9 top=0.05 nlin=129 lpb=16.49/dom=0.249 mRSg=0.625 set=46(mx102,prim1.03) con=580.0 inst=27 ldT=0.352 | asc=0.013 gumsa=0.143 tenure=6.1y levy=10313168.2 resent(mean/max)=0.0/0.0 revs=345 | 34.5m eta70m
  !! SPATIAL: PACKED AND SPARSE AT ONCE (local 0.157 > 0.091 > regional 0.0205 /km2) on 13.1% of the land; band commands 284 km2, inside its own 314 km2 catchment (Vita-Finzi & Higgs) -- the population is NOT food-limited, it is failing to disperse; any carrying-capacity reading of this run is void
  ~~ demography: 12/16 in band  worst: m_5_15=0.0265(2.65x), band_med_adults=15(0.53x), realised_ibi_med=31(0.90x), realised_tfr=4.59(0.98x)
[ 5000/15000] pop=  3245 bd=  73 bigbd=17(med105) strat=0.0% giniC=0.639 dyn:eff=55.7 top=0.054 nlin=129 lpb=17.14/dom=0.237 mRSg=0.623 set=45(mx115,prim1.19) con=493.0 inst=29 ldT=0.233 | asc=0.013 gumsa=0.137 tenure=6.1y levy=7715794.5 resent(mean/max)=0.0/0.0 revs=346 | 34.7m eta69m
  !! SPATIAL: PACKED AND SPARSE AT ONCE (local 0.146 > 0.091 > regional 0.0206 /km2) on 14.1% of the land -- the population is NOT food-limited, it is failing to disperse; any carrying-capacity reading of this run is void
  ~~ demography: 12/16 in band  worst: m_5_15=0.0265(2.65x), band_med_adults=17(0.60x), realised_ibi_med=31(0.90x), realised_tfr=4.59(0.98x)
[ 5025/15000] pop=  3260 bd=  70 bigbd=16(med106.0) strat=0.0% giniC=0.635 dyn:eff=54.3 top=0.056 nlin=128 lpb=17.7/dom=0.243 mRSg=0.621 set=46(mx103,prim1.01) con=651.0 inst=21 ldT=0.214 | asc=0.017 gumsa=0.243 tenure=6.1y levy=10881953.8 resent(mean/max)=0.0/0.0 revs=347 | 34.8m eta69m
  !! SPATIAL: PACKED AND SPARSE AT ONCE (local 0.152 > 0.091 > regional 0.0208 /km2) on 13.7% of the land; band commands 293 km2, inside its own 314 km2 catchment (Vita-Finzi & Higgs) -- the population is NOT food-limited, it is failing to disperse; any carrying-capacity reading of this run is void
  ~~ demography: 12/16 in band  worst: m_5_15=0.0265(2.65x), band_med_adults=15(0.53x), realised_ibi_med=31(0.90x), realised_tfr=4.59(0.98x)
[ 5050/15000] pop=  3298 bd=  74 bigbd=16(med110.0) strat=0.0% giniC=0.635 dyn:eff=55.0 top=0.055 nlin=129 lpb=17.32/dom=0.245 mRSg=0.619 set=45(mx96,prim1.0) con=667.0 inst=28 ldT=0.203 | asc=0.015 gumsa=0.203 tenure=6.1y levy=13287305.0 resent(mean/max)=0.0/0.0 revs=349 | 35.0m eta69m
  !! SPATIAL: PACKED AND SPARSE AT ONCE (local 0.154 > 0.091 > regional 0.0209 /km2) on 13.6% of the land; band commands 291 km2, inside its own 314 km2 catchment (Vita-Finzi & Higgs) -- the population is NOT food-limited, it is failing to disperse; any carrying-capacity reading of this run is void
  ~~ demography: 12/16 in band  worst: m_5_15=0.0265(2.65x), band_med_adults=14(0.50x), realised_ibi_med=31(0.90x), realised_tfr=4.59(0.98x)
[ 5075/15000] pop=  3316 bd=  74 bigbd=17(med110) strat=0.0% giniC=0.634 dyn:eff=53.9 top=0.058 nlin=126 lpb=16.96/dom=0.254 mRSg=0.615 set=44(mx106,prim1.06) con=553.0 inst=25 ldT=0.233 | asc=0.017 gumsa=0.27 tenure=6.1y levy=14649419.9 resent(mean/max)=0.0/0.0 revs=349 | 35.1m eta69m
  !! SPATIAL: PACKED AND SPARSE AT ONCE (local 0.145 > 0.091 > regional 0.0209 /km2) on 14.4% of the land; band commands 296 km2, inside its own 314 km2 catchment (Vita-Finzi & Higgs) -- the population is NOT food-limited, it is failing to disperse; any carrying-capacity reading of this run is void
  ~~ demography: 12/16 in band  worst: m_5_15=0.0266(2.66x), band_med_adults=13(0.46x), realised_ibi_med=31(0.90x), realised_tfr=4.6(0.98x)
[ 5100/15000] pop=  3309 bd=  77 bigbd=17(med95) strat=0.0% giniC=0.636 dyn:eff=53.1 top=0.06 nlin=123 lpb=16.45/dom=0.255 mRSg=0.616 set=47(mx112,prim1.09) con=679.5 inst=29 ldT=0.4 | asc=0.015 gumsa=0.208 tenure=6.1y levy=13673742.3 resent(mean/max)=0.0/0.0 revs=350 | 35.3m eta68m
  !! SPATIAL: PACKED AND SPARSE AT ONCE (local 0.143 > 0.091 > regional 0.0208 /km2) on 14.6% of the land; band commands 312 km2, inside its own 314 km2 catchment (Vita-Finzi & Higgs) -- the population is NOT food-limited, it is failing to disperse; any carrying-capacity reading of this run is void
  ~~ demography: 12/16 in band  worst: m_5_15=0.0266(2.66x), band_med_adults=13(0.46x), realised_ibi_med=31(0.90x), realised_tfr=4.6(0.98x)
[ 5125/15000] pop=  3295 bd=  74 bigbd=17(med102) strat=0.0% giniC=0.638 dyn:eff=52.5 top=0.064 nlin=123 lpb=16.64/dom=0.26 mRSg=0.613 set=43(mx101,prim1.0) con=608.0 inst=34 ldT=0.247 | asc=0.018 gumsa=0.284 tenure=6.1y levy=9741544.7 resent(mean/max)=0.0/0.0 revs=350 | 35.4m eta68m
  !! SPATIAL: PACKED AND SPARSE AT ONCE (local 0.155 > 0.091 > regional 0.0210 /km2) on 13.5% of the land; band commands 289 km2, inside its own 314 km2 catchment (Vita-Finzi & Higgs) -- the population is NOT food-limited, it is failing to disperse; any carrying-capacity reading of this run is void
  ~~ demography: 10/16 in band  worst: m_5_15=0.0266(2.66x), frac_fatherless=0.111(2.21x), band_med_adults=13(0.46x), frac_motherless=0.0096(0.48x)
[ 5150/15000] pop=  3325 bd=  74 bigbd=19(med91) strat=0.0% giniC=0.638 dyn:eff=56.0 top=0.051 nlin=123 lpb=16.74/dom=0.257 mRSg=0.619 set=43(mx104,prim1.08) con=661.0 inst=32 ldT=0.239 | asc=0.024 gumsa=0.405 tenure=6.1y levy=9274774.9 resent(mean/max)=0.0/0.0 revs=351 | 35.5m eta68m
  !! SPATIAL: PACKED AND SPARSE AT ONCE (local 0.152 > 0.091 > regional 0.0210 /km2) on 13.8% of the land; band commands 304 km2, inside its own 314 km2 catchment (Vita-Finzi & Higgs) -- the population is NOT food-limited, it is failing to disperse; any carrying-capacity reading of this run is void
  ~~ demography: 10/16 in band  worst: m_5_15=0.0266(2.66x), frac_fatherless=0.0829(1.66x), frac_motherless=0.0098(0.49x), band_med_adults=14(0.50x)
[ 5175/15000] pop=  3330 bd=  72 bigbd=20(med85.5) strat=0.0% giniC=0.643 dyn:eff=54.4 top=0.052 nlin=123 lpb=16.54/dom=0.258 mRSg=0.611 set=43(mx115,prim1.06) con=622.0 inst=33 ldT=0.282 | asc=0.029 gumsa=0.431 tenure=6.1y levy=12563421.4 resent(mean/max)=0.0/0.0 revs=352 | 35.7m eta68m
  !! SPATIAL: PACKED AND SPARSE AT ONCE (local 0.146 > 0.091 > regional 0.0211 /km2) on 14.5% of the land -- the population is NOT food-limited, it is failing to disperse; any carrying-capacity reading of this run is void
  ~~ demography: 11/16 in band  worst: m_5_15=0.0265(2.65x), frac_fatherless=0.104(2.09x), band_med_adults=13(0.46x), realised_ibi_med=31(0.90x)
[ 5200/15000] pop=  3345 bd=  71 bigbd=20(med85.0) strat=0.0% giniC=0.646 dyn:eff=55.9 top=0.051 nlin=123 lpb=16.96/dom=0.251 mRSg=0.608 set=44(mx108,prim1.03) con=868.0 inst=40 ldT=0.324 | asc=0.022 gumsa=0.366 tenure=6.1y levy=7612777.1 resent(mean/max)=0.0/0.0 revs=354 | 35.8m eta67m
  !! SPATIAL: PACKED AND SPARSE AT ONCE (local 0.149 > 0.091 > regional 0.0208 /km2) on 14.0% of the land; band commands 303 km2, inside its own 314 km2 catchment (Vita-Finzi & Higgs) -- the population is NOT food-limited, it is failing to disperse; any carrying-capacity reading of this run is void
  ~~ demography: 11/16 in band  worst: m_5_15=0.0266(2.66x), frac_fatherless=0.1(2.01x), band_med_adults=12(0.43x), realised_ibi_med=31(0.90x)
[ 5225/15000] pop=  3301 bd=  73 bigbd=18(med90.0) strat=0.0% giniC=0.647 dyn:eff=55.5 top=0.053 nlin=123 lpb=16.23/dom=0.267 mRSg=0.609 set=43(mx106,prim1.01) con=615.0 inst=35 ldT=0.271 | asc=0.026 gumsa=0.466 tenure=6.1y levy=11495784.6 resent(mean/max)=0.0/0.0 revs=354 | 36.0m eta67m
  !! SPATIAL: PACKED AND SPARSE AT ONCE (local 0.146 > 0.091 > regional 0.0210 /km2) on 14.4% of the land -- the population is NOT food-limited, it is failing to disperse; any carrying-capacity reading of this run is void
  ~~ demography: 11/16 in band  worst: m_5_15=0.0266(2.66x), frac_fatherless=0.0929(1.86x), band_med_adults=13.5(0.48x), realised_ibi_med=31(0.90x)
[ 5250/15000] pop=  3321 bd=  70 bigbd=18(med94.0) strat=0.0% giniC=0.649 dyn:eff=55.7 top=0.054 nlin=123 lpb=17.04/dom=0.262 mRSg=0.611 set=44(mx106,prim1.12) con=638.5 inst=33 ldT=0.385 | asc=0.02 gumsa=0.314 tenure=6.1y levy=6268094.5 resent(mean/max)=0.0/0.0 revs=356 | 36.1m eta67m
  !! SPATIAL: PACKED AND SPARSE AT ONCE (local 0.145 > 0.091 > regional 0.0209 /km2) on 14.5% of the land -- the population is NOT food-limited, it is failing to disperse; any carrying-capacity reading of this run is void
  ~~ demography: 12/16 in band  worst: m_5_15=0.0265(2.65x), band_med_adults=13(0.46x), realised_ibi_med=31(0.90x), realised_tfr=4.61(0.98x)
[ 5275/15000] pop=  3313 bd=  71 bigbd=16(med100.0) strat=0.0% giniC=0.652 dyn:eff=55.4 top=0.055 nlin=122 lpb=16.63/dom=0.274 mRSg=0.613 set=45(mx99,prim1.02) con=545.0 inst=27 ldT=0.294 | asc=0.016 gumsa=0.225 tenure=6.1y levy=6638215.9 resent(mean/max)=0.0/0.0 revs=358 | 36.3m eta67m
  !! SPATIAL: PACKED AND SPARSE AT ONCE (local 0.153 > 0.091 > regional 0.0211 /km2) on 13.8% of the land; band commands 307 km2, inside its own 314 km2 catchment (Vita-Finzi & Higgs) -- the population is NOT food-limited, it is failing to disperse; any carrying-capacity reading of this run is void
  ~~ demography: 12/16 in band  worst: m_5_15=0.0265(2.65x), band_med_adults=13(0.46x), realised_ibi_med=31(0.90x), realised_tfr=4.61(0.98x)
[ 5300/15000] pop=  3339 bd=  71 bigbd=16(med101.5) strat=0.0% giniC=0.651 dyn:eff=55.0 top=0.055 nlin=118 lpb=16.52/dom=0.285 mRSg=0.62 set=46(mx122,prim1.1) con=528.5 inst=38 ldT=0.261 | asc=0.023 gumsa=0.352 tenure=6.1y levy=7821620.6 resent(mean/max)=0.0/0.0 revs=358 | 36.4m eta67m
  !! SPATIAL: PACKED AND SPARSE AT ONCE (local 0.146 > 0.091 > regional 0.0206 /km2) on 14.1% of the land -- the population is NOT food-limited, it is failing to disperse; any carrying-capacity reading of this run is void
  ~~ demography: 11/16 in band  worst: m_5_15=0.0265(2.65x), frac_fatherless=0.0771(1.54x), band_med_adults=13(0.46x), realised_ibi_med=31(0.90x)
[ 5325/15000] pop=  3265 bd=  70 bigbd=16(med96.0) strat=0.0% giniC=0.653 dyn:eff=55.3 top=0.055 nlin=118 lpb=16.6/dom=0.267 mRSg=0.624 set=47(mx104,prim1.06) con=618.5 inst=28 ldT=0.303 | asc=0.016 gumsa=0.286 tenure=6.1y levy=9610439.3 resent(mean/max)=0.0/0.0 revs=363 | 36.6m eta67m
  !! SPATIAL: PACKED AND SPARSE AT ONCE (local 0.156 > 0.091 > regional 0.0206 /km2) on 13.2% of the land; band commands 299 km2, inside its own 314 km2 catchment (Vita-Finzi & Higgs) -- the population is NOT food-limited, it is failing to disperse; any carrying-capacity reading of this run is void
  ~~ demography: 12/16 in band  worst: m_5_15=0.0265(2.65x), band_med_adults=12(0.43x), realised_ibi_med=31(0.90x), realised_tfr=4.61(0.98x)
[ 5350/15000] pop=  3263 bd=  70 bigbd=16(med95.0) strat=0.0% giniC=0.651 dyn:eff=54.3 top=0.056 nlin=116 lpb=16.41/dom=0.267 mRSg=0.623 set=45(mx111,prim1.13) con=633.0 inst=35 ldT=0.232 | asc=0.017 gumsa=0.329 tenure=6.1y levy=9157921.4 resent(mean/max)=0.0/0.0 revs=363 | 36.8m eta66m
  !! SPATIAL: PACKED AND SPARSE AT ONCE (local 0.151 > 0.091 > regional 0.0209 /km2) on 13.8% of the land; band commands 308 km2, inside its own 314 km2 catchment (Vita-Finzi & Higgs) -- the population is NOT food-limited, it is failing to disperse; any carrying-capacity reading of this run is void
  ~~ demography: 11/16 in band  worst: m_5_15=0.0265(2.65x), frac_motherless=0.0345(1.73x), band_med_adults=12(0.43x), realised_ibi_med=31(0.90x)
[ 5375/15000] pop=  3307 bd=  71 bigbd=18(med91.5) strat=0.0% giniC=0.649 dyn:eff=53.7 top=0.057 nlin=115 lpb=16.42/dom=0.267 mRSg=0.621 set=46(mx102,prim1.06) con=514.0 inst=34 ldT=0.088 | asc=0.013 gumsa=0.239 tenure=6.1y levy=12424606.1 resent(mean/max)=0.0/0.0 revs=365 | 36.9m eta66m
  !! SPATIAL: PACKED AND SPARSE AT ONCE (local 0.152 > 0.091 > regional 0.0206 /km2) on 13.6% of the land; band commands 312 km2, inside its own 314 km2 catchment (Vita-Finzi & Higgs) -- the population is NOT food-limited, it is failing to disperse; any carrying-capacity reading of this run is void
  ~~ demography: 12/16 in band  worst: m_5_15=0.0265(2.65x), band_med_adults=14(0.50x), realised_ibi_med=31(0.90x), realised_tfr=4.61(0.98x)
[ 5400/15000] pop=  3263 bd=  69 bigbd=18(med92.5) strat=0.0% giniC=0.653 dyn:eff=53.5 top=0.056 nlin=115 lpb=17.57/dom=0.25 mRSg=0.625 set=46(mx102,prim1.01) con=510.0 inst=39 ldT=0.231 | asc=0.016 gumsa=0.29 tenure=6.1y levy=10096549.2 resent(mean/max)=0.0/0.0 revs=367 | 37.1m eta66m
  !! SPATIAL: PACKED AND SPARSE AT ONCE (local 0.147 > 0.091 > regional 0.0204 /km2) on 13.9% of the land; band commands 301 km2, inside its own 314 km2 catchment (Vita-Finzi & Higgs) -- the population is NOT food-limited, it is failing to disperse; any carrying-capacity reading of this run is void
  ~~ demography: 12/16 in band  worst: m_5_15=0.0266(2.66x), band_med_adults=12(0.43x), realised_ibi_med=31(0.90x), realised_tfr=4.61(0.98x)
[ 5425/15000] pop=  3234 bd=  73 bigbd=17(med93) strat=0.0% giniC=0.653 dyn:eff=53.1 top=0.058 nlin=115 lpb=16.55/dom=0.252 mRSg=0.622 set=44(mx91,prim1.0) con=506.5 inst=26 ldT=0.191 | asc=0.015 gumsa=0.26 tenure=6.1y levy=12490582.4 resent(mean/max)=0.0/0.0 revs=368 | 37.2m eta66m
  !! SPATIAL: PACKED AND SPARSE AT ONCE (local 0.142 > 0.091 > regional 0.0207 /km2) on 14.6% of the land -- the population is NOT food-limited, it is failing to disperse; any carrying-capacity reading of this run is void
  ~~ demography: 12/16 in band  worst: m_5_15=0.0266(2.66x), band_med_adults=12(0.43x), realised_ibi_med=31(0.90x), realised_tfr=4.61(0.98x)
[ 5450/15000] pop=  3284 bd=  72 bigbd=17(med98) strat=0.0% giniC=0.654 dyn:eff=53.1 top=0.058 nlin=114 lpb=16.78/dom=0.25 mRSg=0.618 set=45(mx107,prim1.03) con=411.0 inst=39 ldT=0.246 | asc=0.013 gumsa=0.25 tenure=6.1y levy=11558871.5 resent(mean/max)=0.0/0.0 revs=371 | 37.4m eta66m
  !! SPATIAL: PACKED AND SPARSE AT ONCE (local 0.157 > 0.091 > regional 0.0207 /km2) on 13.2% of the land; band commands 294 km2, inside its own 314 km2 catchment (Vita-Finzi & Higgs) -- the population is NOT food-limited, it is failing to disperse; any carrying-capacity reading of this run is void
  ~~ demography: 11/16 in band  worst: m_5_15=0.0266(2.66x), frac_fatherless=0.0775(1.55x), band_med_adults=14(0.50x), realised_ibi_med=31(0.90x)
[ 5475/15000] pop=  3286 bd=  71 bigbd=16(med105.0) strat=0.0% giniC=0.653 dyn:eff=53.2 top=0.056 nlin=115 lpb=16.76/dom=0.243 mRSg=0.618 set=40(mx144,prim1.38) con=678.0 inst=30 ldT=0.116 | asc=0.016 gumsa=0.31 tenure=6.1y levy=8706476.6 resent(mean/max)=0.0/0.0 revs=371 | 37.5m eta65m
  !! SPATIAL: PACKED AND SPARSE AT ONCE (local 0.153 > 0.091 > regional 0.0204 /km2) on 13.3% of the land; band commands 310 km2, inside its own 314 km2 catchment (Vita-Finzi & Higgs) -- the population is NOT food-limited, it is failing to disperse; any carrying-capacity reading of this run is void
  ~~ demography: 11/16 in band  worst: m_5_15=0.0267(2.67x), frac_fatherless=0.088(1.76x), band_med_adults=15(0.53x), realised_ibi_med=31(0.90x)
[ 5500/15000] pop=  3225 bd=  68 bigbd=17(med92) strat=0.0% giniC=0.657 dyn:eff=52.9 top=0.057 nlin=114 lpb=17.43/dom=0.233 mRSg=0.617 set=46(mx105,prim1.05) con=518.0 inst=33 ldT=0.25 | asc=0.015 gumsa=0.279 tenure=6.1y levy=9211036.5 resent(mean/max)=0.0/0.0 revs=372 | 37.7m eta65m
  !! SPATIAL: PACKED AND SPARSE AT ONCE (local 0.144 > 0.091 > regional 0.0203 /km2) on 14.1% of the land -- the population is NOT food-limited, it is failing to disperse; any carrying-capacity reading of this run is void
  ~~ demography: 11/16 in band  worst: m_5_15=0.0266(2.66x), frac_fatherless=0.1(2.01x), band_med_adults=15(0.53x), realised_ibi_med=31(0.90x)
[ 5525/15000] pop=  3209 bd=  66 bigbd=17(med99) strat=0.0% giniC=0.653 dyn:eff=52.5 top=0.059 nlin=113 lpb=17.39/dom=0.237 mRSg=0.614 set=42(mx114,prim1.21) con=580.0 inst=32 ldT=0.167 | asc=0.014 gumsa=0.197 tenure=6.1y levy=9753240.7 resent(mean/max)=0.0/0.0 revs=374 | 37.8m eta65m
  !! SPATIAL: PACKED AND SPARSE AT ONCE (local 0.141 > 0.091 > regional 0.0203 /km2) on 14.5% of the land -- the population is NOT food-limited, it is failing to disperse; any carrying-capacity reading of this run is void
  ~~ demography: 11/16 in band  worst: m_5_15=0.0266(2.66x), frac_fatherless=0.083(1.66x), band_med_adults=15(0.53x), realised_ibi_med=31(0.90x)
[ 5550/15000] pop=  3218 bd=  65 bigbd=17(med104) strat=0.0% giniC=0.653 dyn:eff=52.6 top=0.059 nlin=111 lpb=17.69/dom=0.237 mRSg=0.616 set=46(mx104,prim1.02) con=566.5 inst=32 ldT=0.234 | asc=0.017 gumsa=0.262 tenure=6.1y levy=8575897.7 resent(mean/max)=0.0/0.0 revs=378 | 38.0m eta65m
  !! SPATIAL: PACKED AND SPARSE AT ONCE (local 0.151 > 0.091 > regional 0.0203 /km2) on 13.4% of the land; band commands 313 km2, inside its own 314 km2 catchment (Vita-Finzi & Higgs) -- the population is NOT food-limited, it is failing to disperse; any carrying-capacity reading of this run is void
  ~~ demography: 11/16 in band  worst: m_5_15=0.0267(2.67x), frac_fatherless=0.0812(1.62x), band_med_adults=14(0.50x), realised_ibi_med=31(0.90x)
[ 5575/15000] pop=  3208 bd=  68 bigbd=18(med88.0) strat=0.0% giniC=0.658 dyn:eff=51.5 top=0.063 nlin=110 lpb=17.06/dom=0.238 mRSg=0.621 set=44(mx95,prim1.06) con=514.0 inst=37 ldT=0.258 | asc=0.018 gumsa=0.235 tenure=6.2y levy=8235554.5 resent(mean/max)=0.0/0.0 revs=379 | 38.1m eta64m
  !! SPATIAL: PACKED AND SPARSE AT ONCE (local 0.149 > 0.091 > regional 0.0202 /km2) on 13.6% of the land -- the population is NOT food-limited, it is failing to disperse; any carrying-capacity reading of this run is void
  ~~ demography: 12/16 in band  worst: m_5_15=0.0266(2.66x), band_med_adults=14(0.50x), realised_ibi_med=31(0.90x), realised_tfr=4.61(0.98x)
[ 5600/15000] pop=  3199 bd=  65 bigbd=18(med90.5) strat=0.0% giniC=0.66 dyn:eff=51.2 top=0.065 nlin=110 lpb=17.32/dom=0.248 mRSg=0.621 set=42(mx100,prim1.03) con=500.0 inst=42 ldT=0.281 | asc=0.021 gumsa=0.338 tenure=6.2y levy=8146707.5 resent(mean/max)=0.0/0.0 revs=381 | 38.3m eta64m
  !! SPATIAL: PACKED AND SPARSE AT ONCE (local 0.150 > 0.091 > regional 0.0199 /km2) on 13.3% of the land; band commands 313 km2, inside its own 314 km2 catchment (Vita-Finzi & Higgs) -- the population is NOT food-limited, it is failing to disperse; any carrying-capacity reading of this run is void
  ~~ demography: 12/16 in band  worst: m_5_15=0.0266(2.66x), band_med_adults=13(0.46x), realised_ibi_med=31(0.90x), realised_tfr=4.61(0.98x)
[ 5625/15000] pop=  3159 bd=  67 bigbd=16(med100.5) strat=0.0% giniC=0.658 dyn:eff=50.0 top=0.068 nlin=108 lpb=16.7/dom=0.246 mRSg=0.633 set=42(mx104,prim1.12) con=362.0 inst=31 ldT=0.242 | asc=0.017 gumsa=0.328 tenure=6.2y levy=10021788.3 resent(mean/max)=0.0/0.0 revs=382 | 38.4m eta64m
  !! SPATIAL: PACKED AND SPARSE AT ONCE (local 0.148 > 0.091 > regional 0.0200 /km2) on 13.5% of the land; band commands 310 km2, inside its own 314 km2 catchment (Vita-Finzi & Higgs) -- the population is NOT food-limited, it is failing to disperse; any carrying-capacity reading of this run is void
  ~~ demography: 12/16 in band  worst: m_5_15=0.0266(2.66x), band_med_adults=14(0.50x), realised_ibi_med=31(0.90x), realised_tfr=4.61(0.98x)
[ 5650/15000] pop=  3166 bd=  69 bigbd=15(med97) strat=0.0% giniC=0.663 dyn:eff=49.9 top=0.068 nlin=109 lpb=16.19/dom=0.246 mRSg=0.631 set=40(mx115,prim1.03) con=426.0 inst=30 ldT=0.246 | asc=0.022 gumsa=0.333 tenure=6.2y levy=10994171.8 resent(mean/max)=0.0/0.0 revs=383 | 38.5m eta64m
  !! SPATIAL: PACKED AND SPARSE AT ONCE (local 0.151 > 0.091 > regional 0.0197 /km2) on 13.1% of the land; band commands 309 km2, inside its own 314 km2 catchment (Vita-Finzi & Higgs) -- the population is NOT food-limited, it is failing to disperse; any carrying-capacity reading of this run is void
  ~~ demography: 12/16 in band  worst: m_5_15=0.0267(2.67x), band_med_adults=14(0.50x), realised_ibi_med=31(0.90x), realised_tfr=4.61(0.98x)
[ 5675/15000] pop=  3121 bd=  67 bigbd=15(med100) strat=0.0% giniC=0.669 dyn:eff=50.3 top=0.065 nlin=109 lpb=17.01/dom=0.232 mRSg=0.63 set=41(mx98,prim1.1) con=357.0 inst=38 ldT=0.25 | asc=0.022 gumsa=0.373 tenure=6.2y levy=10990421.0 resent(mean/max)=0.0/0.0 revs=385 | 38.7m eta64m
  !! SPATIAL: PACKED AND SPARSE AT ONCE (local 0.143 > 0.091 > regional 0.0201 /km2) on 14.0% of the land -- the population is NOT food-limited, it is failing to disperse; any carrying-capacity reading of this run is void
  ~~ demography: 12/16 in band  worst: m_5_15=0.0266(2.66x), band_med_adults=14(0.50x), realised_ibi_med=31(0.90x), realised_tfr=4.61(0.98x)
[ 5700/15000] pop=  3178 bd=  67 bigbd=15(med98) strat=0.0% giniC=0.666 dyn:eff=49.2 top=0.068 nlin=108 lpb=16.96/dom=0.235 mRSg=0.618 set=45(mx113,prim1.11) con=478.0 inst=30 ldT=0.258 | asc=0.025 gumsa=0.373 tenure=6.2y levy=9174005.6 resent(mean/max)=0.0/0.0 revs=387 | 38.8m eta63m
  !! SPATIAL: PACKED AND SPARSE AT ONCE (local 0.162 > 0.091 > regional 0.0203 /km2) on 12.6% of the land; band commands 306 km2, inside its own 314 km2 catchment (Vita-Finzi & Higgs) -- the population is NOT food-limited, it is failing to disperse; any carrying-capacity reading of this run is void
  ~~ demography: 12/16 in band  worst: m_5_15=0.0266(2.66x), band_med_adults=16(0.57x), realised_ibi_med=31(0.90x), realised_tfr=4.61(0.98x)
[ 5725/15000] pop=  3221 bd=  65 bigbd=16(med97.0) strat=0.0% giniC=0.665 dyn:eff=49.2 top=0.067 nlin=107 lpb=17.51/dom=0.233 mRSg=0.617 set=45(mx108,prim1.03) con=476.5 inst=36 ldT=0.381 | asc=0.021 gumsa=0.385 tenure=6.2y levy=9269020.8 resent(mean/max)=0.0/0.0 revs=389 | 39.0m eta63m
  !! SPATIAL: PACKED AND SPARSE AT ONCE (local 0.163 > 0.091 > regional 0.0205 /km2) on 12.6% of the land; band commands 299 km2, inside its own 314 km2 catchment (Vita-Finzi & Higgs) -- the population is NOT food-limited, it is failing to disperse; any carrying-capacity reading of this run is void
  ~~ demography: 11/16 in band  worst: m_5_15=0.0266(2.66x), frac_fatherless=0.0784(1.57x), band_med_adults=16(0.57x), realised_ibi_med=31(0.90x)
[ 5750/15000] pop=  3252 bd=  67 bigbd=17(med99) strat=0.0% giniC=0.664 dyn:eff=52.2 top=0.057 nlin=108 lpb=16.96/dom=0.238 mRSg=0.62 set=45(mx116,prim1.08) con=496.0 inst=27 ldT=0.27 | asc=0.013 gumsa=0.224 tenure=6.2y levy=7103944.4 resent(mean/max)=0.0/0.0 revs=393 | 39.1m eta63m
  !! SPATIAL: PACKED AND SPARSE AT ONCE (local 0.147 > 0.091 > regional 0.0207 /km2) on 14.1% of the land -- the population is NOT food-limited, it is failing to disperse; any carrying-capacity reading of this run is void
  ~~ demography: 11/16 in band  worst: m_5_15=0.0265(2.65x), frac_fatherless=0.0843(1.69x), band_med_adults=14(0.50x), realised_ibi_med=31(0.90x)
[ 5775/15000] pop=  3279 bd=  67 bigbd=15(med102) strat=0.0% giniC=0.669 dyn:eff=52.2 top=0.057 nlin=109 lpb=16.94/dom=0.239 mRSg=0.615 set=44(mx119,prim1.2) con=395.5 inst=26 ldT=0.281 | asc=0.008 gumsa=0.134 tenure=6.2y levy=10327300.3 resent(mean/max)=0.0/0.0 revs=395 | 39.3m eta63m
  !! SPATIAL: PACKED AND SPARSE AT ONCE (local 0.156 > 0.091 > regional 0.0205 /km2) on 13.1% of the land -- the population is NOT food-limited, it is failing to disperse; any carrying-capacity reading of this run is void
  ~~ demography: 11/16 in band  worst: m_5_15=0.0266(2.66x), frac_fatherless=0.0824(1.65x), band_med_adults=14(0.50x), realised_ibi_med=31(0.90x)
[ 5800/15000] pop=  3245 bd=  66 bigbd=14(med109.5) strat=0.0% giniC=0.677 dyn:eff=51.9 top=0.058 nlin=109 lpb=16.67/dom=0.242 mRSg=0.607 set=45(mx121,prim1.09) con=467.0 inst=32 ldT=0.262 | asc=0.003 gumsa=0.091 tenure=6.2y levy=7110118.4 resent(mean/max)=0.0/0.0 revs=397 | 39.4m eta63m
  !! SPATIAL: PACKED AND SPARSE AT ONCE (local 0.151 > 0.091 > regional 0.0202 /km2) on 13.4% of the land; band commands 307 km2, inside its own 314 km2 catchment (Vita-Finzi & Higgs) -- the population is NOT food-limited, it is failing to disperse; any carrying-capacity reading of this run is void
  ~~ demography: 11/16 in band  worst: m_5_15=0.0266(2.66x), frac_fatherless=0.0876(1.75x), band_med_adults=14(0.50x), realised_ibi_med=31(0.90x)
[ 5825/15000] pop=  3194 bd=  69 bigbd=16(med102.0) strat=0.0% giniC=0.682 dyn:eff=50.9 top=0.061 nlin=107 lpb=16.17/dom=0.247 mRSg=0.603 set=43(mx114,prim1.24) con=388.0 inst=21 ldT=0.231 | asc=0.009 gumsa=0.232 tenure=6.2y levy=9473358.3 resent(mean/max)=0.0/0.0 revs=398 | 39.5m eta62m
  !! SPATIAL: PACKED AND SPARSE AT ONCE (local 0.154 > 0.091 > regional 0.0205 /km2) on 13.4% of the land -- the population is NOT food-limited, it is failing to disperse; any carrying-capacity reading of this run is void
  ~~ demography: 11/16 in band  worst: m_5_15=0.0266(2.66x), frac_fatherless=0.0771(1.54x), band_med_adults=15(0.53x), realised_ibi_med=31(0.90x)
[ 5850/15000] pop=  3255 bd=  65 bigbd=16(med104.0) strat=0.0% giniC=0.675 dyn:eff=50.3 top=0.062 nlin=106 lpb=16.91/dom=0.244 mRSg=0.591 set=41(mx113,prim1.15) con=545.0 inst=36 ldT=0.109 | asc=0.014 gumsa=0.292 tenure=6.2y levy=8685405.5 resent(mean/max)=0.0/0.0 revs=399 | 39.7m eta62m
  !! SPATIAL: PACKED AND SPARSE AT ONCE (local 0.149 > 0.091 > regional 0.0209 /km2) on 14.0% of the land -- the population is NOT food-limited, it is failing to disperse; any carrying-capacity reading of this run is void
  ~~ demography: 12/16 in band  worst: m_5_15=0.0265(2.65x), band_med_adults=14(0.50x), realised_ibi_med=31(0.90x), realised_tfr=4.62(0.98x)
[ 5875/15000] pop=  3303 bd=  69 bigbd=16(med104.0) strat=0.0% giniC=0.672 dyn:eff=50.9 top=0.061 nlin=107 lpb=16.43/dom=0.247 mRSg=0.593 set=37(mx112,prim1.0) con=597.0 inst=26 ldT=0.2 | asc=0.011 gumsa=0.232 tenure=6.2y levy=6243186.0 resent(mean/max)=0.0/0.0 revs=399 | 39.8m eta62m
  !! SPATIAL: PACKED AND SPARSE AT ONCE (local 0.143 > 0.091 > regional 0.0211 /km2) on 14.7% of the land -- the population is NOT food-limited, it is failing to disperse; any carrying-capacity reading of this run is void
  ~~ demography: 12/16 in band  worst: m_5_15=0.0265(2.65x), band_med_adults=15(0.53x), realised_ibi_med=31(0.90x), realised_tfr=4.62(0.98x)
[ 5900/15000] pop=  3335 bd=  70 bigbd=15(med109) strat=0.0% giniC=0.673 dyn:eff=51.4 top=0.061 nlin=108 lpb=16.21/dom=0.244 mRSg=0.595 set=42(mx121,prim1.21) con=487.0 inst=30 ldT=0.318 | asc=0.022 gumsa=0.371 tenure=6.2y levy=8308168.0 resent(mean/max)=0.0/0.0 revs=401 | 40.0m eta62m
  !! SPATIAL: PACKED AND SPARSE AT ONCE (local 0.140 > 0.091 > regional 0.0207 /km2) on 14.8% of the land -- the population is NOT food-limited, it is failing to disperse; any carrying-capacity reading of this run is void
  ~~ demography: 11/16 in band  worst: m_5_15=0.0266(2.66x), frac_fatherless=0.1(2.00x), band_med_adults=15(0.53x), realised_ibi_med=31(0.90x)
[ 5925/15000] pop=  3279 bd=  70 bigbd=14(med105.5) strat=0.0% giniC=0.673 dyn:eff=49.9 top=0.066 nlin=109 lpb=15.83/dom=0.255 mRSg=0.599 set=44(mx118,prim1.13) con=497.5 inst=33 ldT=0.254 | asc=0.022 gumsa=0.371 tenure=6.2y levy=9416347.3 resent(mean/max)=0.0/0.0 revs=402 | 40.1m eta61m
  !! SPATIAL: PACKED AND SPARSE AT ONCE (local 0.146 > 0.091 > regional 0.0207 /km2) on 14.2% of the land -- the population is NOT food-limited, it is failing to disperse; any carrying-capacity reading of this run is void
  ~~ demography: 11/16 in band  worst: m_5_15=0.0266(2.66x), frac_fatherless=0.0921(1.84x), band_med_adults=14(0.50x), realised_ibi_med=31(0.90x)
[ 5950/15000] pop=  3279 bd=  68 bigbd=14(med104.0) strat=0.0% giniC=0.674 dyn:eff=49.3 top=0.066 nlin=109 lpb=15.9/dom=0.25 mRSg=0.596 set=43(mx128,prim1.19) con=601.0 inst=35 ldT=0.308 | asc=0.019 gumsa=0.324 tenure=6.2y levy=20547976.7 resent(mean/max)=0.0/0.0 revs=403 | 40.3m eta61m
  !! SPATIAL: PACKED AND SPARSE AT ONCE (local 0.151 > 0.091 > regional 0.0209 /km2) on 13.9% of the land -- the population is NOT food-limited, it is failing to disperse; any carrying-capacity reading of this run is void
  ~~ demography: 11/16 in band  worst: m_5_15=0.0266(2.66x), frac_fatherless=0.086(1.72x), band_med_adults=14(0.50x), realised_ibi_med=31(0.90x)
[ 5975/15000] pop=  3313 bd=  68 bigbd=15(med106) strat=0.0% giniC=0.671 dyn:eff=49.7 top=0.068 nlin=111 lpb=15.71/dom=0.259 mRSg=0.594 set=42(mx107,prim1.02) con=656.5 inst=32 ldT=0.277 | asc=0.021 gumsa=0.397 tenure=6.2y levy=10302858.2 resent(mean/max)=0.0/0.0 revs=403 | 40.5m eta61m
  !! SPATIAL: PACKED AND SPARSE AT ONCE (local 0.158 > 0.091 > regional 0.0212 /km2) on 13.4% of the land; band commands 294 km2, inside its own 314 km2 catchment (Vita-Finzi & Higgs) -- the population is NOT food-limited, it is failing to disperse; any carrying-capacity reading of this run is void
  ~~ demography: 11/16 in band  worst: m_5_15=0.0265(2.65x), frac_fatherless=0.0763(1.53x), band_med_adults=14(0.50x), realised_ibi_med=31(0.90x)
[ 6000/15000] pop=  3360 bd=  72 bigbd=15(med109) strat=0.0% giniC=0.673 dyn:eff=50.0 top=0.069 nlin=112 lpb=15.6/dom=0.262 mRSg=0.592 set=44(mx121,prim1.1) con=547.0 inst=37 ldT=0.284 | asc=0.022 gumsa=0.347 tenure=6.2y levy=7780049.4 resent(mean/max)=0.0/0.0 revs=404 | 40.6m eta61m
  !! SPATIAL: PACKED AND SPARSE AT ONCE (local 0.164 > 0.091 > regional 0.0213 /km2) on 13.0% of the land; band commands 303 km2, inside its own 314 km2 catchment (Vita-Finzi & Higgs) -- the population is NOT food-limited, it is failing to disperse; any carrying-capacity reading of this run is void
  ~~ demography: 12/16 in band  worst: m_5_15=0.0265(2.65x), band_med_adults=13.5(0.48x), realised_ibi_med=31(0.90x), realised_tfr=4.63(0.99x)
[ 6025/15000] pop=  3376 bd=  68 bigbd=15(med112) strat=0.0% giniC=0.673 dyn:eff=50.1 top=0.069 nlin=112 lpb=16.01/dom=0.252 mRSg=0.602 set=41(mx114,prim1.33) con=599.5 inst=41 ldT=0.25 | asc=0.02 gumsa=0.353 tenure=6.2y levy=10613908.9 resent(mean/max)=0.0/0.0 revs=407 | 40.8m eta61m
  !! SPATIAL: PACKED AND SPARSE AT ONCE (local 0.152 > 0.091 > regional 0.0209 /km2) on 13.7% of the land -- the population is NOT food-limited, it is failing to disperse; any carrying-capacity reading of this run is void
  ~~ demography: 11/16 in band  worst: m_5_15=0.0266(2.66x), frac_fatherless=0.0867(1.73x), band_med_adults=13(0.46x), realised_ibi_med=31(0.90x)
[ 6050/15000] pop=  3309 bd=  67 bigbd=13(med128) strat=0.0% giniC=0.682 dyn:eff=50.5 top=0.066 nlin=110 lpb=16.27/dom=0.251 mRSg=0.606 set=43(mx103,prim1.14) con=544.0 inst=30 ldT=0.354 | asc=0.01 gumsa=0.209 tenure=6.2y levy=10588765.0 resent(mean/max)=0.0/0.0 revs=410 | 40.9m eta61m
  !! SPATIAL: PACKED AND SPARSE AT ONCE (local 0.150 > 0.091 > regional 0.0205 /km2) on 13.7% of the land -- the population is NOT food-limited, it is failing to disperse; any carrying-capacity reading of this run is void
  ~~ demography: 11/16 in band  worst: m_5_15=0.0266(2.66x), frac_fatherless=0.0993(1.99x), band_med_adults=12(0.43x), realised_ibi_med=31(0.90x)
[ 6075/15000] pop=  3250 bd=  67 bigbd=12(med132.0) strat=0.0% giniC=0.679 dyn:eff=50.8 top=0.066 nlin=109 lpb=15.64/dom=0.257 mRSg=0.608 set=43(mx97,prim1.03) con=527.0 inst=35 ldT=0.2 | asc=0.009 gumsa=0.179 tenure=6.2y levy=10246824.2 resent(mean/max)=0.0/0.0 revs=412 | 41.1m eta60m
  !! SPATIAL: PACKED AND SPARSE AT ONCE (local 0.167 > 0.091 > regional 0.0208 /km2) on 12.4% of the land; band commands 303 km2, inside its own 314 km2 catchment (Vita-Finzi & Higgs) -- the population is NOT food-limited, it is failing to disperse; any carrying-capacity reading of this run is void
  ~~ demography: 10/16 in band  worst: m_5_15=0.0266(2.66x), frac_fatherless=0.0909(1.82x), frac_motherless=0.0091(0.46x), band_med_adults=14(0.50x)
[ 6100/15000] pop=  3288 bd=  65 bigbd=14(med127.0) strat=0.0% giniC=0.68 dyn:eff=49.9 top=0.069 nlin=109 lpb=16.0/dom=0.265 mRSg=0.61 set=41(mx108,prim1.05) con=523.0 inst=28 ldT=0.231 | asc=0.013 gumsa=0.277 tenure=6.2y levy=12380005.0 resent(mean/max)=0.0/0.0 revs=413 | 41.2m eta60m
  !! SPATIAL: PACKED AND SPARSE AT ONCE (local 0.157 > 0.091 > regional 0.0205 /km2) on 13.1% of the land; band commands 309 km2, inside its own 314 km2 catchment (Vita-Finzi & Higgs) -- the population is NOT food-limited, it is failing to disperse; any carrying-capacity reading of this run is void
  ~~ demography: 11/16 in band  worst: m_5_15=0.0266(2.66x), frac_fatherless=0.0942(1.88x), band_med_adults=14(0.50x), realised_ibi_med=31(0.90x)
[ 6125/15000] pop=  3245 bd=  67 bigbd=13(med125) strat=0.0% giniC=0.681 dyn:eff=50.3 top=0.067 nlin=109 lpb=15.7/dom=0.261 mRSg=0.618 set=41(mx126,prim1.07) con=477.0 inst=32 ldT=0.246 | asc=0.011 gumsa=0.239 tenure=6.2y levy=8642060.8 resent(mean/max)=0.0/0.0 revs=415 | 41.3m eta60m
  !! SPATIAL: PACKED AND SPARSE AT ONCE (local 0.152 > 0.091 > regional 0.0203 /km2) on 13.4% of the land; band commands 307 km2, inside its own 314 km2 catchment (Vita-Finzi & Higgs) -- the population is NOT food-limited, it is failing to disperse; any carrying-capacity reading of this run is void
  ~~ demography: 11/16 in band  worst: m_5_15=0.0266(2.66x), frac_fatherless=0.0853(1.71x), band_med_adults=14(0.50x), realised_ibi_med=31(0.90x)
[ 6150/15000] pop=  3221 bd=  69 bigbd=12(med129.5) strat=0.0% giniC=0.682 dyn:eff=49.9 top=0.069 nlin=108 lpb=15.39/dom=0.264 mRSg=0.614 set=40(mx116,prim1.16) con=428.5 inst=31 ldT=0.288 | asc=0.011 gumsa=0.304 tenure=6.2y levy=7385312.2 resent(mean/max)=0.0/0.0 revs=417 | 41.5m eta60m
  !! SPATIAL: PACKED AND SPARSE AT ONCE (local 0.155 > 0.091 > regional 0.0205 /km2) on 13.3% of the land -- the population is NOT food-limited, it is failing to disperse; any carrying-capacity reading of this run is void
  ~~ demography: 12/16 in band  worst: m_5_15=0.0266(2.66x), band_med_adults=14(0.50x), realised_ibi_med=31(0.90x), realised_tfr=4.64(0.99x)
[ 6175/15000] pop=  3246 bd=  63 bigbd=14(med122.0) strat=0.0% giniC=0.68 dyn:eff=50.0 top=0.067 nlin=108 lpb=16.81/dom=0.235 mRSg=0.607 set=43(mx126,prim1.34) con=369.0 inst=28 ldT=0.293 | asc=0.014 gumsa=0.317 tenure=6.2y levy=4820523.3 resent(mean/max)=0.0/0.0 revs=420 | 41.6m eta60m
  !! SPATIAL: PACKED AND SPARSE AT ONCE (local 0.162 > 0.091 > regional 0.0207 /km2) on 12.8% of the land; band commands 306 km2, inside its own 314 km2 catchment (Vita-Finzi & Higgs) -- the population is NOT food-limited, it is failing to disperse; any carrying-capacity reading of this run is void
  ~~ demography: 12/16 in band  worst: m_5_15=0.0266(2.66x), band_med_adults=14.5(0.51x), realised_ibi_med=31(0.90x), realised_tfr=4.64(0.99x)
[ 6200/15000] pop=  3275 bd=  66 bigbd=14(med125.0) strat=0.0% giniC=0.68 dyn:eff=50.7 top=0.066 nlin=109 lpb=16.44/dom=0.236 mRSg=0.602 set=40(mx103,prim1.02) con=456.0 inst=26 ldT=0.328 | asc=0.009 gumsa=0.273 tenure=6.2y levy=7924633.8 resent(mean/max)=0.0/0.0 revs=420 | 41.8m eta59m
  !! SPATIAL: PACKED AND SPARSE AT ONCE (local 0.142 > 0.091 > regional 0.0210 /km2) on 14.8% of the land -- the population is NOT food-limited, it is failing to disperse; any carrying-capacity reading of this run is void
  ~~ demography: 11/16 in band  worst: m_5_15=0.0266(2.66x), frac_motherless=0.0075(0.38x), band_med_adults=15(0.53x), realised_ibi_med=31(0.90x)
[ 6225/15000] pop=  3331 bd=  66 bigbd=14(med125.5) strat=0.0% giniC=0.68 dyn:eff=50.5 top=0.066 nlin=109 lpb=16.5/dom=0.24 mRSg=0.605 set=43(mx108,prim1.14) con=517.0 inst=32 ldT=0.182 | asc=0.013 gumsa=0.288 tenure=6.2y levy=15964863.8 resent(mean/max)=0.0/0.0 revs=421 | 41.9m eta59m
  !! SPATIAL: PACKED AND SPARSE AT ONCE (local 0.154 > 0.091 > regional 0.0212 /km2) on 13.8% of the land -- the population is NOT food-limited, it is failing to disperse; any carrying-capacity reading of this run is void
  ~~ demography: 12/16 in band  worst: m_5_15=0.0266(2.66x), band_med_adults=13.5(0.48x), realised_ibi_med=31(0.90x), realised_tfr=4.64(0.99x)
[ 6250/15000] pop=  3361 bd=  66 bigbd=15(med128) strat=0.0% giniC=0.679 dyn:eff=51.1 top=0.065 nlin=111 lpb=16.29/dom=0.253 mRSg=0.596 set=43(mx107,prim1.09) con=484.5 inst=31 ldT=0.254 | asc=0.013 gumsa=0.333 tenure=6.2y levy=9015590.5 resent(mean/max)=0.0/0.0 revs=422 | 42.1m eta59m
  !! SPATIAL: PACKED AND SPARSE AT ONCE (local 0.154 > 0.091 > regional 0.0203 /km2) on 13.2% of the land; band commands 286 km2, inside its own 314 km2 catchment (Vita-Finzi & Higgs) -- the population is NOT food-limited, it is failing to disperse; any carrying-capacity reading of this run is void
  ~~ demography: 11/16 in band  worst: m_5_15=0.0267(2.67x), frac_fatherless=0.081(1.62x), band_med_adults=12(0.43x), realised_ibi_med=31(0.90x)
[ 6275/15000] pop=  3217 bd=  73 bigbd=13(med115) strat=0.0% giniC=0.683 dyn:eff=51.4 top=0.065 nlin=111 lpb=14.63/dom=0.263 mRSg=0.6 set=45(mx103,prim1.04) con=467.5 inst=24 ldT=0.377 | asc=0.012 gumsa=0.233 tenure=6.2y levy=7788009.1 resent(mean/max)=0.0/0.0 revs=424 | 42.2m eta59m
  !! SPATIAL: PACKED AND SPARSE AT ONCE (local 0.161 > 0.091 > regional 0.0204 /km2) on 12.7% of the land; band commands 291 km2, inside its own 314 km2 catchment (Vita-Finzi & Higgs) -- the population is NOT food-limited, it is failing to disperse; any carrying-capacity reading of this run is void
  ~~ demography: 11/16 in band  worst: m_5_15=0.0266(2.66x), frac_fatherless=0.0956(1.91x), band_med_adults=12(0.43x), realised_ibi_med=31(0.90x)
[ 6300/15000] pop=  3231 bd=  69 bigbd=14(med118.0) strat=0.0% giniC=0.685 dyn:eff=51.8 top=0.063 nlin=110 lpb=15.38/dom=0.257 mRSg=0.601 set=43(mx111,prim1.11) con=517.0 inst=25 ldT=0.373 | asc=0.011 gumsa=0.217 tenure=6.2y levy=9751566.4 resent(mean/max)=0.0/0.0 revs=425 | 42.4m eta59m
  !! SPATIAL: PACKED AND SPARSE AT ONCE (local 0.151 > 0.091 > regional 0.0205 /km2) on 13.6% of the land; band commands 312 km2, inside its own 314 km2 catchment (Vita-Finzi & Higgs) -- the population is NOT food-limited, it is failing to disperse; any carrying-capacity reading of this run is void
  ~~ demography: 10/16 in band  worst: m_5_15=0.0266(2.66x), frac_fatherless=0.0999(2.00x), band_med_adults=12(0.43x), frac_motherless=0.0097(0.48x)
[ 6325/15000] pop=  3248 bd=  69 bigbd=15(med117) strat=0.0% giniC=0.684 dyn:eff=50.6 top=0.065 nlin=108 lpb=15.12/dom=0.262 mRSg=0.603 set=43(mx100,prim1.05) con=515.0 inst=27 ldT=0.194 | asc=0.017 gumsa=0.246 tenure=6.2y levy=11107385.3 resent(mean/max)=0.0/0.0 revs=426 | 42.5m eta58m
  !! SPATIAL: PACKED AND SPARSE AT ONCE (local 0.153 > 0.091 > regional 0.0208 /km2) on 13.6% of the land -- the population is NOT food-limited, it is failing to disperse; any carrying-capacity reading of this run is void
  ~~ demography: 12/16 in band  worst: m_5_15=0.0266(2.66x), band_med_adults=13(0.46x), realised_ibi_med=31(0.90x), realised_tfr=4.64(0.99x)
[ 6350/15000] pop=  3297 bd=  67 bigbd=14(med139.5) strat=0.0% giniC=0.685 dyn:eff=51.2 top=0.062 nlin=109 lpb=15.84/dom=0.261 mRSg=0.602 set=44(mx98,prim1.04) con=452.0 inst=29 ldT=0.286 | asc=0.012 gumsa=0.224 tenure=6.2y levy=12323273.0 resent(mean/max)=0.0/0.0 revs=428 | 42.6m eta58m
  !! SPATIAL: PACKED AND SPARSE AT ONCE (local 0.151 > 0.091 > regional 0.0207 /km2) on 13.7% of the land -- the population is NOT food-limited, it is failing to disperse; any carrying-capacity reading of this run is void
  ~~ demography: 12/16 in band  worst: m_5_15=0.0266(2.66x), band_med_adults=13(0.46x), realised_ibi_med=31(0.90x), realised_tfr=4.64(0.99x)
[ 6375/15000] pop=  3277 bd=  67 bigbd=15(med128) strat=0.0% giniC=0.686 dyn:eff=50.4 top=0.064 nlin=109 lpb=15.76/dom=0.257 mRSg=0.602 set=45(mx110,prim1.02) con=429.0 inst=21 ldT=0.281 | asc=0.01 gumsa=0.179 tenure=6.2y levy=12672984.1 resent(mean/max)=0.0/0.0 revs=429 | 42.8m eta58m
  !! SPATIAL: PACKED AND SPARSE AT ONCE (local 0.148 > 0.091 > regional 0.0205 /km2) on 13.8% of the land -- the population is NOT food-limited, it is failing to disperse; any carrying-capacity reading of this run is void
  ~~ demography: 12/16 in band  worst: m_5_15=0.0266(2.66x), band_med_adults=13(0.46x), realised_ibi_med=31(0.90x), realised_tfr=4.64(0.99x)
[ 6400/15000] pop=  3243 bd=  69 bigbd=14(med116.0) strat=0.0% giniC=0.684 dyn:eff=50.6 top=0.066 nlin=111 lpb=15.87/dom=0.245 mRSg=0.603 set=46(mx99,prim1.02) con=470.0 inst=34 ldT=0.375 | asc=0.012 gumsa=0.217 tenure=6.2y levy=8640679.4 resent(mean/max)=0.0/0.0 revs=430 | 42.9m eta58m
  !! SPATIAL: PACKED AND SPARSE AT ONCE (local 0.148 > 0.091 > regional 0.0202 /km2) on 13.6% of the land -- the population is NOT food-limited, it is failing to disperse; any carrying-capacity reading of this run is void
  ~~ demography: 12/16 in band  worst: m_5_15=0.0266(2.66x), band_med_adults=14(0.50x), realised_ibi_med=31(0.90x), realised_tfr=4.64(0.99x)
[ 6425/15000] pop=  3207 bd=  64 bigbd=14(med123.5) strat=0.0% giniC=0.686 dyn:eff=50.5 top=0.066 nlin=109 lpb=16.67/dom=0.243 mRSg=0.612 set=46(mx112,prim1.19) con=429.0 inst=20 ldT=0.226 | asc=0.015 gumsa=0.266 tenure=6.2y levy=7851343.0 resent(mean/max)=0.0/0.0 revs=430 | 43.1m eta58m
  !! SPATIAL: PACKED AND SPARSE AT ONCE (local 0.147 > 0.091 > regional 0.0200 /km2) on 13.6% of the land -- the population is NOT food-limited, it is failing to disperse; any carrying-capacity reading of this run is void
  ~~ demography: 12/16 in band  worst: m_5_15=0.0266(2.66x), band_med_adults=15(0.53x), realised_ibi_med=31(0.90x), realised_tfr=4.63(0.99x)
[ 6450/15000] pop=  3171 bd=  62 bigbd=15(med127) strat=0.0% giniC=0.686 dyn:eff=49.8 top=0.067 nlin=109 lpb=16.81/dom=0.238 mRSg=0.607 set=39(mx97,prim1.09) con=473.5 inst=28 ldT=0.23 | asc=0.022 gumsa=0.403 tenure=6.2y levy=6930906.6 resent(mean/max)=0.0/0.0 revs=433 | 43.2m eta57m
  !! SPATIAL: PACKED AND SPARSE AT ONCE (local 0.150 > 0.091 > regional 0.0201 /km2) on 13.4% of the land -- the population is NOT food-limited, it is failing to disperse; any carrying-capacity reading of this run is void
  ~~ demography: 12/16 in band  worst: m_5_15=0.0266(2.66x), band_med_adults=13(0.46x), realised_ibi_med=31(0.90x), realised_tfr=4.63(0.99x)
[ 6475/15000] pop=  3187 bd=  63 bigbd=15(med125) strat=0.0% giniC=0.687 dyn:eff=49.1 top=0.068 nlin=108 lpb=16.75/dom=0.234 mRSg=0.611 set=41(mx108,prim1.06) con=581.0 inst=27 ldT=0.267 | asc=0.028 gumsa=0.444 tenure=6.2y levy=7349414.8 resent(mean/max)=0.0/0.0 revs=434 | 43.4m eta57m
  !! SPATIAL: PACKED AND SPARSE AT ONCE (local 0.147 > 0.091 > regional 0.0205 /km2) on 14.0% of the land -- the population is NOT food-limited, it is failing to disperse; any carrying-capacity reading of this run is void
  ~~ demography: 12/16 in band  worst: m_5_15=0.0266(2.66x), band_med_adults=13(0.46x), realised_ibi_med=31(0.90x), realised_tfr=4.63(0.99x)
[ 6500/15000] pop=  3253 bd=  65 bigbd=14(med127.0) strat=0.0% giniC=0.685 dyn:eff=50.6 top=0.067 nlin=111 lpb=16.86/dom=0.234 mRSg=0.612 set=45(mx112,prim1.23) con=503.5 inst=28 ldT=0.254 | asc=0.024 gumsa=0.415 tenure=6.2y levy=10642936.0 resent(mean/max)=0.0/0.0 revs=434 | 43.5m eta57m
  !! SPATIAL: PACKED AND SPARSE AT ONCE (local 0.145 > 0.091 > regional 0.0203 /km2) on 14.0% of the land -- the population is NOT food-limited, it is failing to disperse; any carrying-capacity reading of this run is void
  ~~ demography: 12/16 in band  worst: m_5_15=0.0266(2.66x), band_med_adults=13(0.46x), realised_ibi_med=31(0.90x), realised_tfr=4.63(0.99x)
[ 6525/15000] pop=  3212 bd=  66 bigbd=15(med111) strat=0.0% giniC=0.686 dyn:eff=51.0 top=0.066 nlin=110 lpb=16.26/dom=0.246 mRSg=0.616 set=42(mx110,prim1.04) con=504.0 inst=24 ldT=0.19 | asc=0.022 gumsa=0.348 tenure=6.2y levy=10030289.1 resent(mean/max)=0.0/0.0 revs=435 | 43.7m eta57m
  !! SPATIAL: PACKED AND SPARSE AT ONCE (local 0.137 > 0.091 > regional 0.0201 /km2) on 14.6% of the land -- the population is NOT food-limited, it is failing to disperse; any carrying-capacity reading of this run is void
  ~~ demography: 10/16 in band  worst: m_5_15=0.0266(2.66x), frac_fatherless=0.0806(1.61x), frac_motherless=0.0301(1.50x), band_med_adults=15(0.53x)
[ 6550/15000] pop=  3182 bd=  65 bigbd=12(med129.0) strat=0.0% giniC=0.693 dyn:eff=51.1 top=0.066 nlin=110 lpb=16.37/dom=0.244 mRSg=0.621 set=44(mx112,prim1.23) con=503.0 inst=30 ldT=0.226 | asc=0.021 gumsa=0.323 tenure=6.2y levy=9235253.2 resent(mean/max)=0.0/0.0 revs=436 | 43.8m eta57m
  !! SPATIAL: PACKED AND SPARSE AT ONCE (local 0.155 > 0.091 > regional 0.0202 /km2) on 13.0% of the land -- the population is NOT food-limited, it is failing to disperse; any carrying-capacity reading of this run is void
  ~~ demography: 12/16 in band  worst: m_5_15=0.0267(2.67x), band_med_adults=16.5(0.59x), realised_ibi_med=31(0.90x), realised_tfr=4.63(0.99x)
[ 6575/15000] pop=  3201 bd=  62 bigbd=12(med127.5) strat=0.0% giniC=0.695 dyn:eff=49.9 top=0.07 nlin=110 lpb=16.97/dom=0.245 mRSg=0.626 set=43(mx106,prim1.03) con=467.0 inst=33 ldT=0.288 | asc=0.019 gumsa=0.323 tenure=6.2y levy=9252608.5 resent(mean/max)=0.0/0.0 revs=438 | 43.9m eta56m
  !! SPATIAL: PACKED AND SPARSE AT ONCE (local 0.146 > 0.091 > regional 0.0208 /km2) on 14.2% of the land -- the population is NOT food-limited, it is failing to disperse; any carrying-capacity reading of this run is void
  ~~ demography: 11/16 in band  worst: m_5_15=0.0266(2.66x), frac_fatherless=0.0827(1.65x), band_med_adults=16.5(0.59x), realised_ibi_med=31(0.90x)
[ 6600/15000] pop=  3290 bd=  60 bigbd=12(med137.5) strat=0.0% giniC=0.695 dyn:eff=49.4 top=0.071 nlin=109 lpb=17.82/dom=0.24 mRSg=0.622 set=44(mx112,prim1.06) con=387.5 inst=28 ldT=0.267 | asc=0.012 gumsa=0.183 tenure=6.2y levy=11648935.8 resent(mean/max)=0.0/0.0 revs=439 | 44.1m eta56m
  !! SPATIAL: PACKED AND SPARSE AT ONCE (local 0.155 > 0.091 > regional 0.0210 /km2) on 13.6% of the land -- the population is NOT food-limited, it is failing to disperse; any carrying-capacity reading of this run is void
  ~~ demography: 10/16 in band  worst: m_5_15=0.0266(2.66x), frac_motherless=0.0094(0.47x), frac_fatherless=0.0765(1.53x), band_med_adults=17(0.60x)
[ 6625/15000] pop=  3322 bd=  60 bigbd=12(med147.5) strat=0.0% giniC=0.695 dyn:eff=48.3 top=0.073 nlin=109 lpb=17.52/dom=0.247 mRSg=0.623 set=42(mx120,prim1.08) con=417.5 inst=26 ldT=0.237 | asc=0.016 gumsa=0.3 tenure=6.2y levy=15667829.8 resent(mean/max)=0.0/0.0 revs=439 | 44.2m eta56m
  !! SPATIAL: PACKED AND SPARSE AT ONCE (local 0.157 > 0.091 > regional 0.0215 /km2) on 13.6% of the land -- the population is NOT food-limited, it is failing to disperse; any carrying-capacity reading of this run is void
  ~~ demography: 11/16 in band  worst: m_5_15=0.0265(2.65x), frac_fatherless=0.0756(1.51x), band_med_adults=18(0.64x), realised_ibi_med=31(0.90x)
[ 6650/15000] pop=  3400 bd=  58 bigbd=12(med166.5) strat=0.0% giniC=0.694 dyn:eff=47.6 top=0.074 nlin=110 lpb=17.78/dom=0.251 mRSg=0.625 set=43(mx120,prim1.04) con=460.5 inst=31 ldT=0.224 | asc=0.014 gumsa=0.241 tenure=6.2y levy=12734782.0 resent(mean/max)=0.0/0.0 revs=441 | 44.4m eta56m
  !! SPATIAL: PACKED AND SPARSE AT ONCE (local 0.154 > 0.091 > regional 0.0209 /km2) on 13.6% of the land -- the population is NOT food-limited, it is failing to disperse; any carrying-capacity reading of this run is void
  ~~ demography: 12/16 in band  worst: m_5_15=0.0266(2.66x), band_med_adults=16(0.57x), realised_ibi_med=31(0.90x), realised_tfr=4.63(0.99x)
[ 6675/15000] pop=  3312 bd=  60 bigbd=14(med119.5) strat=0.0% giniC=0.696 dyn:eff=47.2 top=0.076 nlin=110 lpb=17.78/dom=0.235 mRSg=0.624 set=46(mx113,prim1.12) con=402.0 inst=31 ldT=0.37 | asc=0.022 gumsa=0.333 tenure=6.2y levy=8602889.3 resent(mean/max)=0.0/0.0 revs=441 | 44.5m eta56m
  !! SPATIAL: PACKED AND SPARSE AT ONCE (local 0.161 > 0.091 > regional 0.0206 /km2) on 12.8% of the land; band commands 312 km2, inside its own 314 km2 catchment (Vita-Finzi & Higgs) -- the population is NOT food-limited, it is failing to disperse; any carrying-capacity reading of this run is void
  ~~ demography: 11/16 in band  worst: m_5_15=0.0266(2.66x), frac_fatherless=0.0753(1.51x), band_med_adults=14(0.50x), realised_ibi_med=31(0.90x)
[ 6700/15000] pop=  3260 bd=  65 bigbd=13(med141) strat=0.0% giniC=0.706 dyn:eff=47.2 top=0.076 nlin=110 lpb=16.66/dom=0.232 mRSg=0.621 set=44(mx101,prim1.03) con=404.0 inst=31 ldT=0.211 | asc=0.021 gumsa=0.338 tenure=6.2y levy=10964972.8 resent(mean/max)=0.0/0.0 revs=442 | 44.7m eta55m
  !! SPATIAL: PACKED AND SPARSE AT ONCE (local 0.146 > 0.091 > regional 0.0205 /km2) on 14.0% of the land -- the population is NOT food-limited, it is failing to disperse; any carrying-capacity reading of this run is void
  ~~ demography: 12/16 in band  worst: m_5_15=0.0266(2.66x), band_med_adults=14(0.50x), realised_ibi_med=31(0.90x), realised_tfr=4.63(0.99x)
[ 6725/15000] pop=  3240 bd=  63 bigbd=11(med150) strat=0.0% giniC=0.706 dyn:eff=46.7 top=0.077 nlin=108 lpb=16.87/dom=0.23 mRSg=0.625 set=41(mx107,prim1.01) con=388.0 inst=36 ldT=0.367 | asc=0.017 gumsa=0.286 tenure=6.2y levy=8027235.8 resent(mean/max)=0.0/0.0 revs=442 | 44.9m eta55m
  !! SPATIAL: PACKED AND SPARSE AT ONCE (local 0.161 > 0.091 > regional 0.0205 /km2) on 12.7% of the land; band commands 309 km2, inside its own 314 km2 catchment (Vita-Finzi & Higgs) -- the population is NOT food-limited, it is failing to disperse; any carrying-capacity reading of this run is void
  ~~ demography: 12/16 in band  worst: m_5_15=0.0266(2.66x), band_med_adults=15(0.53x), realised_ibi_med=31(0.90x), realised_tfr=4.63(0.99x)
[ 6750/15000] pop=  3241 bd=  65 bigbd=12(med152.5) strat=0.0% giniC=0.701 dyn:eff=47.3 top=0.079 nlin=109 lpb=16.42/dom=0.236 mRSg=0.625 set=41(mx103,prim1.08) con=452.0 inst=37 ldT=0.29 | asc=0.012 gumsa=0.185 tenure=6.2y levy=7180068.2 resent(mean/max)=0.0/0.0 revs=444 | 45.0m eta55m
  !! SPATIAL: PACKED AND SPARSE AT ONCE (local 0.163 > 0.091 > regional 0.0205 /km2) on 12.6% of the land; band commands 278 km2, inside its own 314 km2 catchment (Vita-Finzi & Higgs) -- the population is NOT food-limited, it is failing to disperse; any carrying-capacity reading of this run is void
  ~~ demography: 11/16 in band  worst: m_5_15=0.0266(2.66x), frac_motherless=0.0093(0.46x), band_med_adults=14(0.50x), realised_ibi_med=31(0.90x)
[ 6775/15000] pop=  3251 bd=  72 bigbd=12(med117.5) strat=0.0% giniC=0.7 dyn:eff=46.9 top=0.08 nlin=109 lpb=16.17/dom=0.228 mRSg=0.624 set=41(mx116,prim1.21) con=490.0 inst=29 ldT=0.177 | asc=0.011 gumsa=0.181 tenure=6.2y levy=8048341.5 resent(mean/max)=0.0/0.0 revs=444 | 45.1m eta55m
  !! SPATIAL: PACKED AND SPARSE AT ONCE (local 0.160 > 0.091 > regional 0.0204 /km2) on 12.8% of the land; band commands 277 km2, inside its own 314 km2 catchment (Vita-Finzi & Higgs) -- the population is NOT food-limited, it is failing to disperse; any carrying-capacity reading of this run is void
  ~~ demography: 12/16 in band  worst: m_5_15=0.0266(2.66x), band_med_adults=14(0.50x), realised_ibi_med=31(0.90x), realised_tfr=4.63(0.99x)
[ 6800/15000] pop=  3239 bd=  73 bigbd=12(med132.0) strat=0.0% giniC=0.698 dyn:eff=46.2 top=0.08 nlin=109 lpb=15.58/dom=0.239 mRSg=0.624 set=44(mx105,prim1.12) con=473.0 inst=29 ldT=0.309 | asc=0.017 gumsa=0.205 tenure=6.2y levy=8084110.5 resent(mean/max)=0.0/0.0 revs=444 | 45.3m eta55m
  !! SPATIAL: PACKED AND SPARSE AT ONCE (local 0.168 > 0.091 > regional 0.0205 /km2) on 12.2% of the land; band commands 268 km2, inside its own 314 km2 catchment (Vita-Finzi & Higgs) -- the population is NOT food-limited, it is failing to disperse; any carrying-capacity reading of this run is void
  ~~ demography: 12/16 in band  worst: m_5_15=0.0266(2.66x), band_med_adults=13(0.46x), realised_ibi_med=31(0.90x), realised_tfr=4.63(0.99x)
[ 6825/15000] pop=  3247 bd=  72 bigbd=12(med133.5) strat=0.0% giniC=0.696 dyn:eff=46.0 top=0.08 nlin=109 lpb=15.58/dom=0.248 mRSg=0.618 set=44(mx105,prim1.14) con=385.0 inst=26 ldT=0.296 | asc=0.018 gumsa=0.181 tenure=6.2y levy=9258837.5 resent(mean/max)=0.0/0.0 revs=445 | 45.4m eta54m
  !! SPATIAL: PACKED AND SPARSE AT ONCE (local 0.154 > 0.091 > regional 0.0207 /km2) on 13.4% of the land; band commands 290 km2, inside its own 314 km2 catchment (Vita-Finzi & Higgs) -- the population is NOT food-limited, it is failing to disperse; any carrying-capacity reading of this run is void
  ~~ demography: 12/16 in band  worst: m_5_15=0.0266(2.66x), band_med_adults=14(0.50x), realised_ibi_med=31(0.90x), realised_tfr=4.64(0.99x)
[ 6850/15000] pop=  3275 bd=  73 bigbd=13(med131) strat=0.0% giniC=0.698 dyn:eff=47.1 top=0.076 nlin=111 lpb=15.36/dom=0.243 mRSg=0.612 set=43(mx118,prim1.11) con=400.0 inst=37 ldT=0.343 | asc=0.016 gumsa=0.192 tenure=6.2y levy=12377919.9 resent(mean/max)=0.0/0.0 revs=446 | 45.5m eta54m
  !! SPATIAL: PACKED AND SPARSE AT ONCE (local 0.141 > 0.091 > regional 0.0208 /km2) on 14.7% of the land -- the population is NOT food-limited, it is failing to disperse; any carrying-capacity reading of this run is void
  ~~ demography: 12/16 in band  worst: m_5_15=0.0266(2.66x), band_med_adults=14(0.50x), realised_ibi_med=31(0.90x), realised_tfr=4.64(0.99x)
[ 6875/15000] pop=  3294 bd=  70 bigbd=13(med135) strat=0.0% giniC=0.697 dyn:eff=47.0 top=0.077 nlin=112 lpb=15.8/dom=0.245 mRSg=0.613 set=43(mx111,prim1.1) con=374.0 inst=27 ldT=0.212 | asc=0.01 gumsa=0.243 tenure=6.2y levy=12462644.0 resent(mean/max)=0.0/0.0 revs=448 | 45.7m eta54m
  !! SPATIAL: PACKED AND SPARSE AT ONCE (local 0.154 > 0.091 > regional 0.0201 /km2) on 13.1% of the land; band commands 284 km2, inside its own 314 km2 catchment (Vita-Finzi & Higgs) -- the population is NOT food-limited, it is failing to disperse; any carrying-capacity reading of this run is void
  ~~ demography: 12/16 in band  worst: m_5_15=0.0267(2.67x), band_med_adults=14(0.50x), realised_ibi_med=31(0.90x), realised_tfr=4.64(0.99x)
[ 6900/15000] pop=  3180 bd=  73 bigbd=11(med132) strat=0.0% giniC=0.702 dyn:eff=49.3 top=0.07 nlin=111 lpb=15.42/dom=0.249 mRSg=0.614 set=43(mx113,prim1.03) con=451.0 inst=25 ldT=0.338 | asc=0.016 gumsa=0.301 tenure=6.2y levy=11251311.1 resent(mean/max)=0.0/0.0 revs=448 | 45.9m eta54m
  !! SPATIAL: PACKED AND SPARSE AT ONCE (local 0.150 > 0.091 > regional 0.0200 /km2) on 13.4% of the land; band commands 307 km2, inside its own 314 km2 catchment (Vita-Finzi & Higgs) -- the population is NOT food-limited, it is failing to disperse; any carrying-capacity reading of this run is void
  ~~ demography: 12/16 in band  worst: m_5_15=0.0267(2.67x), band_med_adults=13(0.46x), realised_ibi_med=31(0.90x), realised_tfr=4.64(0.99x)
[ 6925/15000] pop=  3175 bd=  69 bigbd=12(med139.0) strat=0.0% giniC=0.695 dyn:eff=48.7 top=0.072 nlin=111 lpb=15.68/dom=0.252 mRSg=0.605 set=40(mx115,prim1.06) con=463.5 inst=29 ldT=0.261 | asc=0.022 gumsa=0.362 tenure=6.2y levy=12191179.3 resent(mean/max)=0.0/0.0 revs=448 | 46.0m eta54m
  !! SPATIAL: PACKED AND SPARSE AT ONCE (local 0.148 > 0.091 > regional 0.0203 /km2) on 13.7% of the land -- the population is NOT food-limited, it is failing to disperse; any carrying-capacity reading of this run is void
  ~~ demography: 12/16 in band  worst: m_5_15=0.0267(2.67x), band_med_adults=14(0.50x), realised_ibi_med=31(0.90x), realised_tfr=4.64(0.99x)
[ 6950/15000] pop=  3218 bd=  66 bigbd=11(med134) strat=0.0% giniC=0.695 dyn:eff=49.7 top=0.069 nlin=112 lpb=16.33/dom=0.24 mRSg=0.601 set=42(mx109,prim1.03) con=491.5 inst=33 ldT=0.203 | asc=0.02 gumsa=0.379 tenure=6.2y levy=11913691.2 resent(mean/max)=0.0/0.0 revs=449 | 46.1m eta53m
  !! SPATIAL: PACKED AND SPARSE AT ONCE (local 0.149 > 0.091 > regional 0.0199 /km2) on 13.4% of the land -- the population is NOT food-limited, it is failing to disperse; any carrying-capacity reading of this run is void
  ~~ demography: 12/16 in band  worst: m_5_15=0.0268(2.68x), band_med_adults=12(0.43x), realised_ibi_med=31(0.90x), realised_tfr=4.64(0.99x)
[ 6975/15000] pop=  3153 bd=  66 bigbd=12(med110.5) strat=0.0% giniC=0.703 dyn:eff=50.5 top=0.07 nlin=112 lpb=15.55/dom=0.257 mRSg=0.593 set=39(mx117,prim1.0) con=445.5 inst=39 ldT=0.381 | asc=0.014 gumsa=0.288 tenure=6.2y levy=8356830.4 resent(mean/max)=0.0/0.0 revs=450 | 46.3m eta53m
  !! SPATIAL: PACKED AND SPARSE AT ONCE (local 0.155 > 0.091 > regional 0.0202 /km2) on 13.0% of the land; band commands 307 km2, inside its own 314 km2 catchment (Vita-Finzi & Higgs) -- the population is NOT food-limited, it is failing to disperse; any carrying-capacity reading of this run is void
  ~~ demography: 12/16 in band  worst: m_5_15=0.0267(2.67x), band_med_adults=13(0.46x), realised_ibi_med=31(0.90x), realised_tfr=4.64(0.99x)
[ 7000/15000] pop=  3201 bd=  67 bigbd=12(med118.5) strat=0.0% giniC=0.703 dyn:eff=49.8 top=0.07 nlin=112 lpb=15.48/dom=0.258 mRSg=0.592 set=41(mx117,prim1.11) con=496.0 inst=33 ldT=0.188 | asc=0.015 gumsa=0.269 tenure=6.2y levy=11436922.8 resent(mean/max)=0.0/0.0 revs=453 | 46.4m eta53m
  !! SPATIAL: PACKED AND SPARSE AT ONCE (local 0.150 > 0.091 > regional 0.0199 /km2) on 13.3% of the land; band commands 304 km2, inside its own 314 km2 catchment (Vita-Finzi & Higgs) -- the population is NOT food-limited, it is failing to disperse; any carrying-capacity reading of this run is void
  ~~ demography: 12/16 in band  worst: m_5_15=0.0268(2.68x), band_med_adults=12(0.43x), realised_ibi_med=31(0.90x), realised_tfr=4.64(0.99x)
[ 7025/15000] pop=  3150 bd=  69 bigbd=13(med112) strat=0.0% giniC=0.705 dyn:eff=49.3 top=0.071 nlin=110 lpb=14.67/dom=0.278 mRSg=0.595 set=43(mx121,prim1.21) con=493.5 inst=30 ldT=0.231 | asc=0.014 gumsa=0.203 tenure=6.2y levy=7939980.3 resent(mean/max)=0.0/0.0 revs=454 | 46.6m eta53m
  !! SPATIAL: PACKED AND SPARSE AT ONCE (local 0.157 > 0.091 > regional 0.0196 /km2) on 12.5% of the land; band commands 300 km2, inside its own 314 km2 catchment (Vita-Finzi & Higgs) -- the population is NOT food-limited, it is failing to disperse; any carrying-capacity reading of this run is void
  ~~ demography: 12/16 in band  worst: m_5_15=0.0268(2.68x), band_med_adults=13.5(0.48x), realised_ibi_med=31(0.90x), realised_tfr=4.64(0.99x)
[ 7050/15000] pop=  3111 bd=  66 bigbd=12(med130.5) strat=0.0% giniC=0.706 dyn:eff=50.7 top=0.066 nlin=111 lpb=15.98/dom=0.268 mRSg=0.592 set=46(mx110,prim1.0) con=499.0 inst=21 ldT=0.351 | asc=0.009 gumsa=0.121 tenure=6.2y levy=6702197.0 resent(mean/max)=0.0/0.0 revs=456 | 46.7m eta53m
  !! SPATIAL: PACKED AND SPARSE AT ONCE (local 0.142 > 0.091 > regional 0.0194 /km2) on 13.7% of the land -- the population is NOT food-limited, it is failing to disperse; any carrying-capacity reading of this run is void
  ~~ demography: 11/16 in band  worst: m_5_15=0.0268(2.68x), frac_fatherless=0.0789(1.58x), band_med_adults=14(0.50x), realised_ibi_med=31(0.90x)
[ 7075/15000] pop=  3075 bd=  63 bigbd=12(med132.0) strat=0.0% giniC=0.7 dyn:eff=49.9 top=0.065 nlin=111 lpb=16.13/dom=0.28 mRSg=0.597 set=45(mx111,prim1.23) con=443.0 inst=27 ldT=0.238 | asc=0.018 gumsa=0.302 tenure=6.2y levy=8433427.7 resent(mean/max)=0.0/0.0 revs=457 | 46.8m eta52m
  !! SPATIAL: PACKED AND SPARSE AT ONCE (local 0.148 > 0.091 > regional 0.0193 /km2) on 13.1% of the land -- the population is NOT food-limited, it is failing to disperse; any carrying-capacity reading of this run is void
  ~~ demography: 12/16 in band  worst: m_5_15=0.0268(2.68x), band_med_adults=13(0.46x), realised_ibi_med=31(0.90x), realised_tfr=4.64(0.99x)
[ 7100/15000] pop=  3062 bd=  63 bigbd=11(med148) strat=0.0% giniC=0.7 dyn:eff=49.5 top=0.066 nlin=111 lpb=16.06/dom=0.257 mRSg=0.596 set=46(mx113,prim1.1) con=545.0 inst=29 ldT=0.456 | asc=0.011 gumsa=0.254 tenure=6.2y levy=15305411.3 resent(mean/max)=0.0/0.0 revs=459 | 47.0m eta52m
  !! SPATIAL: PACKED AND SPARSE AT ONCE (local 0.158 > 0.091 > regional 0.0188 /km2) on 11.9% of the land -- the population is NOT food-limited, it is failing to disperse; any carrying-capacity reading of this run is void
  ~~ demography: 11/16 in band  worst: m_5_15=0.0268(2.68x), frac_fatherless=0.0789(1.58x), band_med_adults=13(0.46x), realised_ibi_med=31(0.90x)
[ 7125/15000] pop=  2973 bd=  59 bigbd=12(med133.5) strat=0.0% giniC=0.7 dyn:eff=51.8 top=0.065 nlin=112 lpb=16.46/dom=0.256 mRSg=0.6 set=43(mx95,prim1.03) con=433.0 inst=26 ldT=0.193 | asc=0.009 gumsa=0.203 tenure=6.2y levy=12528559.1 resent(mean/max)=0.0/0.0 revs=459 | 47.1m eta52m
  !! SPATIAL: PACKED AND SPARSE AT ONCE (local 0.154 > 0.091 > regional 0.0192 /km2) on 12.5% of the land -- the population is NOT food-limited, it is failing to disperse; any carrying-capacity reading of this run is void
  ~~ demography: 12/16 in band  worst: m_5_15=0.0268(2.68x), band_med_adults=14(0.50x), realised_ibi_med=31(0.90x), realised_tfr=4.64(0.99x)
[ 7150/15000] pop=  3042 bd=  58 bigbd=11(med171) strat=0.0% giniC=0.694 dyn:eff=51.6 top=0.063 nlin=111 lpb=16.79/dom=0.253 mRSg=0.597 set=40(mx112,prim1.06) con=442.0 inst=33 ldT=0.193 | asc=0.008 gumsa=0.19 tenure=6.2y levy=14777395.2 resent(mean/max)=0.0/0.0 revs=459 | 47.2m eta52m
  !! SPATIAL: PACKED AND SPARSE AT ONCE (local 0.156 > 0.091 > regional 0.0189 /km2) on 12.1% of the land -- the population is NOT food-limited, it is failing to disperse; any carrying-capacity reading of this run is void
  ~~ demography: 12/16 in band  worst: m_5_15=0.0269(2.69x), band_med_adults=15(0.53x), realised_ibi_med=31(0.90x), realised_tfr=4.64(0.99x)
[ 7175/15000] pop=  2986 bd=  55 bigbd=11(med170) strat=0.0% giniC=0.699 dyn:eff=52.9 top=0.06 nlin=111 lpb=17.07/dom=0.241 mRSg=0.6 set=40(mx106,prim1.01) con=599.0 inst=26 ldT=0.245 | asc=0.009 gumsa=0.2 tenure=6.2y levy=9070435.9 resent(mean/max)=0.0/0.0 revs=460 | 47.4m eta52m
  !! SPATIAL: PACKED AND SPARSE AT ONCE (local 0.153 > 0.091 > regional 0.0193 /km2) on 12.6% of the land -- the population is NOT food-limited, it is failing to disperse; any carrying-capacity reading of this run is void
  ~~ demography: 12/16 in band  worst: m_5_15=0.0268(2.68x), band_med_adults=16(0.57x), realised_ibi_med=31(0.90x), realised_tfr=4.65(0.99x)
[ 7200/15000] pop=  3060 bd=  53 bigbd=13(med114) strat=0.0% giniC=0.695 dyn:eff=52.1 top=0.062 nlin=111 lpb=17.49/dom=0.244 mRSg=0.595 set=40(mx109,prim1.02) con=456.5 inst=21 ldT=0.17 | asc=0.013 gumsa=0.302 tenure=6.2y levy=11473760.3 resent(mean/max)=0.0/0.0 revs=461 | 47.5m eta51m
  !! SPATIAL: PACKED AND SPARSE AT ONCE (local 0.149 > 0.091 > regional 0.0194 /km2) on 13.0% of the land -- the population is NOT food-limited, it is failing to disperse; any carrying-capacity reading of this run is void
  ~~ demography: 12/16 in band  worst: m_5_15=0.0268(2.68x), band_med_adults=16.5(0.59x), realised_ibi_med=31(0.90x), realised_tfr=4.65(0.99x)
[ 7225/15000] pop=  3073 bd=  52 bigbd=14(med108.5) strat=0.0% giniC=0.688 dyn:eff=51.9 top=0.06 nlin=110 lpb=17.71/dom=0.25 mRSg=0.6 set=37(mx110,prim1.11) con=420.5 inst=30 ldT=0.196 | asc=0.01 gumsa=0.269 tenure=6.2y levy=13571286.0 resent(mean/max)=0.0/0.0 revs=462 | 47.6m eta51m
  !! SPATIAL: PACKED AND SPARSE AT ONCE (local 0.170 > 0.091 > regional 0.0192 /km2) on 11.3% of the land; band commands 309 km2, inside its own 314 km2 catchment (Vita-Finzi & Higgs) -- the population is NOT food-limited, it is failing to disperse; any carrying-capacity reading of this run is void
  ~~ demography: 11/16 in band  worst: m_5_15=0.0268(2.68x), frac_fatherless=0.0909(1.82x), band_med_adults=13.5(0.48x), realised_ibi_med=31(0.90x)
[ 7250/15000] pop=  3048 bd=  58 bigbd=12(med131.0) strat=0.0% giniC=0.693 dyn:eff=52.4 top=0.059 nlin=113 lpb=16.76/dom=0.258 mRSg=0.592 set=39(mx105,prim1.01) con=494.0 inst=29 ldT=0.224 | asc=0.003 gumsa=0.121 tenure=6.2y levy=6847897.1 resent(mean/max)=0.0/0.0 revs=463 | 47.8m eta51m
  !! SPATIAL: PACKED AND SPARSE AT ONCE (local 0.153 > 0.091 > regional 0.0195 /km2) on 12.7% of the land -- the population is NOT food-limited, it is failing to disperse; any carrying-capacity reading of this run is void
  ~~ demography: 12/16 in band  worst: m_5_15=0.0268(2.68x), band_med_adults=15(0.53x), realised_ibi_med=31(0.90x), realised_tfr=4.65(0.99x)
[ 7275/15000] pop=  3081 bd=  56 bigbd=13(med120) strat=0.0% giniC=0.689 dyn:eff=51.4 top=0.06 nlin=112 lpb=17.09/dom=0.264 mRSg=0.596 set=43(mx100,prim1.01) con=603.0 inst=29 ldT=0.2 | asc=0.003 gumsa=0.143 tenure=6.2y levy=11563783.6 resent(mean/max)=0.0/0.0 revs=463 | 47.9m eta51m
  !! SPATIAL: PACKED AND SPARSE AT ONCE (local 0.149 > 0.091 > regional 0.0190 /km2) on 12.8% of the land -- the population is NOT food-limited, it is failing to disperse; any carrying-capacity reading of this run is void
  ~~ demography: 11/16 in band  worst: m_5_15=0.0268(2.68x), frac_motherless=0.0314(1.57x), band_med_adults=14(0.50x), realised_ibi_med=31(0.90x)
[ 7300/15000] pop=  3016 bd=  52 bigbd=14(med123.0) strat=0.0% giniC=0.689 dyn:eff=51.3 top=0.06 nlin=112 lpb=17.75/dom=0.243 mRSg=0.601 set=43(mx106,prim1.07) con=535.0 inst=27 ldT=0.286 | asc=0.01 gumsa=0.231 tenure=6.2y levy=9331159.2 resent(mean/max)=0.0/0.0 revs=464 | 48.0m eta51m
  !! SPATIAL: PACKED AND SPARSE AT ONCE (local 0.160 > 0.091 > regional 0.0190 /km2) on 11.9% of the land -- the population is NOT food-limited, it is failing to disperse; any carrying-capacity reading of this run is void
  ~~ demography: 12/16 in band  worst: m_5_15=0.0268(2.68x), band_med_adults=14(0.50x), realised_ibi_med=31(0.90x), realised_tfr=4.65(0.99x)
[ 7325/15000] pop=  3012 bd=  51 bigbd=13(med128) strat=0.0% giniC=0.688 dyn:eff=50.4 top=0.06 nlin=111 lpb=17.67/dom=0.242 mRSg=0.598 set=39(mx121,prim1.11) con=558.0 inst=18 ldT=0.12 | asc=0.009 gumsa=0.275 tenure=6.2y levy=8954354.7 resent(mean/max)=0.0/0.0 revs=466 | 48.1m eta50m
  !! SPATIAL: PACKED AND SPARSE AT ONCE (local 0.164 > 0.091 > regional 0.0191 /km2) on 11.7% of the land -- the population is NOT food-limited, it is failing to disperse; any carrying-capacity reading of this run is void
  ~~ demography: 12/16 in band  worst: m_5_15=0.0268(2.68x), band_med_adults=14(0.50x), realised_ibi_med=31(0.90x), realised_tfr=4.65(0.99x)
[ 7350/15000] pop=  3031 bd=  52 bigbd=13(med141) strat=0.0% giniC=0.687 dyn:eff=52.7 top=0.06 nlin=111 lpb=17.92/dom=0.234 mRSg=0.609 set=36(mx116,prim1.17) con=512.0 inst=26 ldT=0.188 | asc=0.005 gumsa=0.154 tenure=6.2y levy=7876903.0 resent(mean/max)=0.0/0.0 revs=467 | 48.3m eta50m
  !! SPATIAL: PACKED AND SPARSE AT ONCE (local 0.154 > 0.091 > regional 0.0193 /km2) on 12.6% of the land -- the population is NOT food-limited, it is failing to disperse; any carrying-capacity reading of this run is void
  ~~ demography: 12/16 in band  worst: m_5_15=0.0268(2.68x), band_med_adults=13.5(0.48x), realised_ibi_med=31(0.90x), realised_tfr=4.65(0.99x)
[ 7375/15000] pop=  3064 bd=  52 bigbd=13(med143) strat=0.0% giniC=0.687 dyn:eff=53.4 top=0.058 nlin=111 lpb=18.08/dom=0.248 mRSg=0.617 set=40(mx123,prim1.02) con=572.0 inst=31 ldT=0.271 | asc=0.007 gumsa=0.212 tenure=6.2y levy=10315670.2 resent(mean/max)=0.0/0.0 revs=468 | 48.4m eta50m
  !! SPATIAL: PACKED AND SPARSE AT ONCE (local 0.159 > 0.091 > regional 0.0193 /km2) on 12.1% of the land -- the population is NOT food-limited, it is failing to disperse; any carrying-capacity reading of this run is void
  ~~ demography: 12/16 in band  worst: m_5_15=0.0268(2.68x), band_med_adults=14(0.50x), realised_ibi_med=31(0.90x), realised_tfr=4.65(0.99x)
[ 7400/15000] pop=  3055 bd=  54 bigbd=13(med132) strat=0.0% giniC=0.685 dyn:eff=54.4 top=0.058 nlin=111 lpb=17.7/dom=0.246 mRSg=0.612 set=39(mx105,prim1.08) con=580.0 inst=33 ldT=0.12 | asc=0.007 gumsa=0.148 tenure=6.2y levy=9067368.5 resent(mean/max)=0.0/0.0 revs=470 | 48.5m eta50m
  !! SPATIAL: PACKED AND SPARSE AT ONCE (local 0.153 > 0.091 > regional 0.0194 /km2) on 12.6% of the land -- the population is NOT food-limited, it is failing to disperse; any carrying-capacity reading of this run is void
  ~~ demography: 12/16 in band  worst: m_5_15=0.0268(2.68x), band_med_adults=14(0.50x), realised_ibi_med=31(0.90x), realised_tfr=4.65(0.99x)
[ 7425/15000] pop=  3066 bd=  56 bigbd=12(med133.0) strat=0.0% giniC=0.687 dyn:eff=55.0 top=0.057 nlin=110 lpb=17.61/dom=0.24 mRSg=0.606 set=44(mx123,prim1.1) con=579.0 inst=19 ldT=0.235 | asc=0.008 gumsa=0.214 tenure=6.2y levy=6506296.1 resent(mean/max)=0.0/0.0 revs=471 | 48.7m eta50m
  !! SPATIAL: PACKED AND SPARSE AT ONCE (local 0.149 > 0.091 > regional 0.0197 /km2) on 13.3% of the land -- the population is NOT food-limited, it is failing to disperse; any carrying-capacity reading of this run is void
  ~~ demography: 12/16 in band  worst: m_5_15=0.0267(2.67x), band_med_adults=14.5(0.51x), realised_ibi_med=31(0.90x), realised_tfr=4.65(0.99x)
[ 7450/15000] pop=  3126 bd=  58 bigbd=14(med112.0) strat=0.0% giniC=0.684 dyn:eff=55.2 top=0.056 nlin=109 lpb=17.26/dom=0.245 mRSg=0.61 set=43(mx97,prim1.02) con=684.0 inst=30 ldT=0.291 | asc=0.003 gumsa=0.121 tenure=6.2y levy=10861579.3 resent(mean/max)=0.0/0.0 revs=473 | 48.8m eta49m
  !! SPATIAL: PACKED AND SPARSE AT ONCE (local 0.145 > 0.091 > regional 0.0194 /km2) on 13.4% of the land -- the population is NOT food-limited, it is failing to disperse; any carrying-capacity reading of this run is void
  ~~ demography: 12/16 in band  worst: m_5_15=0.0268(2.68x), band_med_adults=15(0.53x), realised_ibi_med=31(0.90x), realised_tfr=4.65(0.99x)
[ 7475/15000] pop=  3070 bd=  57 bigbd=12(med135.0) strat=0.0% giniC=0.684 dyn:eff=55.5 top=0.057 nlin=109 lpb=17.09/dom=0.238 mRSg=0.611 set=44(mx124,prim1.25) con=655.0 inst=30 ldT=0.415 | asc=0.003 gumsa=0.123 tenure=6.2y levy=10178057.8 resent(mean/max)=0.0/0.0 revs=475 | 49.0m eta49m
  !! SPATIAL: PACKED AND SPARSE AT ONCE (local 0.165 > 0.091 > regional 0.0198 /km2) on 12.0% of the land -- the population is NOT food-limited, it is failing to disperse; any carrying-capacity reading of this run is void
  ~~ demography: 12/16 in band  worst: m_5_15=0.0267(2.67x), band_med_adults=16.5(0.59x), realised_ibi_med=31(0.90x), realised_tfr=4.65(0.99x)
[ 7500/15000] pop=  3136 bd=  54 bigbd=12(med140.5) strat=0.0% giniC=0.683 dyn:eff=55.1 top=0.057 nlin=109 lpb=18.26/dom=0.235 mRSg=0.604 set=42(mx111,prim1.18) con=479.0 inst=27 ldT=0.396 | asc=0.006 gumsa=0.204 tenure=6.2y levy=9864130.8 resent(mean/max)=0.0/0.0 revs=477 | 49.1m eta49m
  !! SPATIAL: PACKED AND SPARSE AT ONCE (local 0.155 > 0.091 > regional 0.0194 /km2) on 12.5% of the land -- the population is NOT food-limited, it is failing to disperse; any carrying-capacity reading of this run is void
  ~~ demography: 10/16 in band  worst: m_5_15=0.0268(2.68x), frac_fatherless=0.0904(1.81x), frac_motherless=0.0086(0.43x), band_med_adults=15(0.53x)
[ 7525/15000] pop=  3066 bd=  55 bigbd=10(med149.5) strat=0.0% giniC=0.686 dyn:eff=53.6 top=0.058 nlin=107 lpb=17.98/dom=0.236 mRSg=0.604 set=41(mx129,prim1.03) con=448.0 inst=21 ldT=0.292 | asc=0.005 gumsa=0.109 tenure=6.2y levy=7668138.0 resent(mean/max)=0.0/0.0 revs=477 | 49.3m eta49m
  !! SPATIAL: PACKED AND SPARSE AT ONCE (local 0.154 > 0.091 > regional 0.0194 /km2) on 12.6% of the land -- the population is NOT food-limited, it is failing to disperse; any carrying-capacity reading of this run is void
  ~~ demography: 12/16 in band  worst: m_5_15=0.0268(2.68x), band_med_adults=14(0.50x), realised_ibi_med=31(0.90x), realised_tfr=4.65(0.99x)
[ 7550/15000] pop=  3077 bd=  59 bigbd=11(med120) strat=0.0% giniC=0.681 dyn:eff=53.6 top=0.057 nlin=108 lpb=17.46/dom=0.237 mRSg=0.61 set=43(mx146,prim1.33) con=422.5 inst=30 ldT=0.278 | asc=0.006 gumsa=0.136 tenure=6.2y levy=9146927.9 resent(mean/max)=0.0/0.0 revs=477 | 49.4m eta49m
  !! SPATIAL: PACKED AND SPARSE AT ONCE (local 0.152 > 0.091 > regional 0.0196 /km2) on 12.9% of the land -- the population is NOT food-limited, it is failing to disperse; any carrying-capacity reading of this run is void
  ~~ demography: 11/16 in band  worst: m_5_15=0.0268(2.68x), frac_fatherless=0.0791(1.58x), band_med_adults=14(0.50x), realised_ibi_med=31(0.90x)
[ 7575/15000] pop=  3105 bd=  60 bigbd=10(med160.0) strat=0.0% giniC=0.684 dyn:eff=53.5 top=0.056 nlin=109 lpb=17.12/dom=0.24 mRSg=0.606 set=42(mx104,prim1.05) con=479.0 inst=28 ldT=0.345 | asc=0.005 gumsa=0.117 tenure=6.2y levy=11223015.4 resent(mean/max)=0.0/0.0 revs=478 | 49.5m eta49m
  !! SPATIAL: PACKED AND SPARSE AT ONCE (local 0.143 > 0.091 > regional 0.0193 /km2) on 13.5% of the land -- the population is NOT food-limited, it is failing to disperse; any carrying-capacity reading of this run is void
  ~~ demography: 11/16 in band  worst: m_5_15=0.0268(2.68x), frac_fatherless=0.1(2.01x), band_med_adults=13.5(0.48x), realised_ibi_med=31(0.90x)
[ 7600/15000] pop=  3053 bd=  60 bigbd=11(med117) strat=0.0% giniC=0.688 dyn:eff=52.1 top=0.059 nlin=109 lpb=17.12/dom=0.237 mRSg=0.603 set=41(mx110,prim1.04) con=461.0 inst=23 ldT=0.333 | asc=0.006 gumsa=0.15 tenure=6.2y levy=8045344.5 resent(mean/max)=0.0/0.0 revs=479 | 49.7m eta48m
  !! SPATIAL: PACKED AND SPARSE AT ONCE (local 0.146 > 0.091 > regional 0.0192 /km2) on 13.1% of the land -- the population is NOT food-limited, it is failing to disperse; any carrying-capacity reading of this run is void
  ~~ demography: 11/16 in band  worst: m_5_15=0.0268(2.68x), frac_fatherless=0.0966(1.93x), band_med_adults=12(0.43x), realised_ibi_med=31(0.90x)
[ 7625/15000] pop=  3045 bd=  61 bigbd=13(med128) strat=0.0% giniC=0.692 dyn:eff=51.4 top=0.06 nlin=108 lpb=16.67/dom=0.24 mRSg=0.6 set=40(mx124,prim1.13) con=508.0 inst=26 ldT=0.397 | asc=0.003 gumsa=0.082 tenure=6.2y levy=9235430.3 resent(mean/max)=0.0/0.0 revs=482 | 49.8m eta48m
  !! SPATIAL: PACKED AND SPARSE AT ONCE (local 0.153 > 0.091 > regional 0.0193 /km2) on 12.6% of the land -- the population is NOT food-limited, it is failing to disperse; any carrying-capacity reading of this run is void
  ~~ demography: 11/16 in band  worst: m_5_15=0.0268(2.68x), frac_fatherless=0.0809(1.62x), band_med_adults=12(0.43x), realised_ibi_med=31(0.90x)
[ 7650/15000] pop=  3053 bd=  62 bigbd=12(med132.5) strat=0.0% giniC=0.693 dyn:eff=51.8 top=0.06 nlin=110 lpb=17.15/dom=0.239 mRSg=0.596 set=43(mx105,prim1.02) con=484.0 inst=30 ldT=0.415 | asc=0.002 gumsa=0.032 tenure=6.2y levy=15270641.5 resent(mean/max)=0.0/0.0 revs=483 | 50.0m eta48m
  !! SPATIAL: PACKED AND SPARSE AT ONCE (local 0.163 > 0.091 > regional 0.0189 /km2) on 11.6% of the land; band commands 292 km2, inside its own 314 km2 catchment (Vita-Finzi & Higgs) -- the population is NOT food-limited, it is failing to disperse; any carrying-capacity reading of this run is void
  ~~ demography: 11/16 in band  worst: m_5_15=0.0268(2.68x), frac_fatherless=0.0815(1.63x), band_med_adults=12(0.43x), realised_ibi_med=31(0.90x)
[ 7675/15000] pop=  2995 bd=  63 bigbd=11(med149) strat=0.0% giniC=0.692 dyn:eff=51.7 top=0.061 nlin=109 lpb=16.59/dom=0.225 mRSg=0.596 set=41(mx94,prim1.01) con=556.0 inst=27 ldT=0.389 | asc=0.01 gumsa=0.175 tenure=6.2y levy=8943649.3 resent(mean/max)=0.0/0.0 revs=483 | 50.1m eta48m
  !! SPATIAL: PACKED AND SPARSE AT ONCE (local 0.147 > 0.091 > regional 0.0190 /km2) on 12.9% of the land -- the population is NOT food-limited, it is failing to disperse; any carrying-capacity reading of this run is void
  ~~ demography: 12/16 in band  worst: m_5_15=0.0269(2.69x), band_med_adults=11.5(0.41x), realised_ibi_med=31(0.90x), realised_tfr=4.65(0.99x)
[ 7700/15000] pop=  3009 bd=  62 bigbd=12(med136.0) strat=0.0% giniC=0.695 dyn:eff=51.5 top=0.061 nlin=109 lpb=16.4/dom=0.231 mRSg=0.599 set=42(mx103,prim1.03) con=524.0 inst=25 ldT=0.35 | asc=0.016 gumsa=0.258 tenure=6.2y levy=9804786.4 resent(mean/max)=0.0/0.0 revs=484 | 50.2m eta48m
  !! SPATIAL: PACKED AND SPARSE AT ONCE (local 0.149 > 0.091 > regional 0.0191 /km2) on 12.8% of the land -- the population is NOT food-limited, it is failing to disperse; any carrying-capacity reading of this run is void
  ~~ demography: 11/16 in band  worst: m_5_15=0.0268(2.68x), frac_fatherless=0.0821(1.64x), band_med_adults=11(0.39x), realised_ibi_med=31(0.90x)
[ 7725/15000] pop=  3022 bd=  59 bigbd=14(med121.0) strat=0.0% giniC=0.697 dyn:eff=51.8 top=0.063 nlin=110 lpb=17.24/dom=0.228 mRSg=0.602 set=44(mx98,prim1.0) con=516.0 inst=27 ldT=0.455 | asc=0.022 gumsa=0.356 tenure=6.2y levy=7578463.9 resent(mean/max)=0.0/0.0 revs=485 | 50.3m eta47m
  !! SPATIAL: PACKED AND SPARSE AT ONCE (local 0.152 > 0.091 > regional 0.0189 /km2) on 12.4% of the land -- the population is NOT food-limited, it is failing to disperse; any carrying-capacity reading of this run is void
  ~~ demography: 12/16 in band  worst: m_5_15=0.0269(2.69x), band_med_adults=11(0.39x), realised_ibi_med=31(0.90x), realised_tfr=4.65(0.99x)
[ 7750/15000] pop=  2995 bd=  60 bigbd=12(med134.5) strat=0.0% giniC=0.688 dyn:eff=53.0 top=0.059 nlin=111 lpb=16.7/dom=0.24 mRSg=0.601 set=40(mx101,prim1.05) con=426.0 inst=26 ldT=0.268 | asc=0.013 gumsa=0.233 tenure=6.2y levy=11562609.2 resent(mean/max)=0.0/0.0 revs=487 | 50.5m eta47m
  !! SPATIAL: PACKED AND SPARSE AT ONCE (local 0.158 > 0.091 > regional 0.0188 /km2) on 11.9% of the land -- the population is NOT food-limited, it is failing to disperse; any carrying-capacity reading of this run is void
  ~~ demography: 11/16 in band  worst: m_5_15=0.0268(2.68x), frac_fatherless=0.092(1.84x), band_med_adults=11(0.39x), realised_ibi_med=31(0.90x)
[ 7775/15000] pop=  2978 bd=  59 bigbd=13(med124) strat=0.0% giniC=0.692 dyn:eff=52.1 top=0.06 nlin=111 lpb=16.68/dom=0.229 mRSg=0.603 set=40(mx113,prim1.18) con=493.0 inst=27 ldT=0.196 | asc=0.015 gumsa=0.22 tenure=6.2y levy=10486279.5 resent(mean/max)=0.0/0.0 revs=489 | 50.6m eta47m
  !! SPATIAL: PACKED AND SPARSE AT ONCE (local 0.148 > 0.091 > regional 0.0190 /km2) on 12.8% of the land -- the population is NOT food-limited, it is failing to disperse; any carrying-capacity reading of this run is void
  ~~ demography: 11/16 in band  worst: m_5_15=0.0268(2.68x), band_med_adults=12(0.43x), frac_fatherless=0.0761(1.52x), realised_ibi_med=31(0.90x)
[ 7800/15000] pop=  3008 bd=  56 bigbd=13(med134) strat=0.0% giniC=0.69 dyn:eff=51.8 top=0.061 nlin=110 lpb=17.45/dom=0.24 mRSg=0.596 set=38(mx109,prim1.1) con=509.0 inst=33 ldT=0.309 | asc=0.018 gumsa=0.321 tenure=6.2y levy=8713254.2 resent(mean/max)=0.0/0.0 revs=490 | 50.8m eta47m
  !! SPATIAL: PACKED AND SPARSE AT ONCE (local 0.164 > 0.091 > regional 0.0192 /km2) on 11.7% of the land -- the population is NOT food-limited, it is failing to disperse; any carrying-capacity reading of this run is void
  ~~ demography: 10/16 in band  worst: m_5_15=0.0268(2.68x), frac_fatherless=0.0823(1.65x), frac_motherless=0.0087(0.43x), band_med_adults=13(0.46x)
[ 7825/15000] pop=  3043 bd=  58 bigbd=11(med143) strat=0.0% giniC=0.692 dyn:eff=51.6 top=0.061 nlin=109 lpb=17.48/dom=0.242 mRSg=0.603 set=43(mx105,prim1.04) con=549.5 inst=27 ldT=0.3 | asc=0.008 gumsa=0.207 tenure=6.2y levy=9571997.5 resent(mean/max)=0.0/0.0 revs=493 | 50.9m eta47m
  !! SPATIAL: PACKED AND SPARSE AT ONCE (local 0.162 > 0.091 > regional 0.0192 /km2) on 11.9% of the land -- the population is NOT food-limited, it is failing to disperse; any carrying-capacity reading of this run is void
  ~~ demography: 11/16 in band  worst: m_5_15=0.0269(2.69x), band_med_adults=12(0.43x), frac_motherless=0.0086(0.43x), realised_ibi_med=31(0.90x)
[ 7850/15000] pop=  3039 bd=  59 bigbd=11(med145) strat=0.0% giniC=0.692 dyn:eff=51.9 top=0.06 nlin=108 lpb=17.22/dom=0.23 mRSg=0.604 set=40(mx105,prim1.09) con=478.5 inst=23 ldT=0.226 | asc=0.013 gumsa=0.169 tenure=6.2y levy=7082806.2 resent(mean/max)=0.0/0.0 revs=494 | 51.0m eta46m
  !! SPATIAL: PACKED AND SPARSE AT ONCE (local 0.155 > 0.091 > regional 0.0191 /km2) on 12.3% of the land -- the population is NOT food-limited, it is failing to disperse; any carrying-capacity reading of this run is void
  ~~ demography: 11/16 in band  worst: m_5_15=0.0269(2.69x), frac_motherless=0.0069(0.34x), band_med_adults=13(0.46x), realised_ibi_med=31(0.90x)
[ 7875/15000] pop=  3030 bd=  56 bigbd=12(med129.5) strat=0.0% giniC=0.692 dyn:eff=52.2 top=0.06 nlin=106 lpb=17.77/dom=0.241 mRSg=0.599 set=41(mx99,prim1.06) con=543.0 inst=31 ldT=0.389 | asc=0.011 gumsa=0.161 tenure=6.2y levy=10494596.5 resent(mean/max)=0.0/0.0 revs=495 | 51.2m eta46m
  !! SPATIAL: PACKED AND SPARSE AT ONCE (local 0.158 > 0.091 > regional 0.0189 /km2) on 11.9% of the land -- the population is NOT food-limited, it is failing to disperse; any carrying-capacity reading of this run is void
  ~~ demography: 12/16 in band  worst: m_5_15=0.0269(2.69x), band_med_adults=14(0.50x), realised_ibi_med=31(0.90x), realised_tfr=4.66(0.99x)
[ 7900/15000] pop=  2994 bd=  57 bigbd=11(med129) strat=0.0% giniC=0.694 dyn:eff=51.9 top=0.058 nlin=106 lpb=17.37/dom=0.244 mRSg=0.598 set=42(mx102,prim1.11) con=602.0 inst=31 ldT=0.365 | asc=0.009 gumsa=0.123 tenure=6.2y levy=10785532.8 resent(mean/max)=0.0/0.0 revs=495 | 51.3m eta46m
  !! SPATIAL: PACKED AND SPARSE AT ONCE (local 0.156 > 0.091 > regional 0.0189 /km2) on 12.1% of the land -- the population is NOT food-limited, it is failing to disperse; any carrying-capacity reading of this run is void
  ~~ demography: 12/16 in band  worst: m_5_15=0.0269(2.69x), band_med_adults=14(0.50x), realised_ibi_med=31(0.90x), realised_tfr=4.66(0.99x)
[ 7925/15000] pop=  2996 bd=  56 bigbd=11(med133) strat=0.0% giniC=0.692 dyn:eff=51.5 top=0.058 nlin=106 lpb=17.32/dom=0.249 mRSg=0.602 set=37(mx99,prim1.15) con=591.0 inst=19 ldT=0.17 | asc=0.003 gumsa=0.071 tenure=6.2y levy=6647601.5 resent(mean/max)=0.0/0.0 revs=497 | 51.4m eta46m
  !! SPATIAL: PACKED AND SPARSE AT ONCE (local 0.146 > 0.091 > regional 0.0190 /km2) on 13.0% of the land -- the population is NOT food-limited, it is failing to disperse; any carrying-capacity reading of this run is void
  ~~ demography: 11/16 in band  worst: m_5_15=0.0269(2.69x), frac_fatherless=0.0818(1.64x), band_med_adults=13(0.46x), realised_ibi_med=31(0.90x)
[ 7950/15000] pop=  3015 bd=  55 bigbd=11(med130) strat=0.0% giniC=0.69 dyn:eff=51.6 top=0.06 nlin=107 lpb=17.65/dom=0.247 mRSg=0.609 set=39(mx97,prim1.02) con=684.5 inst=24 ldT=0.208 | asc=0.016 gumsa=0.255 tenure=6.2y levy=10927589.1 resent(mean/max)=0.0/0.0 revs=497 | 51.6m eta46m
  !! SPATIAL: PACKED AND SPARSE AT ONCE (local 0.152 > 0.091 > regional 0.0191 /km2) on 12.6% of the land -- the population is NOT food-limited, it is failing to disperse; any carrying-capacity reading of this run is void
  ~~ demography: 11/16 in band  worst: m_5_15=0.0268(2.68x), frac_fatherless=0.0857(1.71x), band_med_adults=13.5(0.48x), realised_ibi_med=31(0.90x)
[ 7975/15000] pop=  3027 bd=  52 bigbd=11(med140) strat=0.0% giniC=0.692 dyn:eff=51.6 top=0.059 nlin=107 lpb=18.44/dom=0.236 mRSg=0.611 set=39(mx104,prim1.12) con=728.0 inst=29 ldT=0.34 | asc=0.019 gumsa=0.269 tenure=6.2y levy=9066804.2 resent(mean/max)=0.0/0.0 revs=497 | 51.7m eta46m
  !! SPATIAL: PACKED AND SPARSE AT ONCE (local 0.155 > 0.091 > regional 0.0191 /km2) on 12.3% of the land -- the population is NOT food-limited, it is failing to disperse; any carrying-capacity reading of this run is void
  ~~ demography: 12/16 in band  worst: m_5_15=0.0269(2.69x), band_med_adults=14(0.50x), realised_ibi_med=31(0.90x), realised_tfr=4.66(0.99x)
[ 8000/15000] pop=  3032 bd=  49 bigbd=12(med139.5) strat=0.0% giniC=0.687 dyn:eff=51.8 top=0.059 nlin=108 lpb=18.71/dom=0.229 mRSg=0.611 set=40(mx125,prim1.24) con=639.0 inst=22 ldT=0.347 | asc=0.023 gumsa=0.265 tenure=6.2y levy=6977675.8 resent(mean/max)=0.0/0.0 revs=497 | 51.8m eta45m
  !! SPATIAL: PACKED AND SPARSE AT ONCE (local 0.162 > 0.091 > regional 0.0190 /km2) on 11.7% of the land -- the population is NOT food-limited, it is failing to disperse; any carrying-capacity reading of this run is void
  ~~ demography: 11/16 in band  worst: m_5_15=0.0269(2.69x), frac_fatherless=0.0793(1.59x), band_med_adults=14(0.50x), realised_ibi_med=31(0.90x)
[ 8025/15000] pop=  3007 bd=  48 bigbd=12(med132.5) strat=0.0% giniC=0.688 dyn:eff=51.5 top=0.061 nlin=108 lpb=19.19/dom=0.219 mRSg=0.611 set=41(mx100,prim1.1) con=652.0 inst=25 ldT=0.395 | asc=0.022 gumsa=0.271 tenure=6.2y levy=9213780.2 resent(mean/max)=0.0/0.0 revs=498 | 52.0m eta45m
  !! SPATIAL: PACKED AND SPARSE AT ONCE (local 0.157 > 0.091 > regional 0.0191 /km2) on 12.1% of the land -- the population is NOT food-limited, it is failing to disperse; any carrying-capacity reading of this run is void
  ~~ demography: 11/16 in band  worst: m_5_15=0.0269(2.69x), frac_fatherless=0.0754(1.51x), band_med_adults=14(0.50x), realised_ibi_med=31(0.90x)
[ 8050/15000] pop=  3023 bd=  49 bigbd=12(med133.5) strat=0.0% giniC=0.688 dyn:eff=51.9 top=0.058 nlin=106 lpb=18.82/dom=0.214 mRSg=0.614 set=37(mx105,prim1.08) con=498.0 inst=18 ldT=0.37 | asc=0.021 gumsa=0.265 tenure=6.2y levy=11278967.0 resent(mean/max)=0.0/0.0 revs=500 | 52.1m eta45m
  !! SPATIAL: PACKED AND SPARSE AT ONCE (local 0.145 > 0.091 > regional 0.0192 /km2) on 13.3% of the land -- the population is NOT food-limited, it is failing to disperse; any carrying-capacity reading of this run is void
  ~~ demography: 12/16 in band  worst: m_5_15=0.0269(2.69x), band_med_adults=13(0.46x), realised_ibi_med=31(0.90x), realised_tfr=4.66(0.99x)
[ 8075/15000] pop=  3044 bd=  53 bigbd=11(med148) strat=0.0% giniC=0.683 dyn:eff=52.1 top=0.059 nlin=107 lpb=18.57/dom=0.219 mRSg=0.618 set=38(mx100,prim1.1) con=527.5 inst=30 ldT=0.292 | asc=0.018 gumsa=0.189 tenure=6.2y levy=11984479.6 resent(mean/max)=0.0/0.0 revs=501 | 52.2m eta45m
  !! SPATIAL: PACKED AND SPARSE AT ONCE (local 0.149 > 0.091 > regional 0.0191 /km2) on 12.8% of the land -- the population is NOT food-limited, it is failing to disperse; any carrying-capacity reading of this run is void
  ~~ demography: 12/16 in band  worst: m_5_15=0.0269(2.69x), band_med_adults=13(0.46x), realised_ibi_med=31(0.90x), realised_tfr=4.66(0.99x)
[ 8100/15000] pop=  3028 bd=  51 bigbd=12(med126.0) strat=0.0% giniC=0.68 dyn:eff=52.0 top=0.058 nlin=107 lpb=19.22/dom=0.206 mRSg=0.623 set=39(mx95,prim1.1) con=414.0 inst=32 ldT=0.34 | asc=0.017 gumsa=0.176 tenure=6.2y levy=13406134.5 resent(mean/max)=0.0/0.0 revs=501 | 52.4m eta45m
  !! SPATIAL: PACKED AND SPARSE AT ONCE (local 0.162 > 0.091 > regional 0.0194 /km2) on 12.0% of the land -- the population is NOT food-limited, it is failing to disperse; any carrying-capacity reading of this run is void
  ~~ demography: 12/16 in band  worst: m_5_15=0.0269(2.69x), band_med_adults=15(0.53x), realised_ibi_med=31(0.90x), realised_tfr=4.66(0.99x)
[ 8125/15000] pop=  3071 bd=  52 bigbd=12(med128.5) strat=0.0% giniC=0.678 dyn:eff=52.2 top=0.06 nlin=107 lpb=19.29/dom=0.206 mRSg=0.627 set=40(mx103,prim1.06) con=374.0 inst=37 ldT=0.208 | asc=0.016 gumsa=0.25 tenure=6.2y levy=22099333.8 resent(mean/max)=0.0/0.0 revs=502 | 52.5m eta44m
  !! SPATIAL: PACKED AND SPARSE AT ONCE (local 0.155 > 0.091 > regional 0.0191 /km2) on 12.3% of the land -- the population is NOT food-limited, it is failing to disperse; any carrying-capacity reading of this run is void
  ~~ demography: 11/16 in band  worst: m_5_15=0.0269(2.69x), frac_fatherless=0.077(1.54x), band_med_adults=15(0.53x), realised_ibi_med=31(0.90x)
[ 8150/15000] pop=  3023 bd=  52 bigbd=12(med126.0) strat=0.0% giniC=0.683 dyn:eff=53.3 top=0.059 nlin=108 lpb=19.13/dom=0.205 mRSg=0.634 set=43(mx94,prim1.03) con=373.0 inst=28 ldT=0.191 | asc=0.013 gumsa=0.212 tenure=6.2y levy=12399795.8 resent(mean/max)=0.0/0.0 revs=503 | 52.6m eta44m
  !! SPATIAL: PACKED AND SPARSE AT ONCE (local 0.167 > 0.091 > regional 0.0192 /km2) on 11.6% of the land -- the population is NOT food-limited, it is failing to disperse; any carrying-capacity reading of this run is void
  ~~ demography: 12/16 in band  worst: m_5_15=0.0269(2.69x), band_med_adults=15(0.53x), realised_ibi_med=31(0.90x), realised_tfr=4.66(0.99x)
[ 8175/15000] pop=  3048 bd=  50 bigbd=11(med129) strat=0.0% giniC=0.677 dyn:eff=52.8 top=0.06 nlin=108 lpb=19.1/dom=0.212 mRSg=0.626 set=42(mx92,prim1.01) con=436.0 inst=18 ldT=0.283 | asc=0.016 gumsa=0.24 tenure=6.2y levy=7993406.7 resent(mean/max)=0.0/0.0 revs=504 | 52.8m eta44m
  !! SPATIAL: PACKED AND SPARSE AT ONCE (local 0.150 > 0.091 > regional 0.0190 /km2) on 12.7% of the land -- the population is NOT food-limited, it is failing to disperse; any carrying-capacity reading of this run is void
  ~~ demography: 12/16 in band  worst: m_5_15=0.0269(2.69x), band_med_adults=15(0.53x), realised_ibi_med=31(0.90x), realised_tfr=4.66(0.99x)
[ 8200/15000] pop=  3017 bd=  50 bigbd=11(med131) strat=0.0% giniC=0.68 dyn:eff=51.5 top=0.062 nlin=108 lpb=19.28/dom=0.218 mRSg=0.627 set=40(mx105,prim1.11) con=366.0 inst=23 ldT=0.271 | asc=0.018 gumsa=0.28 tenure=6.2y levy=9799124.9 resent(mean/max)=0.0/0.0 revs=507 | 52.9m eta44m
  !! SPATIAL: PACKED AND SPARSE AT ONCE (local 0.150 > 0.091 > regional 0.0195 /km2) on 13.0% of the land -- the population is NOT food-limited, it is failing to disperse; any carrying-capacity reading of this run is void
  ~~ demography: 12/16 in band  worst: m_5_15=0.0269(2.69x), band_med_adults=14.5(0.51x), realised_ibi_med=31(0.90x), realised_tfr=4.66(0.99x)
[ 8225/15000] pop=  3091 bd=  52 bigbd=11(med130) strat=0.0% giniC=0.681 dyn:eff=50.8 top=0.064 nlin=108 lpb=18.88/dom=0.225 mRSg=0.627 set=38(mx103,prim1.01) con=398.0 inst=30 ldT=0.229 | asc=0.018 gumsa=0.135 tenure=6.2y levy=10036642.0 resent(mean/max)=0.0/0.0 revs=511 | 53.0m eta44m
  !! SPATIAL: PACKED AND SPARSE AT ONCE (local 0.151 > 0.091 > regional 0.0194 /km2) on 12.9% of the land -- the population is NOT food-limited, it is failing to disperse; any carrying-capacity reading of this run is void
  ~~ demography: 12/16 in band  worst: m_5_15=0.0269(2.69x), band_med_adults=13.5(0.48x), realised_ibi_med=31(0.90x), realised_tfr=4.66(0.99x)
[ 8250/15000] pop=  3071 bd=  50 bigbd=11(med127) strat=0.0% giniC=0.68 dyn:eff=49.6 top=0.066 nlin=109 lpb=18.8/dom=0.246 mRSg=0.625 set=41(mx116,prim1.0) con=369.5 inst=26 ldT=0.286 | asc=0.017 gumsa=0.26 tenure=6.2y levy=8727633.3 resent(mean/max)=0.0/0.0 revs=512 | 53.2m eta44m
  !! SPATIAL: PACKED AND SPARSE AT ONCE (local 0.146 > 0.091 > regional 0.0197 /km2) on 13.4% of the land -- the population is NOT food-limited, it is failing to disperse; any carrying-capacity reading of this run is void
  ~~ demography: 12/16 in band  worst: m_5_15=0.0269(2.69x), band_med_adults=16(0.57x), realised_ibi_med=31(0.90x), realised_tfr=4.66(0.99x)
[ 8275/15000] pop=  3113 bd=  48 bigbd=11(med126) strat=0.0% giniC=0.676 dyn:eff=48.7 top=0.07 nlin=107 lpb=19.38/dom=0.234 mRSg=0.621 set=44(mx95,prim1.01) con=344.0 inst=29 ldT=0.234 | asc=0.016 gumsa=0.333 tenure=6.2y levy=10288035.7 resent(mean/max)=0.0/0.0 revs=513 | 53.3m eta43m
  !! SPATIAL: PACKED AND SPARSE AT ONCE (local 0.161 > 0.091 > regional 0.0194 /km2) on 12.1% of the land -- the population is NOT food-limited, it is failing to disperse; any carrying-capacity reading of this run is void
  ~~ demography: 11/16 in band  worst: m_5_15=0.0269(2.69x), frac_fatherless=0.0752(1.50x), band_med_adults=16(0.57x), realised_ibi_med=31(0.90x)
[ 8300/15000] pop=  3067 bd=  46 bigbd=12(med124.0) strat=0.0% giniC=0.675 dyn:eff=46.9 top=0.072 nlin=108 lpb=19.89/dom=0.229 mRSg=0.618 set=38(mx107,prim1.03) con=408.0 inst=30 ldT=0.311 | asc=0.013 gumsa=0.283 tenure=6.2y levy=8424604.4 resent(mean/max)=0.0/0.0 revs=515 | 53.4m eta43m
  !! SPATIAL: PACKED AND SPARSE AT ONCE (local 0.158 > 0.091 > regional 0.0198 /km2) on 12.6% of the land -- the population is NOT food-limited, it is failing to disperse; any carrying-capacity reading of this run is void
  ~~ demography: 12/16 in band  worst: m_5_15=0.0268(2.68x), band_med_adults=16(0.57x), realised_ibi_med=31(0.90x), realised_tfr=4.67(1.00x)
[ 8325/15000] pop=  3143 bd=  46 bigbd=12(med132.0) strat=0.0% giniC=0.672 dyn:eff=47.0 top=0.071 nlin=109 lpb=19.63/dom=0.237 mRSg=0.616 set=39(mx126,prim1.18) con=441.0 inst=45 ldT=0.391 | asc=0.015 gumsa=0.348 tenure=6.2y levy=8372661.4 resent(mean/max)=0.0/0.0 revs=517 | 53.6m eta43m
  !! SPATIAL: PACKED AND SPARSE AT ONCE (local 0.150 > 0.091 > regional 0.0200 /km2) on 13.3% of the land -- the population is NOT food-limited, it is failing to disperse; any carrying-capacity reading of this run is void
  ~~ demography: 12/16 in band  worst: m_5_15=0.0268(2.68x), band_med_adults=12.5(0.44x), realised_ibi_med=31(0.90x), realised_tfr=4.67(1.00x)
[ 8350/15000] pop=  3169 bd=  52 bigbd=13(med132) strat=0.0% giniC=0.667 dyn:eff=46.6 top=0.072 nlin=110 lpb=17.88/dom=0.245 mRSg=0.627 set=40(mx106,prim1.03) con=362.0 inst=23 ldT=0.222 | asc=0.014 gumsa=0.327 tenure=6.2y levy=7731134.4 resent(mean/max)=0.0/0.0 revs=517 | 53.7m eta43m
  !! SPATIAL: PACKED AND SPARSE AT ONCE (local 0.140 > 0.091 > regional 0.0193 /km2) on 13.8% of the land -- the population is NOT food-limited, it is failing to disperse; any carrying-capacity reading of this run is void
  ~~ demography: 11/16 in band  worst: m_5_15=0.0269(2.69x), frac_fatherless=0.0908(1.82x), band_med_adults=11.5(0.41x), realised_ibi_med=31(0.90x)
[ 8375/15000] pop=  3064 bd=  58 bigbd=13(med114) strat=0.0% giniC=0.673 dyn:eff=45.9 top=0.074 nlin=110 lpb=16.66/dom=0.239 mRSg=0.622 set=45(mx94,prim1.01) con=371.0 inst=19 ldT=0.319 | asc=0.011 gumsa=0.207 tenure=6.2y levy=13539858.3 resent(mean/max)=0.0/0.0 revs=519 | 53.9m eta43m
  !! SPATIAL: PACKED AND SPARSE AT ONCE (local 0.157 > 0.091 > regional 0.0194 /km2) on 12.3% of the land -- the population is NOT food-limited, it is failing to disperse; any carrying-capacity reading of this run is void
  ~~ demography: 11/16 in band  worst: m_5_15=0.0269(2.69x), frac_fatherless=0.078(1.56x), band_med_adults=13.5(0.48x), realised_ibi_med=31(0.90x)
[ 8400/15000] pop=  3066 bd=  52 bigbd=13(med113) strat=0.0% giniC=0.675 dyn:eff=45.7 top=0.075 nlin=110 lpb=18.12/dom=0.23 mRSg=0.612 set=42(mx113,prim1.24) con=420.0 inst=22 ldT=0.255 | asc=0.022 gumsa=0.327 tenure=6.2y levy=11019582.8 resent(mean/max)=0.0/0.0 revs=520 | 54.0m eta42m
  !! SPATIAL: PACKED AND SPARSE AT ONCE (local 0.155 > 0.091 > regional 0.0198 /km2) on 12.8% of the land -- the population is NOT food-limited, it is failing to disperse; any carrying-capacity reading of this run is void
  ~~ demography: 12/16 in band  worst: m_5_15=0.0269(2.69x), band_med_adults=15(0.53x), realised_ibi_med=31(0.90x), realised_tfr=4.67(1.00x)
[ 8425/15000] pop=  3132 bd=  51 bigbd=13(med117) strat=0.0% giniC=0.677 dyn:eff=47.0 top=0.071 nlin=112 lpb=18.53/dom=0.222 mRSg=0.6 set=41(mx108,prim1.09) con=403.0 inst=40 ldT=0.255 | asc=0.02 gumsa=0.333 tenure=6.2y levy=10887624.4 resent(mean/max)=0.0/0.0 revs=520 | 54.1m eta42m
  !! SPATIAL: PACKED AND SPARSE AT ONCE (local 0.161 > 0.091 > regional 0.0197 /km2) on 12.2% of the land -- the population is NOT food-limited, it is failing to disperse; any carrying-capacity reading of this run is void
  ~~ demography: 11/16 in band  worst: m_5_15=0.0269(2.69x), frac_fatherless=0.0774(1.55x), band_med_adults=14.5(0.51x), realised_ibi_med=31(0.90x)
[ 8450/15000] pop=  3115 bd=  48 bigbd=14(med112.5) strat=0.0% giniC=0.679 dyn:eff=47.7 top=0.069 nlin=113 lpb=19.56/dom=0.211 mRSg=0.603 set=41(mx117,prim1.23) con=499.0 inst=30 ldT=0.283 | asc=0.016 gumsa=0.375 tenure=6.2y levy=13256387.1 resent(mean/max)=0.0/0.0 revs=522 | 54.3m eta42m
  !! SPATIAL: PACKED AND SPARSE AT ONCE (local 0.154 > 0.091 > regional 0.0196 /km2) on 12.7% of the land -- the population is NOT food-limited, it is failing to disperse; any carrying-capacity reading of this run is void
  ~~ demography: 12/16 in band  worst: m_5_15=0.0269(2.69x), band_med_adults=15(0.53x), realised_ibi_med=31(0.90x), realised_tfr=4.68(1.00x)
[ 8475/15000] pop=  3097 bd=  49 bigbd=13(med123) strat=0.0% giniC=0.679 dyn:eff=47.6 top=0.067 nlin=112 lpb=19.24/dom=0.206 mRSg=0.605 set=42(mx99,prim1.06) con=521.0 inst=28 ldT=0.341 | asc=0.014 gumsa=0.265 tenure=6.2y levy=8916380.9 resent(mean/max)=0.0/0.0 revs=523 | 54.4m eta42m
  !! SPATIAL: PACKED AND SPARSE AT ONCE (local 0.143 > 0.091 > regional 0.0198 /km2) on 13.8% of the land -- the population is NOT food-limited, it is failing to disperse; any carrying-capacity reading of this run is void
  ~~ demography: 12/16 in band  worst: m_5_15=0.0269(2.69x), band_med_adults=14(0.50x), realised_ibi_med=31(0.90x), realised_tfr=4.68(1.00x)
[ 8500/15000] pop=  3133 bd=  51 bigbd=12(med128.5) strat=0.0% giniC=0.676 dyn:eff=48.3 top=0.067 nlin=112 lpb=18.69/dom=0.211 mRSg=0.603 set=40(mx99,prim1.06) con=389.0 inst=27 ldT=0.125 | asc=0.012 gumsa=0.294 tenure=6.2y levy=7639520.6 resent(mean/max)=0.0/0.0 revs=523 | 54.6m eta42m
  !! SPATIAL: PACKED AND SPARSE AT ONCE (local 0.159 > 0.091 > regional 0.0198 /km2) on 12.4% of the land -- the population is NOT food-limited, it is failing to disperse; any carrying-capacity reading of this run is void
  ~~ demography: 11/16 in band  worst: m_5_15=0.0269(2.69x), frac_fatherless=0.0845(1.69x), band_med_adults=14(0.50x), realised_ibi_med=31(0.90x)
[ 8525/15000] pop=  3133 bd=  49 bigbd=13(med127) strat=0.0% giniC=0.683 dyn:eff=48.0 top=0.069 nlin=112 lpb=19.27/dom=0.221 mRSg=0.605 set=41(mx100,prim1.01) con=514.0 inst=32 ldT=0.375 | asc=0.015 gumsa=0.408 tenure=6.2y levy=9737408.2 resent(mean/max)=0.0/0.0 revs=524 | 54.7m eta42m
  !! SPATIAL: PACKED AND SPARSE AT ONCE (local 0.155 > 0.091 > regional 0.0202 /km2) on 13.0% of the land -- the population is NOT food-limited, it is failing to disperse; any carrying-capacity reading of this run is void
  ~~ demography: 12/16 in band  worst: m_5_15=0.0269(2.69x), band_med_adults=14.5(0.51x), realised_ibi_med=31(0.90x), realised_tfr=4.68(1.00x)
[ 8550/15000] pop=  3197 bd=  48 bigbd=13(med112) strat=0.0% giniC=0.684 dyn:eff=48.6 top=0.068 nlin=112 lpb=19.08/dom=0.222 mRSg=0.598 set=42(mx108,prim1.03) con=489.0 inst=23 ldT=0.191 | asc=0.017 gumsa=0.354 tenure=6.2y levy=8620577.8 resent(mean/max)=0.0/0.0 revs=525 | 54.8m eta41m
  !! SPATIAL: PACKED AND SPARSE AT ONCE (local 0.158 > 0.091 > regional 0.0195 /km2) on 12.3% of the land -- the population is NOT food-limited, it is failing to disperse; any carrying-capacity reading of this run is void
  ~~ demography: 12/16 in band  worst: m_5_15=0.027(2.70x), band_med_adults=12(0.43x), realised_ibi_med=31(0.90x), realised_tfr=4.68(1.00x)
[ 8575/15000] pop=  3090 bd=  51 bigbd=13(med109) strat=0.0% giniC=0.685 dyn:eff=47.9 top=0.07 nlin=113 lpb=17.84/dom=0.228 mRSg=0.595 set=41(mx109,prim1.04) con=433.5 inst=31 ldT=0.356 | asc=0.016 gumsa=0.294 tenure=6.2y levy=9857256.5 resent(mean/max)=0.0/0.0 revs=526 | 55.0m eta41m
  !! SPATIAL: PACKED AND SPARSE AT ONCE (local 0.162 > 0.091 > regional 0.0198 /km2) on 12.2% of the land -- the population is NOT food-limited, it is failing to disperse; any carrying-capacity reading of this run is void
  ~~ demography: 12/16 in band  worst: m_5_15=0.027(2.70x), band_med_adults=12(0.43x), realised_ibi_med=31(0.90x), realised_tfr=4.68(1.00x)
[ 8600/15000] pop=  3143 bd=  49 bigbd=13(med120) strat=0.0% giniC=0.683 dyn:eff=48.3 top=0.072 nlin=115 lpb=18.16/dom=0.234 mRSg=0.592 set=41(mx116,prim1.14) con=458.5 inst=32 ldT=0.184 | asc=0.013 gumsa=0.265 tenure=6.2y levy=8931725.3 resent(mean/max)=0.0/0.0 revs=528 | 55.1m eta41m
  !! SPATIAL: PACKED AND SPARSE AT ONCE (local 0.150 > 0.091 > regional 0.0202 /km2) on 13.4% of the land -- the population is NOT food-limited, it is failing to disperse; any carrying-capacity reading of this run is void
  ~~ demography: 12/16 in band  worst: m_5_15=0.0269(2.69x), band_med_adults=14(0.50x), realised_ibi_med=31(0.90x), realised_tfr=4.69(1.00x)
[ 8625/15000] pop=  3203 bd=  48 bigbd=13(med123) strat=0.0% giniC=0.684 dyn:eff=48.3 top=0.072 nlin=115 lpb=18.35/dom=0.238 mRSg=0.598 set=40(mx130,prim1.01) con=501.5 inst=29 ldT=0.383 | asc=0.015 gumsa=0.292 tenure=6.2y levy=8407810.7 resent(mean/max)=0.0/0.0 revs=531 | 55.3m eta41m
  !! SPATIAL: PACKED AND SPARSE AT ONCE (local 0.150 > 0.091 > regional 0.0196 /km2) on 13.1% of the land -- the population is NOT food-limited, it is failing to disperse; any carrying-capacity reading of this run is void
  ~~ demography: 11/16 in band  worst: m_5_15=0.027(2.70x), frac_fatherless=0.0929(1.86x), band_med_adults=11(0.39x), realised_ibi_med=31(0.90x)
[ 8650/15000] pop=  3109 bd=  49 bigbd=13(med118) strat=0.0% giniC=0.688 dyn:eff=48.3 top=0.071 nlin=115 lpb=17.71/dom=0.241 mRSg=0.592 set=42(mx98,prim1.0) con=515.5 inst=18 ldT=0.429 | asc=0.015 gumsa=0.224 tenure=6.2y levy=11791298.5 resent(mean/max)=0.0/0.0 revs=531 | 55.4m eta41m
  !! SPATIAL: PACKED AND SPARSE AT ONCE (local 0.157 > 0.091 > regional 0.0197 /km2) on 12.6% of the land -- the population is NOT food-limited, it is failing to disperse; any carrying-capacity reading of this run is void
  ~~ demography: 11/16 in band  worst: m_5_15=0.027(2.70x), frac_fatherless=0.13(2.60x), band_med_adults=14(0.50x), realised_ibi_med=31(0.90x)
[ 8675/15000] pop=  3125 bd=  45 bigbd=14(med113.0) strat=0.0% giniC=0.691 dyn:eff=47.3 top=0.072 nlin=115 lpb=19.13/dom=0.22 mRSg=0.591 set=42(mx133,prim1.36) con=459.0 inst=25 ldT=0.442 | asc=0.015 gumsa=0.244 tenure=6.2y levy=15321660.9 resent(mean/max)=0.0/0.0 revs=532 | 55.5m eta40m
  !! SPATIAL: PACKED AND SPARSE AT ONCE (local 0.155 > 0.091 > regional 0.0200 /km2) on 12.9% of the land -- the population is NOT food-limited, it is failing to disperse; any carrying-capacity reading of this run is void
  ~~ demography: 11/16 in band  worst: m_5_15=0.027(2.70x), frac_fatherless=0.0943(1.89x), band_med_adults=13(0.46x), realised_ibi_med=31(0.90x)
[ 8700/15000] pop=  3163 bd=  45 bigbd=13(med125) strat=0.0% giniC=0.693 dyn:eff=47.2 top=0.07 nlin=114 lpb=19.09/dom=0.223 mRSg=0.587 set=39(mx113,prim1.06) con=469.0 inst=30 ldT=0.366 | asc=0.016 gumsa=0.333 tenure=6.2y levy=11759882.0 resent(mean/max)=0.0/0.0 revs=534 | 55.7m eta40m
  !! SPATIAL: PACKED AND SPARSE AT ONCE (local 0.163 > 0.091 > regional 0.0205 /km2) on 12.6% of the land -- the population is NOT food-limited, it is failing to disperse; any carrying-capacity reading of this run is void
  ~~ demography: 13/16 in band  worst: m_5_15=0.027(2.70x), band_med_adults=14(0.50x), realised_ibi_med=31(0.90x)
[ 8725/15000] pop=  3245 bd=  43 bigbd=13(med135) strat=0.0% giniC=0.693 dyn:eff=47.1 top=0.068 nlin=114 lpb=19.49/dom=0.225 mRSg=0.579 set=40(mx131,prim1.24) con=642.0 inst=23 ldT=0.186 | asc=0.016 gumsa=0.302 tenure=6.2y levy=20008203.8 resent(mean/max)=0.0/0.0 revs=534 | 55.8m eta40m
  !! SPATIAL: PACKED AND SPARSE AT ONCE (local 0.168 > 0.091 > regional 0.0205 /km2) on 12.2% of the land -- the population is NOT food-limited, it is failing to disperse; any carrying-capacity reading of this run is void
  ~~ demography: 13/16 in band  worst: m_5_15=0.027(2.70x), band_med_adults=16(0.57x), realised_ibi_med=31(0.90x)
[ 8750/15000] pop=  3251 bd=  43 bigbd=14(med128.5) strat=0.0% giniC=0.693 dyn:eff=47.0 top=0.067 nlin=113 lpb=19.88/dom=0.219 mRSg=0.574 set=39(mx128,prim1.15) con=575.0 inst=33 ldT=0.439 | asc=0.018 gumsa=0.302 tenure=6.2y levy=14171553.5 resent(mean/max)=0.0/0.0 revs=534 | 55.9m eta40m
  !! SPATIAL: PACKED AND SPARSE AT ONCE (local 0.150 > 0.091 > regional 0.0201 /km2) on 13.4% of the land -- the population is NOT food-limited, it is failing to disperse; any carrying-capacity reading of this run is void
  ~~ demography: 13/16 in band  worst: m_5_15=0.027(2.70x), band_med_adults=13(0.46x), realised_ibi_med=31(0.90x)
[ 8775/15000] pop=  3185 bd=  51 bigbd=12(med134.0) strat=0.0% giniC=0.695 dyn:eff=45.9 top=0.07 nlin=112 lpb=17.2/dom=0.238 mRSg=0.578 set=44(mx113,prim1.22) con=458.0 inst=25 ldT=0.525 | asc=0.014 gumsa=0.176 tenure=6.2y levy=10651302.1 resent(mean/max)=0.0/0.0 revs=535 | 56.1m eta40m
  !! SPATIAL: PACKED AND SPARSE AT ONCE (local 0.157 > 0.091 > regional 0.0203 /km2) on 12.9% of the land -- the population is NOT food-limited, it is failing to disperse; any carrying-capacity reading of this run is void
  ~~ demography: 11/16 in band  worst: m_5_15=0.027(2.70x), band_med_adults=13(0.46x), frac_motherless=0.0095(0.47x), frac_fatherless=0.0752(1.50x)
[ 8800/15000] pop=  3211 bd=  49 bigbd=12(med132.5) strat=0.0% giniC=0.696 dyn:eff=45.5 top=0.069 nlin=111 lpb=17.92/dom=0.23 mRSg=0.571 set=42(mx125,prim1.34) con=540.5 inst=29 ldT=0.188 | asc=0.019 gumsa=0.286 tenure=6.2y levy=7819547.7 resent(mean/max)=0.0/0.0 revs=536 | 56.2m eta40m
  !! SPATIAL: PACKED AND SPARSE AT ONCE (local 0.159 > 0.091 > regional 0.0200 /km2) on 12.6% of the land -- the population is NOT food-limited, it is failing to disperse; any carrying-capacity reading of this run is void
  ~~ demography: 13/16 in band  worst: m_5_15=0.0271(2.71x), band_med_adults=12(0.43x), realised_ibi_med=31(0.90x)
[ 8825/15000] pop=  3168 bd=  49 bigbd=13(med128) strat=0.0% giniC=0.706 dyn:eff=44.0 top=0.07 nlin=109 lpb=17.9/dom=0.22 mRSg=0.569 set=42(mx125,prim1.1) con=671.0 inst=29 ldT=0.463 | asc=0.017 gumsa=0.265 tenure=6.2y levy=10228612.2 resent(mean/max)=0.0/0.0 revs=538 | 56.4m eta39m
  !! SPATIAL: PACKED AND SPARSE AT ONCE (local 0.156 > 0.091 > regional 0.0200 /km2) on 12.8% of the land -- the population is NOT food-limited, it is failing to disperse; any carrying-capacity reading of this run is void
  ~~ demography: 12/16 in band  worst: m_5_15=0.0271(2.71x), frac_motherless=0.0089(0.45x), band_med_adults=14(0.50x), realised_ibi_med=31(0.90x)
[ 8850/15000] pop=  3175 bd=  49 bigbd=12(med130.5) strat=0.0% giniC=0.704 dyn:eff=45.2 top=0.068 nlin=110 lpb=18.08/dom=0.224 mRSg=0.573 set=42(mx116,prim1.08) con=670.0 inst=31 ldT=0.34 | asc=0.014 gumsa=0.265 tenure=6.2y levy=7337554.5 resent(mean/max)=0.0/0.0 revs=540 | 56.5m eta39m
  !! SPATIAL: PACKED AND SPARSE AT ONCE (local 0.154 > 0.091 > regional 0.0201 /km2) on 13.1% of the land -- the population is NOT food-limited, it is failing to disperse; any carrying-capacity reading of this run is void
  ~~ demography: 11/16 in band  worst: m_5_15=0.0271(2.71x), frac_motherless=0.0065(0.32x), frac_fatherless=0.0826(1.65x), band_med_adults=14(0.50x)
[ 8875/15000] pop=  3180 bd=  51 bigbd=13(med115) strat=0.0% giniC=0.704 dyn:eff=45.4 top=0.068 nlin=110 lpb=17.51/dom=0.229 mRSg=0.571 set=40(mx116,prim1.13) con=547.0 inst=29 ldT=0.277 | asc=0.014 gumsa=0.216 tenure=6.2y levy=8300511.0 resent(mean/max)=0.0/0.0 revs=541 | 56.7m eta39m
  !! SPATIAL: PACKED AND SPARSE AT ONCE (local 0.161 > 0.091 > regional 0.0198 /km2) on 12.3% of the land -- the population is NOT food-limited, it is failing to disperse; any carrying-capacity reading of this run is void
  ~~ demography: 12/16 in band  worst: m_5_15=0.0271(2.71x), frac_fatherless=0.0817(1.63x), band_med_adults=13(0.46x), realised_ibi_med=31(0.90x)
[ 8900/15000] pop=  3142 bd=  49 bigbd=13(med113) strat=0.0% giniC=0.707 dyn:eff=44.9 top=0.067 nlin=110 lpb=17.96/dom=0.234 mRSg=0.582 set=38(mx114,prim1.11) con=637.5 inst=28 ldT=0.229 | asc=0.014 gumsa=0.306 tenure=6.2y levy=9392608.3 resent(mean/max)=0.0/0.0 revs=541 | 56.8m eta39m
  !! SPATIAL: PACKED AND SPARSE AT ONCE (local 0.155 > 0.091 > regional 0.0198 /km2) on 12.8% of the land -- the population is NOT food-limited, it is failing to disperse; any carrying-capacity reading of this run is void
  ~~ demography: 11/16 in band  worst: m_5_15=0.0271(2.71x), band_med_adults=13(0.46x), frac_fatherless=0.0754(1.51x), surv_to_45=0.322(0.75x)
[ 8925/15000] pop=  3138 bd=  49 bigbd=12(med139.5) strat=0.0% giniC=0.703 dyn:eff=45.1 top=0.063 nlin=111 lpb=18.31/dom=0.226 mRSg=0.588 set=38(mx114,prim1.05) con=488.5 inst=23 ldT=0.304 | asc=0.014 gumsa=0.245 tenure=6.2y levy=12175650.7 resent(mean/max)=0.0/0.0 revs=543 | 57.0m eta39m
  !! SPATIAL: PACKED AND SPARSE AT ONCE (local 0.156 > 0.091 > regional 0.0197 /km2) on 12.6% of the land -- the population is NOT food-limited, it is failing to disperse; any carrying-capacity reading of this run is void
  ~~ demography: 12/16 in band  worst: m_5_15=0.0271(2.71x), band_med_adults=15(0.53x), surv_to_45=0.322(0.75x), realised_ibi_med=31(0.90x)
[ 8950/15000] pop=  3125 bd=  51 bigbd=12(med144.5) strat=0.0% giniC=0.702 dyn:eff=44.8 top=0.062 nlin=111 lpb=17.92/dom=0.237 mRSg=0.593 set=38(mx116,prim1.03) con=532.0 inst=28 ldT=0.261 | asc=0.011 gumsa=0.216 tenure=6.2y levy=9934559.5 resent(mean/max)=0.0/0.0 revs=545 | 57.1m eta39m
  !! SPATIAL: PACKED AND SPARSE AT ONCE (local 0.148 > 0.091 > regional 0.0197 /km2) on 13.3% of the land -- the population is NOT food-limited, it is failing to disperse; any carrying-capacity reading of this run is void
  ~~ demography: 12/16 in band  worst: m_5_15=0.0271(2.71x), band_med_adults=15(0.53x), surv_to_45=0.322(0.75x), realised_ibi_med=31(0.90x)
[ 8975/15000] pop=  3116 bd=  50 bigbd=12(med125.0) strat=0.0% giniC=0.7 dyn:eff=44.6 top=0.064 nlin=111 lpb=18.4/dom=0.231 mRSg=0.581 set=38(mx102,prim1.02) con=473.0 inst=25 ldT=0.182 | asc=0.013 gumsa=0.28 tenure=6.2y levy=7800791.9 resent(mean/max)=0.0/0.0 revs=547 | 57.2m eta38m
  !! SPATIAL: PACKED AND SPARSE AT ONCE (local 0.163 > 0.091 > regional 0.0203 /km2) on 12.4% of the land -- the population is NOT food-limited, it is failing to disperse; any carrying-capacity reading of this run is void
  ~~ demography: 11/16 in band  worst: m_5_15=0.027(2.70x), frac_motherless=0.0091(0.46x), band_med_adults=14.5(0.51x), surv_to_45=0.322(0.75x)
[ 9000/15000] pop=  3209 bd=  52 bigbd=13(med110) strat=0.0% giniC=0.7 dyn:eff=45.5 top=0.061 nlin=112 lpb=18.46/dom=0.225 mRSg=0.58 set=41(mx117,prim1.02) con=505.0 inst=25 ldT=0.25 | asc=0.012 gumsa=0.25 tenure=6.2y levy=10440798.2 resent(mean/max)=0.0/0.0 revs=548 | 57.4m eta38m
  !! SPATIAL: PACKED AND SPARSE AT ONCE (local 0.160 > 0.091 > regional 0.0206 /km2) on 12.9% of the land -- the population is NOT food-limited, it is failing to disperse; any carrying-capacity reading of this run is void
  ~~ demography: 13/16 in band  worst: m_5_15=0.027(2.70x), band_med_adults=15.5(0.55x), realised_ibi_med=31(0.90x)
[ 9025/15000] pop=  3259 bd=  52 bigbd=12(med124.5) strat=0.0% giniC=0.697 dyn:eff=46.3 top=0.061 nlin=114 lpb=18.71/dom=0.215 mRSg=0.581 set=40(mx101,prim1.01) con=390.0 inst=30 ldT=0.347 | asc=0.007 gumsa=0.192 tenure=6.2y levy=11355672.6 resent(mean/max)=0.0/0.0 revs=549 | 57.5m eta38m
  !! SPATIAL: PACKED AND SPARSE AT ONCE (local 0.162 > 0.091 > regional 0.0206 /km2) on 12.8% of the land -- the population is NOT food-limited, it is failing to disperse; any carrying-capacity reading of this run is void
  ~~ demography: 11/16 in band  worst: m_5_15=0.027(2.70x), frac_fatherless=0.0914(1.83x), frac_motherless=0.0089(0.45x), band_med_adults=16.5(0.59x)
[ 9050/15000] pop=  3263 bd=  52 bigbd=11(med133) strat=0.0% giniC=0.697 dyn:eff=45.4 top=0.064 nlin=113 lpb=18.38/dom=0.229 mRSg=0.586 set=39(mx128,prim1.33) con=487.0 inst=26 ldT=0.294 | asc=0.008 gumsa=0.231 tenure=6.2y levy=8436364.4 resent(mean/max)=0.0/0.0 revs=550 | 57.7m eta38m
  !! SPATIAL: PACKED AND SPARSE AT ONCE (local 0.166 > 0.091 > regional 0.0209 /km2) on 12.6% of the land -- the population is NOT food-limited, it is failing to disperse; any carrying-capacity reading of this run is void
  ~~ demography: 12/16 in band  worst: m_5_15=0.027(2.70x), frac_fatherless=0.0784(1.57x), band_med_adults=17(0.60x), realised_ibi_med=31(0.90x)
[ 9075/15000] pop=  3310 bd=  52 bigbd=11(med133) strat=0.0% giniC=0.694 dyn:eff=44.7 top=0.065 nlin=113 lpb=18.52/dom=0.229 mRSg=0.582 set=39(mx102,prim1.03) con=492.5 inst=29 ldT=0.28 | asc=0.011 gumsa=0.25 tenure=6.2y levy=14702642.0 resent(mean/max)=0.0/0.0 revs=551 | 57.8m eta38m
  !! SPATIAL: PACKED AND SPARSE AT ONCE (local 0.178 > 0.091 > regional 0.0210 /km2) on 11.8% of the land -- the population is NOT food-limited, it is failing to disperse; any carrying-capacity reading of this run is void
  ~~ demography: 13/16 in band  worst: m_5_15=0.027(2.70x), band_med_adults=16(0.57x), realised_ibi_med=31(0.90x)
[ 9100/15000] pop=  3334 bd=  54 bigbd=11(med141) strat=0.0% giniC=0.696 dyn:eff=44.4 top=0.064 nlin=112 lpb=18.13/dom=0.242 mRSg=0.575 set=38(mx114,prim1.07) con=412.0 inst=22 ldT=0.196 | asc=0.01 gumsa=0.241 tenure=6.2y levy=11901777.7 resent(mean/max)=0.0/0.0 revs=552 | 58.0m eta38m
  !! SPATIAL: PACKED AND SPARSE AT ONCE (local 0.158 > 0.091 > regional 0.0208 /km2) on 13.1% of the land -- the population is NOT food-limited, it is failing to disperse; any carrying-capacity reading of this run is void
  ~~ demography: 13/16 in band  worst: m_5_15=0.027(2.70x), band_med_adults=16(0.57x), realised_ibi_med=31(0.90x)
[ 9125/15000] pop=  3293 bd=  52 bigbd=12(med136.0) strat=0.0% giniC=0.693 dyn:eff=42.9 top=0.065 nlin=110 lpb=18.5/dom=0.234 mRSg=0.581 set=39(mx98,prim1.03) con=440.5 inst=35 ldT=0.38 | asc=0.01 gumsa=0.192 tenure=6.2y levy=9641809.6 resent(mean/max)=0.0/0.0 revs=553 | 58.1m eta37m
  !! SPATIAL: PACKED AND SPARSE AT ONCE (local 0.157 > 0.091 > regional 0.0200 /km2) on 12.8% of the land -- the population is NOT food-limited, it is failing to disperse; any carrying-capacity reading of this run is void
  ~~ demography: 12/16 in band  worst: m_5_15=0.0271(2.71x), band_med_adults=13(0.46x), surv_to_45=0.322(0.75x), realised_ibi_med=31(0.90x)
[ 9150/15000] pop=  3164 bd=  59 bigbd=11(med137) strat=0.0% giniC=0.698 dyn:eff=42.7 top=0.063 nlin=110 lpb=16.86/dom=0.241 mRSg=0.591 set=42(mx102,prim1.04) con=367.5 inst=26 ldT=0.373 | asc=0.013 gumsa=0.237 tenure=6.2y levy=6598374.4 resent(mean/max)=0.0/0.0 revs=553 | 58.3m eta37m
  !! SPATIAL: PACKED AND SPARSE AT ONCE (local 0.170 > 0.091 > regional 0.0203 /km2) on 11.9% of the land -- the population is NOT food-limited, it is failing to disperse; any carrying-capacity reading of this run is void
  ~~ demography: 13/16 in band  worst: m_5_15=0.027(2.70x), band_med_adults=14(0.50x), realised_ibi_med=31(0.90x)
[ 9175/15000] pop=  3217 bd=  57 bigbd=13(med131) strat=0.0% giniC=0.694 dyn:eff=43.0 top=0.062 nlin=109 lpb=17.33/dom=0.242 mRSg=0.594 set=42(mx112,prim1.18) con=431.0 inst=24 ldT=0.228 | asc=0.01 gumsa=0.263 tenure=6.2y levy=7408907.9 resent(mean/max)=0.0/0.0 revs=556 | 58.4m eta37m
  !! SPATIAL: PACKED AND SPARSE AT ONCE (local 0.145 > 0.091 > regional 0.0206 /km2) on 14.2% of the land -- the population is NOT food-limited, it is failing to disperse; any carrying-capacity reading of this run is void
  ~~ demography: 13/16 in band  worst: m_5_15=0.027(2.70x), band_med_adults=15(0.53x), realised_ibi_med=31(0.90x)
[ 9200/15000] pop=  3260 bd=  56 bigbd=14(med129.0) strat=0.0% giniC=0.689 dyn:eff=42.6 top=0.063 nlin=109 lpb=17.46/dom=0.245 mRSg=0.591 set=43(mx105,prim1.08) con=544.5 inst=33 ldT=0.167 | asc=0.009 gumsa=0.196 tenure=6.2y levy=12841932.0 resent(mean/max)=0.0/0.0 revs=556 | 58.6m eta37m
  !! SPATIAL: PACKED AND SPARSE AT ONCE (local 0.148 > 0.091 > regional 0.0203 /km2) on 13.7% of the land -- the population is NOT food-limited, it is failing to disperse; any carrying-capacity reading of this run is void
  ~~ demography: 11/16 in band  worst: m_5_15=0.0271(2.71x), frac_fatherless=0.0804(1.61x), band_med_adults=16.5(0.59x), surv_to_45=0.322(0.75x)
[ 9225/15000] pop=  3208 bd=  52 bigbd=16(med120.5) strat=0.0% giniC=0.693 dyn:eff=42.8 top=0.063 nlin=108 lpb=18.96/dom=0.231 mRSg=0.588 set=43(mx115,prim1.06) con=439.0 inst=38 ldT=0.34 | asc=0.008 gumsa=0.192 tenure=6.2y levy=9370451.1 resent(mean/max)=0.0/0.0 revs=557 | 58.7m eta37m
  !! SPATIAL: PACKED AND SPARSE AT ONCE (local 0.154 > 0.091 > regional 0.0206 /km2) on 13.3% of the land -- the population is NOT food-limited, it is failing to disperse; any carrying-capacity reading of this run is void
  ~~ demography: 12/16 in band  worst: m_5_15=0.0271(2.71x), frac_fatherless=0.0763(1.53x), band_med_adults=14(0.50x), realised_ibi_med=31(0.90x)
[ 9250/15000] pop=  3256 bd=  55 bigbd=14(med128.5) strat=0.0% giniC=0.694 dyn:eff=42.5 top=0.067 nlin=109 lpb=18.09/dom=0.236 mRSg=0.59 set=43(mx119,prim1.08) con=547.0 inst=28 ldT=0.288 | asc=0.007 gumsa=0.164 tenure=6.2y levy=12639978.1 resent(mean/max)=0.0/0.0 revs=558 | 58.9m eta37m
  !! SPATIAL: PACKED AND SPARSE AT ONCE (local 0.146 > 0.091 > regional 0.0209 /km2) on 14.3% of the land -- the population is NOT food-limited, it is failing to disperse; any carrying-capacity reading of this run is void
  ~~ demography: 13/16 in band  worst: m_5_15=0.027(2.70x), band_med_adults=14(0.50x), realised_ibi_med=31(0.90x)
[ 9275/15000] pop=  3305 bd=  60 bigbd=14(med123.5) strat=0.0% giniC=0.695 dyn:eff=41.5 top=0.07 nlin=110 lpb=17.35/dom=0.237 mRSg=0.595 set=43(mx108,prim1.09) con=535.5 inst=26 ldT=0.241 | asc=0.011 gumsa=0.233 tenure=6.2y levy=11568734.0 resent(mean/max)=0.0/0.0 revs=559 | 59.0m eta36m
  !! SPATIAL: PACKED AND SPARSE AT ONCE (local 0.154 > 0.091 > regional 0.0213 /km2) on 13.8% of the land -- the population is NOT food-limited, it is failing to disperse; any carrying-capacity reading of this run is void
  ~~ demography: 13/16 in band  worst: m_5_15=0.027(2.70x), band_med_adults=13(0.46x), realised_ibi_med=31(0.90x)
[ 9300/15000] pop=  3373 bd=  61 bigbd=14(med129.0) strat=0.0% giniC=0.693 dyn:eff=41.4 top=0.07 nlin=110 lpb=17.28/dom=0.249 mRSg=0.598 set=42(mx116,prim1.02) con=511.0 inst=22 ldT=0.254 | asc=0.011 gumsa=0.262 tenure=6.2y levy=8445985.3 resent(mean/max)=0.0/0.0 revs=560 | 59.2m eta36m
  !! SPATIAL: PACKED AND SPARSE AT ONCE (local 0.146 > 0.091 > regional 0.0206 /km2) on 14.1% of the land -- the population is NOT food-limited, it is failing to disperse; any carrying-capacity reading of this run is void
  ~~ demography: 12/16 in band  worst: m_5_15=0.0271(2.71x), band_med_adults=13(0.46x), surv_to_45=0.322(0.75x), realised_ibi_med=31(0.90x)
[ 9325/15000] pop=  3260 bd=  60 bigbd=15(med121) strat=0.0% giniC=0.703 dyn:eff=42.4 top=0.066 nlin=113 lpb=17.52/dom=0.242 mRSg=0.598 set=41(mx117,prim1.0) con=602.0 inst=32 ldT=0.393 | asc=0.013 gumsa=0.3 tenure=6.2y levy=11873428.4 resent(mean/max)=0.0/0.0 revs=560 | 59.3m eta36m
  !! SPATIAL: PACKED AND SPARSE AT ONCE (local 0.148 > 0.091 > regional 0.0204 /km2) on 13.8% of the land -- the population is NOT food-limited, it is failing to disperse; any carrying-capacity reading of this run is void
  ~~ demography: 11/16 in band  worst: m_5_15=0.0271(2.71x), frac_fatherless=0.0868(1.74x), band_med_adults=13(0.46x), surv_to_45=0.322(0.75x)
[ 9350/15000] pop=  3231 bd=  59 bigbd=14(med118.0) strat=0.0% giniC=0.703 dyn:eff=42.2 top=0.066 nlin=112 lpb=17.22/dom=0.25 mRSg=0.597 set=43(mx106,prim1.1) con=532.0 inst=31 ldT=0.386 | asc=0.01 gumsa=0.254 tenure=6.2y levy=10710252.6 resent(mean/max)=0.0/0.0 revs=562 | 59.5m eta36m
  !! SPATIAL: PACKED AND SPARSE AT ONCE (local 0.152 > 0.091 > regional 0.0204 /km2) on 13.4% of the land -- the population is NOT food-limited, it is failing to disperse; any carrying-capacity reading of this run is void
  ~~ demography: 12/16 in band  worst: m_5_15=0.0271(2.71x), band_med_adults=13(0.46x), surv_to_45=0.322(0.75x), realised_ibi_med=31(0.90x)
[ 9375/15000] pop=  3236 bd=  59 bigbd=15(med124) strat=0.0% giniC=0.703 dyn:eff=42.9 top=0.066 nlin=113 lpb=17.34/dom=0.24 mRSg=0.596 set=45(mx105,prim1.02) con=527.0 inst=43 ldT=0.232 | asc=0.013 gumsa=0.339 tenure=6.2y levy=9305045.8 resent(mean/max)=0.0/0.0 revs=562 | 59.6m eta36m
  !! SPATIAL: PACKED AND SPARSE AT ONCE (local 0.164 > 0.091 > regional 0.0205 /km2) on 12.5% of the land -- the population is NOT food-limited, it is failing to disperse; any carrying-capacity reading of this run is void
  ~~ demography: 11/16 in band  worst: m_5_15=0.0271(2.71x), band_med_adults=14(0.50x), surv_to_45=0.322(0.75x), realised_ibi_med=31(0.90x)
[ 9400/15000] pop=  3248 bd=  59 bigbd=14(med135.0) strat=0.0% giniC=0.699 dyn:eff=42.8 top=0.064 nlin=112 lpb=17.44/dom=0.235 mRSg=0.605 set=45(mx107,prim1.02) con=540.5 inst=24 ldT=0.143 | asc=0.011 gumsa=0.237 tenure=6.2y levy=12080535.2 resent(mean/max)=0.0/0.0 revs=564 | 59.7m eta36m
  !! SPATIAL: PACKED AND SPARSE AT ONCE (local 0.139 > 0.091 > regional 0.0196 /km2) on 14.1% of the land -- the population is NOT food-limited, it is failing to disperse; any carrying-capacity reading of this run is void
  ~~ demography: 10/16 in band  worst: m_5_15=0.0272(2.72x), frac_fatherless=0.0899(1.80x), band_med_adults=14(0.50x), surv_to_45=0.321(0.75x)
[ 9425/15000] pop=  3107 bd=  57 bigbd=14(med132.0) strat=0.0% giniC=0.701 dyn:eff=42.8 top=0.062 nlin=112 lpb=17.79/dom=0.221 mRSg=0.605 set=42(mx106,prim1.05) con=484.0 inst=28 ldT=0.321 | asc=0.014 gumsa=0.333 tenure=6.2y levy=6313720.9 resent(mean/max)=0.0/0.0 revs=565 | 59.9m eta35m
  !! SPATIAL: PACKED AND SPARSE AT ONCE (local 0.153 > 0.091 > regional 0.0198 /km2) on 12.9% of the land -- the population is NOT food-limited, it is failing to disperse; any carrying-capacity reading of this run is void
  ~~ demography: 10/16 in band  worst: m_5_15=0.0272(2.72x), frac_fatherless=0.0843(1.69x), band_med_adults=13(0.46x), surv_to_45=0.321(0.75x)
[ 9450/15000] pop=  3131 bd=  58 bigbd=13(med140) strat=0.0% giniC=0.695 dyn:eff=42.8 top=0.062 nlin=114 lpb=17.45/dom=0.233 mRSg=0.602 set=40(mx122,prim1.15) con=476.0 inst=27 ldT=0.196 | asc=0.018 gumsa=0.397 tenure=6.2y levy=8689102.8 resent(mean/max)=0.0/0.0 revs=565 | 60.0m eta35m
  !! SPATIAL: PACKED AND SPARSE AT ONCE (local 0.146 > 0.091 > regional 0.0202 /km2) on 13.8% of the land -- the population is NOT food-limited, it is failing to disperse; any carrying-capacity reading of this run is void
  ~~ demography: 11/16 in band  worst: m_5_15=0.0271(2.71x), frac_fatherless=0.0802(1.60x), band_med_adults=13(0.46x), surv_to_45=0.322(0.75x)
[ 9475/15000] pop=  3198 bd=  58 bigbd=14(med141.0) strat=0.0% giniC=0.689 dyn:eff=42.1 top=0.066 nlin=114 lpb=17.52/dom=0.242 mRSg=0.594 set=45(mx114,prim1.05) con=602.5 inst=33 ldT=0.232 | asc=0.013 gumsa=0.328 tenure=6.2y levy=7359608.6 resent(mean/max)=0.0/0.0 revs=569 | 60.1m eta35m
  !! SPATIAL: PACKED AND SPARSE AT ONCE (local 0.154 > 0.091 > regional 0.0203 /km2) on 13.2% of the land -- the population is NOT food-limited, it is failing to disperse; any carrying-capacity reading of this run is void
  ~~ demography: 11/16 in band  worst: m_5_15=0.0271(2.71x), frac_motherless=0.0088(0.44x), band_med_adults=14(0.50x), surv_to_45=0.322(0.75x)
[ 9500/15000] pop=  3219 bd=  56 bigbd=14(med150.5) strat=0.0% giniC=0.683 dyn:eff=43.1 top=0.066 nlin=115 lpb=18.5/dom=0.236 mRSg=0.599 set=43(mx109,prim1.07) con=498.0 inst=26 ldT=0.327 | asc=0.011 gumsa=0.304 tenure=6.2y levy=10159225.7 resent(mean/max)=0.0/0.0 revs=573 | 60.3m eta35m
  !! SPATIAL: PACKED AND SPARSE AT ONCE (local 0.146 > 0.091 > regional 0.0206 /km2) on 14.1% of the land -- the population is NOT food-limited, it is failing to disperse; any carrying-capacity reading of this run is void
  ~~ demography: 12/16 in band  worst: m_5_15=0.0271(2.71x), band_med_adults=15(0.53x), surv_to_45=0.322(0.75x), realised_ibi_med=31(0.90x)
[ 9525/15000] pop=  3262 bd=  55 bigbd=15(med134) strat=0.0% giniC=0.679 dyn:eff=43.8 top=0.067 nlin=116 lpb=18.29/dom=0.248 mRSg=0.593 set=42(mx107,prim1.06) con=561.0 inst=31 ldT=0.218 | asc=0.015 gumsa=0.327 tenure=6.2y levy=9674009.0 resent(mean/max)=0.0/0.0 revs=574 | 60.4m eta35m
  !! SPATIAL: PACKED AND SPARSE AT ONCE (local 0.162 > 0.091 > regional 0.0200 /km2) on 12.4% of the land -- the population is NOT food-limited, it is failing to disperse; any carrying-capacity reading of this run is void
  ~~ demography: 11/16 in band  worst: m_5_15=0.0272(2.72x), frac_fatherless=0.0793(1.59x), band_med_adults=14(0.50x), surv_to_45=0.321(0.75x)
[ 9550/15000] pop=  3166 bd=  56 bigbd=14(med136.0) strat=0.0% giniC=0.686 dyn:eff=43.7 top=0.063 nlin=116 lpb=17.86/dom=0.228 mRSg=0.596 set=42(mx106,prim1.08) con=667.0 inst=33 ldT=0.3 | asc=0.015 gumsa=0.25 tenure=6.2y levy=12116794.8 resent(mean/max)=0.0/0.0 revs=575 | 60.5m eta35m
  !! SPATIAL: PACKED AND SPARSE AT ONCE (local 0.158 > 0.091 > regional 0.0201 /km2) on 12.8% of the land -- the population is NOT food-limited, it is failing to disperse; any carrying-capacity reading of this run is void
  ~~ demography: 12/16 in band  worst: m_5_15=0.0272(2.72x), band_med_adults=12(0.43x), surv_to_45=0.322(0.75x), realised_ibi_med=31(0.90x)
[ 9575/15000] pop=  3186 bd=  57 bigbd=13(med159) strat=0.0% giniC=0.682 dyn:eff=43.6 top=0.063 nlin=118 lpb=17.67/dom=0.238 mRSg=0.603 set=42(mx106,prim1.09) con=650.0 inst=34 ldT=0.327 | asc=0.019 gumsa=0.351 tenure=6.2y levy=9024975.3 resent(mean/max)=0.0/0.0 revs=577 | 60.7m eta34m
  !! SPATIAL: PACKED AND SPARSE AT ONCE (local 0.147 > 0.091 > regional 0.0205 /km2) on 14.0% of the land -- the population is NOT food-limited, it is failing to disperse; any carrying-capacity reading of this run is void
  ~~ demography: 12/16 in band  worst: m_5_15=0.0271(2.71x), band_med_adults=13(0.46x), surv_to_45=0.322(0.75x), realised_ibi_med=31(0.90x)
[ 9600/15000] pop=  3248 bd=  54 bigbd=14(med148.0) strat=0.0% giniC=0.68 dyn:eff=43.5 top=0.064 nlin=118 lpb=18.19/dom=0.243 mRSg=0.602 set=42(mx113,prim1.02) con=514.0 inst=30 ldT=0.296 | asc=0.021 gumsa=0.389 tenure=6.2y levy=11710912.9 resent(mean/max)=0.0/0.0 revs=578 | 60.9m eta34m
  !! SPATIAL: PACKED AND SPARSE AT ONCE (local 0.145 > 0.091 > regional 0.0200 /km2) on 13.8% of the land -- the population is NOT food-limited, it is failing to disperse; any carrying-capacity reading of this run is void
  ~~ demography: 11/16 in band  worst: m_5_15=0.0272(2.72x), frac_fatherless=0.0853(1.71x), band_med_adults=14(0.50x), surv_to_45=0.322(0.75x)
[ 9625/15000] pop=  3170 bd=  53 bigbd=14(med148.5) strat=0.0% giniC=0.677 dyn:eff=43.2 top=0.065 nlin=118 lpb=18.36/dom=0.239 mRSg=0.612 set=43(mx107,prim1.02) con=532.0 inst=21 ldT=0.314 | asc=0.022 gumsa=0.415 tenure=6.2y levy=8148208.2 resent(mean/max)=0.0/0.0 revs=581 | 61.0m eta34m
  !! SPATIAL: PACKED AND SPARSE AT ONCE (local 0.149 > 0.091 > regional 0.0199 /km2) on 13.3% of the land -- the population is NOT food-limited, it is failing to disperse; any carrying-capacity reading of this run is void
  ~~ demography: 11/16 in band  worst: m_5_15=0.0272(2.72x), frac_fatherless=0.0807(1.61x), band_med_adults=12(0.43x), surv_to_45=0.321(0.75x)
[ 9650/15000] pop=  3146 bd=  56 bigbd=13(med144) strat=0.0% giniC=0.681 dyn:eff=42.8 top=0.068 nlin=117 lpb=17.46/dom=0.251 mRSg=0.612 set=42(mx121,prim1.27) con=515.5 inst=32 ldT=0.151 | asc=0.018 gumsa=0.304 tenure=6.2y levy=14017748.6 resent(mean/max)=0.0/0.0 revs=584 | 61.2m eta34m
  !! SPATIAL: PACKED AND SPARSE AT ONCE (local 0.148 > 0.091 > regional 0.0202 /km2) on 13.6% of the land -- the population is NOT food-limited, it is failing to disperse; any carrying-capacity reading of this run is void
  ~~ demography: 12/16 in band  worst: m_5_15=0.0272(2.72x), band_med_adults=13(0.46x), surv_to_45=0.322(0.75x), realised_ibi_med=31(0.90x)
[ 9675/15000] pop=  3203 bd=  53 bigbd=14(med128.0) strat=0.0% giniC=0.678 dyn:eff=43.1 top=0.069 nlin=119 lpb=18.28/dom=0.254 mRSg=0.612 set=44(mx113,prim1.03) con=579.5 inst=30 ldT=0.231 | asc=0.018 gumsa=0.302 tenure=6.2y levy=12062115.3 resent(mean/max)=0.0/0.0 revs=586 | 61.3m eta34m
  !! SPATIAL: PACKED AND SPARSE AT ONCE (local 0.157 > 0.091 > regional 0.0201 /km2) on 12.8% of the land -- the population is NOT food-limited, it is failing to disperse; any carrying-capacity reading of this run is void
  ~~ demography: 12/16 in band  worst: m_5_15=0.0272(2.72x), band_med_adults=13(0.46x), surv_to_45=0.322(0.75x), realised_ibi_med=31(0.90x)
[ 9700/15000] pop=  3178 bd=  54 bigbd=14(med134.5) strat=0.0% giniC=0.672 dyn:eff=43.5 top=0.069 nlin=118 lpb=18.0/dom=0.238 mRSg=0.615 set=47(mx103,prim1.02) con=529.0 inst=29 ldT=0.286 | asc=0.025 gumsa=0.315 tenure=6.2y levy=10355303.2 resent(mean/max)=0.0/0.0 revs=586 | 61.5m eta34m
  !! SPATIAL: PACKED AND SPARSE AT ONCE (local 0.148 > 0.091 > regional 0.0200 /km2) on 13.5% of the land -- the population is NOT food-limited, it is failing to disperse; any carrying-capacity reading of this run is void
  ~~ demography: 12/16 in band  worst: m_5_15=0.0272(2.72x), band_med_adults=13.5(0.48x), surv_to_45=0.322(0.75x), realised_ibi_med=31(0.90x)
[ 9725/15000] pop=  3167 bd=  56 bigbd=14(med123.0) strat=0.0% giniC=0.672 dyn:eff=43.3 top=0.072 nlin=118 lpb=17.5/dom=0.249 mRSg=0.603 set=44(mx111,prim1.08) con=563.0 inst=33 ldT=0.275 | asc=0.033 gumsa=0.464 tenure=6.2y levy=9152682.4 resent(mean/max)=0.0/0.0 revs=588 | 61.7m eta33m
  !! SPATIAL: PACKED AND SPARSE AT ONCE (local 0.155 > 0.091 > regional 0.0203 /km2) on 13.1% of the land -- the population is NOT food-limited, it is failing to disperse; any carrying-capacity reading of this run is void
  ~~ demography: 12/16 in band  worst: m_5_15=0.0272(2.72x), band_med_adults=14.5(0.51x), surv_to_45=0.322(0.75x), realised_ibi_med=31(0.90x)
[ 9750/15000] pop=  3208 bd=  54 bigbd=14(med122.5) strat=0.0% giniC=0.668 dyn:eff=43.0 top=0.073 nlin=114 lpb=17.81/dom=0.248 mRSg=0.602 set=43(mx123,prim1.34) con=545.0 inst=28 ldT=0.245 | asc=0.031 gumsa=0.481 tenure=6.2y levy=8363343.1 resent(mean/max)=0.0/0.0 revs=590 | 61.8m eta33m
  !! SPATIAL: PACKED AND SPARSE AT ONCE (local 0.165 > 0.091 > regional 0.0203 /km2) on 12.3% of the land -- the population is NOT food-limited, it is failing to disperse; any carrying-capacity reading of this run is void
  ~~ demography: 12/16 in band  worst: m_5_15=0.0272(2.72x), band_med_adults=15(0.53x), surv_to_45=0.322(0.75x), realised_ibi_med=31(0.90x)
[ 9775/15000] pop=  3208 bd=  58 bigbd=15(med105) strat=0.0% giniC=0.667 dyn:eff=43.6 top=0.072 nlin=113 lpb=17.62/dom=0.239 mRSg=0.593 set=46(mx104,prim1.04) con=503.0 inst=37 ldT=0.22 | asc=0.037 gumsa=0.5 tenure=6.2y levy=9898042.7 resent(mean/max)=0.0/0.0 revs=592 | 62.0m eta33m
  !! SPATIAL: PACKED AND SPARSE AT ONCE (local 0.162 > 0.091 > regional 0.0202 /km2) on 12.5% of the land -- the population is NOT food-limited, it is failing to disperse; any carrying-capacity reading of this run is void
  ~~ demography: 12/16 in band  worst: m_5_15=0.0272(2.72x), band_med_adults=14(0.50x), surv_to_45=0.321(0.75x), realised_ibi_med=31(0.90x)
[ 9800/15000] pop=  3201 bd=  55 bigbd=14(med126.0) strat=0.0% giniC=0.668 dyn:eff=44.6 top=0.072 nlin=114 lpb=18.02/dom=0.24 mRSg=0.582 set=43(mx116,prim1.14) con=646.0 inst=27 ldT=0.189 | asc=0.02 gumsa=0.327 tenure=6.2y levy=9117341.0 resent(mean/max)=0.0/0.0 revs=592 | 62.2m eta33m
  !! SPATIAL: PACKED AND SPARSE AT ONCE (local 0.156 > 0.091 > regional 0.0203 /km2) on 13.0% of the land -- the population is NOT food-limited, it is failing to disperse; any carrying-capacity reading of this run is void
  ~~ demography: 12/16 in band  worst: m_5_15=0.0271(2.71x), band_med_adults=14(0.50x), surv_to_45=0.321(0.75x), realised_ibi_med=31(0.90x)
[ 9825/15000] pop=  3212 bd=  58 bigbd=13(med127) strat=0.0% giniC=0.669 dyn:eff=45.7 top=0.072 nlin=115 lpb=17.47/dom=0.247 mRSg=0.585 set=44(mx132,prim1.23) con=483.0 inst=33 ldT=0.296 | asc=0.016 gumsa=0.241 tenure=6.2y levy=10027267.1 resent(mean/max)=0.0/0.0 revs=594 | 62.4m eta33m
  !! SPATIAL: PACKED AND SPARSE AT ONCE (local 0.160 > 0.091 > regional 0.0206 /km2) on 12.9% of the land -- the population is NOT food-limited, it is failing to disperse; any carrying-capacity reading of this run is void
  ~~ demography: 12/16 in band  worst: m_5_15=0.0271(2.71x), band_med_adults=13(0.46x), surv_to_45=0.322(0.75x), realised_ibi_med=31(0.90x)
[ 9850/15000] pop=  3262 bd=  59 bigbd=15(med121) strat=0.0% giniC=0.668 dyn:eff=46.1 top=0.071 nlin=114 lpb=17.24/dom=0.253 mRSg=0.587 set=44(mx111,prim1.07) con=517.5 inst=32 ldT=0.241 | asc=0.016 gumsa=0.237 tenure=6.2y levy=11710807.6 resent(mean/max)=0.0/0.0 revs=594 | 62.5m eta33m
  !! SPATIAL: PACKED AND SPARSE AT ONCE (local 0.137 > 0.091 > regional 0.0201 /km2) on 14.6% of the land -- the population is NOT food-limited, it is failing to disperse; any carrying-capacity reading of this run is void
  ~~ demography: 10/16 in band  worst: m_5_15=0.0272(2.72x), frac_motherless=0.0354(1.77x), band_med_adults=13(0.46x), frac_fatherless=0.0759(1.52x)
[ 9875/15000] pop=  3184 bd=  59 bigbd=14(med124.0) strat=0.0% giniC=0.665 dyn:eff=44.9 top=0.074 nlin=113 lpb=16.64/dom=0.262 mRSg=0.591 set=45(mx107,prim1.08) con=454.0 inst=31 ldT=0.345 | asc=0.014 gumsa=0.237 tenure=6.2y levy=8638267.9 resent(mean/max)=0.0/0.0 revs=596 | 62.7m eta33m
  !! SPATIAL: PACKED AND SPARSE AT ONCE (local 0.153 > 0.091 > regional 0.0201 /km2) on 13.1% of the land -- the population is NOT food-limited, it is failing to disperse; any carrying-capacity reading of this run is void
  ~~ demography: 11/16 in band  worst: m_5_15=0.0272(2.72x), frac_fatherless=0.0836(1.67x), band_med_adults=12(0.43x), surv_to_45=0.321(0.75x)
[ 9900/15000] pop=  3185 bd=  59 bigbd=15(med117) strat=0.0% giniC=0.668 dyn:eff=46.2 top=0.068 nlin=113 lpb=17.0/dom=0.251 mRSg=0.58 set=43(mx111,prim1.03) con=556.0 inst=28 ldT=0.315 | asc=0.009 gumsa=0.119 tenure=6.2y levy=7130820.6 resent(mean/max)=0.0/0.0 revs=599 | 62.8m eta32m
  !! SPATIAL: PACKED AND SPARSE AT ONCE (local 0.152 > 0.091 > regional 0.0196 /km2) on 12.9% of the land -- the population is NOT food-limited, it is failing to disperse; any carrying-capacity reading of this run is void
  ~~ demography: 11/16 in band  worst: m_5_15=0.0273(2.73x), frac_fatherless=0.084(1.68x), band_med_adults=13(0.46x), surv_to_45=0.32(0.74x)
[ 9925/15000] pop=  3111 bd=  59 bigbd=12(med127.0) strat=0.0% giniC=0.673 dyn:eff=45.3 top=0.066 nlin=111 lpb=17.17/dom=0.234 mRSg=0.572 set=46(mx115,prim1.26) con=519.0 inst=24 ldT=0.373 | asc=0.009 gumsa=0.169 tenure=6.2y levy=9587316.7 resent(mean/max)=0.0/0.0 revs=599 | 63.0m eta32m
  !! SPATIAL: PACKED AND SPARSE AT ONCE (local 0.155 > 0.091 > regional 0.0196 /km2) on 12.6% of the land -- the population is NOT food-limited, it is failing to disperse; any carrying-capacity reading of this run is void
  ~~ demography: 11/16 in band  worst: m_5_15=0.0273(2.73x), frac_fatherless=0.0817(1.63x), band_med_adults=13(0.46x), surv_to_45=0.32(0.74x)
[ 9950/15000] pop=  3110 bd=  57 bigbd=12(med127.5) strat=0.0% giniC=0.673 dyn:eff=45.5 top=0.065 nlin=109 lpb=17.75/dom=0.238 mRSg=0.583 set=43(mx117,prim1.19) con=682.5 inst=17 ldT=0.14 | asc=0.011 gumsa=0.211 tenure=6.2y levy=9684851.8 resent(mean/max)=0.0/0.0 revs=599 | 63.1m eta32m
  !! SPATIAL: PACKED AND SPARSE AT ONCE (local 0.157 > 0.091 > regional 0.0200 /km2) on 12.8% of the land -- the population is NOT food-limited, it is failing to disperse; any carrying-capacity reading of this run is void
  ~~ demography: 12/16 in band  worst: m_5_15=0.0272(2.72x), band_med_adults=16(0.57x), surv_to_45=0.321(0.75x), realised_ibi_med=31(0.90x)
[ 9975/15000] pop=  3174 bd=  54 bigbd=13(med132) strat=0.0% giniC=0.671 dyn:eff=45.8 top=0.065 nlin=108 lpb=18.44/dom=0.24 mRSg=0.586 set=42(mx94,prim1.09) con=617.0 inst=30 ldT=0.167 | asc=0.02 gumsa=0.315 tenure=6.2y levy=7548128.9 resent(mean/max)=0.0/0.0 revs=601 | 63.3m eta32m
  !! SPATIAL: PACKED AND SPARSE AT ONCE (local 0.146 > 0.091 > regional 0.0196 /km2) on 13.4% of the land -- the population is NOT food-limited, it is failing to disperse; any carrying-capacity reading of this run is void
  ~~ demography: 11/16 in band  worst: m_5_15=0.0273(2.73x), frac_fatherless=0.0899(1.80x), band_med_adults=13(0.46x), surv_to_45=0.32(0.74x)
[10000/15000] pop=  3104 bd=  58 bigbd=12(med120.0) strat=0.0% giniC=0.674 dyn:eff=45.9 top=0.064 nlin=106 lpb=17.62/dom=0.226 mRSg=0.597 set=42(mx109,prim1.08) con=592.0 inst=29 ldT=0.255 | asc=0.026 gumsa=0.328 tenure=6.2y levy=6239734.4 resent(mean/max)=0.0/0.0 revs=603 | 63.4m eta32m
  !! SPATIAL: PACKED AND SPARSE AT ONCE (local 0.162 > 0.091 > regional 0.0197 /km2) on 12.2% of the land -- the population is NOT food-limited, it is failing to disperse; any carrying-capacity reading of this run is void
  ~~ demography: 11/16 in band  worst: m_5_15=0.0273(2.73x), frac_fatherless=0.0799(1.60x), band_med_adults=13(0.46x), surv_to_45=0.321(0.75x)
[10025/15000] pop=  3126 bd=  57 bigbd=12(med121.5) strat=0.0% giniC=0.671 dyn:eff=46.1 top=0.064 nlin=105 lpb=17.56/dom=0.228 mRSg=0.606 set=42(mx98,prim1.02) con=515.0 inst=30 ldT=0.25 | asc=0.022 gumsa=0.228 tenure=6.2y levy=10243435.2 resent(mean/max)=0.0/0.0 revs=606 | 63.6m eta32m
  !! SPATIAL: PACKED AND SPARSE AT ONCE (local 0.146 > 0.091 > regional 0.0190 /km2) on 13.0% of the land -- the population is NOT food-limited, it is failing to disperse; any carrying-capacity reading of this run is void
  ~~ demography: 11/16 in band  worst: m_5_15=0.0273(2.73x), band_med_adults=13(0.46x), frac_fatherless=0.0755(1.51x), surv_to_45=0.32(0.74x)
[10050/15000] pop=  3007 bd=  58 bigbd=12(med118.0) strat=0.0% giniC=0.675 dyn:eff=46.4 top=0.063 nlin=106 lpb=17.29/dom=0.226 mRSg=0.617 set=42(mx106,prim1.09) con=478.0 inst=24 ldT=0.222 | asc=0.024 gumsa=0.345 tenure=6.2y levy=6622892.5 resent(mean/max)=0.0/0.0 revs=606 | 63.7m eta31m
  !! SPATIAL: PACKED AND SPARSE AT ONCE (local 0.154 > 0.091 > regional 0.0194 /km2) on 12.6% of the land -- the population is NOT food-limited, it is failing to disperse; any carrying-capacity reading of this run is void
  ~~ demography: 12/16 in band  worst: m_5_15=0.0273(2.73x), band_med_adults=15(0.53x), surv_to_45=0.32(0.74x), realised_ibi_med=31(0.90x)
[10075/15000] pop=  3069 bd=  57 bigbd=12(med115.5) strat=0.0% giniC=0.673 dyn:eff=47.1 top=0.065 nlin=104 lpb=17.39/dom=0.228 mRSg=0.619 set=38(mx101,prim1.04) con=555.0 inst=33 ldT=0.246 | asc=0.033 gumsa=0.439 tenure=6.2y levy=7941795.0 resent(mean/max)=0.0/0.0 revs=606 | 63.8m eta31m
  !! SPATIAL: PACKED AND SPARSE AT ONCE (local 0.159 > 0.091 > regional 0.0194 /km2) on 12.2% of the land -- the population is NOT food-limited, it is failing to disperse; any carrying-capacity reading of this run is void
  ~~ demography: 12/16 in band  worst: m_5_15=0.0273(2.73x), band_med_adults=14(0.50x), surv_to_45=0.32(0.74x), realised_ibi_med=31(0.90x)
[10100/15000] pop=  3075 bd=  59 bigbd=11(med119) strat=0.0% giniC=0.675 dyn:eff=47.3 top=0.064 nlin=104 lpb=17.41/dom=0.229 mRSg=0.619 set=42(mx103,prim1.01) con=473.0 inst=27 ldT=0.302 | asc=0.032 gumsa=0.475 tenure=6.2y levy=7777115.8 resent(mean/max)=0.0/0.0 revs=608 | 64.0m eta31m
  !! SPATIAL: PACKED AND SPARSE AT ONCE (local 0.148 > 0.091 > regional 0.0193 /km2) on 13.1% of the land -- the population is NOT food-limited, it is failing to disperse; any carrying-capacity reading of this run is void
  ~~ demography: 11/16 in band  worst: m_5_15=0.0273(2.73x), frac_fatherless=0.0852(1.70x), band_med_adults=12.5(0.44x), surv_to_45=0.32(0.74x)
[10125/15000] pop=  3057 bd=  60 bigbd=12(med117.0) strat=0.0% giniC=0.669 dyn:eff=47.5 top=0.062 nlin=105 lpb=16.95/dom=0.231 mRSg=0.618 set=42(mx118,prim1.09) con=466.0 inst=30 ldT=0.263 | asc=0.032 gumsa=0.45 tenure=6.2y levy=12916093.8 resent(mean/max)=0.0/0.0 revs=610 | 64.1m eta31m
  !! SPATIAL: PACKED AND SPARSE AT ONCE (local 0.155 > 0.091 > regional 0.0197 /km2) on 12.8% of the land -- the population is NOT food-limited, it is failing to disperse; any carrying-capacity reading of this run is void
  ~~ demography: 11/16 in band  worst: m_5_15=0.0273(2.73x), frac_fatherless=0.085(1.70x), band_med_adults=13(0.46x), surv_to_45=0.32(0.74x)
[10150/15000] pop=  3125 bd=  58 bigbd=13(med119) strat=0.0% giniC=0.668 dyn:eff=47.0 top=0.065 nlin=105 lpb=17.43/dom=0.231 mRSg=0.611 set=44(mx108,prim1.03) con=417.0 inst=28 ldT=0.246 | asc=0.033 gumsa=0.517 tenure=6.2y levy=7734301.1 resent(mean/max)=0.0/0.0 revs=610 | 64.3m eta31m
  !! SPATIAL: PACKED AND SPARSE AT ONCE (local 0.155 > 0.091 > regional 0.0199 /km2) on 12.8% of the land -- the population is NOT food-limited, it is failing to disperse; any carrying-capacity reading of this run is void
  ~~ demography: 12/16 in band  worst: m_5_15=0.0273(2.73x), band_med_adults=13(0.46x), surv_to_45=0.32(0.74x), realised_ibi_med=31(0.90x)
[10175/15000] pop=  3145 bd=  59 bigbd=12(med122.0) strat=0.0% giniC=0.671 dyn:eff=46.0 top=0.065 nlin=105 lpb=17.15/dom=0.237 mRSg=0.61 set=42(mx109,prim1.01) con=483.0 inst=26 ldT=0.255 | asc=0.033 gumsa=0.492 tenure=6.2y levy=10963574.1 resent(mean/max)=0.0/0.0 revs=612 | 64.4m eta31m
  !! SPATIAL: PACKED AND SPARSE AT ONCE (local 0.161 > 0.091 > regional 0.0201 /km2) on 12.5% of the land -- the population is NOT food-limited, it is failing to disperse; any carrying-capacity reading of this run is void
  ~~ demography: 12/16 in band  worst: m_5_15=0.0273(2.73x), band_med_adults=14(0.50x), surv_to_45=0.321(0.75x), realised_ibi_med=31(0.90x)
[10200/15000] pop=  3183 bd=  56 bigbd=13(med125) strat=0.0% giniC=0.673 dyn:eff=47.4 top=0.063 nlin=105 lpb=18.25/dom=0.224 mRSg=0.609 set=43(mx117,prim1.08) con=490.5 inst=25 ldT=0.245 | asc=0.032 gumsa=0.429 tenure=6.2y levy=8577366.0 resent(mean/max)=0.0/0.0 revs=614 | 64.5m eta30m
  !! SPATIAL: PACKED AND SPARSE AT ONCE (local 0.154 > 0.091 > regional 0.0200 /km2) on 13.0% of the land -- the population is NOT food-limited, it is failing to disperse; any carrying-capacity reading of this run is void
  ~~ demography: 10/16 in band  worst: m_5_15=0.0273(2.73x), frac_fatherless=0.0818(1.64x), band_med_adults=13(0.46x), frac_motherless=0.0302(1.51x)
[10225/15000] pop=  3166 bd=  58 bigbd=14(med122.0) strat=0.0% giniC=0.671 dyn:eff=48.1 top=0.062 nlin=107 lpb=18.14/dom=0.225 mRSg=0.621 set=44(mx117,prim1.16) con=466.0 inst=28 ldT=0.13 | asc=0.015 gumsa=0.241 tenure=6.2y levy=11948236.9 resent(mean/max)=0.0/0.0 revs=616 | 64.7m eta30m
  !! SPATIAL: PACKED AND SPARSE AT ONCE (local 0.164 > 0.091 > regional 0.0200 /km2) on 12.2% of the land -- the population is NOT food-limited, it is failing to disperse; any carrying-capacity reading of this run is void
  ~~ demography: 11/16 in band  worst: m_5_15=0.0273(2.73x), frac_fatherless=0.0774(1.55x), band_med_adults=14(0.50x), surv_to_45=0.32(0.74x)
[10250/15000] pop=  3168 bd=  57 bigbd=14(med126.0) strat=0.0% giniC=0.668 dyn:eff=48.1 top=0.062 nlin=106 lpb=18.39/dom=0.232 mRSg=0.623 set=41(mx108,prim1.0) con=473.5 inst=32 ldT=0.255 | asc=0.01 gumsa=0.193 tenure=6.2y levy=11421316.2 resent(mean/max)=0.0/0.0 revs=618 | 64.8m eta30m
  !! SPATIAL: PACKED AND SPARSE AT ONCE (local 0.156 > 0.091 > regional 0.0200 /km2) on 12.8% of the land -- the population is NOT food-limited, it is failing to disperse; any carrying-capacity reading of this run is void
  ~~ demography: 11/16 in band  worst: m_5_15=0.0273(2.73x), frac_fatherless=0.0804(1.61x), band_med_adults=13.5(0.48x), surv_to_45=0.32(0.74x)
[10275/15000] pop=  3170 bd=  60 bigbd=16(med109.0) strat=0.0% giniC=0.664 dyn:eff=48.1 top=0.06 nlin=106 lpb=18.02/dom=0.233 mRSg=0.628 set=45(mx103,prim1.13) con=411.0 inst=31 ldT=0.365 | asc=0.014 gumsa=0.25 tenure=6.2y levy=6080320.1 resent(mean/max)=0.0/0.0 revs=618 | 65.0m eta30m
  !! SPATIAL: PACKED AND SPARSE AT ONCE (local 0.155 > 0.091 > regional 0.0199 /km2) on 12.9% of the land -- the population is NOT food-limited, it is failing to disperse; any carrying-capacity reading of this run is void
  ~~ demography: 12/16 in band  worst: m_5_15=0.0273(2.73x), band_med_adults=14(0.50x), surv_to_45=0.32(0.74x), realised_ibi_med=31(0.90x)
[10300/15000] pop=  3159 bd=  58 bigbd=15(med108) strat=0.0% giniC=0.669 dyn:eff=47.7 top=0.06 nlin=106 lpb=18.02/dom=0.24 mRSg=0.626 set=42(mx113,prim1.2) con=426.0 inst=35 ldT=0.167 | asc=0.02 gumsa=0.362 tenure=6.2y levy=7902574.8 resent(mean/max)=0.0/0.0 revs=619 | 65.1m eta30m
  !! SPATIAL: PACKED AND SPARSE AT ONCE (local 0.150 > 0.091 > regional 0.0199 /km2) on 13.3% of the land -- the population is NOT food-limited, it is failing to disperse; any carrying-capacity reading of this run is void
  ~~ demography: 12/16 in band  worst: m_5_15=0.0273(2.73x), band_med_adults=12.5(0.44x), surv_to_45=0.32(0.74x), realised_ibi_med=31(0.90x)
[10325/15000] pop=  3149 bd=  60 bigbd=15(med114) strat=0.0% giniC=0.671 dyn:eff=48.3 top=0.059 nlin=106 lpb=17.2/dom=0.249 mRSg=0.622 set=43(mx133,prim1.28) con=362.0 inst=24 ldT=0.351 | asc=0.013 gumsa=0.233 tenure=6.2y levy=11773182.6 resent(mean/max)=0.0/0.0 revs=622 | 65.3m eta30m
  !! SPATIAL: PACKED AND SPARSE AT ONCE (local 0.153 > 0.091 > regional 0.0197 /km2) on 12.9% of the land -- the population is NOT food-limited, it is failing to disperse; any carrying-capacity reading of this run is void
  ~~ demography: 12/16 in band  worst: m_5_15=0.0274(2.74x), band_med_adults=12(0.43x), surv_to_45=0.32(0.74x), realised_ibi_med=31(0.90x)
[10350/15000] pop=  3128 bd=  60 bigbd=15(med114) strat=0.0% giniC=0.672 dyn:eff=49.0 top=0.058 nlin=107 lpb=17.28/dom=0.256 mRSg=0.617 set=42(mx106,prim1.38) con=349.0 inst=22 ldT=0.368 | asc=0.006 gumsa=0.167 tenure=6.2y levy=7439188.9 resent(mean/max)=0.0/0.0 revs=624 | 65.4m eta29m
  !! SPATIAL: PACKED AND SPARSE AT ONCE (local 0.154 > 0.091 > regional 0.0201 /km2) on 13.0% of the land -- the population is NOT food-limited, it is failing to disperse; any carrying-capacity reading of this run is void
  ~~ demography: 12/16 in band  worst: m_5_15=0.0273(2.73x), band_med_adults=15(0.53x), surv_to_45=0.32(0.74x), realised_ibi_med=31(0.90x)
[10375/15000] pop=  3176 bd=  60 bigbd=14(med124.5) strat=0.0% giniC=0.669 dyn:eff=49.0 top=0.058 nlin=107 lpb=17.2/dom=0.25 mRSg=0.609 set=39(mx104,prim1.17) con=407.0 inst=20 ldT=0.203 | asc=0.012 gumsa=0.25 tenure=6.2y levy=8463287.5 resent(mean/max)=0.0/0.0 revs=626 | 65.5m eta29m
  !! SPATIAL: PACKED AND SPARSE AT ONCE (local 0.153 > 0.091 > regional 0.0204 /km2) on 13.4% of the land -- the population is NOT food-limited, it is failing to disperse; any carrying-capacity reading of this run is void
  ~~ demography: 12/16 in band  worst: m_5_15=0.0273(2.73x), band_med_adults=13(0.46x), surv_to_45=0.32(0.74x), realised_ibi_med=31(0.90x)
[10400/15000] pop=  3237 bd=  60 bigbd=14(med128.5) strat=0.0% giniC=0.671 dyn:eff=48.5 top=0.058 nlin=105 lpb=17.05/dom=0.244 mRSg=0.595 set=45(mx114,prim1.09) con=367.0 inst=29 ldT=0.175 | asc=0.015 gumsa=0.2 tenure=6.2y levy=9142385.4 resent(mean/max)=0.0/0.0 revs=626 | 65.7m eta29m
  !! SPATIAL: PACKED AND SPARSE AT ONCE (local 0.155 > 0.091 > regional 0.0202 /km2) on 13.1% of the land -- the population is NOT food-limited, it is failing to disperse; any carrying-capacity reading of this run is void
  ~~ demography: 12/16 in band  worst: m_5_15=0.0273(2.73x), band_med_adults=12.5(0.44x), surv_to_45=0.32(0.74x), realised_ibi_med=31(0.90x)
[10425/15000] pop=  3207 bd=  60 bigbd=14(med136.5) strat=0.0% giniC=0.67 dyn:eff=48.6 top=0.06 nlin=106 lpb=16.7/dom=0.242 mRSg=0.589 set=44(mx113,prim1.03) con=464.0 inst=25 ldT=0.224 | asc=0.015 gumsa=0.3 tenure=6.2y levy=9618110.8 resent(mean/max)=0.0/0.0 revs=628 | 65.8m eta29m
  !! SPATIAL: PACKED AND SPARSE AT ONCE (local 0.156 > 0.091 > regional 0.0205 /km2) on 13.1% of the land -- the population is NOT food-limited, it is failing to disperse; any carrying-capacity reading of this run is void
  ~~ demography: 12/16 in band  worst: m_5_15=0.0273(2.73x), band_med_adults=15(0.53x), surv_to_45=0.32(0.74x), realised_ibi_med=31(0.90x)
[10450/15000] pop=  3248 bd=  57 bigbd=14(med149.5) strat=0.0% giniC=0.671 dyn:eff=48.7 top=0.059 nlin=106 lpb=17.19/dom=0.251 mRSg=0.588 set=39(mx100,prim1.06) con=327.0 inst=37 ldT=0.246 | asc=0.01 gumsa=0.263 tenure=6.2y levy=9077214.9 resent(mean/max)=0.0/0.0 revs=632 | 65.9m eta29m
  !! SPATIAL: PACKED AND SPARSE AT ONCE (local 0.148 > 0.091 > regional 0.0202 /km2) on 13.7% of the land -- the population is NOT food-limited, it is failing to disperse; any carrying-capacity reading of this run is void
  ~~ demography: 12/16 in band  worst: m_5_15=0.0273(2.73x), band_med_adults=14(0.50x), surv_to_45=0.32(0.74x), realised_ibi_med=31(0.90x)
[10475/15000] pop=  3202 bd=  58 bigbd=13(med131) strat=0.0% giniC=0.682 dyn:eff=48.6 top=0.058 nlin=106 lpb=17.07/dom=0.245 mRSg=0.585 set=43(mx116,prim1.18) con=329.5 inst=25 ldT=0.32 | asc=0.009 gumsa=0.224 tenure=6.2y levy=9823410.9 resent(mean/max)=0.0/0.0 revs=634 | 66.1m eta29m
  !! SPATIAL: PACKED AND SPARSE AT ONCE (local 0.154 > 0.091 > regional 0.0203 /km2) on 13.1% of the land -- the population is NOT food-limited, it is failing to disperse; any carrying-capacity reading of this run is void
  ~~ demography: 12/16 in band  worst: m_5_15=0.0273(2.73x), band_med_adults=13(0.46x), surv_to_45=0.32(0.74x), realised_ibi_med=31(0.90x)
[10500/15000] pop=  3209 bd=  55 bigbd=13(med137) strat=0.0% giniC=0.683 dyn:eff=48.6 top=0.058 nlin=107 lpb=17.6/dom=0.243 mRSg=0.58 set=41(mx101,prim1.02) con=323.0 inst=23 ldT=0.283 | asc=0.012 gumsa=0.255 tenure=6.2y levy=15107280.3 resent(mean/max)=0.0/0.0 revs=634 | 66.2m eta28m
  !! SPATIAL: PACKED AND SPARSE AT ONCE (local 0.163 > 0.091 > regional 0.0205 /km2) on 12.6% of the land -- the population is NOT food-limited, it is failing to disperse; any carrying-capacity reading of this run is void
  ~~ demography: 12/16 in band  worst: m_5_15=0.0273(2.73x), band_med_adults=15(0.53x), surv_to_45=0.32(0.74x), realised_ibi_med=31(0.90x)
[10525/15000] pop=  3246 bd=  53 bigbd=13(med140) strat=0.0% giniC=0.684 dyn:eff=48.7 top=0.056 nlin=108 lpb=18.06/dom=0.253 mRSg=0.59 set=41(mx118,prim1.16) con=359.0 inst=31 ldT=0.245 | asc=0.012 gumsa=0.245 tenure=6.2y levy=9853878.7 resent(mean/max)=0.0/0.0 revs=634 | 66.3m eta28m
  !! SPATIAL: PACKED AND SPARSE AT ONCE (local 0.160 > 0.091 > regional 0.0205 /km2) on 12.8% of the land -- the population is NOT food-limited, it is failing to disperse; any carrying-capacity reading of this run is void
  ~~ demography: 12/16 in band  worst: m_5_15=0.0273(2.73x), band_med_adults=14(0.50x), surv_to_45=0.32(0.74x), realised_ibi_med=31(0.90x)
[10550/15000] pop=  3246 bd=  56 bigbd=14(med135.0) strat=0.0% giniC=0.692 dyn:eff=49.0 top=0.057 nlin=108 lpb=17.7/dom=0.243 mRSg=0.586 set=44(mx106,prim1.05) con=374.0 inst=20 ldT=0.265 | asc=0.009 gumsa=0.179 tenure=6.2y levy=9379097.0 resent(mean/max)=0.0/0.0 revs=636 | 66.5m eta28m
  !! SPATIAL: PACKED AND SPARSE AT ONCE (local 0.151 > 0.091 > regional 0.0203 /km2) on 13.4% of the land -- the population is NOT food-limited, it is failing to disperse; any carrying-capacity reading of this run is void
  ~~ demography: 12/16 in band  worst: m_5_15=0.0273(2.73x), band_med_adults=13(0.46x), surv_to_45=0.32(0.74x), realised_ibi_med=31(0.90x)
[10575/15000] pop=  3215 bd=  57 bigbd=14(med134.0) strat=0.0% giniC=0.694 dyn:eff=49.1 top=0.056 nlin=108 lpb=16.98/dom=0.239 mRSg=0.589 set=44(mx109,prim1.02) con=366.0 inst=25 ldT=0.218 | asc=0.018 gumsa=0.333 tenure=6.2y levy=8556409.9 resent(mean/max)=0.0/0.0 revs=637 | 66.6m eta28m
  !! SPATIAL: PACKED AND SPARSE AT ONCE (local 0.162 > 0.091 > regional 0.0201 /km2) on 12.4% of the land -- the population is NOT food-limited, it is failing to disperse; any carrying-capacity reading of this run is void
  ~~ demography: 12/16 in band  worst: m_5_15=0.0273(2.73x), band_med_adults=12(0.43x), surv_to_45=0.32(0.74x), realised_ibi_med=31(0.90x)
[10600/15000] pop=  3183 bd=  59 bigbd=14(med127.5) strat=0.0% giniC=0.7 dyn:eff=48.6 top=0.057 nlin=108 lpb=16.22/dom=0.255 mRSg=0.589 set=43(mx134,prim1.56) con=465.5 inst=24 ldT=0.111 | asc=0.02 gumsa=0.339 tenure=6.2y levy=8182777.4 resent(mean/max)=0.0/0.0 revs=638 | 66.8m eta28m
  !! SPATIAL: PACKED AND SPARSE AT ONCE (local 0.177 > 0.091 > regional 0.0205 /km2) on 11.6% of the land -- the population is NOT food-limited, it is failing to disperse; any carrying-capacity reading of this run is void
  ~~ demography: 12/16 in band  worst: m_5_15=0.0273(2.73x), band_med_adults=13(0.46x), surv_to_45=0.32(0.74x), realised_ibi_med=31(0.90x)
[10625/15000] pop=  3240 bd=  56 bigbd=14(med134.0) strat=0.0% giniC=0.698 dyn:eff=48.7 top=0.056 nlin=109 lpb=16.95/dom=0.253 mRSg=0.587 set=44(mx118,prim1.26) con=446.0 inst=23 ldT=0.196 | asc=0.016 gumsa=0.321 tenure=6.2y levy=7708925.9 resent(mean/max)=0.0/0.0 revs=639 | 66.9m eta28m
  !! SPATIAL: PACKED AND SPARSE AT ONCE (local 0.151 > 0.091 > regional 0.0202 /km2) on 13.4% of the land -- the population is NOT food-limited, it is failing to disperse; any carrying-capacity reading of this run is void
  ~~ demography: 12/16 in band  worst: m_5_15=0.0273(2.73x), band_med_adults=13(0.46x), surv_to_45=0.319(0.74x), realised_ibi_med=31(0.90x)
[10650/15000] pop=  3205 bd=  56 bigbd=14(med128.0) strat=0.0% giniC=0.706 dyn:eff=49.0 top=0.057 nlin=110 lpb=16.88/dom=0.258 mRSg=0.583 set=45(mx132,prim1.28) con=529.0 inst=35 ldT=0.365 | asc=0.015 gumsa=0.321 tenure=6.2y levy=9057794.3 resent(mean/max)=0.0/0.0 revs=641 | 67.1m eta27m
  !! SPATIAL: PACKED AND SPARSE AT ONCE (local 0.155 > 0.091 > regional 0.0206 /km2) on 13.3% of the land -- the population is NOT food-limited, it is failing to disperse; any carrying-capacity reading of this run is void
  ~~ demography: 12/16 in band  worst: m_5_15=0.0273(2.73x), band_med_adults=14.5(0.51x), surv_to_45=0.319(0.74x), realised_ibi_med=31(0.90x)
[10675/15000] pop=  3267 bd=  54 bigbd=15(med127) strat=0.0% giniC=0.695 dyn:eff=49.4 top=0.056 nlin=109 lpb=17.24/dom=0.256 mRSg=0.585 set=45(mx106,prim1.02) con=520.0 inst=24 ldT=0.222 | asc=0.011 gumsa=0.296 tenure=6.2y levy=7229941.0 resent(mean/max)=0.0/0.0 revs=643 | 67.2m eta27m
  !! SPATIAL: PACKED AND SPARSE AT ONCE (local 0.157 > 0.091 > regional 0.0203 /km2) on 12.9% of the land -- the population is NOT food-limited, it is failing to disperse; any carrying-capacity reading of this run is void
  ~~ demography: 11/16 in band  worst: m_5_15=0.0273(2.73x), frac_fatherless=0.0864(1.73x), band_med_adults=12(0.43x), surv_to_45=0.319(0.74x)
[10700/15000] pop=  3210 bd=  53 bigbd=15(med132) strat=0.0% giniC=0.698 dyn:eff=49.4 top=0.053 nlin=110 lpb=17.26/dom=0.266 mRSg=0.585 set=41(mx114,prim1.11) con=498.0 inst=38 ldT=0.308 | asc=0.015 gumsa=0.358 tenure=6.2y levy=8570126.8 resent(mean/max)=0.0/0.0 revs=643 | 67.4m eta27m
  !! SPATIAL: PACKED AND SPARSE AT ONCE (local 0.156 > 0.091 > regional 0.0205 /km2) on 13.2% of the land -- the population is NOT food-limited, it is failing to disperse; any carrying-capacity reading of this run is void
  ~~ demography: 11/16 in band  worst: m_5_15=0.0274(2.74x), frac_fatherless=0.0869(1.74x), band_med_adults=11.5(0.41x), surv_to_45=0.319(0.74x)
[10725/15000] pop=  3252 bd=  56 bigbd=14(med132.0) strat=0.0% giniC=0.697 dyn:eff=49.9 top=0.052 nlin=110 lpb=16.89/dom=0.267 mRSg=0.583 set=43(mx106,prim1.07) con=418.0 inst=27 ldT=0.269 | asc=0.017 gumsa=0.321 tenure=6.2y levy=10886321.3 resent(mean/max)=0.0/0.0 revs=645 | 67.5m eta27m
  !! SPATIAL: PACKED AND SPARSE AT ONCE (local 0.157 > 0.091 > regional 0.0207 /km2) on 13.2% of the land -- the population is NOT food-limited, it is failing to disperse; any carrying-capacity reading of this run is void
  ~~ demography: 11/16 in band  worst: m_5_15=0.0273(2.73x), frac_fatherless=0.0795(1.59x), band_med_adults=12(0.43x), surv_to_45=0.319(0.74x)
[10750/15000] pop=  3273 bd=  58 bigbd=14(med137.0) strat=0.0% giniC=0.696 dyn:eff=50.8 top=0.048 nlin=112 lpb=16.6/dom=0.254 mRSg=0.585 set=44(mx111,prim1.07) con=474.0 inst=24 ldT=0.377 | asc=0.02 gumsa=0.31 tenure=6.2y levy=9013410.5 resent(mean/max)=0.0/0.0 revs=646 | 67.7m eta27m
  !! SPATIAL: PACKED AND SPARSE AT ONCE (local 0.145 > 0.091 > regional 0.0201 /km2) on 13.8% of the land -- the population is NOT food-limited, it is failing to disperse; any carrying-capacity reading of this run is void
  ~~ demography: 12/16 in band  worst: m_5_15=0.0274(2.74x), band_med_adults=12(0.43x), surv_to_45=0.319(0.74x), realised_ibi_med=31(0.90x)
[10775/15000] pop=  3184 bd=  58 bigbd=13(med142) strat=0.0% giniC=0.706 dyn:eff=50.9 top=0.049 nlin=111 lpb=16.36/dom=0.258 mRSg=0.588 set=41(mx93,prim1.06) con=519.0 inst=25 ldT=0.204 | asc=0.013 gumsa=0.19 tenure=6.2y levy=11451914.6 resent(mean/max)=0.0/0.0 revs=650 | 67.8m eta27m
  !! SPATIAL: PACKED AND SPARSE AT ONCE (local 0.157 > 0.091 > regional 0.0202 /km2) on 12.9% of the land -- the population is NOT food-limited, it is failing to disperse; any carrying-capacity reading of this run is void
  ~~ demography: 11/16 in band  worst: m_5_15=0.0274(2.74x), band_med_adults=10.5(0.37x), frac_fatherless=0.0765(1.53x), surv_to_45=0.319(0.74x)
[10800/15000] pop=  3197 bd=  60 bigbd=14(med136.5) strat=0.0% giniC=0.712 dyn:eff=52.2 top=0.046 nlin=112 lpb=16.25/dom=0.24 mRSg=0.587 set=43(mx127,prim1.08) con=481.0 inst=31 ldT=0.375 | asc=0.015 gumsa=0.2 tenure=6.2y levy=9519302.1 resent(mean/max)=0.0/0.0 revs=651 | 68.0m eta26m
  !! SPATIAL: PACKED AND SPARSE AT ONCE (local 0.157 > 0.091 > regional 0.0201 /km2) on 12.8% of the land -- the population is NOT food-limited, it is failing to disperse; any carrying-capacity reading of this run is void
  ~~ demography: 10/16 in band  worst: m_5_15=0.0274(2.74x), frac_motherless=0.0342(1.71x), frac_fatherless=0.0811(1.62x), band_med_adults=12(0.43x)
[10825/15000] pop=  3183 bd=  57 bigbd=13(med143) strat=0.0% giniC=0.708 dyn:eff=53.2 top=0.045 nlin=113 lpb=16.98/dom=0.241 mRSg=0.591 set=40(mx110,prim1.1) con=486.0 inst=19 ldT=0.273 | asc=0.018 gumsa=0.246 tenure=6.2y levy=11368570.5 resent(mean/max)=0.0/0.0 revs=652 | 68.1m eta26m
  !! SPATIAL: PACKED AND SPARSE AT ONCE (local 0.162 > 0.091 > regional 0.0203 /km2) on 12.5% of the land -- the population is NOT food-limited, it is failing to disperse; any carrying-capacity reading of this run is void
  ~~ demography: 11/16 in band  worst: m_5_15=0.0274(2.74x), frac_fatherless=0.0832(1.66x), band_med_adults=12.5(0.44x), surv_to_45=0.319(0.74x)
[10850/15000] pop=  3216 bd=  56 bigbd=13(med144) strat=0.0% giniC=0.707 dyn:eff=53.5 top=0.044 nlin=114 lpb=17.23/dom=0.253 mRSg=0.594 set=39(mx111,prim1.02) con=476.0 inst=31 ldT=0.189 | asc=0.015 gumsa=0.161 tenure=6.2y levy=9629180.7 resent(mean/max)=0.0/0.0 revs=655 | 68.2m eta26m
  !! SPATIAL: PACKED AND SPARSE AT ONCE (local 0.161 > 0.091 > regional 0.0206 /km2) on 12.8% of the land -- the population is NOT food-limited, it is failing to disperse; any carrying-capacity reading of this run is void
  ~~ demography: 12/16 in band  worst: m_5_15=0.0274(2.74x), band_med_adults=13(0.46x), surv_to_45=0.319(0.74x), realised_ibi_med=31(0.90x)
[10875/15000] pop=  3261 bd=  56 bigbd=14(med139.0) strat=0.0% giniC=0.709 dyn:eff=53.9 top=0.045 nlin=115 lpb=17.27/dom=0.241 mRSg=0.599 set=38(mx107,prim1.04) con=415.0 inst=22 ldT=0.167 | asc=0.011 gumsa=0.107 tenure=6.2y levy=7940083.8 resent(mean/max)=0.0/0.0 revs=659 | 68.3m eta26m
  !! SPATIAL: PACKED AND SPARSE AT ONCE (local 0.159 > 0.091 > regional 0.0200 /km2) on 12.6% of the land -- the population is NOT food-limited, it is failing to disperse; any carrying-capacity reading of this run is void
  ~~ demography: 11/16 in band  worst: m_5_15=0.0274(2.74x), frac_fatherless=0.0927(1.85x), band_med_adults=15(0.53x), surv_to_45=0.319(0.74x)
[10900/15000] pop=  3175 bd=  54 bigbd=13(med135) strat=0.0% giniC=0.714 dyn:eff=54.6 top=0.042 nlin=114 lpb=17.89/dom=0.225 mRSg=0.614 set=41(mx110,prim1.12) con=453.0 inst=20 ldT=0.367 | asc=0.013 gumsa=0.093 tenure=6.2y levy=11897170.0 resent(mean/max)=0.0/0.0 revs=660 | 68.4m eta26m
  !! SPATIAL: PACKED AND SPARSE AT ONCE (local 0.151 > 0.091 > regional 0.0195 /km2) on 12.9% of the land -- the population is NOT food-limited, it is failing to disperse; any carrying-capacity reading of this run is void
  ~~ demography: 11/16 in band  worst: m_5_15=0.0275(2.75x), frac_fatherless=0.099(1.98x), band_med_adults=14(0.50x), surv_to_45=0.318(0.74x)
[10925/15000] pop=  3083 bd=  57 bigbd=13(med127) strat=0.0% giniC=0.716 dyn:eff=53.8 top=0.043 nlin=115 lpb=16.77/dom=0.238 mRSg=0.609 set=39(mx108,prim1.16) con=500.5 inst=30 ldT=0.314 | asc=0.016 gumsa=0.193 tenure=6.2y levy=6714259.1 resent(mean/max)=0.0/0.0 revs=661 | 68.5m eta26m
  !! SPATIAL: PACKED AND SPARSE AT ONCE (local 0.146 > 0.091 > regional 0.0194 /km2) on 13.3% of the land -- the population is NOT food-limited, it is failing to disperse; any carrying-capacity reading of this run is void
  ~~ demography: 10/16 in band  worst: m_5_15=0.0275(2.75x), frac_fatherless=0.103(2.07x), frac_motherless=0.0098(0.49x), band_med_adults=15(0.53x)
[10950/15000] pop=  3080 bd=  51 bigbd=13(med128) strat=0.0% giniC=0.716 dyn:eff=53.7 top=0.043 nlin=115 lpb=18.37/dom=0.226 mRSg=0.604 set=41(mx106,prim1.04) con=536.0 inst=35 ldT=0.32 | asc=0.016 gumsa=0.216 tenure=6.2y levy=8605250.6 resent(mean/max)=0.0/0.0 revs=663 | 68.6m eta25m
  !! SPATIAL: PACKED AND SPARSE AT ONCE (local 0.163 > 0.091 > regional 0.0197 /km2) on 12.1% of the land -- the population is NOT food-limited, it is failing to disperse; any carrying-capacity reading of this run is void
  ~~ demography: 11/16 in band  worst: m_5_15=0.0274(2.74x), frac_fatherless=0.0769(1.54x), band_med_adults=15(0.53x), surv_to_45=0.318(0.74x)
[10975/15000] pop=  3126 bd=  52 bigbd=12(med130.0) strat=0.0% giniC=0.711 dyn:eff=55.4 top=0.043 nlin=116 lpb=18.35/dom=0.227 mRSg=0.6 set=41(mx100,prim1.09) con=654.0 inst=21 ldT=0.28 | asc=0.018 gumsa=0.212 tenure=6.2y levy=7673483.8 resent(mean/max)=0.0/0.0 revs=664 | 68.8m eta25m
  !! SPATIAL: PACKED AND SPARSE AT ONCE (local 0.162 > 0.091 > regional 0.0201 /km2) on 12.4% of the land -- the population is NOT food-limited, it is failing to disperse; any carrying-capacity reading of this run is void
  ~~ demography: 11/16 in band  worst: m_5_15=0.0274(2.74x), frac_motherless=0.0052(0.26x), band_med_adults=14(0.50x), surv_to_45=0.319(0.74x)
[11000/15000] pop=  3180 bd=  56 bigbd=12(med135.5) strat=0.0% giniC=0.711 dyn:eff=56.5 top=0.042 nlin=117 lpb=17.57/dom=0.242 mRSg=0.605 set=37(mx116,prim1.01) con=624.5 inst=24 ldT=0.346 | asc=0.019 gumsa=0.25 tenure=6.2y levy=9456866.2 resent(mean/max)=0.0/0.0 revs=665 | 68.9m eta25m
  !! SPATIAL: PACKED AND SPARSE AT ONCE (local 0.156 > 0.091 > regional 0.0203 /km2) on 13.0% of the land -- the population is NOT food-limited, it is failing to disperse; any carrying-capacity reading of this run is void
  ~~ demography: 11/16 in band  worst: m_5_15=0.0274(2.74x), frac_motherless=0.0078(0.39x), band_med_adults=13.5(0.48x), surv_to_45=0.319(0.74x)
[11025/15000] pop=  3213 bd=  54 bigbd=12(med136.5) strat=0.0% giniC=0.708 dyn:eff=56.7 top=0.041 nlin=117 lpb=17.74/dom=0.245 mRSg=0.607 set=40(mx111,prim1.12) con=481.5 inst=30 ldT=0.333 | asc=0.021 gumsa=0.278 tenure=6.2y levy=10360439.0 resent(mean/max)=0.0/0.0 revs=667 | 69.0m eta25m
  !! SPATIAL: PACKED AND SPARSE AT ONCE (local 0.160 > 0.091 > regional 0.0208 /km2) on 13.0% of the land -- the population is NOT food-limited, it is failing to disperse; any carrying-capacity reading of this run is void
  ~~ demography: 12/16 in band  worst: m_5_15=0.0274(2.74x), band_med_adults=15(0.53x), surv_to_45=0.319(0.74x), realised_ibi_med=31(0.90x)
[11050/15000] pop=  3297 bd=  54 bigbd=12(med145.0) strat=0.0% giniC=0.706 dyn:eff=56.6 top=0.041 nlin=117 lpb=17.61/dom=0.259 mRSg=0.608 set=42(mx126,prim1.27) con=472.5 inst=35 ldT=0.115 | asc=0.012 gumsa=0.204 tenure=6.2y levy=9218329.6 resent(mean/max)=0.0/0.0 revs=671 | 69.1m eta25m
  !! SPATIAL: PACKED AND SPARSE AT ONCE (local 0.146 > 0.091 > regional 0.0207 /km2) on 14.1% of the land -- the population is NOT food-limited, it is failing to disperse; any carrying-capacity reading of this run is void
  ~~ demography: 12/16 in band  worst: m_5_15=0.0274(2.74x), band_med_adults=14(0.50x), surv_to_45=0.319(0.74x), realised_ibi_med=31(0.90x)
[11075/15000] pop=  3272 bd=  54 bigbd=12(med152.0) strat=0.0% giniC=0.702 dyn:eff=56.6 top=0.041 nlin=117 lpb=17.19/dom=0.259 mRSg=0.608 set=42(mx109,prim1.09) con=490.0 inst=23 ldT=0.226 | asc=0.013 gumsa=0.204 tenure=6.2y levy=9781377.2 resent(mean/max)=0.0/0.0 revs=672 | 69.2m eta25m
  !! SPATIAL: PACKED AND SPARSE AT ONCE (local 0.150 > 0.091 > regional 0.0202 /km2) on 13.4% of the land -- the population is NOT food-limited, it is failing to disperse; any carrying-capacity reading of this run is void
  ~~ demography: 12/16 in band  worst: m_5_15=0.0274(2.74x), band_med_adults=12(0.43x), surv_to_45=0.319(0.74x), realised_ibi_med=31(0.90x)
[11100/15000] pop=  3201 bd=  57 bigbd=13(med135) strat=0.0% giniC=0.708 dyn:eff=57.0 top=0.042 nlin=116 lpb=17.4/dom=0.241 mRSg=0.61 set=42(mx114,prim1.13) con=478.0 inst=23 ldT=0.271 | asc=0.013 gumsa=0.123 tenure=6.2y levy=10386100.4 resent(mean/max)=0.0/0.0 revs=674 | 69.3m eta24m
  !! SPATIAL: PACKED AND SPARSE AT ONCE (local 0.160 > 0.091 > regional 0.0205 /km2) on 12.8% of the land -- the population is NOT food-limited, it is failing to disperse; any carrying-capacity reading of this run is void
  ~~ demography: 12/16 in band  worst: m_5_15=0.0274(2.74x), band_med_adults=12(0.43x), surv_to_45=0.319(0.74x), realised_ibi_med=31(0.90x)
[11125/15000] pop=  3240 bd=  55 bigbd=13(med145) strat=0.0% giniC=0.704 dyn:eff=56.7 top=0.042 nlin=116 lpb=17.51/dom=0.25 mRSg=0.606 set=40(mx124,prim1.01) con=513.5 inst=20 ldT=0.291 | asc=0.012 gumsa=0.182 tenure=6.2y levy=13106204.9 resent(mean/max)=0.0/0.0 revs=676 | 69.4m eta24m
  !! SPATIAL: PACKED AND SPARSE AT ONCE (local 0.148 > 0.091 > regional 0.0208 /km2) on 14.0% of the land -- the population is NOT food-limited, it is failing to disperse; any carrying-capacity reading of this run is void
  ~~ demography: 12/16 in band  worst: m_5_15=0.0274(2.74x), band_med_adults=12(0.43x), surv_to_45=0.319(0.74x), realised_ibi_med=31(0.90x)
[11150/15000] pop=  3294 bd=  53 bigbd=13(med147) strat=0.0% giniC=0.706 dyn:eff=57.3 top=0.043 nlin=115 lpb=18.06/dom=0.243 mRSg=0.601 set=44(mx116,prim1.05) con=471.0 inst=29 ldT=0.154 | asc=0.018 gumsa=0.283 tenure=6.2y levy=9760639.2 resent(mean/max)=0.0/0.0 revs=676 | 69.5m eta24m
  !! SPATIAL: PACKED AND SPARSE AT ONCE (local 0.159 > 0.091 > regional 0.0209 /km2) on 13.1% of the land -- the population is NOT food-limited, it is failing to disperse; any carrying-capacity reading of this run is void
  ~~ demography: 12/16 in band  worst: m_5_15=0.0274(2.74x), band_med_adults=13(0.46x), surv_to_45=0.319(0.74x), realised_ibi_med=31(0.90x)
[11175/15000] pop=  3316 bd=  54 bigbd=14(med147.5) strat=0.0% giniC=0.703 dyn:eff=56.1 top=0.046 nlin=115 lpb=18.07/dom=0.246 mRSg=0.6 set=42(mx92,prim1.01) con=533.0 inst=22 ldT=0.327 | asc=0.02 gumsa=0.333 tenure=6.2y levy=10219682.5 resent(mean/max)=0.0/0.0 revs=678 | 69.6m eta24m
  !! SPATIAL: PACKED AND SPARSE AT ONCE (local 0.149 > 0.091 > regional 0.0213 /km2) on 14.3% of the land -- the population is NOT food-limited, it is failing to disperse; any carrying-capacity reading of this run is void
  ~~ demography: 12/16 in band  worst: m_5_15=0.0274(2.74x), band_med_adults=13(0.46x), surv_to_45=0.319(0.74x), realised_ibi_med=31(0.90x)
[11200/15000] pop=  3369 bd=  54 bigbd=13(med153) strat=0.0% giniC=0.698 dyn:eff=56.2 top=0.046 nlin=115 lpb=18.15/dom=0.254 mRSg=0.601 set=39(mx106,prim1.0) con=528.0 inst=27 ldT=0.288 | asc=0.017 gumsa=0.259 tenure=6.2y levy=9096768.6 resent(mean/max)=0.0/0.0 revs=686 | 69.8m eta24m
  !! SPATIAL: PACKED AND SPARSE AT ONCE (local 0.154 > 0.091 > regional 0.0208 /km2) on 13.5% of the land -- the population is NOT food-limited, it is failing to disperse; any carrying-capacity reading of this run is void
  ~~ demography: 12/16 in band  worst: m_5_15=0.0274(2.74x), band_med_adults=11(0.39x), surv_to_45=0.319(0.74x), realised_ibi_med=31(0.90x)
[11225/15000] pop=  3302 bd=  55 bigbd=14(med143.0) strat=0.0% giniC=0.701 dyn:eff=57.6 top=0.041 nlin=115 lpb=17.85/dom=0.248 mRSg=0.605 set=42(mx123,prim1.19) con=497.5 inst=24 ldT=0.417 | asc=0.013 gumsa=0.164 tenure=6.2y levy=12200179.9 resent(mean/max)=0.0/0.0 revs=687 | 69.9m eta23m
  !! SPATIAL: PACKED AND SPARSE AT ONCE (local 0.160 > 0.091 > regional 0.0207 /km2) on 12.9% of the land -- the population is NOT food-limited, it is failing to disperse; any carrying-capacity reading of this run is void
  ~~ demography: 11/16 in band  worst: m_5_15=0.0274(2.74x), band_med_adults=12.5(0.44x), frac_motherless=0.0091(0.46x), surv_to_45=0.319(0.74x)
[11250/15000] pop=  3282 bd=  54 bigbd=13(med154) strat=0.0% giniC=0.702 dyn:eff=58.1 top=0.04 nlin=114 lpb=18.44/dom=0.239 mRSg=0.598 set=42(mx100,prim1.02) con=549.0 inst=29 ldT=0.265 | asc=0.012 gumsa=0.167 tenure=6.2y levy=7631758.3 resent(mean/max)=0.0/0.0 revs=688 | 70.0m eta23m
  !! SPATIAL: PACKED AND SPARSE AT ONCE (local 0.159 > 0.091 > regional 0.0202 /km2) on 12.8% of the land -- the population is NOT food-limited, it is failing to disperse; any carrying-capacity reading of this run is void
  ~~ demography: 11/16 in band  worst: m_5_15=0.0275(2.75x), frac_fatherless=0.0925(1.85x), band_med_adults=11.5(0.41x), surv_to_45=0.318(0.74x)
[11275/15000] pop=  3202 bd=  54 bigbd=13(med127) strat=0.0% giniC=0.704 dyn:eff=58.6 top=0.041 nlin=114 lpb=18.31/dom=0.251 mRSg=0.596 set=45(mx125,prim1.18) con=574.5 inst=26 ldT=0.347 | asc=0.012 gumsa=0.111 tenure=6.2y levy=8592551.2 resent(mean/max)=0.0/0.0 revs=690 | 70.1m eta23m
  !! SPATIAL: PACKED AND SPARSE AT ONCE (local 0.147 > 0.091 > regional 0.0199 /km2) on 13.6% of the land -- the population is NOT food-limited, it is failing to disperse; any carrying-capacity reading of this run is void
  ~~ demography: 11/16 in band  worst: m_5_15=0.0275(2.75x), frac_fatherless=0.086(1.72x), band_med_adults=12(0.43x), surv_to_45=0.318(0.74x)
[11300/15000] pop=  3152 bd=  53 bigbd=13(med124) strat=0.0% giniC=0.708 dyn:eff=58.2 top=0.041 nlin=114 lpb=18.81/dom=0.235 mRSg=0.602 set=48(mx127,prim1.27) con=569.0 inst=26 ldT=0.36 | asc=0.01 gumsa=0.075 tenure=6.2y levy=9255148.1 resent(mean/max)=0.0/0.0 revs=695 | 70.2m eta23m
  !! SPATIAL: PACKED AND SPARSE AT ONCE (local 0.153 > 0.091 > regional 0.0201 /km2) on 13.1% of the land -- the population is NOT food-limited, it is failing to disperse; any carrying-capacity reading of this run is void
  ~~ demography: 12/16 in band  worst: m_5_15=0.0274(2.74x), band_med_adults=13(0.46x), surv_to_45=0.318(0.74x), realised_ibi_med=31(0.90x)
[11325/15000] pop=  3189 bd=  52 bigbd=13(med131) strat=0.0% giniC=0.705 dyn:eff=57.9 top=0.04 nlin=114 lpb=18.65/dom=0.248 mRSg=0.603 set=42(mx131,prim1.31) con=514.0 inst=25 ldT=0.196 | asc=0.012 gumsa=0.173 tenure=6.2y levy=10157269.6 resent(mean/max)=0.0/0.0 revs=696 | 70.3m eta23m
  !! SPATIAL: PACKED AND SPARSE AT ONCE (local 0.151 > 0.091 > regional 0.0200 /km2) on 13.3% of the land -- the population is NOT food-limited, it is failing to disperse; any carrying-capacity reading of this run is void
  ~~ demography: 12/16 in band  worst: m_5_15=0.0274(2.74x), band_med_adults=12(0.43x), surv_to_45=0.318(0.74x), realised_ibi_med=31(0.90x)
[11350/15000] pop=  3169 bd=  52 bigbd=14(med129.0) strat=0.0% giniC=0.706 dyn:eff=57.8 top=0.039 nlin=115 lpb=18.21/dom=0.26 mRSg=0.608 set=42(mx141,prim1.17) con=479.0 inst=21 ldT=0.314 | asc=0.013 gumsa=0.231 tenure=6.2y levy=11048351.3 resent(mean/max)=0.0/0.0 revs=696 | 70.4m eta23m
  !! SPATIAL: PACKED AND SPARSE AT ONCE (local 0.159 > 0.091 > regional 0.0204 /km2) on 12.8% of the land -- the population is NOT food-limited, it is failing to disperse; any carrying-capacity reading of this run is void
  ~~ demography: 12/16 in band  worst: m_5_15=0.0274(2.74x), band_med_adults=13(0.46x), surv_to_45=0.318(0.74x), realised_ibi_med=31(0.90x)
[11375/15000] pop=  3224 bd=  51 bigbd=13(med136) strat=0.0% giniC=0.706 dyn:eff=57.6 top=0.04 nlin=116 lpb=18.51/dom=0.253 mRSg=0.603 set=41(mx124,prim1.02) con=380.0 inst=23 ldT=0.245 | asc=0.016 gumsa=0.275 tenure=6.2y levy=12533233.1 resent(mean/max)=0.0/0.0 revs=698 | 70.5m eta22m
  !! SPATIAL: PACKED AND SPARSE AT ONCE (local 0.157 > 0.091 > regional 0.0201 /km2) on 12.8% of the land -- the population is NOT food-limited, it is failing to disperse; any carrying-capacity reading of this run is void
  ~~ demography: 11/16 in band  worst: m_5_15=0.0275(2.75x), frac_fatherless=0.0837(1.67x), band_med_adults=12(0.43x), surv_to_45=0.318(0.74x)
[11400/15000] pop=  3180 bd=  55 bigbd=14(med127.0) strat=0.0% giniC=0.708 dyn:eff=57.3 top=0.042 nlin=116 lpb=17.76/dom=0.244 mRSg=0.608 set=45(mx94,prim1.03) con=389.0 inst=31 ldT=0.3 | asc=0.014 gumsa=0.218 tenure=6.2y levy=12001990.3 resent(mean/max)=0.0/0.0 revs=699 | 70.6m eta22m
  !! SPATIAL: PACKED AND SPARSE AT ONCE (local 0.153 > 0.091 > regional 0.0202 /km2) on 13.2% of the land -- the population is NOT food-limited, it is failing to disperse; any carrying-capacity reading of this run is void
  ~~ demography: 11/16 in band  worst: m_5_15=0.0275(2.75x), frac_fatherless=0.0805(1.61x), band_med_adults=13(0.46x), surv_to_45=0.318(0.74x)
[11425/15000] pop=  3207 bd=  51 bigbd=13(med146) strat=0.0% giniC=0.705 dyn:eff=56.2 top=0.044 nlin=115 lpb=18.8/dom=0.231 mRSg=0.604 set=43(mx105,prim1.05) con=420.0 inst=19 ldT=0.22 | asc=0.02 gumsa=0.373 tenure=6.2y levy=8338765.1 resent(mean/max)=0.0/0.0 revs=699 | 70.7m eta22m
  !! SPATIAL: PACKED AND SPARSE AT ONCE (local 0.158 > 0.091 > regional 0.0205 /km2) on 13.0% of the land -- the population is NOT food-limited, it is failing to disperse; any carrying-capacity reading of this run is void
  ~~ demography: 12/16 in band  worst: m_5_15=0.0274(2.74x), band_med_adults=13(0.46x), surv_to_45=0.318(0.74x), realised_ibi_med=31(0.90x)
[11450/15000] pop=  3246 bd=  52 bigbd=14(med128.5) strat=0.0% giniC=0.704 dyn:eff=55.7 top=0.044 nlin=113 lpb=18.58/dom=0.231 mRSg=0.603 set=40(mx96,prim1.0) con=354.0 inst=22 ldT=0.2 | asc=0.024 gumsa=0.423 tenure=6.2y levy=11436919.9 resent(mean/max)=0.0/0.0 revs=699 | 70.9m eta22m
  !! SPATIAL: PACKED AND SPARSE AT ONCE (local 0.159 > 0.091 > regional 0.0204 /km2) on 12.9% of the land -- the population is NOT food-limited, it is failing to disperse; any carrying-capacity reading of this run is void
  ~~ demography: 11/16 in band  worst: m_5_15=0.0274(2.74x), frac_fatherless=0.0937(1.87x), band_med_adults=12.5(0.44x), surv_to_45=0.318(0.74x)
[11475/15000] pop=  3237 bd=  58 bigbd=13(med124) strat=0.0% giniC=0.702 dyn:eff=55.4 top=0.046 nlin=113 lpb=17.31/dom=0.238 mRSg=0.6 set=44(mx117,prim1.15) con=384.5 inst=27 ldT=0.5 | asc=0.025 gumsa=0.328 tenure=6.2y levy=9133429.2 resent(mean/max)=0.0/0.0 revs=701 | 71.0m eta22m
  !! SPATIAL: PACKED AND SPARSE AT ONCE (local 0.170 > 0.091 > regional 0.0199 /km2) on 11.7% of the land -- the population is NOT food-limited, it is failing to disperse; any carrying-capacity reading of this run is void
  ~~ demography: 11/16 in band  worst: m_5_15=0.0275(2.75x), frac_fatherless=0.0883(1.77x), band_med_adults=12(0.43x), surv_to_45=0.318(0.74x)
[11500/15000] pop=  3147 bd=  53 bigbd=13(med128) strat=0.0% giniC=0.709 dyn:eff=55.7 top=0.044 nlin=112 lpb=17.87/dom=0.242 mRSg=0.605 set=41(mx110,prim1.07) con=348.0 inst=21 ldT=0.34 | asc=0.024 gumsa=0.358 tenure=6.2y levy=7442367.1 resent(mean/max)=0.0/0.0 revs=701 | 71.1m eta22m
  !! SPATIAL: PACKED AND SPARSE AT ONCE (local 0.159 > 0.091 > regional 0.0201 /km2) on 12.7% of the land -- the population is NOT food-limited, it is failing to disperse; any carrying-capacity reading of this run is void
  ~~ demography: 12/16 in band  worst: m_5_15=0.0275(2.75x), band_med_adults=13.5(0.48x), surv_to_45=0.318(0.74x), realised_ibi_med=31(0.90x)
[11525/15000] pop=  3189 bd=  54 bigbd=12(med149.0) strat=0.0% giniC=0.707 dyn:eff=55.1 top=0.045 nlin=111 lpb=17.69/dom=0.248 mRSg=0.597 set=43(mx98,prim1.0) con=450.0 inst=38 ldT=0.18 | asc=0.027 gumsa=0.315 tenure=6.2y levy=11308109.3 resent(mean/max)=0.0/0.0 revs=701 | 71.2m eta21m
  !! SPATIAL: PACKED AND SPARSE AT ONCE (local 0.164 > 0.091 > regional 0.0199 /km2) on 12.2% of the land -- the population is NOT food-limited, it is failing to disperse; any carrying-capacity reading of this run is void
  ~~ demography: 12/16 in band  worst: m_5_15=0.0275(2.75x), band_med_adults=13.5(0.48x), surv_to_45=0.318(0.74x), realised_ibi_med=31(0.90x)
[11550/15000] pop=  3157 bd=  54 bigbd=12(med146.5) strat=0.0% giniC=0.708 dyn:eff=56.4 top=0.044 nlin=111 lpb=18.2/dom=0.238 mRSg=0.599 set=42(mx105,prim1.02) con=470.0 inst=33 ldT=0.234 | asc=0.025 gumsa=0.37 tenure=6.2y levy=8000917.2 resent(mean/max)=0.0/0.0 revs=703 | 71.3m eta21m
  !! SPATIAL: PACKED AND SPARSE AT ONCE (local 0.145 > 0.091 > regional 0.0201 /km2) on 13.9% of the land -- the population is NOT food-limited, it is failing to disperse; any carrying-capacity reading of this run is void
  ~~ demography: 12/16 in band  worst: m_5_15=0.0274(2.74x), band_med_adults=15(0.53x), surv_to_45=0.318(0.74x), realised_ibi_med=31(0.90x)
[11575/15000] pop=  3186 bd=  51 bigbd=12(med147.0) strat=0.0% giniC=0.708 dyn:eff=55.4 top=0.046 nlin=109 lpb=18.84/dom=0.24 mRSg=0.6 set=45(mx121,prim1.06) con=463.0 inst=28 ldT=0.163 | asc=0.028 gumsa=0.353 tenure=6.2y levy=13413286.8 resent(mean/max)=0.0/0.0 revs=705 | 71.4m eta21m
  !! SPATIAL: PACKED AND SPARSE AT ONCE (local 0.136 > 0.091 > regional 0.0194 /km2) on 14.3% of the land -- the population is NOT food-limited, it is failing to disperse; any carrying-capacity reading of this run is void
  ~~ demography: 11/16 in band  worst: m_5_15=0.0275(2.75x), frac_fatherless=0.0869(1.74x), band_med_adults=13(0.46x), surv_to_45=0.318(0.74x)
[11600/15000] pop=  3070 bd=  54 bigbd=12(med148.5) strat=0.0% giniC=0.72 dyn:eff=54.9 top=0.045 nlin=110 lpb=18.06/dom=0.236 mRSg=0.602 set=46(mx109,prim1.07) con=472.5 inst=24 ldT=0.304 | asc=0.031 gumsa=0.389 tenure=6.2y levy=7154749.2 resent(mean/max)=0.0/0.0 revs=705 | 71.5m eta21m
  !! SPATIAL: PACKED AND SPARSE AT ONCE (local 0.143 > 0.091 > regional 0.0194 /km2) on 13.6% of the land -- the population is NOT food-limited, it is failing to disperse; any carrying-capacity reading of this run is void
  ~~ demography: 10/16 in band  worst: m_5_15=0.0275(2.75x), frac_fatherless=0.091(1.82x), frac_motherless=0.0313(1.56x), band_med_adults=13(0.46x)
[11625/15000] pop=  3077 bd=  53 bigbd=13(med142) strat=0.0% giniC=0.717 dyn:eff=55.2 top=0.043 nlin=111 lpb=18.13/dom=0.25 mRSg=0.603 set=48(mx99,prim1.01) con=434.5 inst=25 ldT=0.308 | asc=0.026 gumsa=0.34 tenure=6.2y levy=8316438.3 resent(mean/max)=0.0/0.0 revs=706 | 71.6m eta21m
  !! SPATIAL: PACKED AND SPARSE AT ONCE (local 0.155 > 0.091 > regional 0.0197 /km2) on 12.8% of the land -- the population is NOT food-limited, it is failing to disperse; any carrying-capacity reading of this run is void
  ~~ demography: 12/16 in band  worst: m_5_15=0.0275(2.75x), band_med_adults=14(0.50x), surv_to_45=0.318(0.74x), realised_ibi_med=31(0.90x)
[11650/15000] pop=  3124 bd=  50 bigbd=13(med139) strat=0.0% giniC=0.715 dyn:eff=54.7 top=0.044 nlin=112 lpb=18.88/dom=0.244 mRSg=0.596 set=44(mx103,prim1.05) con=408.0 inst=34 ldT=0.265 | asc=0.023 gumsa=0.28 tenure=6.2y levy=8719359.9 resent(mean/max)=0.0/0.0 revs=707 | 71.7m eta21m
  !! SPATIAL: PACKED AND SPARSE AT ONCE (local 0.159 > 0.091 > regional 0.0202 /km2) on 12.7% of the land -- the population is NOT food-limited, it is failing to disperse; any carrying-capacity reading of this run is void
  ~~ demography: 12/16 in band  worst: m_5_15=0.0275(2.75x), band_med_adults=15(0.53x), surv_to_45=0.318(0.74x), realised_ibi_med=31(0.90x)
[11675/15000] pop=  3200 bd=  48 bigbd=13(med148) strat=0.0% giniC=0.712 dyn:eff=55.8 top=0.043 nlin=115 lpb=19.48/dom=0.246 mRSg=0.593 set=44(mx111,prim1.01) con=525.0 inst=33 ldT=0.17 | asc=0.022 gumsa=0.312 tenure=6.2y levy=11600005.8 resent(mean/max)=0.0/0.0 revs=707 | 71.8m eta20m
  !! SPATIAL: PACKED AND SPARSE AT ONCE (local 0.153 > 0.091 > regional 0.0198 /km2) on 12.9% of the land -- the population is NOT food-limited, it is failing to disperse; any carrying-capacity reading of this run is void
  ~~ demography: 12/16 in band  worst: m_5_15=0.0275(2.75x), band_med_adults=13.5(0.48x), surv_to_45=0.318(0.74x), realised_ibi_med=31(0.90x)
[11700/15000] pop=  3129 bd=  52 bigbd=12(med145.5) strat=0.0% giniC=0.713 dyn:eff=55.4 top=0.043 nlin=115 lpb=19.06/dom=0.239 mRSg=0.607 set=41(mx109,prim1.15) con=472.0 inst=30 ldT=0.432 | asc=0.017 gumsa=0.231 tenure=6.2y levy=10486233.2 resent(mean/max)=0.0/0.0 revs=709 | 71.9m eta20m
  !! SPATIAL: PACKED AND SPARSE AT ONCE (local 0.153 > 0.091 > regional 0.0199 /km2) on 13.1% of the land -- the population is NOT food-limited, it is failing to disperse; any carrying-capacity reading of this run is void
  ~~ demography: 12/16 in band  worst: m_5_15=0.0275(2.75x), band_med_adults=15(0.53x), surv_to_45=0.318(0.74x), realised_ibi_med=31(0.90x)
[11725/15000] pop=  3158 bd=  51 bigbd=12(med154.0) strat=0.0% giniC=0.71 dyn:eff=56.6 top=0.044 nlin=115 lpb=19.02/dom=0.241 mRSg=0.605 set=42(mx117,prim1.19) con=449.5 inst=30 ldT=0.36 | asc=0.019 gumsa=0.235 tenure=6.2y levy=12367261.5 resent(mean/max)=0.0/0.0 revs=711 | 72.1m eta20m
  !! SPATIAL: PACKED AND SPARSE AT ONCE (local 0.160 > 0.091 > regional 0.0197 /km2) on 12.3% of the land -- the population is NOT food-limited, it is failing to disperse; any carrying-capacity reading of this run is void
  ~~ demography: 12/16 in band  worst: m_5_15=0.0275(2.75x), band_med_adults=13.5(0.48x), surv_to_45=0.318(0.74x), realised_ibi_med=31(0.90x)
[11750/15000] pop=  3127 bd=  52 bigbd=12(med153.0) strat=0.0% giniC=0.714 dyn:eff=56.6 top=0.041 nlin=113 lpb=18.4/dom=0.24 mRSg=0.6 set=41(mx107,prim1.04) con=560.0 inst=26 ldT=0.26 | asc=0.022 gumsa=0.25 tenure=6.2y levy=15545492.7 resent(mean/max)=0.0/0.0 revs=712 | 72.2m eta20m
  !! SPATIAL: PACKED AND SPARSE AT ONCE (local 0.166 > 0.091 > regional 0.0195 /km2) on 11.7% of the land -- the population is NOT food-limited, it is failing to disperse; any carrying-capacity reading of this run is void
  ~~ demography: 11/16 in band  worst: m_5_15=0.0275(2.75x), frac_motherless=0.0068(0.34x), band_med_adults=14(0.50x), surv_to_45=0.317(0.74x)
[11775/15000] pop=  3086 bd=  51 bigbd=13(med128) strat=0.0% giniC=0.71 dyn:eff=57.7 top=0.04 nlin=114 lpb=18.94/dom=0.222 mRSg=0.604 set=41(mx113,prim1.01) con=532.0 inst=26 ldT=0.191 | asc=0.02 gumsa=0.333 tenure=6.2y levy=8281476.6 resent(mean/max)=0.0/0.0 revs=714 | 72.3m eta20m
  !! SPATIAL: PACKED AND SPARSE AT ONCE (local 0.153 > 0.091 > regional 0.0197 /km2) on 12.9% of the land -- the population is NOT food-limited, it is failing to disperse; any carrying-capacity reading of this run is void
  ~~ demography: 12/16 in band  worst: m_5_15=0.0275(2.75x), band_med_adults=14(0.50x), surv_to_45=0.318(0.74x), realised_ibi_med=31(0.90x)
[11800/15000] pop=  3117 bd=  51 bigbd=13(med132) strat=0.0% giniC=0.707 dyn:eff=56.9 top=0.042 nlin=114 lpb=18.78/dom=0.233 mRSg=0.601 set=40(mx114,prim1.16) con=513.0 inst=29 ldT=0.275 | asc=0.022 gumsa=0.314 tenure=6.2y levy=11619113.6 resent(mean/max)=0.0/0.0 revs=716 | 72.4m eta20m
  !! SPATIAL: PACKED AND SPARSE AT ONCE (local 0.155 > 0.091 > regional 0.0203 /km2) on 13.1% of the land -- the population is NOT food-limited, it is failing to disperse; any carrying-capacity reading of this run is void
  ~~ demography: 12/16 in band  worst: m_5_15=0.0275(2.75x), band_med_adults=15(0.53x), surv_to_45=0.318(0.74x), realised_ibi_med=31(0.90x)
[11825/15000] pop=  3216 bd=  53 bigbd=13(med140) strat=0.0% giniC=0.703 dyn:eff=57.0 top=0.043 nlin=113 lpb=18.75/dom=0.229 mRSg=0.599 set=40(mx106,prim1.06) con=534.5 inst=26 ldT=0.28 | asc=0.024 gumsa=0.415 tenure=6.2y levy=8591352.2 resent(mean/max)=0.0/0.0 revs=718 | 72.5m eta19m
  !! SPATIAL: PACKED AND SPARSE AT ONCE (local 0.151 > 0.091 > regional 0.0207 /km2) on 13.7% of the land -- the population is NOT food-limited, it is failing to disperse; any carrying-capacity reading of this run is void
  ~~ demography: 12/16 in band  worst: m_5_15=0.0275(2.75x), band_med_adults=15(0.53x), surv_to_45=0.318(0.74x), realised_ibi_med=31(0.90x)
[11850/15000] pop=  3286 bd=  50 bigbd=14(med131.0) strat=0.0% giniC=0.699 dyn:eff=57.2 top=0.043 nlin=114 lpb=19.4/dom=0.236 mRSg=0.589 set=43(mx120,prim1.06) con=664.0 inst=26 ldT=0.2 | asc=0.021 gumsa=0.44 tenure=6.2y levy=7526017.6 resent(mean/max)=0.0/0.0 revs=719 | 72.6m eta19m
  !! SPATIAL: PACKED AND SPARSE AT ONCE (local 0.150 > 0.091 > regional 0.0200 /km2) on 13.4% of the land -- the population is NOT food-limited, it is failing to disperse; any carrying-capacity reading of this run is void
  ~~ demography: 12/16 in band  worst: m_5_15=0.0275(2.75x), band_med_adults=11.5(0.41x), surv_to_45=0.317(0.74x), realised_ibi_med=31(0.90x)
[11875/15000] pop=  3171 bd=  56 bigbd=14(med126.0) strat=0.0% giniC=0.706 dyn:eff=58.3 top=0.042 nlin=115 lpb=17.16/dom=0.245 mRSg=0.583 set=44(mx101,prim1.01) con=543.0 inst=28 ldT=0.367 | asc=0.018 gumsa=0.357 tenure=6.2y levy=7466736.4 resent(mean/max)=0.0/0.0 revs=719 | 72.7m eta19m
  !! SPATIAL: PACKED AND SPARSE AT ONCE (local 0.150 > 0.091 > regional 0.0197 /km2) on 13.1% of the land -- the population is NOT food-limited, it is failing to disperse; any carrying-capacity reading of this run is void
  ~~ demography: 12/16 in band  worst: m_5_15=0.0275(2.75x), band_med_adults=13(0.46x), surv_to_45=0.317(0.74x), realised_ibi_med=31(0.90x)
[11900/15000] pop=  3125 bd=  52 bigbd=12(med152.0) strat=0.0% giniC=0.709 dyn:eff=58.3 top=0.041 nlin=114 lpb=17.48/dom=0.237 mRSg=0.59 set=45(mx104,prim1.14) con=607.0 inst=31 ldT=0.286 | asc=0.016 gumsa=0.25 tenure=6.2y levy=9667676.9 resent(mean/max)=0.0/0.0 revs=720 | 72.8m eta19m
  !! SPATIAL: PACKED AND SPARSE AT ONCE (local 0.152 > 0.091 > regional 0.0200 /km2) on 13.2% of the land -- the population is NOT food-limited, it is failing to disperse; any carrying-capacity reading of this run is void
  ~~ demography: 12/16 in band  worst: m_5_15=0.0275(2.75x), band_med_adults=14.5(0.51x), surv_to_45=0.317(0.74x), realised_ibi_med=31(0.90x)
[11925/15000] pop=  3170 bd=  50 bigbd=12(med156.0) strat=0.0% giniC=0.711 dyn:eff=57.9 top=0.042 nlin=113 lpb=18.06/dom=0.25 mRSg=0.585 set=44(mx103,prim1.05) con=589.0 inst=28 ldT=0.204 | asc=0.019 gumsa=0.24 tenure=6.2y levy=10717819.9 resent(mean/max)=0.0/0.0 revs=721 | 72.9m eta19m
  !! SPATIAL: PACKED AND SPARSE AT ONCE (local 0.147 > 0.091 > regional 0.0198 /km2) on 13.4% of the land -- the population is NOT food-limited, it is failing to disperse; any carrying-capacity reading of this run is void
  ~~ demography: 12/16 in band  worst: m_5_15=0.0275(2.75x), band_med_adults=12(0.43x), surv_to_45=0.317(0.74x), realised_ibi_med=31(0.90x)
[11950/15000] pop=  3135 bd=  52 bigbd=13(med145) strat=0.0% giniC=0.709 dyn:eff=57.8 top=0.041 nlin=113 lpb=17.83/dom=0.245 mRSg=0.578 set=43(mx97,prim1.05) con=574.0 inst=32 ldT=0.277 | asc=0.019 gumsa=0.346 tenure=6.2y levy=12376924.2 resent(mean/max)=0.0/0.0 revs=722 | 73.0m eta19m
  !! SPATIAL: PACKED AND SPARSE AT ONCE (local 0.151 > 0.091 > regional 0.0196 /km2) on 13.0% of the land -- the population is NOT food-limited, it is failing to disperse; any carrying-capacity reading of this run is void
  ~~ demography: 12/16 in band  worst: m_5_15=0.0275(2.75x), band_med_adults=13(0.46x), surv_to_45=0.317(0.74x), realised_ibi_med=31(0.90x)
[11975/15000] pop=  3108 bd=  51 bigbd=12(med161.0) strat=0.0% giniC=0.717 dyn:eff=57.9 top=0.04 nlin=110 lpb=17.73/dom=0.255 mRSg=0.58 set=45(mx104,prim1.01) con=644.0 inst=21 ldT=0.184 | asc=0.017 gumsa=0.294 tenure=6.2y levy=12827182.0 resent(mean/max)=0.0/0.0 revs=726 | 73.1m eta18m
  !! SPATIAL: PACKED AND SPARSE AT ONCE (local 0.152 > 0.091 > regional 0.0196 /km2) on 12.9% of the land -- the population is NOT food-limited, it is failing to disperse; any carrying-capacity reading of this run is void
  ~~ demography: 11/16 in band  worst: m_5_15=0.0275(2.75x), frac_fatherless=0.0961(1.92x), band_med_adults=12(0.43x), surv_to_45=0.317(0.74x)
[12000/15000] pop=  3110 bd=  53 bigbd=12(med164.0) strat=0.0% giniC=0.716 dyn:eff=57.6 top=0.042 nlin=110 lpb=17.25/dom=0.272 mRSg=0.578 set=42(mx107,prim1.01) con=614.0 inst=27 ldT=0.216 | asc=0.022 gumsa=0.396 tenure=6.2y levy=10826598.7 resent(mean/max)=0.0/0.0 revs=727 | 73.2m eta18m
  !! SPATIAL: PACKED AND SPARSE AT ONCE (local 0.152 > 0.091 > regional 0.0198 /km2) on 13.0% of the land -- the population is NOT food-limited, it is failing to disperse; any carrying-capacity reading of this run is void
  ~~ demography: 12/16 in band  worst: m_5_15=0.0275(2.75x), band_med_adults=12(0.43x), surv_to_45=0.317(0.74x), realised_ibi_med=31(0.90x)
[12025/15000] pop=  3135 bd=  55 bigbd=13(med146) strat=0.0% giniC=0.713 dyn:eff=58.0 top=0.043 nlin=110 lpb=16.85/dom=0.268 mRSg=0.586 set=42(mx108,prim1.04) con=536.0 inst=29 ldT=0.275 | asc=0.021 gumsa=0.291 tenure=6.2y levy=9225052.1 resent(mean/max)=0.0/0.0 revs=728 | 73.4m eta18m
  !! SPATIAL: PACKED AND SPARSE AT ONCE (local 0.155 > 0.091 > regional 0.0198 /km2) on 12.8% of the land -- the population is NOT food-limited, it is failing to disperse; any carrying-capacity reading of this run is void
  ~~ demography: 12/16 in band  worst: m_5_15=0.0275(2.75x), band_med_adults=10.5(0.37x), surv_to_45=0.317(0.74x), realised_ibi_med=31(0.90x)
[12050/15000] pop=  3135 bd=  56 bigbd=13(med130) strat=0.0% giniC=0.703 dyn:eff=58.0 top=0.044 nlin=112 lpb=16.79/dom=0.28 mRSg=0.593 set=40(mx111,prim1.03) con=579.5 inst=28 ldT=0.259 | asc=0.02 gumsa=0.286 tenure=6.2y levy=9175363.4 resent(mean/max)=0.0/0.0 revs=729 | 73.5m eta18m
  !! SPATIAL: PACKED AND SPARSE AT ONCE (local 0.163 > 0.091 > regional 0.0196 /km2) on 12.0% of the land -- the population is NOT food-limited, it is failing to disperse; any carrying-capacity reading of this run is void
  ~~ demography: 12/16 in band  worst: m_5_15=0.0276(2.76x), band_med_adults=11(0.39x), surv_to_45=0.316(0.73x), realised_ibi_med=31(0.90x)
[12075/15000] pop=  3099 bd=  56 bigbd=13(med130) strat=0.0% giniC=0.699 dyn:eff=57.2 top=0.047 nlin=112 lpb=17.05/dom=0.269 mRSg=0.587 set=40(mx95,prim1.03) con=611.0 inst=30 ldT=0.255 | asc=0.023 gumsa=0.304 tenure=6.2y levy=9331135.2 resent(mean/max)=0.0/0.0 revs=730 | 73.6m eta18m
  !! SPATIAL: PACKED AND SPARSE AT ONCE (local 0.171 > 0.091 > regional 0.0194 /km2) on 11.4% of the land; band commands 305 km2, inside its own 314 km2 catchment (Vita-Finzi & Higgs) -- the population is NOT food-limited, it is failing to disperse; any carrying-capacity reading of this run is void
  ~~ demography: 10/16 in band  worst: m_5_15=0.0276(2.76x), frac_motherless=0.0349(1.74x), frac_fatherless=0.082(1.64x), band_med_adults=11(0.39x)
[12100/15000] pop=  3069 bd=  59 bigbd=12(med155.5) strat=0.0% giniC=0.696 dyn:eff=57.5 top=0.047 nlin=112 lpb=16.34/dom=0.277 mRSg=0.586 set=44(mx119,prim1.2) con=682.0 inst=20 ldT=0.241 | asc=0.023 gumsa=0.237 tenure=6.2y levy=8690324.5 resent(mean/max)=0.0/0.0 revs=730 | 73.7m eta18m
  !! SPATIAL: PACKED AND SPARSE AT ONCE (local 0.160 > 0.091 > regional 0.0192 /km2) on 12.0% of the land -- the population is NOT food-limited, it is failing to disperse; any carrying-capacity reading of this run is void
  ~~ demography: 11/16 in band  worst: m_5_15=0.0276(2.76x), frac_fatherless=0.084(1.68x), band_med_adults=11(0.39x), surv_to_45=0.316(0.73x)
[12125/15000] pop=  3044 bd=  57 bigbd=13(med121) strat=0.0% giniC=0.697 dyn:eff=57.3 top=0.045 nlin=112 lpb=17.35/dom=0.266 mRSg=0.587 set=44(mx108,prim1.07) con=837.5 inst=27 ldT=0.315 | asc=0.023 gumsa=0.333 tenure=6.2y levy=11423205.8 resent(mean/max)=0.0/0.0 revs=732 | 73.8m eta17m
  !! SPATIAL: PACKED AND SPARSE AT ONCE (local 0.160 > 0.091 > regional 0.0190 /km2) on 11.9% of the land -- the population is NOT food-limited, it is failing to disperse; any carrying-capacity reading of this run is void
  ~~ demography: 11/16 in band  worst: m_5_15=0.0276(2.76x), frac_fatherless=0.0794(1.59x), band_med_adults=12.5(0.44x), surv_to_45=0.316(0.73x)
[12150/15000] pop=  3005 bd=  56 bigbd=12(med142.5) strat=0.0% giniC=0.703 dyn:eff=56.3 top=0.046 nlin=112 lpb=17.0/dom=0.266 mRSg=0.591 set=41(mx117,prim1.21) con=798.0 inst=33 ldT=0.245 | asc=0.024 gumsa=0.393 tenure=6.2y levy=8539470.1 resent(mean/max)=0.0/0.0 revs=732 | 73.9m eta17m
  !! SPATIAL: PACKED AND SPARSE AT ONCE (local 0.149 > 0.091 > regional 0.0194 /km2) on 13.0% of the land -- the population is NOT food-limited, it is failing to disperse; any carrying-capacity reading of this run is void
  ~~ demography: 12/16 in band  worst: m_5_15=0.0276(2.76x), band_med_adults=13(0.46x), surv_to_45=0.316(0.73x), realised_ibi_med=31(0.90x)
[12175/15000] pop=  3075 bd=  56 bigbd=12(med144.0) strat=0.0% giniC=0.698 dyn:eff=56.4 top=0.044 nlin=112 lpb=17.11/dom=0.262 mRSg=0.599 set=38(mx110,prim1.08) con=730.0 inst=28 ldT=0.315 | asc=0.023 gumsa=0.393 tenure=6.2y levy=7985381.5 resent(mean/max)=0.0/0.0 revs=733 | 74.0m eta17m
  !! SPATIAL: PACKED AND SPARSE AT ONCE (local 0.160 > 0.091 > regional 0.0198 /km2) on 12.3% of the land -- the population is NOT food-limited, it is failing to disperse; any carrying-capacity reading of this run is void
  ~~ demography: 12/16 in band  worst: m_5_15=0.0275(2.75x), band_med_adults=14(0.50x), surv_to_45=0.316(0.73x), realised_ibi_med=31(0.90x)
[12200/15000] pop=  3129 bd=  55 bigbd=13(med112) strat=0.0% giniC=0.693 dyn:eff=56.7 top=0.04 nlin=113 lpb=17.67/dom=0.246 mRSg=0.6 set=40(mx107,prim1.15) con=795.0 inst=29 ldT=0.278 | asc=0.02 gumsa=0.345 tenure=6.2y levy=10285717.3 resent(mean/max)=0.0/0.0 revs=735 | 74.1m eta17m
  !! SPATIAL: PACKED AND SPARSE AT ONCE (local 0.146 > 0.091 > regional 0.0197 /km2) on 13.4% of the land -- the population is NOT food-limited, it is failing to disperse; any carrying-capacity reading of this run is void
  ~~ demography: 11/16 in band  worst: m_5_15=0.0275(2.75x), frac_fatherless=0.086(1.72x), band_med_adults=13(0.46x), surv_to_45=0.316(0.73x)
[12225/15000] pop=  3114 bd=  55 bigbd=12(med165.5) strat=0.0% giniC=0.697 dyn:eff=56.1 top=0.041 nlin=115 lpb=17.73/dom=0.25 mRSg=0.606 set=40(mx104,prim1.01) con=518.0 inst=24 ldT=0.38 | asc=0.021 gumsa=0.345 tenure=6.2y levy=7723755.5 resent(mean/max)=0.0/0.0 revs=736 | 74.2m eta17m
  !! SPATIAL: PACKED AND SPARSE AT ONCE (local 0.151 > 0.091 > regional 0.0199 /km2) on 13.2% of the land -- the population is NOT food-limited, it is failing to disperse; any carrying-capacity reading of this run is void
  ~~ demography: 12/16 in band  worst: m_5_15=0.0275(2.75x), band_med_adults=13.5(0.48x), surv_to_45=0.317(0.74x), realised_ibi_med=31(0.90x)
[12250/15000] pop=  3149 bd=  54 bigbd=13(med132) strat=0.0% giniC=0.695 dyn:eff=55.9 top=0.043 nlin=115 lpb=17.83/dom=0.259 mRSg=0.61 set=41(mx116,prim1.16) con=624.0 inst=32 ldT=0.13 | asc=0.016 gumsa=0.352 tenure=6.2y levy=12645269.7 resent(mean/max)=0.0/0.0 revs=739 | 74.3m eta17m
  !! SPATIAL: PACKED AND SPARSE AT ONCE (local 0.148 > 0.091 > regional 0.0197 /km2) on 13.3% of the land -- the population is NOT food-limited, it is failing to disperse; any carrying-capacity reading of this run is void
  ~~ demography: 12/16 in band  worst: m_5_15=0.0276(2.76x), band_med_adults=15(0.53x), surv_to_45=0.316(0.73x), realised_ibi_med=31(0.90x)
[12275/15000] pop=  3116 bd=  52 bigbd=11(med201) strat=0.0% giniC=0.694 dyn:eff=55.0 top=0.043 nlin=115 lpb=18.38/dom=0.251 mRSg=0.603 set=41(mx112,prim1.26) con=646.0 inst=24 ldT=0.3 | asc=0.015 gumsa=0.327 tenure=6.2y levy=12539667.2 resent(mean/max)=0.0/0.0 revs=740 | 74.4m eta17m
  !! SPATIAL: PACKED AND SPARSE AT ONCE (local 0.160 > 0.091 > regional 0.0202 /km2) on 12.6% of the land -- the population is NOT food-limited, it is failing to disperse; any carrying-capacity reading of this run is void
  ~~ demography: 11/16 in band  worst: m_5_15=0.0275(2.75x), frac_fatherless=0.0773(1.55x), band_med_adults=13(0.46x), surv_to_45=0.317(0.74x)
[12300/15000] pop=  3207 bd=  53 bigbd=13(med142) strat=0.0% giniC=0.691 dyn:eff=54.8 top=0.041 nlin=115 lpb=18.21/dom=0.257 mRSg=0.602 set=40(mx102,prim1.01) con=690.0 inst=35 ldT=0.333 | asc=0.02 gumsa=0.377 tenure=6.2y levy=9039679.5 resent(mean/max)=0.0/0.0 revs=740 | 74.5m eta16m
  !! SPATIAL: PACKED AND SPARSE AT ONCE (local 0.162 > 0.091 > regional 0.0206 /km2) on 12.8% of the land -- the population is NOT food-limited, it is failing to disperse; any carrying-capacity reading of this run is void
  ~~ demography: 12/16 in band  worst: m_5_15=0.0275(2.75x), band_med_adults=13(0.46x), surv_to_45=0.317(0.74x), realised_ibi_med=31(0.90x)
[12325/15000] pop=  3266 bd=  53 bigbd=13(med151) strat=0.0% giniC=0.687 dyn:eff=54.2 top=0.041 nlin=114 lpb=18.43/dom=0.256 mRSg=0.599 set=43(mx99,prim1.05) con=1042.5 inst=31 ldT=0.288 | asc=0.017 gumsa=0.321 tenure=6.2y levy=10547286.0 resent(mean/max)=0.0/0.0 revs=742 | 74.7m eta16m
  !! SPATIAL: PACKED AND SPARSE AT ONCE (local 0.155 > 0.091 > regional 0.0205 /km2) on 13.2% of the land -- the population is NOT food-limited, it is failing to disperse; any carrying-capacity reading of this run is void
  ~~ demography: 11/16 in band  worst: m_5_15=0.0276(2.76x), band_med_adults=13.5(0.48x), frac_fatherless=0.0754(1.51x), surv_to_45=0.317(0.74x)
[12350/15000] pop=  3243 bd=  52 bigbd=13(med135) strat=0.0% giniC=0.686 dyn:eff=54.2 top=0.042 nlin=114 lpb=19.19/dom=0.246 mRSg=0.594 set=45(mx101,prim1.01) con=781.0 inst=32 ldT=0.435 | asc=0.015 gumsa=0.346 tenure=6.2y levy=10160668.8 resent(mean/max)=0.0/0.0 revs=742 | 74.8m eta16m
  !! SPATIAL: PACKED AND SPARSE AT ONCE (local 0.152 > 0.091 > regional 0.0201 /km2) on 13.2% of the land -- the population is NOT food-limited, it is failing to disperse; any carrying-capacity reading of this run is void
  ~~ demography: 12/16 in band  worst: m_5_15=0.0276(2.76x), band_med_adults=12(0.43x), surv_to_45=0.316(0.73x), realised_ibi_med=31(0.90x)
[12375/15000] pop=  3182 bd=  56 bigbd=12(med156.0) strat=0.0% giniC=0.69 dyn:eff=55.4 top=0.041 nlin=115 lpb=18.0/dom=0.238 mRSg=0.597 set=43(mx108,prim1.09) con=661.5 inst=25 ldT=0.367 | asc=0.013 gumsa=0.25 tenure=6.2y levy=8066339.1 resent(mean/max)=0.0/0.0 revs=745 | 74.9m eta16m
  !! SPATIAL: PACKED AND SPARSE AT ONCE (local 0.156 > 0.091 > regional 0.0203 /km2) on 13.0% of the land -- the population is NOT food-limited, it is failing to disperse; any carrying-capacity reading of this run is void
  ~~ demography: 11/16 in band  worst: m_5_15=0.0276(2.76x), frac_fatherless=0.0861(1.72x), band_med_adults=14(0.50x), surv_to_45=0.316(0.73x)
[12400/15000] pop=  3210 bd=  54 bigbd=12(med158.5) strat=0.0% giniC=0.687 dyn:eff=54.8 top=0.04 nlin=115 lpb=18.46/dom=0.232 mRSg=0.598 set=42(mx100,prim1.12) con=716.5 inst=25 ldT=0.283 | asc=0.014 gumsa=0.259 tenure=6.2y levy=8506683.6 resent(mean/max)=0.0/0.0 revs=746 | 75.0m eta16m
  !! SPATIAL: PACKED AND SPARSE AT ONCE (local 0.159 > 0.091 > regional 0.0206 /km2) on 13.0% of the land -- the population is NOT food-limited, it is failing to disperse; any carrying-capacity reading of this run is void
  ~~ demography: 11/16 in band  worst: m_5_15=0.0276(2.76x), frac_fatherless=0.0784(1.57x), band_med_adults=15(0.53x), surv_to_45=0.316(0.73x)
[12425/15000] pop=  3268 bd=  52 bigbd=13(med131) strat=0.0% giniC=0.681 dyn:eff=54.5 top=0.039 nlin=115 lpb=19.4/dom=0.226 mRSg=0.593 set=42(mx97,prim1.01) con=875.0 inst=27 ldT=0.25 | asc=0.014 gumsa=0.327 tenure=6.2y levy=9979848.0 resent(mean/max)=0.0/0.0 revs=750 | 75.1m eta16m
  !! SPATIAL: PACKED AND SPARSE AT ONCE (local 0.152 > 0.091 > regional 0.0201 /km2) on 13.3% of the land -- the population is NOT food-limited, it is failing to disperse; any carrying-capacity reading of this run is void
  ~~ demography: 11/16 in band  worst: m_5_15=0.0276(2.76x), frac_fatherless=0.0844(1.69x), band_med_adults=14(0.50x), surv_to_45=0.316(0.73x)
[12450/15000] pop=  3184 bd=  55 bigbd=13(med131) strat=0.0% giniC=0.682 dyn:eff=53.9 top=0.041 nlin=115 lpb=18.36/dom=0.228 mRSg=0.595 set=40(mx105,prim1.06) con=695.0 inst=29 ldT=0.38 | asc=0.015 gumsa=0.273 tenure=6.2y levy=7689763.5 resent(mean/max)=0.0/0.0 revs=751 | 75.2m eta15m
  !! SPATIAL: PACKED AND SPARSE AT ONCE (local 0.144 > 0.091 > regional 0.0201 /km2) on 13.9% of the land -- the population is NOT food-limited, it is failing to disperse; any carrying-capacity reading of this run is void
  ~~ demography: 10/16 in band  worst: m_5_15=0.0276(2.76x), frac_fatherless=0.0796(1.59x), frac_motherless=0.0093(0.46x), band_med_adults=14.5(0.51x)
[12475/15000] pop=  3177 bd=  54 bigbd=14(med137.0) strat=0.0% giniC=0.68 dyn:eff=54.1 top=0.041 nlin=115 lpb=18.56/dom=0.241 mRSg=0.591 set=40(mx97,prim1.1) con=689.0 inst=29 ldT=0.231 | asc=0.013 gumsa=0.315 tenure=6.2y levy=5737300.1 resent(mean/max)=0.0/0.0 revs=754 | 75.3m eta15m
  !! SPATIAL: PACKED AND SPARSE AT ONCE (local 0.155 > 0.091 > regional 0.0202 /km2) on 13.0% of the land -- the population is NOT food-limited, it is failing to disperse; any carrying-capacity reading of this run is void
  ~~ demography: 12/16 in band  worst: m_5_15=0.0276(2.76x), band_med_adults=13(0.46x), surv_to_45=0.316(0.73x), realised_ibi_med=31(0.90x)
[12500/15000] pop=  3202 bd=  56 bigbd=14(med142.5) strat=0.0% giniC=0.674 dyn:eff=54.6 top=0.041 nlin=115 lpb=18.12/dom=0.24 mRSg=0.595 set=43(mx105,prim1.02) con=705.5 inst=31 ldT=0.264 | asc=0.015 gumsa=0.304 tenure=6.2y levy=9741486.5 resent(mean/max)=0.0/0.0 revs=755 | 75.4m eta15m
  !! SPATIAL: PACKED AND SPARSE AT ONCE (local 0.157 > 0.091 > regional 0.0201 /km2) on 12.8% of the land -- the population is NOT food-limited, it is failing to disperse; any carrying-capacity reading of this run is void
  ~~ demography: 12/16 in band  worst: m_5_15=0.0276(2.76x), band_med_adults=12.5(0.44x), surv_to_45=0.316(0.73x), realised_ibi_med=31(0.90x)
[12525/15000] pop=  3184 bd=  56 bigbd=13(med154) strat=0.0% giniC=0.672 dyn:eff=54.0 top=0.041 nlin=114 lpb=17.7/dom=0.238 mRSg=0.599 set=43(mx99,prim1.03) con=523.0 inst=24 ldT=0.321 | asc=0.012 gumsa=0.268 tenure=6.2y levy=7507156.9 resent(mean/max)=0.0/0.0 revs=758 | 75.5m eta15m
  !! SPATIAL: PACKED AND SPARSE AT ONCE (local 0.146 > 0.091 > regional 0.0198 /km2) on 13.5% of the land -- the population is NOT food-limited, it is failing to disperse; any carrying-capacity reading of this run is void
  ~~ demography: 11/16 in band  worst: m_5_15=0.0277(2.77x), band_med_adults=13(0.46x), frac_motherless=0.0094(0.47x), surv_to_45=0.315(0.73x)
[12550/15000] pop=  3133 bd=  58 bigbd=13(med155) strat=0.0% giniC=0.677 dyn:eff=54.7 top=0.041 nlin=114 lpb=17.31/dom=0.233 mRSg=0.608 set=41(mx108,prim1.07) con=641.0 inst=31 ldT=0.245 | asc=0.013 gumsa=0.241 tenure=6.2y levy=8839497.2 resent(mean/max)=0.0/0.0 revs=759 | 75.6m eta15m
  !! SPATIAL: PACKED AND SPARSE AT ONCE (local 0.146 > 0.091 > regional 0.0200 /km2) on 13.6% of the land -- the population is NOT food-limited, it is failing to disperse; any carrying-capacity reading of this run is void
  ~~ demography: 12/16 in band  worst: m_5_15=0.0276(2.76x), band_med_adults=13(0.46x), surv_to_45=0.316(0.73x), realised_ibi_med=31(0.90x)
[12575/15000] pop=  3164 bd=  57 bigbd=13(med167) strat=0.0% giniC=0.675 dyn:eff=54.2 top=0.041 nlin=115 lpb=17.82/dom=0.231 mRSg=0.607 set=41(mx113,prim1.13) con=686.5 inst=33 ldT=0.182 | asc=0.007 gumsa=0.211 tenure=6.2y levy=12380291.4 resent(mean/max)=0.0/0.0 revs=764 | 75.8m eta15m
  !! SPATIAL: PACKED AND SPARSE AT ONCE (local 0.144 > 0.091 > regional 0.0198 /km2) on 13.8% of the land -- the population is NOT food-limited, it is failing to disperse; any carrying-capacity reading of this run is void
  ~~ demography: 11/16 in band  worst: m_5_15=0.0277(2.77x), frac_fatherless=0.0797(1.59x), band_med_adults=13(0.46x), surv_to_45=0.315(0.73x)
[12600/15000] pop=  3131 bd=  55 bigbd=12(med161.0) strat=0.0% giniC=0.675 dyn:eff=53.0 top=0.041 nlin=114 lpb=18.13/dom=0.237 mRSg=0.611 set=41(mx99,prim1.0) con=609.0 inst=28 ldT=0.245 | asc=0.01 gumsa=0.2 tenure=6.2y levy=13016333.7 resent(mean/max)=0.0/0.0 revs=764 | 75.9m eta14m
  !! SPATIAL: PACKED AND SPARSE AT ONCE (local 0.150 > 0.091 > regional 0.0195 /km2) on 12.9% of the land -- the population is NOT food-limited, it is failing to disperse; any carrying-capacity reading of this run is void
  ~~ demography: 12/16 in band  worst: m_5_15=0.0277(2.77x), band_med_adults=13(0.46x), surv_to_45=0.315(0.73x), realised_ibi_med=31(0.90x)
[12625/15000] pop=  3083 bd=  56 bigbd=12(med162.0) strat=0.0% giniC=0.678 dyn:eff=52.1 top=0.042 nlin=112 lpb=17.71/dom=0.231 mRSg=0.61 set=45(mx104,prim1.11) con=562.0 inst=32 ldT=0.224 | asc=0.006 gumsa=0.107 tenure=6.2y levy=10891785.5 resent(mean/max)=0.0/0.0 revs=768 | 76.0m eta14m
  !! SPATIAL: PACKED AND SPARSE AT ONCE (local 0.147 > 0.091 > regional 0.0192 /km2) on 13.1% of the land -- the population is NOT food-limited, it is failing to disperse; any carrying-capacity reading of this run is void
  ~~ demography: 11/16 in band  worst: m_5_15=0.0277(2.77x), frac_fatherless=0.0857(1.71x), band_med_adults=14.5(0.51x), surv_to_45=0.315(0.73x)
[12650/15000] pop=  3043 bd=  58 bigbd=12(med139.0) strat=0.0% giniC=0.679 dyn:eff=52.0 top=0.041 nlin=112 lpb=17.43/dom=0.227 mRSg=0.607 set=41(mx92,prim1.06) con=516.0 inst=31 ldT=0.189 | asc=0.004 gumsa=0.103 tenure=6.2y levy=9490897.9 resent(mean/max)=0.0/0.0 revs=772 | 76.1m eta14m
  !! SPATIAL: PACKED AND SPARSE AT ONCE (local 0.154 > 0.091 > regional 0.0192 /km2) on 12.5% of the land -- the population is NOT food-limited, it is failing to disperse; any carrying-capacity reading of this run is void
  ~~ demography: 12/16 in band  worst: m_5_15=0.0277(2.77x), band_med_adults=14(0.50x), surv_to_45=0.315(0.73x), realised_ibi_med=31(0.90x)
[12675/15000] pop=  3049 bd=  57 bigbd=12(med141.0) strat=0.0% giniC=0.675 dyn:eff=52.5 top=0.04 nlin=112 lpb=17.53/dom=0.236 mRSg=0.612 set=43(mx102,prim1.05) con=540.0 inst=32 ldT=0.123 | asc=0.011 gumsa=0.263 tenure=6.2y levy=10381282.5 resent(mean/max)=0.0/0.0 revs=772 | 76.2m eta14m
  !! SPATIAL: PACKED AND SPARSE AT ONCE (local 0.151 > 0.091 > regional 0.0195 /km2) on 12.9% of the land -- the population is NOT food-limited, it is failing to disperse; any carrying-capacity reading of this run is void
  ~~ demography: 12/16 in band  worst: m_5_15=0.0277(2.77x), band_med_adults=14(0.50x), surv_to_45=0.315(0.73x), realised_ibi_med=31(0.90x)
[12700/15000] pop=  3088 bd=  55 bigbd=12(med146.0) strat=0.0% giniC=0.674 dyn:eff=53.3 top=0.039 nlin=112 lpb=18.02/dom=0.241 mRSg=0.611 set=42(mx112,prim1.06) con=542.0 inst=31 ldT=0.204 | asc=0.015 gumsa=0.255 tenure=6.2y levy=12162312.5 resent(mean/max)=0.0/0.0 revs=776 | 76.3m eta14m
  !! SPATIAL: PACKED AND SPARSE AT ONCE (local 0.142 > 0.091 > regional 0.0196 /km2) on 13.8% of the land -- the population is NOT food-limited, it is failing to disperse; any carrying-capacity reading of this run is void
  ~~ demography: 11/16 in band  worst: m_5_15=0.0277(2.77x), frac_motherless=0.0097(0.48x), band_med_adults=14(0.50x), surv_to_45=0.315(0.73x)
[12725/15000] pop=  3102 bd=  56 bigbd=12(med146.5) strat=0.0% giniC=0.672 dyn:eff=53.0 top=0.038 nlin=110 lpb=17.82/dom=0.228 mRSg=0.61 set=41(mx104,prim1.02) con=486.0 inst=29 ldT=0.296 | asc=0.012 gumsa=0.232 tenure=6.2y levy=8169620.7 resent(mean/max)=0.0/0.0 revs=782 | 76.4m eta14m
  !! SPATIAL: PACKED AND SPARSE AT ONCE (local 0.149 > 0.091 > regional 0.0198 /km2) on 13.3% of the land -- the population is NOT food-limited, it is failing to disperse; any carrying-capacity reading of this run is void
  ~~ demography: 12/16 in band  worst: m_5_15=0.0277(2.77x), band_med_adults=14.5(0.51x), surv_to_45=0.316(0.73x), realised_ibi_med=31(0.90x)
[12750/15000] pop=  3136 bd=  54 bigbd=13(med146) strat=0.0% giniC=0.671 dyn:eff=53.6 top=0.04 nlin=112 lpb=18.28/dom=0.231 mRSg=0.602 set=39(mx110,prim1.07) con=602.0 inst=38 ldT=0.113 | asc=0.013 gumsa=0.278 tenure=6.2y levy=6692353.1 resent(mean/max)=0.0/0.0 revs=784 | 76.5m eta13m
  !! SPATIAL: PACKED AND SPARSE AT ONCE (local 0.159 > 0.091 > regional 0.0201 /km2) on 12.6% of the land -- the population is NOT food-limited, it is failing to disperse; any carrying-capacity reading of this run is void
  ~~ demography: 12/16 in band  worst: m_5_15=0.0276(2.76x), band_med_adults=15(0.53x), surv_to_45=0.316(0.73x), realised_ibi_med=31(0.90x)
[12775/15000] pop=  3184 bd=  55 bigbd=12(med151.5) strat=0.0% giniC=0.666 dyn:eff=53.8 top=0.041 nlin=113 lpb=18.05/dom=0.222 mRSg=0.605 set=41(mx118,prim1.12) con=599.0 inst=32 ldT=0.259 | asc=0.011 gumsa=0.309 tenure=6.2y levy=10148468.1 resent(mean/max)=0.0/0.0 revs=787 | 76.6m eta13m
  !! SPATIAL: PACKED AND SPARSE AT ONCE (local 0.148 > 0.091 > regional 0.0201 /km2) on 13.6% of the land -- the population is NOT food-limited, it is failing to disperse; any carrying-capacity reading of this run is void
  ~~ demography: 12/16 in band  worst: m_5_15=0.0276(2.76x), band_med_adults=14(0.50x), surv_to_45=0.316(0.73x), realised_ibi_med=31(0.90x)
[12800/15000] pop=  3188 bd=  57 bigbd=13(med148) strat=0.0% giniC=0.664 dyn:eff=53.2 top=0.041 nlin=113 lpb=18.02/dom=0.22 mRSg=0.603 set=39(mx115,prim1.05) con=800.0 inst=33 ldT=0.185 | asc=0.009 gumsa=0.281 tenure=6.2y levy=8742291.1 resent(mean/max)=0.0/0.0 revs=793 | 76.7m eta13m
  !! SPATIAL: PACKED AND SPARSE AT ONCE (local 0.153 > 0.091 > regional 0.0198 /km2) on 12.9% of the land -- the population is NOT food-limited, it is failing to disperse; any carrying-capacity reading of this run is void
  ~~ demography: 11/16 in band  worst: m_5_15=0.0277(2.77x), frac_fatherless=0.0976(1.95x), band_med_adults=12(0.43x), surv_to_45=0.316(0.73x)
[12825/15000] pop=  3129 bd=  62 bigbd=13(med146) strat=0.0% giniC=0.658 dyn:eff=53.2 top=0.042 nlin=115 lpb=17.1/dom=0.234 mRSg=0.601 set=41(mx116,prim1.23) con=620.0 inst=24 ldT=0.259 | asc=0.007 gumsa=0.194 tenure=6.2y levy=7107604.5 resent(mean/max)=0.0/0.0 revs=794 | 76.8m eta13m
  !! SPATIAL: PACKED AND SPARSE AT ONCE (local 0.150 > 0.091 > regional 0.0195 /km2) on 13.0% of the land -- the population is NOT food-limited, it is failing to disperse; any carrying-capacity reading of this run is void
  ~~ demography: 11/16 in band  worst: m_5_15=0.0277(2.77x), frac_fatherless=0.0794(1.59x), band_med_adults=12(0.43x), surv_to_45=0.315(0.73x)
[12850/15000] pop=  3089 bd=  59 bigbd=14(med148.0) strat=0.0% giniC=0.653 dyn:eff=53.2 top=0.041 nlin=114 lpb=17.34/dom=0.23 mRSg=0.583 set=42(mx126,prim1.07) con=755.0 inst=21 ldT=0.241 | asc=0.006 gumsa=0.203 tenure=6.2y levy=10062894.9 resent(mean/max)=0.0/0.0 revs=794 | 76.9m eta13m
  !! SPATIAL: PACKED AND SPARSE AT ONCE (local 0.142 > 0.091 > regional 0.0195 /km2) on 13.8% of the land -- the population is NOT food-limited, it is failing to disperse; any carrying-capacity reading of this run is void
  ~~ demography: 12/16 in band  worst: m_5_15=0.0277(2.77x), band_med_adults=12(0.43x), surv_to_45=0.315(0.73x), realised_ibi_med=31(0.90x)
[12875/15000] pop=  3090 bd=  64 bigbd=13(med144) strat=0.0% giniC=0.654 dyn:eff=52.8 top=0.042 nlin=113 lpb=16.91/dom=0.229 mRSg=0.578 set=44(mx108,prim1.24) con=659.0 inst=29 ldT=0.286 | asc=0.002 gumsa=0.094 tenure=6.3y levy=10691181.7 resent(mean/max)=0.0/0.0 revs=796 | 77.0m eta13m
  !! SPATIAL: PACKED AND SPARSE AT ONCE (local 0.146 > 0.091 > regional 0.0198 /km2) on 13.6% of the land -- the population is NOT food-limited, it is failing to disperse; any carrying-capacity reading of this run is void
  ~~ demography: 12/16 in band  worst: m_5_15=0.0277(2.77x), band_med_adults=15(0.53x), surv_to_45=0.315(0.73x), realised_ibi_med=31(0.90x)
[12900/15000] pop=  3135 bd=  60 bigbd=14(med144.0) strat=0.0% giniC=0.651 dyn:eff=52.6 top=0.043 nlin=114 lpb=18.05/dom=0.22 mRSg=0.585 set=44(mx116,prim1.26) con=686.0 inst=29 ldT=0.309 | asc=0.012 gumsa=0.25 tenure=6.3y levy=10486323.0 resent(mean/max)=0.0/0.0 revs=798 | 77.1m eta13m
  !! SPATIAL: PACKED AND SPARSE AT ONCE (local 0.157 > 0.091 > regional 0.0196 /km2) on 12.5% of the land -- the population is NOT food-limited, it is failing to disperse; any carrying-capacity reading of this run is void
  ~~ demography: 12/16 in band  worst: m_5_15=0.0277(2.77x), band_med_adults=14(0.50x), surv_to_45=0.315(0.73x), realised_ibi_med=31(0.90x)
[12925/15000] pop=  3099 bd=  59 bigbd=14(med145.0) strat=0.0% giniC=0.651 dyn:eff=52.0 top=0.045 nlin=114 lpb=17.59/dom=0.229 mRSg=0.579 set=46(mx104,prim1.12) con=554.0 inst=40 ldT=0.351 | asc=0.015 gumsa=0.254 tenure=6.3y levy=8618864.2 resent(mean/max)=0.0/0.0 revs=802 | 77.2m eta12m
  !! SPATIAL: PACKED AND SPARSE AT ONCE (local 0.160 > 0.091 > regional 0.0191 /km2) on 12.0% of the land -- the population is NOT food-limited, it is failing to disperse; any carrying-capacity reading of this run is void
  ~~ demography: 11/16 in band  worst: m_5_15=0.0277(2.77x), frac_fatherless=0.0789(1.58x), band_med_adults=14(0.50x), surv_to_45=0.315(0.73x)
[12950/15000] pop=  3033 bd=  59 bigbd=13(med151) strat=0.0% giniC=0.656 dyn:eff=51.7 top=0.046 nlin=113 lpb=17.22/dom=0.224 mRSg=0.572 set=41(mx105,prim1.13) con=698.0 inst=26 ldT=0.185 | asc=0.013 gumsa=0.288 tenure=6.3y levy=10092064.2 resent(mean/max)=0.0/0.0 revs=805 | 77.3m eta12m
  !! SPATIAL: PACKED AND SPARSE AT ONCE (local 0.156 > 0.091 > regional 0.0195 /km2) on 12.5% of the land -- the population is NOT food-limited, it is failing to disperse; any carrying-capacity reading of this run is void
  ~~ demography: 12/16 in band  worst: m_5_15=0.0277(2.77x), band_med_adults=13(0.46x), surv_to_45=0.315(0.73x), realised_ibi_med=31(0.90x)
[12975/15000] pop=  3088 bd=  61 bigbd=13(med161) strat=0.0% giniC=0.647 dyn:eff=51.7 top=0.046 nlin=112 lpb=16.95/dom=0.226 mRSg=0.572 set=42(mx103,prim1.04) con=776.5 inst=31 ldT=0.237 | asc=0.015 gumsa=0.344 tenure=6.3y levy=10069367.3 resent(mean/max)=0.0/0.0 revs=807 | 77.5m eta12m
  !! SPATIAL: PACKED AND SPARSE AT ONCE (local 0.163 > 0.091 > regional 0.0193 /km2) on 11.9% of the land; band commands 303 km2, inside its own 314 km2 catchment (Vita-Finzi & Higgs) -- the population is NOT food-limited, it is failing to disperse; any carrying-capacity reading of this run is void
  ~~ demography: 12/16 in band  worst: m_5_15=0.0277(2.77x), band_med_adults=12(0.43x), surv_to_45=0.315(0.73x), realised_ibi_med=31(0.90x)
[13000/15000] pop=  3055 bd=  62 bigbd=13(med169) strat=0.0% giniC=0.64 dyn:eff=51.3 top=0.048 nlin=110 lpb=16.9/dom=0.245 mRSg=0.567 set=41(mx113,prim1.14) con=869.0 inst=26 ldT=0.175 | asc=0.009 gumsa=0.242 tenure=6.3y levy=7872065.5 resent(mean/max)=0.0/0.0 revs=809 | 77.6m eta12m
  !! SPATIAL: PACKED AND SPARSE AT ONCE (local 0.156 > 0.091 > regional 0.0196 /km2) on 12.6% of the land -- the population is NOT food-limited, it is failing to disperse; any carrying-capacity reading of this run is void
  ~~ demography: 12/16 in band  worst: m_5_15=0.0277(2.77x), band_med_adults=12(0.43x), surv_to_45=0.315(0.73x), realised_ibi_med=31(0.90x)
[13025/15000] pop=  3104 bd=  61 bigbd=13(med179) strat=0.0% giniC=0.639 dyn:eff=50.5 top=0.047 nlin=109 lpb=16.75/dom=0.248 mRSg=0.574 set=40(mx132,prim1.42) con=546.5 inst=28 ldT=0.164 | asc=0.007 gumsa=0.148 tenure=6.3y levy=8680583.1 resent(mean/max)=0.0/0.0 revs=811 | 77.7m eta12m
  !! SPATIAL: PACKED AND SPARSE AT ONCE (local 0.150 > 0.091 > regional 0.0194 /km2) on 12.9% of the land -- the population is NOT food-limited, it is failing to disperse; any carrying-capacity reading of this run is void
  ~~ demography: 12/16 in band  worst: m_5_15=0.0277(2.77x), band_med_adults=13(0.46x), surv_to_45=0.315(0.73x), realised_ibi_med=31(0.90x)
[13050/15000] pop=  3069 bd=  60 bigbd=13(med168) strat=0.0% giniC=0.64 dyn:eff=50.8 top=0.048 nlin=109 lpb=17.23/dom=0.241 mRSg=0.59 set=40(mx99,prim1.06) con=521.0 inst=29 ldT=0.296 | asc=0.01 gumsa=0.2 tenure=6.3y levy=6168067.7 resent(mean/max)=0.0/0.0 revs=812 | 77.8m eta12m
  !! SPATIAL: PACKED AND SPARSE AT ONCE (local 0.149 > 0.091 > regional 0.0194 /km2) on 13.1% of the land -- the population is NOT food-limited, it is failing to disperse; any carrying-capacity reading of this run is void
  ~~ demography: 11/16 in band  worst: m_5_15=0.0277(2.77x), frac_fatherless=0.0827(1.65x), band_med_adults=13(0.46x), surv_to_45=0.315(0.73x)
[13075/15000] pop=  3079 bd=  58 bigbd=13(med175) strat=0.0% giniC=0.64 dyn:eff=51.5 top=0.044 nlin=110 lpb=17.34/dom=0.241 mRSg=0.591 set=40(mx110,prim1.02) con=684.0 inst=33 ldT=0.182 | asc=0.009 gumsa=0.241 tenure=6.3y levy=14931957.1 resent(mean/max)=0.0/0.0 revs=814 | 77.9m eta11m
  !! SPATIAL: PACKED AND SPARSE AT ONCE (local 0.152 > 0.091 > regional 0.0195 /km2) on 12.8% of the land -- the population is NOT food-limited, it is failing to disperse; any carrying-capacity reading of this run is void
  ~~ demography: 11/16 in band  worst: m_5_15=0.0277(2.77x), frac_fatherless=0.0962(1.92x), band_med_adults=14(0.50x), surv_to_45=0.315(0.73x)
[13100/15000] pop=  3087 bd=  56 bigbd=13(med176) strat=0.0% giniC=0.644 dyn:eff=51.4 top=0.047 nlin=112 lpb=17.84/dom=0.224 mRSg=0.595 set=40(mx108,prim1.0) con=821.5 inst=25 ldT=0.333 | asc=0.006 gumsa=0.232 tenure=6.3y levy=8035679.7 resent(mean/max)=0.0/0.0 revs=816 | 78.0m eta11m
  !! SPATIAL: PACKED AND SPARSE AT ONCE (local 0.145 > 0.091 > regional 0.0196 /km2) on 13.4% of the land -- the population is NOT food-limited, it is failing to disperse; any carrying-capacity reading of this run is void
  ~~ demography: 10/16 in band  worst: m_5_15=0.0277(2.77x), frac_motherless=0.0407(2.04x), frac_fatherless=0.0921(1.84x), band_med_adults=14(0.50x)
[13125/15000] pop=  3098 bd=  52 bigbd=14(med150.5) strat=0.0% giniC=0.642 dyn:eff=50.3 top=0.048 nlin=110 lpb=18.31/dom=0.233 mRSg=0.595 set=39(mx124,prim1.38) con=872.5 inst=31 ldT=0.28 | asc=0.007 gumsa=0.25 tenure=6.3y levy=9061567.4 resent(mean/max)=0.0/0.0 revs=818 | 78.1m eta11m
  !! SPATIAL: PACKED AND SPARSE AT ONCE (local 0.153 > 0.091 > regional 0.0198 /km2) on 12.9% of the land -- the population is NOT food-limited, it is failing to disperse; any carrying-capacity reading of this run is void
  ~~ demography: 12/16 in band  worst: m_5_15=0.0277(2.77x), band_med_adults=15(0.53x), surv_to_45=0.315(0.73x), realised_ibi_med=31(0.90x)
[13150/15000] pop=  3131 bd=  52 bigbd=14(med151.0) strat=0.0% giniC=0.636 dyn:eff=50.6 top=0.047 nlin=110 lpb=18.19/dom=0.24 mRSg=0.591 set=37(mx107,prim1.22) con=658.0 inst=33 ldT=0.245 | asc=0.009 gumsa=0.25 tenure=6.3y levy=9821604.2 resent(mean/max)=0.0/0.0 revs=818 | 78.2m eta11m
  !! SPATIAL: PACKED AND SPARSE AT ONCE (local 0.148 > 0.091 > regional 0.0193 /km2) on 13.1% of the land -- the population is NOT food-limited, it is failing to disperse; any carrying-capacity reading of this run is void
  ~~ demography: 12/16 in band  worst: m_5_15=0.0277(2.77x), band_med_adults=13.5(0.48x), surv_to_45=0.315(0.73x), realised_ibi_med=31(0.90x)
[13175/15000] pop=  3056 bd=  54 bigbd=13(med171) strat=0.0% giniC=0.645 dyn:eff=51.5 top=0.045 nlin=110 lpb=17.91/dom=0.232 mRSg=0.589 set=40(mx94,prim1.04) con=674.0 inst=30 ldT=0.312 | asc=0.011 gumsa=0.296 tenure=6.3y levy=10828137.8 resent(mean/max)=0.0/0.0 revs=819 | 78.3m eta11m
  !! SPATIAL: PACKED AND SPARSE AT ONCE (local 0.143 > 0.091 > regional 0.0190 /km2) on 13.3% of the land -- the population is NOT food-limited, it is failing to disperse; any carrying-capacity reading of this run is void
  ~~ demography: 11/16 in band  worst: m_5_15=0.0277(2.77x), frac_fatherless=0.0813(1.63x), band_med_adults=12(0.43x), surv_to_45=0.315(0.73x)
[13200/15000] pop=  3011 bd=  55 bigbd=14(med144.0) strat=0.0% giniC=0.644 dyn:eff=50.2 top=0.047 nlin=110 lpb=18.04/dom=0.232 mRSg=0.588 set=42(mx108,prim1.09) con=854.0 inst=31 ldT=0.392 | asc=0.017 gumsa=0.436 tenure=6.3y levy=8933687.7 resent(mean/max)=0.0/0.0 revs=821 | 78.4m eta11m
  !! SPATIAL: PACKED AND SPARSE AT ONCE (local 0.159 > 0.091 > regional 0.0189 /km2) on 11.9% of the land -- the population is NOT food-limited, it is failing to disperse; any carrying-capacity reading of this run is void
  ~~ demography: 11/16 in band  worst: m_5_15=0.0277(2.77x), frac_fatherless=0.0853(1.71x), band_med_adults=14(0.50x), surv_to_45=0.315(0.73x)
[13225/15000] pop=  2991 bd=  51 bigbd=13(med176) strat=0.0% giniC=0.642 dyn:eff=50.8 top=0.047 nlin=112 lpb=18.96/dom=0.232 mRSg=0.594 set=39(mx106,prim1.07) con=694.0 inst=28 ldT=0.265 | asc=0.019 gumsa=0.451 tenure=6.3y levy=10068354.5 resent(mean/max)=0.0/0.0 revs=824 | 78.5m eta11m
  !! SPATIAL: PACKED AND SPARSE AT ONCE (local 0.149 > 0.091 > regional 0.0193 /km2) on 13.0% of the land -- the population is NOT food-limited, it is failing to disperse; any carrying-capacity reading of this run is void
  ~~ demography: 11/16 in band  worst: m_5_15=0.0277(2.77x), frac_fatherless=0.0789(1.58x), band_med_adults=15(0.53x), surv_to_45=0.315(0.73x)
[13250/15000] pop=  3060 bd=  51 bigbd=13(med173) strat=0.0% giniC=0.641 dyn:eff=49.3 top=0.05 nlin=112 lpb=19.27/dom=0.235 mRSg=0.596 set=41(mx103,prim1.13) con=796.0 inst=35 ldT=0.3 | asc=0.02 gumsa=0.451 tenure=6.3y levy=8838820.2 resent(mean/max)=0.0/0.0 revs=825 | 78.6m eta10m
  !! SPATIAL: PACKED AND SPARSE AT ONCE (local 0.154 > 0.091 > regional 0.0194 /km2) on 12.6% of the land -- the population is NOT food-limited, it is failing to disperse; any carrying-capacity reading of this run is void
  ~~ demography: 11/16 in band  worst: m_5_15=0.0277(2.77x), frac_fatherless=0.0814(1.63x), band_med_adults=14(0.50x), surv_to_45=0.315(0.73x)
[13275/15000] pop=  3073 bd=  53 bigbd=14(med147.5) strat=0.0% giniC=0.639 dyn:eff=51.4 top=0.051 nlin=114 lpb=19.21/dom=0.232 mRSg=0.594 set=43(mx98,prim1.1) con=796.0 inst=32 ldT=0.312 | asc=0.012 gumsa=0.321 tenure=6.3y levy=8469961.9 resent(mean/max)=0.0/0.0 revs=827 | 78.7m eta10m
  !! SPATIAL: PACKED AND SPARSE AT ONCE (local 0.149 > 0.091 > regional 0.0193 /km2) on 12.9% of the land -- the population is NOT food-limited, it is failing to disperse; any carrying-capacity reading of this run is void
  ~~ demography: 12/16 in band  worst: m_5_15=0.0277(2.77x), band_med_adults=15(0.53x), surv_to_45=0.315(0.73x), realised_ibi_med=31(0.90x)
[13300/15000] pop=  3057 bd=  55 bigbd=14(med145.0) strat=0.0% giniC=0.639 dyn:eff=49.8 top=0.056 nlin=114 lpb=18.95/dom=0.228 mRSg=0.6 set=43(mx107,prim1.08) con=743.0 inst=36 ldT=0.388 | asc=0.014 gumsa=0.291 tenure=6.3y levy=6532360.5 resent(mean/max)=0.0/0.0 revs=829 | 78.9m eta10m
  !! SPATIAL: PACKED AND SPARSE AT ONCE (local 0.142 > 0.091 > regional 0.0192 /km2) on 13.5% of the land -- the population is NOT food-limited, it is failing to disperse; any carrying-capacity reading of this run is void
  ~~ demography: 12/16 in band  worst: m_5_15=0.0277(2.77x), band_med_adults=13(0.46x), surv_to_45=0.315(0.73x), realised_ibi_med=31(0.90x)
[13325/15000] pop=  3045 bd=  57 bigbd=13(med141) strat=0.0% giniC=0.641 dyn:eff=49.6 top=0.056 nlin=113 lpb=18.68/dom=0.216 mRSg=0.598 set=45(mx100,prim1.09) con=514.0 inst=28 ldT=0.286 | asc=0.012 gumsa=0.333 tenure=6.3y levy=8927385.4 resent(mean/max)=0.0/0.0 revs=830 | 79.0m eta10m
  !! SPATIAL: PACKED AND SPARSE AT ONCE (local 0.148 > 0.091 > regional 0.0195 /km2) on 13.1% of the land -- the population is NOT food-limited, it is failing to disperse; any carrying-capacity reading of this run is void
  ~~ demography: 11/16 in band  worst: m_5_15=0.0277(2.77x), frac_fatherless=0.0779(1.56x), band_med_adults=15(0.53x), surv_to_45=0.315(0.73x)
[13350/15000] pop=  3088 bd=  55 bigbd=13(med143) strat=0.0% giniC=0.636 dyn:eff=49.4 top=0.056 nlin=111 lpb=18.98/dom=0.222 mRSg=0.591 set=43(mx125,prim1.28) con=723.0 inst=24 ldT=0.222 | asc=0.018 gumsa=0.364 tenure=6.3y levy=8997042.7 resent(mean/max)=0.0/0.0 revs=832 | 79.1m eta10m
  !! SPATIAL: PACKED AND SPARSE AT ONCE (local 0.150 > 0.091 > regional 0.0195 /km2) on 13.0% of the land -- the population is NOT food-limited, it is failing to disperse; any carrying-capacity reading of this run is void
  ~~ demography: 12/16 in band  worst: m_5_15=0.0277(2.77x), band_med_adults=16(0.57x), surv_to_45=0.315(0.73x), realised_ibi_med=31(0.90x)
[13375/15000] pop=  3094 bd=  51 bigbd=14(med138.5) strat=0.0% giniC=0.639 dyn:eff=49.5 top=0.054 nlin=110 lpb=20.27/dom=0.209 mRSg=0.584 set=42(mx101,prim1.04) con=604.0 inst=29 ldT=0.34 | asc=0.018 gumsa=0.412 tenure=6.3y levy=8727706.4 resent(mean/max)=0.0/0.0 revs=833 | 79.2m eta10m
  !! SPATIAL: PACKED AND SPARSE AT ONCE (local 0.153 > 0.091 > regional 0.0193 /km2) on 12.6% of the land -- the population is NOT food-limited, it is failing to disperse; any carrying-capacity reading of this run is void
  ~~ demography: 12/16 in band  worst: m_5_15=0.0277(2.77x), band_med_adults=14.5(0.51x), surv_to_45=0.315(0.73x), realised_ibi_med=31(0.90x)
[13400/15000] pop=  3051 bd=  54 bigbd=13(med148) strat=0.0% giniC=0.644 dyn:eff=50.4 top=0.053 nlin=110 lpb=19.33/dom=0.209 mRSg=0.59 set=42(mx115,prim1.11) con=575.0 inst=20 ldT=0.208 | asc=0.015 gumsa=0.333 tenure=6.3y levy=9365518.8 resent(mean/max)=0.0/0.0 revs=835 | 79.3m eta9m
  !! SPATIAL: PACKED AND SPARSE AT ONCE (local 0.147 > 0.091 > regional 0.0194 /km2) on 13.3% of the land -- the population is NOT food-limited, it is failing to disperse; any carrying-capacity reading of this run is void
  ~~ demography: 11/16 in band  worst: m_5_15=0.0277(2.77x), frac_fatherless=0.0803(1.61x), band_med_adults=15.5(0.55x), surv_to_45=0.315(0.73x)
[13425/15000] pop=  3080 bd=  52 bigbd=13(med160) strat=0.0% giniC=0.642 dyn:eff=49.8 top=0.055 nlin=109 lpb=19.63/dom=0.206 mRSg=0.595 set=39(mx98,prim1.0) con=550.0 inst=40 ldT=0.22 | asc=0.017 gumsa=0.385 tenure=6.3y levy=9738149.0 resent(mean/max)=0.0/0.0 revs=836 | 79.4m eta9m
  !! SPATIAL: PACKED AND SPARSE AT ONCE (local 0.156 > 0.091 > regional 0.0197 /km2) on 12.7% of the land -- the population is NOT food-limited, it is failing to disperse; any carrying-capacity reading of this run is void
  ~~ demography: 11/16 in band  worst: m_5_15=0.0277(2.77x), frac_fatherless=0.0945(1.89x), band_med_adults=14(0.50x), surv_to_45=0.315(0.73x)
[13450/15000] pop=  3126 bd=  55 bigbd=14(med143.0) strat=0.0% giniC=0.643 dyn:eff=49.4 top=0.057 nlin=109 lpb=19.05/dom=0.213 mRSg=0.598 set=41(mx111,prim1.06) con=484.5 inst=32 ldT=0.235 | asc=0.016 gumsa=0.418 tenure=6.3y levy=11841880.6 resent(mean/max)=0.0/0.0 revs=837 | 79.5m eta9m
  !! SPATIAL: PACKED AND SPARSE AT ONCE (local 0.157 > 0.091 > regional 0.0198 /km2) on 12.6% of the land -- the population is NOT food-limited, it is failing to disperse; any carrying-capacity reading of this run is void
  ~~ demography: 11/16 in band  worst: m_5_15=0.0277(2.77x), frac_fatherless=0.0909(1.82x), band_med_adults=15(0.53x), surv_to_45=0.315(0.73x)
[13475/15000] pop=  3129 bd=  53 bigbd=13(med136) strat=0.0% giniC=0.648 dyn:eff=48.4 top=0.057 nlin=108 lpb=19.55/dom=0.215 mRSg=0.599 set=43(mx116,prim1.15) con=517.0 inst=36 ldT=0.275 | asc=0.02 gumsa=0.491 tenure=6.3y levy=9077769.7 resent(mean/max)=0.0/0.0 revs=838 | 79.6m eta9m
  !! SPATIAL: PACKED AND SPARSE AT ONCE (local 0.161 > 0.091 > regional 0.0199 /km2) on 12.4% of the land -- the population is NOT food-limited, it is failing to disperse; any carrying-capacity reading of this run is void
  ~~ demography: 12/16 in band  worst: m_5_15=0.0277(2.77x), band_med_adults=16(0.57x), surv_to_45=0.315(0.73x), realised_ibi_med=31(0.90x)
[13500/15000] pop=  3147 bd=  53 bigbd=13(med137) strat=0.0% giniC=0.652 dyn:eff=48.9 top=0.058 nlin=107 lpb=19.47/dom=0.222 mRSg=0.593 set=42(mx107,prim1.04) con=533.0 inst=33 ldT=0.255 | asc=0.016 gumsa=0.377 tenure=6.3y levy=10189833.2 resent(mean/max)=0.0/0.0 revs=840 | 79.7m eta9m
  !! SPATIAL: PACKED AND SPARSE AT ONCE (local 0.153 > 0.091 > regional 0.0201 /km2) on 13.1% of the land -- the population is NOT food-limited, it is failing to disperse; any carrying-capacity reading of this run is void
  ~~ demography: 12/16 in band  worst: m_5_15=0.0276(2.76x), band_med_adults=16(0.57x), surv_to_45=0.315(0.73x), realised_ibi_med=31(0.90x)
[13525/15000] pop=  3187 bd=  52 bigbd=13(med144) strat=0.0% giniC=0.656 dyn:eff=49.9 top=0.058 nlin=108 lpb=19.63/dom=0.221 mRSg=0.594 set=41(mx128,prim1.31) con=516.0 inst=23 ldT=0.294 | asc=0.015 gumsa=0.404 tenure=6.3y levy=11750216.3 resent(mean/max)=0.0/0.0 revs=843 | 79.8m eta9m
  !! SPATIAL: PACKED AND SPARSE AT ONCE (local 0.153 > 0.091 > regional 0.0200 /km2) on 13.1% of the land -- the population is NOT food-limited, it is failing to disperse; any carrying-capacity reading of this run is void
  ~~ demography: 12/16 in band  worst: m_5_15=0.0277(2.77x), band_med_adults=14(0.50x), surv_to_45=0.315(0.73x), realised_ibi_med=31(0.90x)
[13550/15000] pop=  3175 bd=  56 bigbd=14(med132.0) strat=0.0% giniC=0.66 dyn:eff=49.7 top=0.055 nlin=107 lpb=18.62/dom=0.231 mRSg=0.588 set=43(mx114,prim1.11) con=475.0 inst=28 ldT=0.327 | asc=0.007 gumsa=0.196 tenure=6.3y levy=8645265.7 resent(mean/max)=0.0/0.0 revs=845 | 80.0m eta9m
  !! SPATIAL: PACKED AND SPARSE AT ONCE (local 0.150 > 0.091 > regional 0.0200 /km2) on 13.3% of the land -- the population is NOT food-limited, it is failing to disperse; any carrying-capacity reading of this run is void
  ~~ demography: 12/16 in band  worst: m_5_15=0.0277(2.77x), band_med_adults=13.5(0.48x), surv_to_45=0.315(0.73x), realised_ibi_med=31(0.90x)
[13575/15000] pop=  3173 bd=  60 bigbd=13(med136) strat=0.0% giniC=0.664 dyn:eff=49.9 top=0.055 nlin=109 lpb=17.48/dom=0.255 mRSg=0.581 set=42(mx119,prim1.21) con=637.0 inst=29 ldT=0.286 | asc=0.009 gumsa=0.183 tenure=6.3y levy=9447429.1 resent(mean/max)=0.0/0.0 revs=845 | 80.1m eta8m
  !! SPATIAL: PACKED AND SPARSE AT ONCE (local 0.166 > 0.091 > regional 0.0200 /km2) on 12.0% of the land -- the population is NOT food-limited, it is failing to disperse; any carrying-capacity reading of this run is void
  ~~ demography: 12/16 in band  worst: m_5_15=0.0277(2.77x), band_med_adults=13(0.46x), surv_to_45=0.315(0.73x), realised_ibi_med=31(0.90x)
[13600/15000] pop=  3162 bd=  59 bigbd=13(med132) strat=0.0% giniC=0.67 dyn:eff=49.9 top=0.055 nlin=109 lpb=17.68/dom=0.253 mRSg=0.591 set=40(mx111,prim1.07) con=616.0 inst=26 ldT=0.211 | asc=0.012 gumsa=0.203 tenure=6.3y levy=7704629.1 resent(mean/max)=0.0/0.0 revs=847 | 80.2m eta8m
  !! SPATIAL: PACKED AND SPARSE AT ONCE (local 0.146 > 0.091 > regional 0.0199 /km2) on 13.6% of the land -- the population is NOT food-limited, it is failing to disperse; any carrying-capacity reading of this run is void
  ~~ demography: 12/16 in band  worst: m_5_15=0.0277(2.77x), band_med_adults=11(0.39x), surv_to_45=0.314(0.73x), realised_ibi_med=31(0.90x)
[13625/15000] pop=  3149 bd=  61 bigbd=13(med133) strat=0.0% giniC=0.676 dyn:eff=49.0 top=0.057 nlin=109 lpb=16.79/dom=0.262 mRSg=0.588 set=43(mx107,prim1.16) con=514.0 inst=34 ldT=0.193 | asc=0.013 gumsa=0.246 tenure=6.3y levy=10616081.7 resent(mean/max)=0.0/0.0 revs=848 | 80.3m eta8m
  !! SPATIAL: PACKED AND SPARSE AT ONCE (local 0.159 > 0.091 > regional 0.0197 /km2) on 12.4% of the land -- the population is NOT food-limited, it is failing to disperse; any carrying-capacity reading of this run is void
  ~~ demography: 12/16 in band  worst: m_5_15=0.0277(2.77x), band_med_adults=13(0.46x), surv_to_45=0.314(0.73x), realised_ibi_med=31(0.90x)
[13650/15000] pop=  3124 bd=  60 bigbd=13(med125) strat=0.0% giniC=0.68 dyn:eff=49.3 top=0.057 nlin=111 lpb=17.07/dom=0.253 mRSg=0.595 set=42(mx118,prim1.26) con=461.0 inst=30 ldT=0.263 | asc=0.015 gumsa=0.3 tenure=6.3y levy=7649782.6 resent(mean/max)=0.0/0.0 revs=851 | 80.4m eta8m
  !! SPATIAL: PACKED AND SPARSE AT ONCE (local 0.157 > 0.091 > regional 0.0195 /km2) on 12.4% of the land -- the population is NOT food-limited, it is failing to disperse; any carrying-capacity reading of this run is void
  ~~ demography: 11/16 in band  worst: m_5_15=0.0277(2.77x), frac_fatherless=0.0761(1.52x), band_med_adults=14(0.50x), surv_to_45=0.314(0.73x)
[13675/15000] pop=  3094 bd=  62 bigbd=14(med112.0) strat=0.0% giniC=0.671 dyn:eff=49.7 top=0.056 nlin=111 lpb=17.02/dom=0.251 mRSg=0.595 set=43(mx107,prim1.1) con=331.0 inst=33 ldT=0.362 | asc=0.017 gumsa=0.226 tenure=6.3y levy=8710846.8 resent(mean/max)=0.0/0.0 revs=852 | 80.5m eta8m
  !! SPATIAL: PACKED AND SPARSE AT ONCE (local 0.159 > 0.091 > regional 0.0194 /km2) on 12.2% of the land; band commands 313 km2, inside its own 314 km2 catchment (Vita-Finzi & Higgs) -- the population is NOT food-limited, it is failing to disperse; any carrying-capacity reading of this run is void
  ~~ demography: 11/16 in band  worst: m_5_15=0.0277(2.77x), frac_motherless=0.007(0.35x), band_med_adults=12.5(0.44x), surv_to_45=0.314(0.73x)
[13700/15000] pop=  3080 bd=  62 bigbd=13(med127) strat=0.0% giniC=0.671 dyn:eff=50.9 top=0.056 nlin=113 lpb=16.76/dom=0.252 mRSg=0.599 set=40(mx138,prim1.22) con=527.0 inst=31 ldT=0.217 | asc=0.008 gumsa=0.145 tenure=6.3y levy=8440489.9 resent(mean/max)=0.0/0.0 revs=857 | 80.6m eta8m
  !! SPATIAL: PACKED AND SPARSE AT ONCE (local 0.156 > 0.091 > regional 0.0196 /km2) on 12.6% of the land -- the population is NOT food-limited, it is failing to disperse; any carrying-capacity reading of this run is void
  ~~ demography: 11/16 in band  worst: m_5_15=0.0277(2.77x), frac_motherless=0.0041(0.21x), band_med_adults=15(0.53x), surv_to_45=0.315(0.73x)
[13725/15000] pop=  3110 bd=  59 bigbd=13(med124) strat=0.0% giniC=0.671 dyn:eff=50.9 top=0.056 nlin=113 lpb=17.47/dom=0.254 mRSg=0.606 set=40(mx117,prim1.14) con=526.0 inst=23 ldT=0.271 | asc=0.011 gumsa=0.288 tenure=6.3y levy=8573693.1 resent(mean/max)=0.0/0.0 revs=858 | 80.7m eta7m
  !! SPATIAL: PACKED AND SPARSE AT ONCE (local 0.145 > 0.091 > regional 0.0197 /km2) on 13.6% of the land -- the population is NOT food-limited, it is failing to disperse; any carrying-capacity reading of this run is void
  ~~ demography: 12/16 in band  worst: m_5_15=0.0277(2.77x), band_med_adults=14(0.50x), surv_to_45=0.315(0.73x), realised_ibi_med=31(0.90x)
[13750/15000] pop=  3115 bd=  59 bigbd=15(med109) strat=0.0% giniC=0.668 dyn:eff=49.8 top=0.06 nlin=113 lpb=17.51/dom=0.263 mRSg=0.608 set=42(mx136,prim1.42) con=466.5 inst=30 ldT=0.268 | asc=0.018 gumsa=0.424 tenure=6.3y levy=10415086.3 resent(mean/max)=0.0/0.0 revs=858 | 80.8m eta7m
  !! SPATIAL: PACKED AND SPARSE AT ONCE (local 0.159 > 0.091 > regional 0.0203 /km2) on 12.8% of the land -- the population is NOT food-limited, it is failing to disperse; any carrying-capacity reading of this run is void
  ~~ demography: 11/16 in band  worst: m_5_15=0.0277(2.77x), frac_motherless=0.0077(0.39x), band_med_adults=15(0.53x), surv_to_45=0.315(0.73x)
[13775/15000] pop=  3219 bd=  58 bigbd=15(med109) strat=0.0% giniC=0.671 dyn:eff=49.1 top=0.061 nlin=113 lpb=17.81/dom=0.268 mRSg=0.602 set=43(mx141,prim1.18) con=519.0 inst=34 ldT=0.316 | asc=0.016 gumsa=0.328 tenure=6.3y levy=11711737.3 resent(mean/max)=0.0/0.0 revs=858 | 80.9m eta7m
  !! SPATIAL: PACKED AND SPARSE AT ONCE (local 0.155 > 0.091 > regional 0.0207 /km2) on 13.4% of the land -- the population is NOT food-limited, it is failing to disperse; any carrying-capacity reading of this run is void
  ~~ demography: 12/16 in band  worst: m_5_15=0.0276(2.76x), band_med_adults=14(0.50x), surv_to_45=0.315(0.73x), realised_ibi_med=31(0.90x)
[13800/15000] pop=  3276 bd=  58 bigbd=15(med119) strat=0.0% giniC=0.666 dyn:eff=48.8 top=0.063 nlin=113 lpb=18.24/dom=0.267 mRSg=0.605 set=41(mx141,prim1.29) con=460.0 inst=33 ldT=0.268 | asc=0.02 gumsa=0.431 tenure=6.3y levy=11807612.1 resent(mean/max)=0.0/0.0 revs=858 | 81.1m eta7m
  !! SPATIAL: PACKED AND SPARSE AT ONCE (local 0.161 > 0.091 > regional 0.0205 /km2) on 12.7% of the land -- the population is NOT food-limited, it is failing to disperse; any carrying-capacity reading of this run is void
  ~~ demography: 11/16 in band  worst: m_5_15=0.0277(2.77x), frac_fatherless=0.09(1.80x), band_med_adults=12(0.43x), surv_to_45=0.315(0.73x)
[13825/15000] pop=  3246 bd=  62 bigbd=14(med122.0) strat=0.0% giniC=0.672 dyn:eff=47.7 top=0.067 nlin=111 lpb=16.69/dom=0.282 mRSg=0.601 set=40(mx135,prim1.05) con=509.0 inst=32 ldT=0.276 | asc=0.018 gumsa=0.419 tenure=6.3y levy=12426073.0 resent(mean/max)=0.0/0.0 revs=860 | 81.2m eta7m
  !! SPATIAL: PACKED AND SPARSE AT ONCE (local 0.164 > 0.091 > regional 0.0207 /km2) on 12.6% of the land; band commands 308 km2, inside its own 314 km2 catchment (Vita-Finzi & Higgs) -- the population is NOT food-limited, it is failing to disperse; any carrying-capacity reading of this run is void
  ~~ demography: 11/16 in band  worst: m_5_15=0.0277(2.77x), frac_fatherless=0.0825(1.65x), band_med_adults=11(0.39x), surv_to_45=0.315(0.73x)
[13850/15000] pop=  3280 bd=  65 bigbd=14(med119.5) strat=0.0% giniC=0.677 dyn:eff=47.6 top=0.068 nlin=112 lpb=16.22/dom=0.284 mRSg=0.595 set=39(mx115,prim1.06) con=517.0 inst=27 ldT=0.23 | asc=0.025 gumsa=0.4 tenure=6.3y levy=10008745.5 resent(mean/max)=0.0/0.0 revs=861 | 81.3m eta7m
  !! SPATIAL: PACKED AND SPARSE AT ONCE (local 0.151 > 0.091 > regional 0.0200 /km2) on 13.3% of the land -- the population is NOT food-limited, it is failing to disperse; any carrying-capacity reading of this run is void
  ~~ demography: 10/16 in band  worst: m_5_15=0.0277(2.77x), frac_fatherless=0.0832(1.66x), frac_motherless=0.0325(1.62x), band_med_adults=12(0.43x)
[13875/15000] pop=  3169 bd=  63 bigbd=14(med108.0) strat=0.0% giniC=0.688 dyn:eff=46.8 top=0.072 nlin=113 lpb=16.49/dom=0.262 mRSg=0.591 set=43(mx111,prim1.21) con=442.0 inst=21 ldT=0.351 | asc=0.024 gumsa=0.349 tenure=6.3y levy=8025377.6 resent(mean/max)=0.0/0.0 revs=863 | 81.5m eta7m
  !! SPATIAL: PACKED AND SPARSE AT ONCE (local 0.155 > 0.091 > regional 0.0200 /km2) on 12.9% of the land -- the population is NOT food-limited, it is failing to disperse; any carrying-capacity reading of this run is void
  ~~ demography: 11/16 in band  worst: m_5_15=0.0277(2.77x), band_med_adults=12(0.43x), frac_fatherless=0.0774(1.55x), surv_to_45=0.314(0.73x)
[13900/15000] pop=  3169 bd=  60 bigbd=13(med114) strat=0.0% giniC=0.692 dyn:eff=45.8 top=0.074 nlin=113 lpb=17.0/dom=0.259 mRSg=0.588 set=40(mx103,prim1.01) con=493.0 inst=22 ldT=0.305 | asc=0.031 gumsa=0.383 tenure=6.3y levy=8295915.0 resent(mean/max)=0.0/0.0 revs=864 | 81.6m eta6m
  !! SPATIAL: PACKED AND SPARSE AT ONCE (local 0.151 > 0.091 > regional 0.0199 /km2) on 13.1% of the land -- the population is NOT food-limited, it is failing to disperse; any carrying-capacity reading of this run is void
  ~~ demography: 11/16 in band  worst: m_5_15=0.0277(2.77x), frac_fatherless=0.0776(1.55x), band_med_adults=13(0.46x), surv_to_45=0.314(0.73x)
[13925/15000] pop=  3145 bd=  56 bigbd=13(med123) strat=0.0% giniC=0.697 dyn:eff=46.1 top=0.077 nlin=115 lpb=17.75/dom=0.251 mRSg=0.591 set=40(mx116,prim1.17) con=516.0 inst=26 ldT=0.236 | asc=0.025 gumsa=0.375 tenure=6.3y levy=10355002.5 resent(mean/max)=0.0/0.0 revs=864 | 81.7m eta6m
  !! SPATIAL: PACKED AND SPARSE AT ONCE (local 0.158 > 0.091 > regional 0.0198 /km2) on 12.6% of the land -- the population is NOT food-limited, it is failing to disperse; any carrying-capacity reading of this run is void
  ~~ demography: 11/16 in band  worst: m_5_15=0.0277(2.77x), frac_fatherless=0.0791(1.58x), band_med_adults=13(0.46x), surv_to_45=0.314(0.73x)
[13950/15000] pop=  3136 bd=  55 bigbd=14(med118.0) strat=0.0% giniC=0.698 dyn:eff=46.6 top=0.075 nlin=116 lpb=17.8/dom=0.252 mRSg=0.586 set=39(mx103,prim1.05) con=444.0 inst=26 ldT=0.25 | asc=0.007 gumsa=0.182 tenure=6.3y levy=11450969.0 resent(mean/max)=0.0/0.0 revs=867 | 81.8m eta6m
  !! SPATIAL: PACKED AND SPARSE AT ONCE (local 0.146 > 0.091 > regional 0.0193 /km2) on 13.2% of the land -- the population is NOT food-limited, it is failing to disperse; any carrying-capacity reading of this run is void
  ~~ demography: 11/16 in band  worst: m_5_15=0.0277(2.77x), frac_fatherless=0.0956(1.91x), band_med_adults=12(0.43x), surv_to_45=0.314(0.73x)
[13975/15000] pop=  3052 bd=  58 bigbd=13(med118) strat=0.0% giniC=0.695 dyn:eff=47.0 top=0.074 nlin=115 lpb=16.97/dom=0.261 mRSg=0.59 set=42(mx105,prim1.09) con=501.5 inst=32 ldT=0.538 | asc=0.009 gumsa=0.224 tenure=6.3y levy=6507862.0 resent(mean/max)=0.0/0.0 revs=869 | 81.9m eta6m
  !! SPATIAL: PACKED AND SPARSE AT ONCE (local 0.156 > 0.091 > regional 0.0193 /km2) on 12.4% of the land -- the population is NOT food-limited, it is failing to disperse; any carrying-capacity reading of this run is void
  ~~ demography: 11/16 in band  worst: m_5_15=0.0277(2.77x), frac_fatherless=0.0813(1.63x), band_med_adults=14(0.50x), surv_to_45=0.314(0.73x)
[14000/15000] pop=  3060 bd=  53 bigbd=13(med125) strat=0.0% giniC=0.691 dyn:eff=46.5 top=0.076 nlin=115 lpb=17.85/dom=0.242 mRSg=0.587 set=42(mx107,prim1.01) con=639.5 inst=31 ldT=0.255 | asc=0.003 gumsa=0.113 tenure=6.3y levy=7302042.4 resent(mean/max)=0.0/0.0 revs=870 | 82.0m eta6m
  !! SPATIAL: PACKED AND SPARSE AT ONCE (local 0.150 > 0.091 > regional 0.0196 /km2) on 13.1% of the land -- the population is NOT food-limited, it is failing to disperse; any carrying-capacity reading of this run is void
  ~~ demography: 12/16 in band  worst: m_5_15=0.0277(2.77x), band_med_adults=13(0.46x), surv_to_45=0.314(0.73x), realised_ibi_med=31(0.90x)
[14025/15000] pop=  3112 bd=  55 bigbd=12(med134.0) strat=0.0% giniC=0.684 dyn:eff=46.0 top=0.078 nlin=116 lpb=17.53/dom=0.249 mRSg=0.586 set=40(mx122,prim1.16) con=659.0 inst=30 ldT=0.235 | asc=0.008 gumsa=0.218 tenure=6.3y levy=9035357.3 resent(mean/max)=0.0/0.0 revs=872 | 82.2m eta6m
  !! SPATIAL: PACKED AND SPARSE AT ONCE (local 0.159 > 0.091 > regional 0.0199 /km2) on 12.5% of the land -- the population is NOT food-limited, it is failing to disperse; any carrying-capacity reading of this run is void
  ~~ demography: 11/16 in band  worst: m_5_15=0.0277(2.77x), frac_fatherless=0.0955(1.91x), band_med_adults=12(0.43x), surv_to_45=0.314(0.73x)
[14050/15000] pop=  3151 bd=  55 bigbd=13(med123) strat=0.0% giniC=0.684 dyn:eff=44.8 top=0.082 nlin=116 lpb=17.02/dom=0.268 mRSg=0.591 set=39(mx117,prim1.16) con=651.0 inst=33 ldT=0.132 | asc=0.016 gumsa=0.273 tenure=6.3y levy=12099257.9 resent(mean/max)=0.0/0.0 revs=872 | 82.3m eta6m
  !! SPATIAL: PACKED AND SPARSE AT ONCE (local 0.158 > 0.091 > regional 0.0205 /km2) on 12.9% of the land -- the population is NOT food-limited, it is failing to disperse; any carrying-capacity reading of this run is void
  ~~ demography: 11/16 in band  worst: m_5_15=0.0277(2.77x), frac_fatherless=0.0782(1.56x), band_med_adults=14(0.50x), surv_to_45=0.314(0.73x)
[14075/15000] pop=  3241 bd=  55 bigbd=12(med123.5) strat=0.0% giniC=0.684 dyn:eff=44.4 top=0.083 nlin=116 lpb=17.49/dom=0.259 mRSg=0.588 set=43(mx140,prim1.43) con=632.0 inst=31 ldT=0.44 | asc=0.012 gumsa=0.164 tenure=6.3y levy=10016274.3 resent(mean/max)=0.0/0.0 revs=875 | 82.4m eta5m
  !! SPATIAL: PACKED AND SPARSE AT ONCE (local 0.148 > 0.091 > regional 0.0205 /km2) on 13.8% of the land -- the population is NOT food-limited, it is failing to disperse; any carrying-capacity reading of this run is void
  ~~ demography: 12/16 in band  worst: m_5_15=0.0277(2.77x), band_med_adults=12(0.43x), surv_to_45=0.314(0.73x), realised_ibi_med=31(0.90x)
[14100/15000] pop=  3241 bd=  55 bigbd=12(med125.5) strat=0.0% giniC=0.689 dyn:eff=44.0 top=0.082 nlin=116 lpb=17.62/dom=0.256 mRSg=0.58 set=39(mx123,prim1.16) con=610.0 inst=28 ldT=0.353 | asc=0.009 gumsa=0.2 tenure=6.3y levy=13731333.9 resent(mean/max)=0.0/0.0 revs=877 | 82.5m eta5m
  !! SPATIAL: PACKED AND SPARSE AT ONCE (local 0.161 > 0.091 > regional 0.0207 /km2) on 12.8% of the land -- the population is NOT food-limited, it is failing to disperse; any carrying-capacity reading of this run is void
  ~~ demography: 12/16 in band  worst: m_5_15=0.0277(2.77x), band_med_adults=12(0.43x), surv_to_45=0.314(0.73x), realised_ibi_med=31(0.90x)
[14125/15000] pop=  3277 bd=  56 bigbd=12(med130.0) strat=0.0% giniC=0.686 dyn:eff=44.5 top=0.081 nlin=115 lpb=17.39/dom=0.255 mRSg=0.585 set=41(mx121,prim1.12) con=571.0 inst=28 ldT=0.308 | asc=0.01 gumsa=0.25 tenure=6.3y levy=12805827.1 resent(mean/max)=0.0/0.0 revs=877 | 82.6m eta5m
  !! SPATIAL: PACKED AND SPARSE AT ONCE (local 0.152 > 0.091 > regional 0.0201 /km2) on 13.2% of the land -- the population is NOT food-limited, it is failing to disperse; any carrying-capacity reading of this run is void
  ~~ demography: 12/16 in band  worst: m_5_15=0.0277(2.77x), band_med_adults=12(0.43x), surv_to_45=0.314(0.73x), realised_ibi_med=31(0.90x)
[14150/15000] pop=  3182 bd=  57 bigbd=12(med127.0) strat=0.0% giniC=0.689 dyn:eff=45.1 top=0.077 nlin=115 lpb=16.89/dom=0.26 mRSg=0.589 set=43(mx115,prim1.16) con=673.5 inst=33 ldT=0.17 | asc=0.008 gumsa=0.14 tenure=6.3y levy=9903189.4 resent(mean/max)=0.0/0.0 revs=880 | 82.8m eta5m
  !! SPATIAL: PACKED AND SPARSE AT ONCE (local 0.151 > 0.091 > regional 0.0197 /km2) on 13.1% of the land -- the population is NOT food-limited, it is failing to disperse; any carrying-capacity reading of this run is void
  ~~ demography: 11/16 in band  worst: m_5_15=0.0278(2.78x), frac_fatherless=0.0894(1.79x), band_med_adults=12(0.43x), surv_to_45=0.314(0.73x)
[14175/15000] pop=  3128 bd=  59 bigbd=12(med131.5) strat=0.0% giniC=0.688 dyn:eff=45.3 top=0.074 nlin=115 lpb=16.58/dom=0.26 mRSg=0.597 set=42(mx139,prim1.39) con=500.0 inst=32 ldT=0.302 | asc=0.009 gumsa=0.237 tenure=6.3y levy=7782868.5 resent(mean/max)=0.0/0.0 revs=881 | 82.9m eta5m
  !! SPATIAL: PACKED AND SPARSE AT ONCE (local 0.156 > 0.091 > regional 0.0200 /km2) on 12.8% of the land -- the population is NOT food-limited, it is failing to disperse; any carrying-capacity reading of this run is void
  ~~ demography: 11/16 in band  worst: m_5_15=0.0277(2.77x), frac_fatherless=0.0821(1.64x), band_med_adults=13(0.46x), surv_to_45=0.314(0.73x)
[14200/15000] pop=  3167 bd=  57 bigbd=12(med140.5) strat=0.0% giniC=0.688 dyn:eff=46.8 top=0.071 nlin=117 lpb=17.0/dom=0.261 mRSg=0.601 set=42(mx121,prim1.12) con=681.0 inst=30 ldT=0.182 | asc=0.015 gumsa=0.316 tenure=6.3y levy=8955042.8 resent(mean/max)=0.0/0.0 revs=883 | 83.0m eta5m
  !! SPATIAL: PACKED AND SPARSE AT ONCE (local 0.165 > 0.091 > regional 0.0204 /km2) on 12.4% of the land -- the population is NOT food-limited, it is failing to disperse; any carrying-capacity reading of this run is void
  ~~ demography: 12/16 in band  worst: m_5_15=0.0277(2.77x), band_med_adults=12(0.43x), surv_to_45=0.314(0.73x), realised_ibi_med=31(0.90x)
[14225/15000] pop=  3227 bd=  55 bigbd=13(med131) strat=0.0% giniC=0.684 dyn:eff=46.0 top=0.072 nlin=117 lpb=17.16/dom=0.266 mRSg=0.598 set=41(mx121,prim1.21) con=844.0 inst=27 ldT=0.218 | asc=0.014 gumsa=0.364 tenure=6.3y levy=10139643.7 resent(mean/max)=0.0/0.0 revs=884 | 83.1m eta5m
  !! SPATIAL: PACKED AND SPARSE AT ONCE (local 0.157 > 0.091 > regional 0.0208 /km2) on 13.2% of the land -- the population is NOT food-limited, it is failing to disperse; any carrying-capacity reading of this run is void
  ~~ demography: 12/16 in band  worst: m_5_15=0.0277(2.77x), band_med_adults=13(0.46x), surv_to_45=0.314(0.73x), realised_ibi_med=31(0.90x)
[14250/15000] pop=  3289 bd=  56 bigbd=13(med138) strat=0.0% giniC=0.676 dyn:eff=45.5 top=0.073 nlin=117 lpb=17.04/dom=0.27 mRSg=0.605 set=42(mx114,prim1.01) con=871.0 inst=33 ldT=0.255 | asc=0.018 gumsa=0.411 tenure=6.3y levy=9581282.6 resent(mean/max)=0.0/0.0 revs=887 | 83.2m eta4m
  !! SPATIAL: PACKED AND SPARSE AT ONCE (local 0.153 > 0.091 > regional 0.0202 /km2) on 13.2% of the land -- the population is NOT food-limited, it is failing to disperse; any carrying-capacity reading of this run is void
  ~~ demography: 11/16 in band  worst: m_5_15=0.0277(2.77x), frac_fatherless=0.0768(1.54x), band_med_adults=14(0.50x), surv_to_45=0.314(0.73x)
[14275/15000] pop=  3201 bd=  51 bigbd=13(med133) strat=0.0% giniC=0.677 dyn:eff=44.7 top=0.074 nlin=115 lpb=18.43/dom=0.24 mRSg=0.613 set=41(mx134,prim1.22) con=657.0 inst=22 ldT=0.383 | asc=0.019 gumsa=0.451 tenure=6.3y levy=7666575.2 resent(mean/max)=0.0/0.0 revs=887 | 83.4m eta4m
  !! SPATIAL: PACKED AND SPARSE AT ONCE (local 0.147 > 0.091 > regional 0.0202 /km2) on 13.7% of the land -- the population is NOT food-limited, it is failing to disperse; any carrying-capacity reading of this run is void
  ~~ demography: 12/16 in band  worst: m_5_15=0.0277(2.77x), band_med_adults=14(0.50x), surv_to_45=0.314(0.73x), realised_ibi_med=31(0.90x)
[14300/15000] pop=  3196 bd=  52 bigbd=15(med119) strat=0.0% giniC=0.678 dyn:eff=44.6 top=0.074 nlin=115 lpb=18.29/dom=0.233 mRSg=0.608 set=41(mx120,prim1.11) con=856.0 inst=33 ldT=0.255 | asc=0.015 gumsa=0.385 tenure=6.3y levy=10452413.6 resent(mean/max)=0.0/0.0 revs=889 | 83.5m eta4m
  !! SPATIAL: PACKED AND SPARSE AT ONCE (local 0.157 > 0.091 > regional 0.0202 /km2) on 12.9% of the land -- the population is NOT food-limited, it is failing to disperse; any carrying-capacity reading of this run is void
  ~~ demography: 12/16 in band  worst: m_5_15=0.0277(2.77x), band_med_adults=13.5(0.48x), surv_to_45=0.314(0.73x), realised_ibi_med=31(0.90x)
[14325/15000] pop=  3194 bd=  54 bigbd=14(med129.0) strat=0.0% giniC=0.679 dyn:eff=43.6 top=0.076 nlin=115 lpb=18.56/dom=0.226 mRSg=0.606 set=42(mx106,prim1.05) con=726.0 inst=31 ldT=0.271 | asc=0.02 gumsa=0.389 tenure=6.3y levy=9992073.7 resent(mean/max)=0.0/0.0 revs=890 | 83.6m eta4m
  !! SPATIAL: PACKED AND SPARSE AT ONCE (local 0.145 > 0.091 > regional 0.0203 /km2) on 14.0% of the land -- the population is NOT food-limited, it is failing to disperse; any carrying-capacity reading of this run is void
  ~~ demography: 12/16 in band  worst: m_5_15=0.0277(2.77x), band_med_adults=14(0.50x), surv_to_45=0.314(0.73x), realised_ibi_med=31(0.90x)
[14350/15000] pop=  3217 bd=  53 bigbd=13(med141) strat=0.0% giniC=0.676 dyn:eff=43.9 top=0.074 nlin=115 lpb=18.7/dom=0.228 mRSg=0.602 set=44(mx105,prim1.06) con=761.0 inst=35 ldT=0.154 | asc=0.025 gumsa=0.453 tenure=6.3y levy=7720765.7 resent(mean/max)=0.0/0.0 revs=891 | 83.7m eta4m
  !! SPATIAL: PACKED AND SPARSE AT ONCE (local 0.164 > 0.091 > regional 0.0200 /km2) on 12.2% of the land -- the population is NOT food-limited, it is failing to disperse; any carrying-capacity reading of this run is void
  ~~ demography: 12/16 in band  worst: m_5_15=0.0277(2.77x), band_med_adults=14(0.50x), surv_to_45=0.314(0.73x), realised_ibi_med=31(0.90x)
[14375/15000] pop=  3175 bd=  53 bigbd=13(med150) strat=0.0% giniC=0.678 dyn:eff=44.0 top=0.075 nlin=115 lpb=18.72/dom=0.221 mRSg=0.607 set=47(mx117,prim1.03) con=596.0 inst=28 ldT=0.265 | asc=0.026 gumsa=0.453 tenure=6.3y levy=13307525.5 resent(mean/max)=0.0/0.0 revs=892 | 83.8m eta4m
  !! SPATIAL: PACKED AND SPARSE AT ONCE (local 0.142 > 0.091 > regional 0.0199 /km2) on 14.1% of the land -- the population is NOT food-limited, it is failing to disperse; any carrying-capacity reading of this run is void
  ~~ demography: 12/16 in band  worst: m_5_15=0.0278(2.78x), band_med_adults=15(0.53x), surv_to_45=0.314(0.73x), realised_ibi_med=31(0.90x)
[14400/15000] pop=  3158 bd=  51 bigbd=12(med161.0) strat=0.0% giniC=0.676 dyn:eff=44.2 top=0.075 nlin=116 lpb=19.04/dom=0.224 mRSg=0.603 set=42(mx110,prim1.11) con=655.0 inst=29 ldT=0.18 | asc=0.02 gumsa=0.373 tenure=6.3y levy=11466846.8 resent(mean/max)=0.0/0.0 revs=893 | 83.9m eta3m
  !! SPATIAL: PACKED AND SPARSE AT ONCE (local 0.153 > 0.091 > regional 0.0201 /km2) on 13.1% of the land -- the population is NOT food-limited, it is failing to disperse; any carrying-capacity reading of this run is void
  ~~ demography: 12/16 in band  worst: m_5_15=0.0277(2.77x), band_med_adults=15(0.53x), surv_to_45=0.314(0.73x), realised_ibi_med=31(0.90x)
[14425/15000] pop=  3178 bd=  51 bigbd=12(med155.5) strat=0.0% giniC=0.678 dyn:eff=43.7 top=0.075 nlin=115 lpb=18.61/dom=0.223 mRSg=0.599 set=42(mx105,prim1.13) con=677.0 inst=36 ldT=0.16 | asc=0.027 gumsa=0.49 tenure=6.3y levy=12762383.5 resent(mean/max)=0.0/0.0 revs=893 | 84.0m eta3m
  !! SPATIAL: PACKED AND SPARSE AT ONCE (local 0.157 > 0.091 > regional 0.0200 /km2) on 12.7% of the land -- the population is NOT food-limited, it is failing to disperse; any carrying-capacity reading of this run is void
  ~~ demography: 12/16 in band  worst: m_5_15=0.0278(2.78x), band_med_adults=14(0.50x), surv_to_45=0.314(0.73x), realised_ibi_med=31(0.90x)
[14450/15000] pop=  3165 bd=  53 bigbd=12(med152.5) strat=0.0% giniC=0.678 dyn:eff=44.0 top=0.073 nlin=115 lpb=18.38/dom=0.235 mRSg=0.598 set=45(mx122,prim1.2) con=570.0 inst=29 ldT=0.426 | asc=0.028 gumsa=0.434 tenure=6.3y levy=7767153.1 resent(mean/max)=0.0/0.0 revs=894 | 84.2m eta3m
  !! SPATIAL: PACKED AND SPARSE AT ONCE (local 0.169 > 0.091 > regional 0.0202 /km2) on 11.9% of the land -- the population is NOT food-limited, it is failing to disperse; any carrying-capacity reading of this run is void
  ~~ demography: 11/16 in band  worst: m_5_15=0.0277(2.77x), frac_motherless=0.0069(0.34x), band_med_adults=15(0.53x), surv_to_45=0.314(0.73x)
[14475/15000] pop=  3196 bd=  53 bigbd=12(med147.0) strat=0.0% giniC=0.676 dyn:eff=43.8 top=0.074 nlin=116 lpb=18.47/dom=0.229 mRSg=0.591 set=42(mx120,prim1.2) con=628.5 inst=28 ldT=0.25 | asc=0.019 gumsa=0.377 tenure=6.3y levy=13802328.1 resent(mean/max)=0.0/0.0 revs=894 | 84.3m eta3m
  !! SPATIAL: PACKED AND SPARSE AT ONCE (local 0.150 > 0.091 > regional 0.0200 /km2) on 13.3% of the land -- the population is NOT food-limited, it is failing to disperse; any carrying-capacity reading of this run is void
  ~~ demography: 12/16 in band  worst: m_5_15=0.0277(2.77x), band_med_adults=13(0.46x), surv_to_45=0.314(0.73x), realised_ibi_med=31(0.90x)
[14500/15000] pop=  3162 bd=  52 bigbd=12(med140.0) strat=0.0% giniC=0.675 dyn:eff=43.5 top=0.072 nlin=116 lpb=18.29/dom=0.236 mRSg=0.596 set=43(mx117,prim1.15) con=617.0 inst=25 ldT=0.3 | asc=0.018 gumsa=0.365 tenure=6.3y levy=10899990.4 resent(mean/max)=0.0/0.0 revs=895 | 84.4m eta3m
  !! SPATIAL: PACKED AND SPARSE AT ONCE (local 0.159 > 0.091 > regional 0.0201 /km2) on 12.6% of the land -- the population is NOT food-limited, it is failing to disperse; any carrying-capacity reading of this run is void
  ~~ demography: 11/16 in band  worst: m_5_15=0.0277(2.77x), frac_motherless=0.0091(0.46x), band_med_adults=14(0.50x), surv_to_45=0.314(0.73x)
[14525/15000] pop=  3183 bd=  52 bigbd=13(med140) strat=0.0% giniC=0.668 dyn:eff=44.0 top=0.069 nlin=114 lpb=18.1/dom=0.242 mRSg=0.591 set=41(mx112,prim1.03) con=638.5 inst=35 ldT=0.22 | asc=0.011 gumsa=0.25 tenure=6.3y levy=7775771.2 resent(mean/max)=0.0/0.0 revs=895 | 84.5m eta3m
  !! SPATIAL: PACKED AND SPARSE AT ONCE (local 0.149 > 0.091 > regional 0.0203 /km2) on 13.6% of the land -- the population is NOT food-limited, it is failing to disperse; any carrying-capacity reading of this run is void
  ~~ demography: 11/16 in band  worst: m_5_15=0.0277(2.77x), frac_motherless=0.0078(0.39x), band_med_adults=16(0.57x), surv_to_45=0.314(0.73x)
[14550/15000] pop=  3217 bd=  51 bigbd=14(med134.0) strat=0.0% giniC=0.661 dyn:eff=43.7 top=0.068 nlin=112 lpb=18.45/dom=0.242 mRSg=0.593 set=40(mx96,prim1.01) con=644.0 inst=37 ldT=0.367 | asc=0.014 gumsa=0.392 tenure=6.3y levy=8939007.0 resent(mean/max)=0.0/0.0 revs=896 | 84.6m eta3m
  !! SPATIAL: PACKED AND SPARSE AT ONCE (local 0.140 > 0.091 > regional 0.0198 /km2) on 14.1% of the land -- the population is NOT food-limited, it is failing to disperse; any carrying-capacity reading of this run is void
  ~~ demography: 11/16 in band  worst: m_5_15=0.0278(2.78x), frac_fatherless=0.0779(1.56x), band_med_adults=14(0.50x), surv_to_45=0.314(0.73x)
[14575/15000] pop=  3139 bd=  55 bigbd=13(med126) strat=0.0% giniC=0.66 dyn:eff=44.2 top=0.066 nlin=113 lpb=17.89/dom=0.24 mRSg=0.597 set=42(mx110,prim1.11) con=668.0 inst=29 ldT=0.255 | asc=0.009 gumsa=0.273 tenure=6.3y levy=7889238.1 resent(mean/max)=0.0/0.0 revs=899 | 84.7m eta2m
  !! SPATIAL: PACKED AND SPARSE AT ONCE (local 0.152 > 0.091 > regional 0.0196 /km2) on 12.9% of the land -- the population is NOT food-limited, it is failing to disperse; any carrying-capacity reading of this run is void
  ~~ demography: 12/16 in band  worst: m_5_15=0.0278(2.78x), band_med_adults=14(0.50x), surv_to_45=0.314(0.73x), realised_ibi_med=31(0.90x)
[14600/15000] pop=  3109 bd=  53 bigbd=13(med137) strat=0.0% giniC=0.663 dyn:eff=44.9 top=0.067 nlin=114 lpb=18.13/dom=0.245 mRSg=0.599 set=41(mx109,prim1.11) con=694.0 inst=29 ldT=0.245 | asc=0.011 gumsa=0.283 tenure=6.3y levy=7988930.1 resent(mean/max)=0.0/0.0 revs=899 | 84.8m eta2m
  !! SPATIAL: PACKED AND SPARSE AT ONCE (local 0.148 > 0.091 > regional 0.0198 /km2) on 13.4% of the land -- the population is NOT food-limited, it is failing to disperse; any carrying-capacity reading of this run is void
  ~~ demography: 12/16 in band  worst: m_5_15=0.0278(2.78x), band_med_adults=14(0.50x), surv_to_45=0.314(0.73x), realised_ibi_med=31(0.90x)
[14625/15000] pop=  3143 bd=  52 bigbd=14(med129.5) strat=0.0% giniC=0.659 dyn:eff=44.5 top=0.068 nlin=114 lpb=18.54/dom=0.231 mRSg=0.592 set=39(mx111,prim1.06) con=636.0 inst=37 ldT=0.26 | asc=0.014 gumsa=0.231 tenure=6.3y levy=10313631.9 resent(mean/max)=0.0/0.0 revs=904 | 84.9m eta2m
  !! SPATIAL: PACKED AND SPARSE AT ONCE (local 0.146 > 0.091 > regional 0.0195 /km2) on 13.3% of the land -- the population is NOT food-limited, it is failing to disperse; any carrying-capacity reading of this run is void
  ~~ demography: 11/16 in band  worst: m_5_15=0.0278(2.78x), band_med_adults=12(0.43x), frac_motherless=0.0313(1.56x), surv_to_45=0.314(0.73x)
[14650/15000] pop=  3083 bd=  60 bigbd=14(med120.5) strat=0.0% giniC=0.662 dyn:eff=45.9 top=0.067 nlin=114 lpb=17.0/dom=0.226 mRSg=0.595 set=41(mx126,prim1.17) con=587.0 inst=27 ldT=0.333 | asc=0.009 gumsa=0.2 tenure=6.3y levy=8796611.1 resent(mean/max)=0.0/0.0 revs=907 | 85.1m eta2m
  !! SPATIAL: PACKED AND SPARSE AT ONCE (local 0.143 > 0.091 > regional 0.0192 /km2) on 13.4% of the land -- the population is NOT food-limited, it is failing to disperse; any carrying-capacity reading of this run is void
  ~~ demography: 11/16 in band  worst: m_5_15=0.0278(2.78x), frac_fatherless=0.0982(1.96x), band_med_adults=13(0.46x), surv_to_45=0.314(0.73x)
[14675/15000] pop=  3047 bd=  55 bigbd=14(med123.0) strat=0.0% giniC=0.66 dyn:eff=45.5 top=0.067 nlin=115 lpb=18.27/dom=0.22 mRSg=0.609 set=42(mx131,prim1.17) con=601.5 inst=20 ldT=0.34 | asc=0.007 gumsa=0.218 tenure=6.3y levy=12663413.8 resent(mean/max)=0.0/0.0 revs=909 | 85.2m eta2m
  !! SPATIAL: PACKED AND SPARSE AT ONCE (local 0.157 > 0.091 > regional 0.0193 /km2) on 12.3% of the land -- the population is NOT food-limited, it is failing to disperse; any carrying-capacity reading of this run is void
  ~~ demography: 11/16 in band  worst: m_5_15=0.0278(2.78x), frac_motherless=0.0086(0.43x), band_med_adults=17(0.60x), surv_to_45=0.314(0.73x)
[14700/15000] pop=  3052 bd=  50 bigbd=14(med123.0) strat=0.0% giniC=0.656 dyn:eff=45.9 top=0.069 nlin=116 lpb=19.66/dom=0.226 mRSg=0.604 set=41(mx120,prim1.36) con=641.0 inst=27 ldT=0.28 | asc=0.017 gumsa=0.32 tenure=6.3y levy=8303317.5 resent(mean/max)=0.0/0.0 revs=909 | 85.3m eta2m
  !! SPATIAL: PACKED AND SPARSE AT ONCE (local 0.152 > 0.091 > regional 0.0197 /km2) on 12.9% of the land -- the population is NOT food-limited, it is failing to disperse; any carrying-capacity reading of this run is void
  ~~ demography: 11/16 in band  worst: m_5_15=0.0277(2.77x), frac_motherless=0.0068(0.34x), band_med_adults=18(0.64x), surv_to_45=0.314(0.73x)
[14725/15000] pop=  3118 bd=  49 bigbd=14(med123.5) strat=0.0% giniC=0.651 dyn:eff=45.4 top=0.07 nlin=114 lpb=19.78/dom=0.227 mRSg=0.604 set=43(mx110,prim1.03) con=714.0 inst=30 ldT=0.265 | asc=0.021 gumsa=0.388 tenure=6.3y levy=13073813.7 resent(mean/max)=0.0/0.0 revs=911 | 85.4m eta2m
  !! SPATIAL: PACKED AND SPARSE AT ONCE (local 0.164 > 0.091 > regional 0.0201 /km2) on 12.2% of the land -- the population is NOT food-limited, it is failing to disperse; any carrying-capacity reading of this run is void
  ~~ demography: 12/16 in band  worst: m_5_15=0.0277(2.77x), band_med_adults=16(0.57x), surv_to_45=0.314(0.73x), realised_ibi_med=31(0.90x)
[14750/15000] pop=  3178 bd=  51 bigbd=15(med127) strat=0.0% giniC=0.648 dyn:eff=45.3 top=0.071 nlin=114 lpb=19.69/dom=0.214 mRSg=0.598 set=42(mx97,prim1.03) con=661.0 inst=20 ldT=0.449 | asc=0.021 gumsa=0.451 tenure=6.3y levy=12621959.6 resent(mean/max)=0.0/0.0 revs=915 | 85.5m eta1m
  !! SPATIAL: PACKED AND SPARSE AT ONCE (local 0.157 > 0.091 > regional 0.0200 /km2) on 12.8% of the land -- the population is NOT food-limited, it is failing to disperse; any carrying-capacity reading of this run is void
  ~~ demography: 12/16 in band  worst: m_5_15=0.0277(2.77x), band_med_adults=16(0.57x), surv_to_45=0.314(0.73x), realised_ibi_med=31(0.90x)
[14775/15000] pop=  3172 bd=  51 bigbd=14(med137.5) strat=0.0% giniC=0.646 dyn:eff=44.8 top=0.071 nlin=113 lpb=19.31/dom=0.231 mRSg=0.599 set=42(mx126,prim1.12) con=719.0 inst=20 ldT=0.229 | asc=0.03 gumsa=0.471 tenure=6.3y levy=13848293.2 resent(mean/max)=0.0/0.0 revs=918 | 85.6m eta1m
  !! SPATIAL: PACKED AND SPARSE AT ONCE (local 0.153 > 0.091 > regional 0.0201 /km2) on 13.1% of the land -- the population is NOT food-limited, it is failing to disperse; any carrying-capacity reading of this run is void
  ~~ demography: 11/16 in band  worst: m_5_15=0.0277(2.77x), frac_fatherless=0.0955(1.91x), band_med_adults=15(0.53x), surv_to_45=0.314(0.73x)
[14800/15000] pop=  3182 bd=  51 bigbd=13(med139) strat=0.0% giniC=0.65 dyn:eff=44.9 top=0.07 nlin=112 lpb=19.31/dom=0.234 mRSg=0.592 set=38(mx132,prim1.28) con=641.5 inst=30 ldT=0.292 | asc=0.033 gumsa=0.451 tenure=6.3y levy=10808453.9 resent(mean/max)=0.0/0.0 revs=919 | 85.7m eta1m
  !! SPATIAL: PACKED AND SPARSE AT ONCE (local 0.159 > 0.091 > regional 0.0205 /km2) on 12.9% of the land -- the population is NOT food-limited, it is failing to disperse; any carrying-capacity reading of this run is void
  ~~ demography: 10/16 in band  worst: m_5_15=0.0277(2.77x), frac_fatherless=0.0865(1.73x), frac_motherless=0.0083(0.41x), band_med_adults=14.5(0.51x)
[14825/15000] pop=  3250 bd=  52 bigbd=13(med144) strat=0.0% giniC=0.647 dyn:eff=44.5 top=0.071 nlin=110 lpb=18.92/dom=0.241 mRSg=0.588 set=40(mx114,prim1.23) con=780.0 inst=41 ldT=0.255 | asc=0.024 gumsa=0.269 tenure=6.3y levy=9543050.6 resent(mean/max)=0.0/0.0 revs=923 | 85.8m eta1m
  !! SPATIAL: PACKED AND SPARSE AT ONCE (local 0.166 > 0.091 > regional 0.0198 /km2) on 11.9% of the land -- the population is NOT food-limited, it is failing to disperse; any carrying-capacity reading of this run is void
  ~~ demography: 11/16 in band  worst: m_5_15=0.0277(2.77x), frac_fatherless=0.108(2.17x), band_med_adults=13(0.46x), surv_to_45=0.314(0.73x)
[14850/15000] pop=  3137 bd=  57 bigbd=13(med133) strat=0.0% giniC=0.652 dyn:eff=45.0 top=0.069 nlin=112 lpb=18.19/dom=0.224 mRSg=0.586 set=42(mx124,prim1.19) con=749.0 inst=24 ldT=0.265 | asc=0.018 gumsa=0.246 tenure=6.3y levy=7593280.9 resent(mean/max)=0.0/0.0 revs=925 | 85.9m eta1m
  !! SPATIAL: PACKED AND SPARSE AT ONCE (local 0.150 > 0.091 > regional 0.0191 /km2) on 12.8% of the land -- the population is NOT food-limited, it is failing to disperse; any carrying-capacity reading of this run is void
  ~~ demography: 11/16 in band  worst: m_5_15=0.0278(2.78x), frac_fatherless=0.108(2.15x), band_med_adults=12.5(0.44x), surv_to_45=0.313(0.73x)
[14875/15000] pop=  3029 bd=  56 bigbd=13(med131) strat=0.0% giniC=0.655 dyn:eff=45.6 top=0.069 nlin=112 lpb=17.84/dom=0.219 mRSg=0.586 set=41(mx102,prim1.06) con=653.5 inst=27 ldT=0.231 | asc=0.017 gumsa=0.286 tenure=6.3y levy=6855817.8 resent(mean/max)=0.0/0.0 revs=926 | 86.0m eta1m
  !! SPATIAL: PACKED AND SPARSE AT ONCE (local 0.148 > 0.091 > regional 0.0193 /km2) on 13.0% of the land -- the population is NOT food-limited, it is failing to disperse; any carrying-capacity reading of this run is void
  ~~ demography: 11/16 in band  worst: m_5_15=0.0278(2.78x), frac_fatherless=0.0795(1.59x), band_med_adults=14(0.50x), surv_to_45=0.313(0.73x)
[14900/15000] pop=  3059 bd=  53 bigbd=13(med137) strat=0.0% giniC=0.652 dyn:eff=45.0 top=0.069 nlin=111 lpb=18.74/dom=0.212 mRSg=0.591 set=40(mx98,prim1.03) con=679.0 inst=27 ldT=0.226 | asc=0.02 gumsa=0.283 tenure=6.3y levy=9785254.5 resent(mean/max)=0.0/0.0 revs=927 | 86.1m eta1m
  !! SPATIAL: PACKED AND SPARSE AT ONCE (local 0.150 > 0.091 > regional 0.0193 /km2) on 12.9% of the land -- the population is NOT food-limited, it is failing to disperse; any carrying-capacity reading of this run is void
  ~~ demography: 11/16 in band  worst: m_5_15=0.0278(2.78x), band_med_adults=12(0.43x), frac_fatherless=0.0777(1.55x), surv_to_45=0.313(0.73x)
[14925/15000] pop=  3051 bd=  59 bigbd=14(med120.0) strat=0.0% giniC=0.651 dyn:eff=45.0 top=0.068 nlin=111 lpb=17.17/dom=0.223 mRSg=0.592 set=44(mx116,prim1.12) con=579.0 inst=31 ldT=0.3 | asc=0.021 gumsa=0.271 tenure=6.3y levy=7732922.4 resent(mean/max)=0.0/0.0 revs=928 | 86.2m eta0m
  !! SPATIAL: PACKED AND SPARSE AT ONCE (local 0.150 > 0.091 > regional 0.0190 /km2) on 12.7% of the land -- the population is NOT food-limited, it is failing to disperse; any carrying-capacity reading of this run is void
  ~~ demography: 12/16 in band  worst: m_5_15=0.0278(2.78x), band_med_adults=13(0.46x), surv_to_45=0.313(0.73x), realised_ibi_med=31(0.90x)
[14950/15000] pop=  3013 bd=  55 bigbd=13(med129) strat=0.0% giniC=0.654 dyn:eff=44.8 top=0.066 nlin=110 lpb=17.84/dom=0.207 mRSg=0.595 set=44(mx98,prim1.0) con=576.5 inst=31 ldT=0.3 | asc=0.012 gumsa=0.218 tenure=6.3y levy=12534785.0 resent(mean/max)=0.0/0.0 revs=931 | 86.3m eta0m
  !! SPATIAL: PACKED AND SPARSE AT ONCE (local 0.151 > 0.091 > regional 0.0193 /km2) on 12.8% of the land -- the population is NOT food-limited, it is failing to disperse; any carrying-capacity reading of this run is void
  ~~ demography: 12/16 in band  worst: m_5_15=0.0278(2.78x), band_med_adults=14.5(0.51x), surv_to_45=0.313(0.73x), realised_ibi_med=31(0.90x)
[14975/15000] pop=  3054 bd=  54 bigbd=13(med138) strat=0.0% giniC=0.653 dyn:eff=44.2 top=0.069 nlin=111 lpb=18.13/dom=0.218 mRSg=0.594 set=41(mx114,prim1.07) con=696.0 inst=29 ldT=0.259 | asc=0.015 gumsa=0.352 tenure=6.3y levy=11291217.3 resent(mean/max)=0.0/0.0 revs=932 | 86.4m eta0m
  !! SPATIAL: PACKED AND SPARSE AT ONCE (local 0.150 > 0.091 > regional 0.0197 /km2) on 13.1% of the land -- the population is NOT food-limited, it is failing to disperse; any carrying-capacity reading of this run is void
  ~~ demography: 12/16 in band  worst: m_5_15=0.0277(2.77x), band_med_adults=14(0.50x), surv_to_45=0.314(0.73x), realised_ibi_med=31(0.90x)
[15000/15000] pop=  3115 bd=  54 bigbd=13(med146) strat=0.0% giniC=0.649 dyn:eff=43.9 top=0.07 nlin=111 lpb=18.57/dom=0.218 mRSg=0.586 set=41(mx108,prim1.04) con=680.0 inst=24 ldT=0.25 | asc=0.03 gumsa=0.556 tenure=6.3y levy=11152057.2 resent(mean/max)=0.0/0.0 revs=933 | 86.5m eta0m
  spatial dump -> C:\Users\syatom\Projects\SiC Games\sic_games\outputs\substrate_run\campaign_spatial_scorecard99_temperate.npz  (people 3115 on 207 cells, 47 sites)
DONE step=15000 in 86.5 min -> C:\Users\syatom\Projects\SiC Games\sic_games\outputs\substrate_run\campaign_trajectory_scorecard99_temperate.json ; genealogy rows=276561 -> C:\Users\syatom\Projects\SiC Games\sic_games\outputs\substrate_run\campaign_genealogy_scorecard99_temperate.csv
